"plotCode","focalOrBenchmark","landCover","vegClass","species","cover"
"PlotOff1","f","Stratum-Off-W2-3","W2","Acinos alpinus",0.06125
"PlotOff1","f","Stratum-Off-W2-3","W2","Ajuga chamaepitys subsp. chia",0.00125
"PlotOff1","f","Stratum-Off-W2-3","W2","Alkanna tinctoria",0.015
"PlotOff1","f","Stratum-Off-W2-3","W2","Anagallis arvensis",7.500000000000001e-4
"PlotOff1","f","Stratum-Off-W2-3","W2","Avena barbata",2.5e-4
"PlotOff1","f","Stratum-Off-W2-3","W2","Chrysopogon gryllus",0.19
"PlotOff1","f","Stratum-Off-W2-3","W2","Cistus incanus",2.5e-4
"PlotOff1","f","Stratum-Off-W2-3","W2","Crepis neglecta",2.5e-4
"PlotOff1","f","Stratum-Off-W2-3","W2","Crupina vulgaris",0.00125
"PlotOff1","f","Stratum-Off-W2-3","W2","Daucus carota",0.00775
"PlotOff1","f","Stratum-Off-W2-3","W2","Fumana thymifolia",0.02875
"PlotOff1","f","Stratum-Off-W2-3","W2","Hypericum olympicum",0.00125
"PlotOff1","f","Stratum-Off-W2-3","W2","Lathyrus cicera",2.5e-4
"PlotOff1","f","Stratum-Off-W2-3","W2","Medicago minima",0.02275
"PlotOff1","f","Stratum-Off-W2-3","W2","Medicago rigidula",2.5e-4
"PlotOff1","f","Stratum-Off-W2-3","W2","Melica ciliata",2.5e-4
"PlotOff1","f","Stratum-Off-W2-3","W2","Ononis viscosa",0.009000000000000001
"PlotOff1","f","Stratum-Off-W2-3","W2","Pinus nigra",0.0425
"PlotOff1","f","Stratum-Off-W2-3","W2","Solanum elaeagnifolium",0.01125
"PlotOff1","f","Stratum-Off-W2-3","W2","Stachys germanica",0.00125
"PlotOff1","f","Stratum-Off-W2-3","W2","Teucrium chamaedrys",0.02875
"PlotOff1","f","Stratum-Off-W2-3","W2","Trifolium angustifolium",0.0015
"PlotOff1","f","Stratum-Off-W2-3","W2","Trifolium campestre",0.01625
"PlotOff1","f","Stratum-Off-W2-3","W2","Trifolium scabrum",0.0025
"PlotOff10","f","Stratum-Off-W2-1","W2","Aegilops geniculata",0.015
"PlotOff10","f","Stratum-Off-W2-1","W2","Aira elegans",2.5e-4
"PlotOff10","f","Stratum-Off-W2-1","W2","Asphodelus ramosus",0.00775
"PlotOff10","f","Stratum-Off-W2-1","W2","Brachypodium distachyon",0.0225
"PlotOff10","f","Stratum-Off-W2-1","W2","Briza maxima",0.00875
"PlotOff10","f","Stratum-Off-W2-1","W2","Chrysopogon gryllus",0.045
"PlotOff10","f","Stratum-Off-W2-1","W2","Cistus incanus",0.094
"PlotOff10","f","Stratum-Off-W2-1","W2","Crupina vulgaris",0.0015
"PlotOff10","f","Stratum-Off-W2-1","W2","Cupressus sempervirens",0.03
"PlotOff10","f","Stratum-Off-W2-1","W2","Dactylis glomerata",0.015
"PlotOff10","f","Stratum-Off-W2-1","W2","Dasypyrum villosum",2.5e-4
"PlotOff10","f","Stratum-Off-W2-1","W2","Festuca valesiaca",0.00125
"PlotOff10","f","Stratum-Off-W2-1","W2","Hypericum perforatum",0.0025
"PlotOff10","f","Stratum-Off-W2-1","W2","Koeleria nitidula",0.0075
"PlotOff10","f","Stratum-Off-W2-1","W2","Linum corymbulosum",2.5e-4
"PlotOff10","f","Stratum-Off-W2-1","W2","Plantago lanceolata",0.00125
"PlotOff10","f","Stratum-Off-W2-1","W2","Potentilla inclinata",0.0025
"PlotOff10","f","Stratum-Off-W2-1","W2","Solanum elaeagnifolium",0.0025
"PlotOff10","f","Stratum-Off-W2-1","W2","Teucrium chamaedrys",0.0025
"PlotOff10","f","Stratum-Off-W2-1","W2","Trifolium campestre",0.03025
"PlotOff10","f","Stratum-Off-W2-1","W2","Vulpia ciliata",5e-4
"PlotOff11","f","Stratum-Off-W2-1","W2","Aira elegans",0.00125
"PlotOff11","f","Stratum-Off-W2-1","W2","Anagallis arvensis",0.0017499999999999998
"PlotOff11","f","Stratum-Off-W2-1","W2","Asphodelus ramosus",0.03
"PlotOff11","f","Stratum-Off-W2-1","W2","Avena barbata",0.0025
"PlotOff11","f","Stratum-Off-W2-1","W2","Brachypodium distachyon",0.05
"PlotOff11","f","Stratum-Off-W2-1","W2","Chrysopogon gryllus",0.04625
"PlotOff11","f","Stratum-Off-W2-1","W2","Crepis neglecta",0.0015
"PlotOff11","f","Stratum-Off-W2-1","W2","Cynosurus echinatus",0.00125
"PlotOff11","f","Stratum-Off-W2-1","W2","Dactylis glomerata",0.015
"PlotOff11","f","Stratum-Off-W2-1","W2","Dasypyrum villosum",0.03
"PlotOff11","f","Stratum-Off-W2-1","W2","Daucus carota",0.01525
"PlotOff11","f","Stratum-Off-W2-1","W2","Hypericum perforatum",2.5e-4
"PlotOff11","f","Stratum-Off-W2-1","W2","Paliurus spina-christi",0.0075
"PlotOff11","f","Stratum-Off-W2-1","W2","Papaver rhoeas",2.5e-4
"PlotOff11","f","Stratum-Off-W2-1","W2","Pinus nigra",0.03
"PlotOff11","f","Stratum-Off-W2-1","W2","Prunella laciniata",2.5e-4
"PlotOff11","f","Stratum-Off-W2-1","W2","Pyrus spinosa",0.0075
"PlotOff11","f","Stratum-Off-W2-1","W2","Quercus coccifera",0.02125
"PlotOff11","f","Stratum-Off-W2-1","W2","Sanguisorba minor",0.0017499999999999998
"PlotOff11","f","Stratum-Off-W2-1","W2","Sherhardia arvensis",5e-4
"PlotOff11","f","Stratum-Off-W2-1","W2","Solanum elaeagnifolium",0.0025
"PlotOff11","f","Stratum-Off-W2-1","W2","Sonchus asper",2.5e-4
"PlotOff11","f","Stratum-Off-W2-1","W2","Stachys germanica",5e-4
"PlotOff11","f","Stratum-Off-W2-1","W2","Teucrium polium",0.02125
"PlotOff11","f","Stratum-Off-W2-1","W2","Thymus sibthorpii",0.02125
"PlotOff11","f","Stratum-Off-W2-1","W2","Trifolium angustifolium",0.0225
"PlotOff11","f","Stratum-Off-W2-1","W2","Trifolium campestre",0.00875
"PlotOff11","f","Stratum-Off-W2-1","W2","Trifolium scabrum",0.0015
"PlotOff12","f","Stratum-Off-W2-1","W2","Aegilops geniculata",2.5e-4
"PlotOff12","f","Stratum-Off-W2-1","W2","Anagallis arvensis",2.5e-4
"PlotOff12","f","Stratum-Off-W2-1","W2","Asparagus acutifolius",0.0075
"PlotOff12","f","Stratum-Off-W2-1","W2","Asphodelus ramosus",0.0175
"PlotOff12","f","Stratum-Off-W2-1","W2","Bothriochloa ischaemum",0.09375
"PlotOff12","f","Stratum-Off-W2-1","W2","Brachypodium distachyon",0.00125
"PlotOff12","f","Stratum-Off-W2-1","W2","Bupleurum apiculatum",0.00775
"PlotOff12","f","Stratum-Off-W2-1","W2","Crepis neglecta",2.5e-4
"PlotOff12","f","Stratum-Off-W2-1","W2","Cupressus sempervirens",0.085
"PlotOff12","f","Stratum-Off-W2-1","W2","Daucus carota",0.0015
"PlotOff12","f","Stratum-Off-W2-1","W2","Hypericum perforatum",0.0017499999999999998
"PlotOff12","f","Stratum-Off-W2-1","W2","Linum corymbulosum",2.5e-4
"PlotOff12","f","Stratum-Off-W2-1","W2","Micromeria juliana",0.0075
"PlotOff12","f","Stratum-Off-W2-1","W2","Myosotis arvensis",0.0025
"PlotOff12","f","Stratum-Off-W2-1","W2","Paliurus spina-christi",5e-4
"PlotOff12","f","Stratum-Off-W2-1","W2","Petrorhagia dubia",2.5e-4
"PlotOff12","f","Stratum-Off-W2-1","W2","Pinus nigra",0.0925
"PlotOff12","f","Stratum-Off-W2-1","W2","Solanum elaeagnifolium",0.00375
"PlotOff12","f","Stratum-Off-W2-1","W2","Sonchus asper",5e-4
"PlotOff12","f","Stratum-Off-W2-1","W2","Trifolium angustifolium",0.00125
"PlotOff12","f","Stratum-Off-W2-1","W2","Trifolium arvense",2.5e-4
"PlotOff12","f","Stratum-Off-W2-1","W2","Trifolium scabrum",2.5e-4
"PlotOff12","f","Stratum-Off-W2-1","W2","Xeranthemum cylindraceum",2.5e-4
"PlotOff13","f","Stratum-Off-W11-3","W11","Achillea coarctata",0.0025
"PlotOff13","f","Stratum-Off-W11-3","W11","Aira elegans",5e-4
"PlotOff13","f","Stratum-Off-W11-3","W11","Anthoxanthum odoratum",0.0027500000000000003
"PlotOff13","f","Stratum-Off-W11-3","W11","Daucus carota",2.5e-4
"PlotOff13","f","Stratum-Off-W11-3","W11","Eryngium campestre",2.5e-4
"PlotOff13","f","Stratum-Off-W11-3","W11","Genista carinalis",0.4275
"PlotOff13","f","Stratum-Off-W11-3","W11","Juniperus oxycedrus",0.09375
"PlotOff13","f","Stratum-Off-W11-3","W11","Muscari neglectum",0.00125
"PlotOff13","f","Stratum-Off-W11-3","W11","Pinus nigra",0.03
"PlotOff13","f","Stratum-Off-W11-3","W11","Plantago holosteum",0.003
"PlotOff13","f","Stratum-Off-W11-3","W11","Sanguisorba minor",2.5e-4
"PlotOff13","f","Stratum-Off-W11-3","W11","Teucrium chamaedrys",0.1475
"PlotOff13","f","Stratum-Off-W11-3","W11","Vulpia ciliata",0.00125
"PlotOff14","f","Stratum-Off-W11-3","W11","Aira elegans",0.00125
"PlotOff14","f","Stratum-Off-W11-3","W11","Anthoxanthum odoratum",0.0165
"PlotOff14","f","Stratum-Off-W11-3","W11","Cichorium intybus",2.5e-4
"PlotOff14","f","Stratum-Off-W11-3","W11","Cynosurus echinatus",0.008
"PlotOff14","f","Stratum-Off-W11-3","W11","Eryngium campestre",5e-4
"PlotOff14","f","Stratum-Off-W11-3","W11","Genista carinalis",0.13625
"PlotOff14","f","Stratum-Off-W11-3","W11","Juniperus oxycedrus",0.265
"PlotOff14","f","Stratum-Off-W11-3","W11","Muscari neglectum",2.5e-4
"PlotOff14","f","Stratum-Off-W11-3","W11","Petrorhagia dubia",5e-4
"PlotOff14","f","Stratum-Off-W11-3","W11","Pinus nigra",0.03
"PlotOff14","f","Stratum-Off-W11-3","W11","Plantago holosteum",0.00875
"PlotOff14","f","Stratum-Off-W11-3","W11","Plantago lanceolata",2.5e-4
"PlotOff14","f","Stratum-Off-W11-3","W11","Poa bulbosa",0.00875
"PlotOff14","f","Stratum-Off-W11-3","W11","Sanguisorba minor",2.5e-4
"PlotOff14","f","Stratum-Off-W11-3","W11","Teucrium chamaedrys",0.00875
"PlotOff14","f","Stratum-Off-W11-3","W11","Thymus sibthorpii",0.02375
"PlotOff14","f","Stratum-Off-W11-3","W11","Trifolium arvense",0.0017499999999999998
"PlotOff14","f","Stratum-Off-W11-3","W11","Trifolium campestre",0.0025
"PlotOff14","f","Stratum-Off-W11-3","W11","Trifolium scabrum",0.00875
"PlotOff15","f","Stratum-Off-W11-3","W11","Aira elegans",0.01125
"PlotOff15","f","Stratum-Off-W11-3","W11","Anthoxanthum odoratum",0.0017499999999999998
"PlotOff15","f","Stratum-Off-W11-3","W11","Bromus squarrosus",0.0075
"PlotOff15","f","Stratum-Off-W11-3","W11","Crupina vulgaris",2.5e-4
"PlotOff15","f","Stratum-Off-W11-3","W11","Genista carinalis",0.02875
"PlotOff15","f","Stratum-Off-W11-3","W11","Jasione heldreichii",2.5e-4
"PlotOff15","f","Stratum-Off-W11-3","W11","Juniperus oxycedrus",0.4525
"PlotOff15","f","Stratum-Off-W11-3","W11","Linum corymbulosum",0.0015
"PlotOff15","f","Stratum-Off-W11-3","W11","Melica ciliata",5e-4
"PlotOff15","f","Stratum-Off-W11-3","W11","Pinus nigra",0.185
"PlotOff15","f","Stratum-Off-W11-3","W11","Plantago holosteum",0.0015
"PlotOff15","f","Stratum-Off-W11-3","W11","Poa bulbosa",0.06775
"PlotOff15","f","Stratum-Off-W11-3","W11","Pteridium aquilinum",0.00125
"PlotOff15","f","Stratum-Off-W11-3","W11","Teucrium chamaedrys",0.00375
"PlotOff15","f","Stratum-Off-W11-3","W11","Thymus sibthorpii",0.00125
"PlotOff15","f","Stratum-Off-W11-3","W11","Trifolium arvense",0.00125
"PlotOff15","f","Stratum-Off-W11-3","W11","Trifolium campestre",0.00125
"PlotOff16","f","Stratum-Off-W11-3","W11","Aira elegans",0.0030000000000000005
"PlotOff16","f","Stratum-Off-W11-3","W11","Anthoxanthum odoratum",0.00775
"PlotOff16","f","Stratum-Off-W11-3","W11","Crupina vulgaris",2.5e-4
"PlotOff16","f","Stratum-Off-W11-3","W11","Eryngium campestre",0.01
"PlotOff16","f","Stratum-Off-W11-3","W11","Juniperus oxycedrus",0.1775
"PlotOff16","f","Stratum-Off-W11-3","W11","Linum corymbulosum",2.5e-4
"PlotOff16","f","Stratum-Off-W11-3","W11","Petrorhagia dubia",0.00825
"PlotOff16","f","Stratum-Off-W11-3","W11","Pinus nigra",0.0025
"PlotOff16","f","Stratum-Off-W11-3","W11","Plantago holosteum",0.0015
"PlotOff16","f","Stratum-Off-W11-3","W11","Poa bulbosa",0.09625
"PlotOff16","f","Stratum-Off-W11-3","W11","Sanguisorba minor",2.5e-4
"PlotOff16","f","Stratum-Off-W11-3","W11","Teucrium chamaedrys",0.01
"PlotOff16","f","Stratum-Off-W11-3","W11","Thymus sibthorpii",0.00875
"PlotOff16","f","Stratum-Off-W11-3","W11","Trifolium angustifolium",0.00125
"PlotOff16","f","Stratum-Off-W11-3","W11","Trifolium arvense",0.003
"PlotOff16","f","Stratum-Off-W11-3","W11","Trifolium campestre",0.01
"PlotOff16","f","Stratum-Off-W11-3","W11","Trifolium scabrum",0.0025
"PlotOff16","f","Stratum-Off-W11-3","W11","Vulpia ciliata",0.00775
"PlotOff17","f","Stratum-Off-W11-3","W11","Genista carinalis",0.0175
"PlotOff17","f","Stratum-Off-W11-3","W11","Juniperus oxycedrus",0.44625
"PlotOff17","f","Stratum-Off-W11-3","W11","Pinus nigra",0.03
"PlotOff17","f","Stratum-Off-W11-3","W11","Poa bulbosa",0.00125
"PlotOff17","f","Stratum-Off-W11-3","W11","Pteridium aquilinum",0.02375
"PlotOff17","f","Stratum-Off-W11-3","W11","Quercus",0.03
"PlotOff17","f","Stratum-Off-W11-3","W11","Rosa canina",2.5e-4
"PlotOff17","f","Stratum-Off-W11-3","W11","Teucrium chamaedrys",2.5e-4
"PlotOff18","f","Stratum-Off-W11-3","W11","Achillea coarctata",0.0015
"PlotOff18","f","Stratum-Off-W11-3","W11","Aira elegans",0.01
"PlotOff18","f","Stratum-Off-W11-3","W11","Anthoxanthum odoratum",0.0015
"PlotOff18","f","Stratum-Off-W11-3","W11","Centaurea affinis",0.00125
"PlotOff18","f","Stratum-Off-W11-3","W11","Cynosurus echinatus",0.0015
"PlotOff18","f","Stratum-Off-W11-3","W11","Dianthus cruentus",2.5e-4
"PlotOff18","f","Stratum-Off-W11-3","W11","Galium sp.",5e-4
"PlotOff18","f","Stratum-Off-W11-3","W11","Juniperus oxycedrus",0.22625
"PlotOff18","f","Stratum-Off-W11-3","W11","Linum corymbulosum",2.5e-4
"PlotOff18","f","Stratum-Off-W11-3","W11","Petrorhagia dubia",5e-4
"PlotOff18","f","Stratum-Off-W11-3","W11","Pinus nigra",0.015
"PlotOff18","f","Stratum-Off-W11-3","W11","Poa bulbosa",0.04375
"PlotOff18","f","Stratum-Off-W11-3","W11","Rosa canina",0.0025
"PlotOff18","f","Stratum-Off-W11-3","W11","Sanguisorba minor",2.5e-4
"PlotOff18","f","Stratum-Off-W11-3","W11","Teucrium chamaedrys",0.05125
"PlotOff18","f","Stratum-Off-W11-3","W11","Thymus sibthorpii",0.00125
"PlotOff18","f","Stratum-Off-W11-3","W11","Trifolium arvense",0.0030000000000000005
"PlotOff18","f","Stratum-Off-W11-3","W11","Trifolium campestre",0.0025
"PlotOff19","f","Stratum-Off-W11-3","W11","Achillea coarctata",7.500000000000001e-4
"PlotOff19","f","Stratum-Off-W11-3","W11","Aira elegans",0.004
"PlotOff19","f","Stratum-Off-W11-3","W11","Anthoxanthum odoratum",5e-4
"PlotOff19","f","Stratum-Off-W11-3","W11","Bromus squarrosus",2.5e-4
"PlotOff19","f","Stratum-Off-W11-3","W11","Cynosurus echinatus",0.00125
"PlotOff19","f","Stratum-Off-W11-3","W11","Dactylis glomerata",0.0025
"PlotOff19","f","Stratum-Off-W11-3","W11","Genista carinalis",0.0425
"PlotOff19","f","Stratum-Off-W11-3","W11","Jasione heldreichii",5e-4
"PlotOff19","f","Stratum-Off-W11-3","W11","Juniperus oxycedrus",0.11
"PlotOff19","f","Stratum-Off-W11-3","W11","Petrorhagia dubia",2.5e-4
"PlotOff19","f","Stratum-Off-W11-3","W11","Pinus nigra",0.03
"PlotOff19","f","Stratum-Off-W11-3","W11","Poa bulbosa",0.06875
"PlotOff19","f","Stratum-Off-W11-3","W11","Rosa canina",0.0025
"PlotOff19","f","Stratum-Off-W11-3","W11","Sanguisorba minor",0.00125
"PlotOff19","f","Stratum-Off-W11-3","W11","Teucrium chamaedrys",0.03
"PlotOff19","f","Stratum-Off-W11-3","W11","Thymus sibthorpii",0.00875
"PlotOff19","f","Stratum-Off-W11-3","W11","Trifolium arvense",0.009250000000000001
"PlotOff19","f","Stratum-Off-W11-3","W11","Trifolium campestre",0.00775
"PlotOff2","f","Stratum-Off-W2-3","W2","Anagallis arvensis",0.003
"PlotOff2","f","Stratum-Off-W2-3","W2","Bromus squarrosus",0.0015
"PlotOff2","f","Stratum-Off-W2-3","W2","Chrysopogon gryllus",0.02875
"PlotOff2","f","Stratum-Off-W2-3","W2","Crepis sp.",0.0015
"PlotOff2","f","Stratum-Off-W2-3","W2","Cupressus sempervirens",0.085
"PlotOff2","f","Stratum-Off-W2-3","W2","Cynosurus echinatus",0.00775
"PlotOff2","f","Stratum-Off-W2-3","W2","Dactylis glomerata",2.5e-4
"PlotOff2","f","Stratum-Off-W2-3","W2","Dasypyrum villosum",0.008
"PlotOff2","f","Stratum-Off-W2-3","W2","Daucus carota",0.00375
"PlotOff2","f","Stratum-Off-W2-3","W2","Medicago truncatula",0.00125
"PlotOff2","f","Stratum-Off-W2-3","W2","Ononis spinosa",0.0225
"PlotOff2","f","Stratum-Off-W2-3","W2","Plantago lanceolata",0.0025
"PlotOff2","f","Stratum-Off-W2-3","W2","Polygala nicaeensis",2.5e-4
"PlotOff2","f","Stratum-Off-W2-3","W2","Sanguisorba minor",0.0825
"PlotOff2","f","Stratum-Off-W2-3","W2","Sherhardia arvensis",5e-4
"PlotOff2","f","Stratum-Off-W2-3","W2","Silene sp.",0.0025
"PlotOff2","f","Stratum-Off-W2-3","W2","Solanum elaeagnifolium",2.5e-4
"PlotOff2","f","Stratum-Off-W2-3","W2","Sonchus asper",2.5e-4
"PlotOff2","f","Stratum-Off-W2-3","W2","Taeniatherum caput-medusae",0.00125
"PlotOff2","f","Stratum-Off-W2-3","W2","Teucrium chamaedrys",2.5e-4
"PlotOff2","f","Stratum-Off-W2-3","W2","Teucrium polium",0.00125
"PlotOff2","f","Stratum-Off-W2-3","W2","Trifolium angustifolium",2.5e-4
"PlotOff2","f","Stratum-Off-W2-3","W2","Trifolium arvense",0.00125
"PlotOff2","f","Stratum-Off-W2-3","W2","Trifolium campestre",0.0025
"PlotOff20","f","Stratum-Off-W11-3","W11","Aira elegans",0.005
"PlotOff20","f","Stratum-Off-W11-3","W11","Anthoxanthum odoratum",0.0225
"PlotOff20","f","Stratum-Off-W11-3","W11","Eryngium campestre",0.00125
"PlotOff20","f","Stratum-Off-W11-3","W11","Jasione heldreichii",2.5e-4
"PlotOff20","f","Stratum-Off-W11-3","W11","Juniperus oxycedrus",0.094
"PlotOff20","f","Stratum-Off-W11-3","W11","Linum corymbulosum",2.5e-4
"PlotOff20","f","Stratum-Off-W11-3","W11","Petrorhagia dubia",2.5e-4
"PlotOff20","f","Stratum-Off-W11-3","W11","Pinus nigra",0.015
"PlotOff20","f","Stratum-Off-W11-3","W11","Poa bulbosa",0.0027500000000000003
"PlotOff20","f","Stratum-Off-W11-3","W11","Teucrium chamaedrys",0.004
"PlotOff20","f","Stratum-Off-W11-3","W11","Thymus sibthorpii",0.015
"PlotOff20","f","Stratum-Off-W11-3","W11","Trifolium angustifolium",0.0015
"PlotOff20","f","Stratum-Off-W11-3","W11","Trifolium arvense",0.024
"PlotOff20","f","Stratum-Off-W11-3","W11","Trifolium campestre",0.010249999999999999
"PlotOff20","f","Stratum-Off-W11-3","W11","Trifolium scabrum",0.0475
"PlotOff20","f","Stratum-Off-W11-3","W11","Vulpia ciliata",0.00125
"PlotOff21","f","Stratum-Off-W11-3","W11","Aira elegans",0.00775
"PlotOff21","f","Stratum-Off-W11-3","W11","Anthoxanthum odoratum",5e-4
"PlotOff21","f","Stratum-Off-W11-3","W11","Bellardia latifolia",2.5e-4
"PlotOff21","f","Stratum-Off-W11-3","W11","Linum corymbulosum",0.00825
"PlotOff21","f","Stratum-Off-W11-3","W11","Petrorhagia dubia",0.0075
"PlotOff21","f","Stratum-Off-W11-3","W11","Pinus nigra",0.02125
"PlotOff21","f","Stratum-Off-W11-3","W11","Poa bulbosa",0.155
"PlotOff21","f","Stratum-Off-W11-3","W11","Rumex acetosella",0.00125
"PlotOff21","f","Stratum-Off-W11-3","W11","Thymus sibthorpii",0.025
"PlotOff21","f","Stratum-Off-W11-3","W11","Trifolium arvense",0.009250000000000001
"PlotOff21","f","Stratum-Off-W11-3","W11","Trifolium campestre",0.0075
"PlotOff21","f","Stratum-Off-W11-3","W11","Trifolium scabrum",0.00125
"PlotOff22","f","Stratum-Off-W11-3","W11","Achillea coarctata",5e-4
"PlotOff22","f","Stratum-Off-W11-3","W11","Aira elegans",0.0025
"PlotOff22","f","Stratum-Off-W11-3","W11","Anthoxanthum odoratum",0.00775
"PlotOff22","f","Stratum-Off-W11-3","W11","Chondrilla juncea",5e-4
"PlotOff22","f","Stratum-Off-W11-3","W11","Crepis neglecta",0.0015
"PlotOff22","f","Stratum-Off-W11-3","W11","Crupina vulgaris",0.0075
"PlotOff22","f","Stratum-Off-W11-3","W11","Cynosurus echinatus",0.01525
"PlotOff22","f","Stratum-Off-W11-3","W11","Daucus carota",0.0025
"PlotOff22","f","Stratum-Off-W11-3","W11","Eryngium campestre",0.0027500000000000003
"PlotOff22","f","Stratum-Off-W11-3","W11","Juniperus oxycedrus",0.0025
"PlotOff22","f","Stratum-Off-W11-3","W11","Linum corymbulosum",2.5e-4
"PlotOff22","f","Stratum-Off-W11-3","W11","Petrorhagia dubia",0.0015
"PlotOff22","f","Stratum-Off-W11-3","W11","Pinus nigra",0.0175
"PlotOff22","f","Stratum-Off-W11-3","W11","Poa bulbosa",0.07125
"PlotOff22","f","Stratum-Off-W11-3","W11","Pteridium aquilinum",0.0225
"PlotOff22","f","Stratum-Off-W11-3","W11","Rubus canescens",0.0025
"PlotOff22","f","Stratum-Off-W11-3","W11","Sanguisorba minor",5e-4
"PlotOff22","f","Stratum-Off-W11-3","W11","Teucrium chamaedrys",0.015
"PlotOff22","f","Stratum-Off-W11-3","W11","Thymus sibthorpii",0.0175
"PlotOff22","f","Stratum-Off-W11-3","W11","Trifolium arvense",0.008
"PlotOff22","f","Stratum-Off-W11-3","W11","Trifolium campestre",0.005
"PlotOff22","f","Stratum-Off-W11-3","W11","Trifolium scabrum",0.004
"PlotOff22","f","Stratum-Off-W11-3","W11","Vulpia ciliata",0.00775
"PlotOff23","f","Stratum-Off-W11-3","W11","Aira elegans",0.010249999999999999
"PlotOff23","f","Stratum-Off-W11-3","W11","Anthoxanthum odoratum",0.04375
"PlotOff23","f","Stratum-Off-W11-3","W11","Genista carinalis",0.10125
"PlotOff23","f","Stratum-Off-W11-3","W11","Hypericum perforatum",2.5e-4
"PlotOff23","f","Stratum-Off-W11-3","W11","Juniperus oxycedrus",0.00125
"PlotOff23","f","Stratum-Off-W11-3","W11","Linum corymbulosum",0.0017499999999999998
"PlotOff23","f","Stratum-Off-W11-3","W11","Petrorhagia dubia",5e-4
"PlotOff23","f","Stratum-Off-W11-3","W11","Pinus nigra",0.15625
"PlotOff23","f","Stratum-Off-W11-3","W11","Poa bulbosa",0.015
"PlotOff23","f","Stratum-Off-W11-3","W11","Thymus sibthorpii",0.03125
"PlotOff23","f","Stratum-Off-W11-3","W11","Trifolium angustifolium",0.015
"PlotOff23","f","Stratum-Off-W11-3","W11","Trifolium arvense",0.01125
"PlotOff23","f","Stratum-Off-W11-3","W11","Trifolium scabrum",0.07125
"PlotOff24","f","Stratum-Off-W11-3","W11","Aira elegans",0.00125
"PlotOff24","f","Stratum-Off-W11-3","W11","Anthoxanthum odoratum",0.00825
"PlotOff24","f","Stratum-Off-W11-3","W11","Genista carinalis",0.03625
"PlotOff24","f","Stratum-Off-W11-3","W11","Jasione heldreichii",2.5e-4
"PlotOff24","f","Stratum-Off-W11-3","W11","Juniperus oxycedrus",0.1775
"PlotOff24","f","Stratum-Off-W11-3","W11","Linum corymbulosum",0.0015
"PlotOff24","f","Stratum-Off-W11-3","W11","Pinus nigra",0.015
"PlotOff24","f","Stratum-Off-W11-3","W11","Poa bulbosa",0.00125
"PlotOff24","f","Stratum-Off-W11-3","W11","Pteridium aquilinum",0.00125
"PlotOff24","f","Stratum-Off-W11-3","W11","Rumex acetosella",0.00125
"PlotOff24","f","Stratum-Off-W11-3","W11","Scabiosa ochroleuca",5e-4
"PlotOff24","f","Stratum-Off-W11-3","W11","Thymus sibthorpii",0.00375
"PlotOff25","f","Stratum-Off-W2-4","W2","Aira elegans",2.5e-4
"PlotOff25","f","Stratum-Off-W2-4","W2","Anthoxanthum odoratum",0.009000000000000001
"PlotOff25","f","Stratum-Off-W2-4","W2","Bellardia latifolia",2.5e-4
"PlotOff25","f","Stratum-Off-W2-4","W2","Carlina corymbosa",2.5e-4
"PlotOff25","f","Stratum-Off-W2-4","W2","Chondrilla juncea",2.5e-4
"PlotOff25","f","Stratum-Off-W2-4","W2","Crupina vulgaris",0.009000000000000001
"PlotOff25","f","Stratum-Off-W2-4","W2","Genista carinalis",0.09625
"PlotOff25","f","Stratum-Off-W2-4","W2","Hypericum perforatum",0.0025
"PlotOff25","f","Stratum-Off-W2-4","W2","Juniperus oxycedrus",0.1925
"PlotOff25","f","Stratum-Off-W2-4","W2","Melica ciliata",0.00875
"PlotOff25","f","Stratum-Off-W2-4","W2","Muscari neglectum",2.5e-4
"PlotOff25","f","Stratum-Off-W2-4","W2","Origanum hirtum",0.00125
"PlotOff25","f","Stratum-Off-W2-4","W2","Pinus nigra",0.015
"PlotOff25","f","Stratum-Off-W2-4","W2","Scabiosa ochroleuca",0.0025
"PlotOff25","f","Stratum-Off-W2-4","W2","Teucrium chamaedrys",0.03
"PlotOff25","f","Stratum-Off-W2-4","W2","Thymus sibthorpii",2.5e-4
"PlotOff25","f","Stratum-Off-W2-4","W2","Tragopogon dubius",2.5e-4
"PlotOff25","f","Stratum-Off-W2-4","W2","Trifolium campestre",2.5e-4
"PlotOff26","f","Stratum-Off-W2-4","W2","Achillea coarctata",2.5e-4
"PlotOff26","f","Stratum-Off-W2-4","W2","Aira elegans",0.0017499999999999998
"PlotOff26","f","Stratum-Off-W2-4","W2","Campanula lingulata",2.5e-4
"PlotOff26","f","Stratum-Off-W2-4","W2","Carlina corymbosa",5e-4
"PlotOff26","f","Stratum-Off-W2-4","W2","Centaurium erythraea",2.5e-4
"PlotOff26","f","Stratum-Off-W2-4","W2","Chondrilla juncea",2.5e-4
"PlotOff26","f","Stratum-Off-W2-4","W2","Crupina vulgaris",0.009250000000000001
"PlotOff26","f","Stratum-Off-W2-4","W2","Cynosurus echinatus",0.00125
"PlotOff26","f","Stratum-Off-W2-4","W2","Genista carinalis",0.18875
"PlotOff26","f","Stratum-Off-W2-4","W2","Hypericum perforatum",5e-4
"PlotOff26","f","Stratum-Off-W2-4","W2","Juniperus oxycedrus",0.25
"PlotOff26","f","Stratum-Off-W2-4","W2","Linum corymbulosum",2.5e-4
"PlotOff26","f","Stratum-Off-W2-4","W2","Melica ciliata",0.01
"PlotOff26","f","Stratum-Off-W2-4","W2","Muscari neglectum",2.5e-4
"PlotOff26","f","Stratum-Off-W2-4","W2","Petrorhagia dubia",2.5e-4
"PlotOff26","f","Stratum-Off-W2-4","W2","Poa bulbosa",0.00875
"PlotOff26","f","Stratum-Off-W2-4","W2","Robinia pseudoacacia",0.0025
"PlotOff26","f","Stratum-Off-W2-4","W2","Rosa canina",0.015
"PlotOff26","f","Stratum-Off-W2-4","W2","Rumex acetosella",2.5e-4
"PlotOff26","f","Stratum-Off-W2-4","W2","Sanguisorba minor",2.5e-4
"PlotOff26","f","Stratum-Off-W2-4","W2","Teucrium chamaedrys",0.01625
"PlotOff26","f","Stratum-Off-W2-4","W2","Thymus sibthorpii",0.00125
"PlotOff26","f","Stratum-Off-W2-4","W2","Trifolium arvense",0.00125
"PlotOff26","f","Stratum-Off-W2-4","W2","Trifolium campestre",0.015
"PlotOff27","f","Stratum-Off-W2-4","W2","Aira elegans",0.0017499999999999998
"PlotOff27","f","Stratum-Off-W2-4","W2","Anthoxanthum odoratum",2.5e-4
"PlotOff27","f","Stratum-Off-W2-4","W2","Carlina corymbosa",0.004
"PlotOff27","f","Stratum-Off-W2-4","W2","Centaurium erythraea",2.5e-4
"PlotOff27","f","Stratum-Off-W2-4","W2","Chondrilla juncea",0.0017499999999999998
"PlotOff27","f","Stratum-Off-W2-4","W2","Crepis neglecta",0.001
"PlotOff27","f","Stratum-Off-W2-4","W2","Daucus carota",2.5e-4
"PlotOff27","f","Stratum-Off-W2-4","W2","Juniperus oxycedrus",0.33375
"PlotOff27","f","Stratum-Off-W2-4","W2","Melica ciliata",0.010249999999999999
"PlotOff27","f","Stratum-Off-W2-4","W2","Sanguisorba minor",0.00875
"PlotOff27","f","Stratum-Off-W2-4","W2","Scabiosa ochroleuca",0.0015
"PlotOff27","f","Stratum-Off-W2-4","W2","Teucrium chamaedrys",0.0027500000000000003
"PlotOff27","f","Stratum-Off-W2-4","W2","Thymus sibthorpii",0.015
"PlotOff27","f","Stratum-Off-W2-4","W2","Xeranthemum cylindraceum",0.004
"PlotOff28","f","Stratum-Off-W2-4","W2","Achillea coarctata",0.0015
"PlotOff28","f","Stratum-Off-W2-4","W2","Aira elegans",0.010249999999999999
"PlotOff28","f","Stratum-Off-W2-4","W2","Anthoxanthum odoratum",0.00125
"PlotOff28","f","Stratum-Off-W2-4","W2","Briza maxima",5e-4
"PlotOff28","f","Stratum-Off-W2-4","W2","Campanula lingulata",2.5e-4
"PlotOff28","f","Stratum-Off-W2-4","W2","Carlina corymbosa",0.0025
"PlotOff28","f","Stratum-Off-W2-4","W2","Chondrilla juncea",0.0017499999999999998
"PlotOff28","f","Stratum-Off-W2-4","W2","Clematis vitalba",0.0025
"PlotOff28","f","Stratum-Off-W2-4","W2","Crepis neglecta",0.00125
"PlotOff28","f","Stratum-Off-W2-4","W2","Crupina vulgaris",0.0030000000000000005
"PlotOff28","f","Stratum-Off-W2-4","W2","Cupressus sempervirens",0.0025
"PlotOff28","f","Stratum-Off-W2-4","W2","Eryngium campestre",0.0025
"PlotOff28","f","Stratum-Off-W2-4","W2","Fraxinus ornus",0.00125
"PlotOff28","f","Stratum-Off-W2-4","W2","Melica ciliata",0.00125
"PlotOff28","f","Stratum-Off-W2-4","W2","Muscari neglectum",0.009000000000000001
"PlotOff28","f","Stratum-Off-W2-4","W2","Petrorhagia dubia",0.0015
"PlotOff28","f","Stratum-Off-W2-4","W2","Poa bulbosa",0.0225
"PlotOff28","f","Stratum-Off-W2-4","W2","Sanguisorba minor",0.009000000000000001
"PlotOff28","f","Stratum-Off-W2-4","W2","Scabiosa ochroleuca",5e-4
"PlotOff28","f","Stratum-Off-W2-4","W2","Teucrium chamaedrys",0.015
"PlotOff28","f","Stratum-Off-W2-4","W2","Thymus sibthorpii",0.00875
"PlotOff28","f","Stratum-Off-W2-4","W2","Trifolium campestre",0.0015
"PlotOff29","f","Stratum-Off-W2-4","W2","Aira elegans",0.0075
"PlotOff29","f","Stratum-Off-W2-4","W2","Bellardia latifolia",2.5e-4
"PlotOff29","f","Stratum-Off-W2-4","W2","Carlina corymbosa",0.00875
"PlotOff29","f","Stratum-Off-W2-4","W2","Centaurea affinis",2.5e-4
"PlotOff29","f","Stratum-Off-W2-4","W2","Clematis vitalba",0.0025
"PlotOff29","f","Stratum-Off-W2-4","W2","Crepis neglecta",7.500000000000001e-4
"PlotOff29","f","Stratum-Off-W2-4","W2","Crupina vulgaris",2.5e-4
"PlotOff29","f","Stratum-Off-W2-4","W2","Cynosurus echinatus",0.0015
"PlotOff29","f","Stratum-Off-W2-4","W2","Dactylis glomerata",0.1825
"PlotOff29","f","Stratum-Off-W2-4","W2","Eryngium campestre",0.009000000000000001
"PlotOff29","f","Stratum-Off-W2-4","W2","Jasione heldreichii",2.5e-4
"PlotOff29","f","Stratum-Off-W2-4","W2","Juniperus oxycedrus",0.00125
"PlotOff29","f","Stratum-Off-W2-4","W2","Melica ciliata",0.00125
"PlotOff29","f","Stratum-Off-W2-4","W2","Muscari neglectum",0.00125
"PlotOff29","f","Stratum-Off-W2-4","W2","Petrorhagia dubia",5e-4
"PlotOff29","f","Stratum-Off-W2-4","W2","Pinus nigra",0.015
"PlotOff29","f","Stratum-Off-W2-4","W2","Plantago lanceolata",2.5e-4
"PlotOff29","f","Stratum-Off-W2-4","W2","Poa bulbosa",0.02375
"PlotOff29","f","Stratum-Off-W2-4","W2","Rosa canina",0.0075
"PlotOff29","f","Stratum-Off-W2-4","W2","Sanguisorba minor",0.0575
"PlotOff29","f","Stratum-Off-W2-4","W2","Teucrium chamaedrys",0.01
"PlotOff29","f","Stratum-Off-W2-4","W2","Thymus sibthorpii",0.00125
"PlotOff29","f","Stratum-Off-W2-4","W2","Trifolium arvense",0.01125
"PlotOff29","f","Stratum-Off-W2-4","W2","Trifolium campestre",0.03125
"PlotOff3","f","Stratum-Off-W2-3","W2","Aira elegans",2.5e-4
"PlotOff3","f","Stratum-Off-W2-3","W2","Anagallis arvensis",0.00125
"PlotOff3","f","Stratum-Off-W2-3","W2","Bromus squarrosus",0.00125
"PlotOff3","f","Stratum-Off-W2-3","W2","Chrysopogon gryllus",0.02125
"PlotOff3","f","Stratum-Off-W2-3","W2","Cistus incanus",2.5e-4
"PlotOff3","f","Stratum-Off-W2-3","W2","Crepis neglecta",0.0075
"PlotOff3","f","Stratum-Off-W2-3","W2","Daucus carota",2.5e-4
"PlotOff3","f","Stratum-Off-W2-3","W2","Hypericum olympicum",0.00125
"PlotOff3","f","Stratum-Off-W2-3","W2","Melica ciliata",0.00125
"PlotOff3","f","Stratum-Off-W2-3","W2","Pinus nigra",0.1875
"PlotOff3","f","Stratum-Off-W2-3","W2","Solanum elaeagnifolium",0.00125
"PlotOff3","f","Stratum-Off-W2-3","W2","Teucrium polium",2.5e-4
"PlotOff3","f","Stratum-Off-W2-3","W2","Thymus praecox",0.03
"PlotOff3","f","Stratum-Off-W2-3","W2","Trifolium angustifolium",2.5e-4
"PlotOff3","f","Stratum-Off-W2-3","W2","Trifolium arvense",0.01125
"PlotOff3","f","Stratum-Off-W2-3","W2","Trifolium campestre",0.0015
"PlotOff3","f","Stratum-Off-W2-3","W2","Trifolium scabrum",2.5e-4
"PlotOff3","f","Stratum-Off-W2-3","W2","Vulpia ciliata",2.5e-4
"PlotOff30","f","Stratum-Off-W2-4","W2","Acinos alpinus",2.5e-4
"PlotOff30","f","Stratum-Off-W2-4","W2","Aira elegans",0.01625
"PlotOff30","f","Stratum-Off-W2-4","W2","Anthoxanthum odoratum",0.00875
"PlotOff30","f","Stratum-Off-W2-4","W2","Crupina vulgaris",0.0015
"PlotOff30","f","Stratum-Off-W2-4","W2","Genista carinalis",0.07125
"PlotOff30","f","Stratum-Off-W2-4","W2","Juniperus oxycedrus",0.31375
"PlotOff30","f","Stratum-Off-W2-4","W2","Melica ciliata",0.015
"PlotOff30","f","Stratum-Off-W2-4","W2","Rosa canina",0.0075
"PlotOff30","f","Stratum-Off-W2-4","W2","Scabiosa ochroleuca",0.001
"PlotOff30","f","Stratum-Off-W2-4","W2","Teucrium chamaedrys",0.045
"PlotOff30","f","Stratum-Off-W2-4","W2","Thymus sibthorpii",0.009000000000000001
"PlotOff31","f","Stratum-Off-W2-4","W2","Aira elegans",0.0025
"PlotOff31","f","Stratum-Off-W2-4","W2","Anthoxanthum odoratum",0.0027500000000000003
"PlotOff31","f","Stratum-Off-W2-4","W2","Carlina corymbosa",2.5e-4
"PlotOff31","f","Stratum-Off-W2-4","W2","Centaurea affinis",2.5e-4
"PlotOff31","f","Stratum-Off-W2-4","W2","Chondrilla juncea",0.00125
"PlotOff31","f","Stratum-Off-W2-4","W2","Clematis vitalba",0.0075
"PlotOff31","f","Stratum-Off-W2-4","W2","Crepis neglecta",0.0015
"PlotOff31","f","Stratum-Off-W2-4","W2","Crupina vulgaris",0.00775
"PlotOff31","f","Stratum-Off-W2-4","W2","Cynosurus echinatus",2.5e-4
"PlotOff31","f","Stratum-Off-W2-4","W2","Genista carinalis",0.03
"PlotOff31","f","Stratum-Off-W2-4","W2","Jasione heldreichii",0.00125
"PlotOff31","f","Stratum-Off-W2-4","W2","Juniperus oxycedrus",0.015
"PlotOff31","f","Stratum-Off-W2-4","W2","Melica ciliata",0.02175
"PlotOff31","f","Stratum-Off-W2-4","W2","Origanum hirtum",5e-4
"PlotOff31","f","Stratum-Off-W2-4","W2","Rosa turcica",0.02125
"PlotOff31","f","Stratum-Off-W2-4","W2","Teucrium chamaedrys",0.00875
"PlotOff31","f","Stratum-Off-W2-4","W2","Thymus sibthorpii",0.00125
"PlotOff31","f","Stratum-Off-W2-4","W2","Trifolium campestre",0.008
"PlotOff31","f","Stratum-Off-W2-4","W2","Xeranthemum cylindraceum",0.01
"PlotOff32","f","Stratum-Off-W2-4","W2","Aira elegans",0.010249999999999999
"PlotOff32","f","Stratum-Off-W2-4","W2","Anthoxanthum odoratum",0.00875
"PlotOff32","f","Stratum-Off-W2-4","W2","Bellardia latifolia",2.5e-4
"PlotOff32","f","Stratum-Off-W2-4","W2","Chondrilla juncea",2.5e-4
"PlotOff32","f","Stratum-Off-W2-4","W2","Crepis neglecta",5e-4
"PlotOff32","f","Stratum-Off-W2-4","W2","Crupina vulgaris",2.5e-4
"PlotOff32","f","Stratum-Off-W2-4","W2","Dactylis glomerata",5e-4
"PlotOff32","f","Stratum-Off-W2-4","W2","Genista carinalis",0.00125
"PlotOff32","f","Stratum-Off-W2-4","W2","Jasione heldreichii",0.0015
"PlotOff32","f","Stratum-Off-W2-4","W2","Juniperus oxycedrus",0.17875
"PlotOff32","f","Stratum-Off-W2-4","W2","Melica ciliata",0.00125
"PlotOff32","f","Stratum-Off-W2-4","W2","Pinus nigra",0.015
"PlotOff32","f","Stratum-Off-W2-4","W2","Poa bulbosa",0.009000000000000001
"PlotOff32","f","Stratum-Off-W2-4","W2","Teucrium chamaedrys",0.01125
"PlotOff32","f","Stratum-Off-W2-4","W2","Thymus sibthorpii",0.03
"PlotOff32","f","Stratum-Off-W2-4","W2","Trifolium campestre",0.0075
"PlotOff33","f","Stratum-Off-W2-4","W2","Aira elegans",0.010249999999999999
"PlotOff33","f","Stratum-Off-W2-4","W2","Anthoxanthum odoratum",0.0015
"PlotOff33","f","Stratum-Off-W2-4","W2","Carlina corymbosa",0.0015
"PlotOff33","f","Stratum-Off-W2-4","W2","Crupina vulgaris",0.00125
"PlotOff33","f","Stratum-Off-W2-4","W2","Dactylis glomerata",0.02125
"PlotOff33","f","Stratum-Off-W2-4","W2","Daucus carota",0.0015
"PlotOff33","f","Stratum-Off-W2-4","W2","Juniperus oxycedrus",0.09375
"PlotOff33","f","Stratum-Off-W2-4","W2","Pinus nigra",0.02125
"PlotOff33","f","Stratum-Off-W2-4","W2","Plantago lanceolata",2.5e-4
"PlotOff33","f","Stratum-Off-W2-4","W2","Poa bulbosa",0.01
"PlotOff33","f","Stratum-Off-W2-4","W2","Poa nemoralis",0.00125
"PlotOff33","f","Stratum-Off-W2-4","W2","Sanguisorba minor",0.0075
"PlotOff33","f","Stratum-Off-W2-4","W2","Scabiosa ochroleuca",2.5e-4
"PlotOff33","f","Stratum-Off-W2-4","W2","Teucrium chamaedrys",0.00775
"PlotOff33","f","Stratum-Off-W2-4","W2","Thymus sibthorpii",0.01
"PlotOff33","f","Stratum-Off-W2-4","W2","Trifolium campestre",0.00125
"PlotOff34","f","Stratum-Off-W2-4","W2","Aira elegans",0.0027500000000000003
"PlotOff34","f","Stratum-Off-W2-4","W2","Anthoxanthum odoratum",0.01
"PlotOff34","f","Stratum-Off-W2-4","W2","Carlina corymbosa",0.0015
"PlotOff34","f","Stratum-Off-W2-4","W2","Crepis neglecta",2.5e-4
"PlotOff34","f","Stratum-Off-W2-4","W2","Fraxinus ornus",0.00125
"PlotOff34","f","Stratum-Off-W2-4","W2","Hypericum aucheri",0.0027500000000000003
"PlotOff34","f","Stratum-Off-W2-4","W2","Jasione heldreichii",0.00125
"PlotOff34","f","Stratum-Off-W2-4","W2","Juniperus oxycedrus",0.0075
"PlotOff34","f","Stratum-Off-W2-4","W2","Plantago holosteum",0.04375
"PlotOff34","f","Stratum-Off-W2-4","W2","Robinia pseudoacacia",0.00125
"PlotOff34","f","Stratum-Off-W2-4","W2","Sanguisorba minor",2.5e-4
"PlotOff34","f","Stratum-Off-W2-4","W2","Scabiosa ochroleuca",0.0027500000000000003
"PlotOff34","f","Stratum-Off-W2-4","W2","Teucrium chamaedrys",0.009000000000000001
"PlotOff34","f","Stratum-Off-W2-4","W2","Thymus sibthorpii",0.0025
"PlotOff34","f","Stratum-Off-W2-4","W2","Trifolium campestre",2.5e-4
"PlotOff35","f","Stratum-Off-W2-4","W2","Cistus incanus",0.11
"PlotOff35","f","Stratum-Off-W2-4","W2","Crupina vulgaris",0.0015
"PlotOff35","f","Stratum-Off-W2-4","W2","Genista carinalis",0.06875
"PlotOff35","f","Stratum-Off-W2-4","W2","Juniperus oxycedrus",0.1925
"PlotOff35","f","Stratum-Off-W2-4","W2","Melica ciliata",2.5e-4
"PlotOff35","f","Stratum-Off-W2-4","W2","Muscari neglectum",7.500000000000001e-4
"PlotOff35","f","Stratum-Off-W2-4","W2","Pinus nigra",0.03
"PlotOff35","f","Stratum-Off-W2-4","W2","Plantago lanceolata",2.5e-4
"PlotOff35","f","Stratum-Off-W2-4","W2","Thymus sibthorpii",2.5e-4
"PlotOff36","f","Stratum-Off-W2-4","W2","Acinos alpinus",2.5e-4
"PlotOff36","f","Stratum-Off-W2-4","W2","Aira elegans",0.009000000000000001
"PlotOff36","f","Stratum-Off-W2-4","W2","Anthoxanthum odoratum",0.0027500000000000003
"PlotOff36","f","Stratum-Off-W2-4","W2","Cistus incanus",0.0075
"PlotOff36","f","Stratum-Off-W2-4","W2","Crupina vulgaris",0.015
"PlotOff36","f","Stratum-Off-W2-4","W2","Genista carinalis",0.315
"PlotOff36","f","Stratum-Off-W2-4","W2","Hypericum aucheri",0.015
"PlotOff36","f","Stratum-Off-W2-4","W2","Pinus nigra",0.0075
"PlotOff36","f","Stratum-Off-W2-4","W2","Plantago holosteum",7.500000000000001e-4
"PlotOff36","f","Stratum-Off-W2-4","W2","Poa bulbosa",0.00125
"PlotOff36","f","Stratum-Off-W2-4","W2","Pyrus spinosa",0.0025
"PlotOff36","f","Stratum-Off-W2-4","W2","Rosa canina",0.0025
"PlotOff36","f","Stratum-Off-W2-4","W2","Scabiosa ochroleuca",5e-4
"PlotOff36","f","Stratum-Off-W2-4","W2","Teucrium chamaedrys",0.0025
"PlotOff36","f","Stratum-Off-W2-4","W2","Thymus sibthorpii",0.0015
"PlotOff37","f","Stratum-Off-W11-4","W11","Achillea coarctata",2.5e-4
"PlotOff37","f","Stratum-Off-W11-4","W11","Aira elegans",0.001
"PlotOff37","f","Stratum-Off-W11-4","W11","Anthoxanthum odoratum",0.0017499999999999998
"PlotOff37","f","Stratum-Off-W11-4","W11","Centaurea affinis",2.5e-4
"PlotOff37","f","Stratum-Off-W11-4","W11","Crupina vulgaris",2.5e-4
"PlotOff37","f","Stratum-Off-W11-4","W11","Juniperus oxycedrus",0.0027500000000000003
"PlotOff37","f","Stratum-Off-W11-4","W11","Ononis spinosa",0.010249999999999999
"PlotOff37","f","Stratum-Off-W11-4","W11","Petrorhagia dubia",5e-4
"PlotOff37","f","Stratum-Off-W11-4","W11","Pinus nigra",0.0575
"PlotOff37","f","Stratum-Off-W11-4","W11","Plantago holosteum",7.500000000000001e-4
"PlotOff37","f","Stratum-Off-W11-4","W11","Poa bulbosa",0.00875
"PlotOff37","f","Stratum-Off-W11-4","W11","Rumex acetosella",0.00125
"PlotOff37","f","Stratum-Off-W11-4","W11","Teucrium chamaedrys",0.00375
"PlotOff37","f","Stratum-Off-W11-4","W11","Trifolium arvense",0.01125
"PlotOff38","f","Stratum-Off-W11-4","W11","Aira elegans",0.0027500000000000003
"PlotOff38","f","Stratum-Off-W11-4","W11","Anthoxanthum odoratum",0.00375
"PlotOff38","f","Stratum-Off-W11-4","W11","Centaurea affinis",0.01
"PlotOff38","f","Stratum-Off-W11-4","W11","Daucus carota",2.5e-4
"PlotOff38","f","Stratum-Off-W11-4","W11","Eryngium campestre",0.0025
"PlotOff38","f","Stratum-Off-W11-4","W11","Genista carinalis",2.5e-4
"PlotOff38","f","Stratum-Off-W11-4","W11","Hypericum aucheri",5e-4
"PlotOff38","f","Stratum-Off-W11-4","W11","Juniperus oxycedrus",0.085
"PlotOff38","f","Stratum-Off-W11-4","W11","Linum corymbulosum",2.5e-4
"PlotOff38","f","Stratum-Off-W11-4","W11","Muscari comosum",2.5e-4
"PlotOff38","f","Stratum-Off-W11-4","W11","Petrorhagia dubia",5e-4
"PlotOff38","f","Stratum-Off-W11-4","W11","Pinus nigra",0.0575
"PlotOff38","f","Stratum-Off-W11-4","W11","Plantago holosteum",0.010249999999999999
"PlotOff38","f","Stratum-Off-W11-4","W11","Plantago lanceolata",5e-4
"PlotOff38","f","Stratum-Off-W11-4","W11","Poa bulbosa",0.0075
"PlotOff38","f","Stratum-Off-W11-4","W11","Rumex acetosella",0.00125
"PlotOff38","f","Stratum-Off-W11-4","W11","Sanguisorba minor",2.5e-4
"PlotOff38","f","Stratum-Off-W11-4","W11","Scabiosa ochroleuca",0.0025
"PlotOff38","f","Stratum-Off-W11-4","W11","Teucrium chamaedrys",0.0175
"PlotOff38","f","Stratum-Off-W11-4","W11","Thymus sibthorpii",2.5e-4
"PlotOff38","f","Stratum-Off-W11-4","W11","Trifolium angustifolium",0.003
"PlotOff38","f","Stratum-Off-W11-4","W11","Trifolium arvense",0.0017499999999999998
"PlotOff38","f","Stratum-Off-W11-4","W11","Trifolium campestre",0.0015
"PlotOff38","f","Stratum-Off-W11-4","W11","Trifolium scabrum",0.0075
"PlotOff39","f","Stratum-Off-W11-4","W11","Aira elegans",0.0027500000000000003
"PlotOff39","f","Stratum-Off-W11-4","W11","Anthoxanthum odoratum",0.0017499999999999998
"PlotOff39","f","Stratum-Off-W11-4","W11","Bellardia latifolia",2.5e-4
"PlotOff39","f","Stratum-Off-W11-4","W11","Carlina corymbosa",2.5e-4
"PlotOff39","f","Stratum-Off-W11-4","W11","Centaurea affinis",0.00875
"PlotOff39","f","Stratum-Off-W11-4","W11","Crupina vulgaris",5e-4
"PlotOff39","f","Stratum-Off-W11-4","W11","Dactylis glomerata",2.5e-4
"PlotOff39","f","Stratum-Off-W11-4","W11","Daucus carota",0.00125
"PlotOff39","f","Stratum-Off-W11-4","W11","Eryngium campestre",0.0027500000000000003
"PlotOff39","f","Stratum-Off-W11-4","W11","Festuca valesiaca",0.0475
"PlotOff39","f","Stratum-Off-W11-4","W11","Hypericum aucheri",5e-4
"PlotOff39","f","Stratum-Off-W11-4","W11","Jasione heldreichii",0.00125
"PlotOff39","f","Stratum-Off-W11-4","W11","Juniperus oxycedrus",2.5e-4
"PlotOff39","f","Stratum-Off-W11-4","W11","Linum corymbulosum",5e-4
"PlotOff39","f","Stratum-Off-W11-4","W11","Muscari neglectum",0.0025
"PlotOff39","f","Stratum-Off-W11-4","W11","Petrorhagia dubia",0.0015
"PlotOff39","f","Stratum-Off-W11-4","W11","Pinus nigra",0.03
"PlotOff39","f","Stratum-Off-W11-4","W11","Plantago holosteum",0.0165
"PlotOff39","f","Stratum-Off-W11-4","W11","Plantago lanceolata",2.5e-4
"PlotOff39","f","Stratum-Off-W11-4","W11","Poa bulbosa",0.01125
"PlotOff39","f","Stratum-Off-W11-4","W11","Rumex acetosella",5e-4
"PlotOff39","f","Stratum-Off-W11-4","W11","Scabiosa ochroleuca",2.5e-4
"PlotOff39","f","Stratum-Off-W11-4","W11","Teucrium chamaedrys",0.0075
"PlotOff39","f","Stratum-Off-W11-4","W11","Thymus sibthorpii",0.0025
"PlotOff39","f","Stratum-Off-W11-4","W11","Trifolium angustifolium",0.015499999999999998
"PlotOff39","f","Stratum-Off-W11-4","W11","Trifolium arvense",0.01125
"PlotOff39","f","Stratum-Off-W11-4","W11","Trifolium campestre",0.0015
"PlotOff39","f","Stratum-Off-W11-4","W11","Trifolium scabrum",0.015
"PlotOff4","f","Stratum-Off-W2-3","W2","Aegilops geniculata",0.00125
"PlotOff4","f","Stratum-Off-W2-3","W2","Alkanna tinctoria",2.5e-4
"PlotOff4","f","Stratum-Off-W2-3","W2","Avena barbata",0.0025
"PlotOff4","f","Stratum-Off-W2-3","W2","Bromus intermedius",2.5e-4
"PlotOff4","f","Stratum-Off-W2-3","W2","Bromus tectorum",2.5e-4
"PlotOff4","f","Stratum-Off-W2-3","W2","Crepis neglecta",0.0025
"PlotOff4","f","Stratum-Off-W2-3","W2","Cynosurus echinatus",0.00125
"PlotOff4","f","Stratum-Off-W2-3","W2","Dactylis glomerata",5e-4
"PlotOff4","f","Stratum-Off-W2-3","W2","Dasypyrum villosum",0.01
"PlotOff4","f","Stratum-Off-W2-3","W2","Daucus carota",0.01
"PlotOff4","f","Stratum-Off-W2-3","W2","Euphorbia exigua",2.5e-4
"PlotOff4","f","Stratum-Off-W2-3","W2","Hypericum perforatum",0.00125
"PlotOff4","f","Stratum-Off-W2-3","W2","Linaria pelisseriana",2.5e-4
"PlotOff4","f","Stratum-Off-W2-3","W2","Linum bienne",2.5e-4
"PlotOff4","f","Stratum-Off-W2-3","W2","Lolium perenne",2.5e-4
"PlotOff4","f","Stratum-Off-W2-3","W2","Lomelosia brachiata",0.0025
"PlotOff4","f","Stratum-Off-W2-3","W2","Lotus angustissimus",0.0075
"PlotOff4","f","Stratum-Off-W2-3","W2","Medicago praecox",2.5e-4
"PlotOff4","f","Stratum-Off-W2-3","W2","Muscari comosum",2.5e-4
"PlotOff4","f","Stratum-Off-W2-3","W2","Onobrychis caput-galli",2.5e-4
"PlotOff4","f","Stratum-Off-W2-3","W2","Petrorhagia dubia",5e-4
"PlotOff4","f","Stratum-Off-W2-3","W2","Plantago lanceolata",0.0015
"PlotOff4","f","Stratum-Off-W2-3","W2","Quercus pubescens",0.035
"PlotOff4","f","Stratum-Off-W2-3","W2","Rumex acetosella",2.5e-4
"PlotOff4","f","Stratum-Off-W2-3","W2","Sanguisorba minor",0.00875
"PlotOff4","f","Stratum-Off-W2-3","W2","Sherhardia arvensis",0.0017499999999999998
"PlotOff4","f","Stratum-Off-W2-3","W2","Solanum elaeagnifolium",5e-4
"PlotOff4","f","Stratum-Off-W2-3","W2","Sonchus asper",5e-4
"PlotOff4","f","Stratum-Off-W2-3","W2","Teucrium capitatum",0.02875
"PlotOff4","f","Stratum-Off-W2-3","W2","Thymus sibthorpii",2.5e-4
"PlotOff4","f","Stratum-Off-W2-3","W2","Trifolium angustifolium",0.00125
"PlotOff4","f","Stratum-Off-W2-3","W2","Trifolium arvense",0.00125
"PlotOff4","f","Stratum-Off-W2-3","W2","Trifolium campestre",0.0015
"PlotOff4","f","Stratum-Off-W2-3","W2","Trifolium scabrum",0.0015
"PlotOff4","f","Stratum-Off-W2-3","W2","Vulpia ciliata",0.00125
"PlotOff40","f","Stratum-Off-W11-4","W11","Aira elegans",2.5e-4
"PlotOff40","f","Stratum-Off-W11-4","W11","Anthoxanthum odoratum",0.00375
"PlotOff40","f","Stratum-Off-W11-4","W11","Centaurea affinis",0.00125
"PlotOff40","f","Stratum-Off-W11-4","W11","Crupina vulgaris",2.5e-4
"PlotOff40","f","Stratum-Off-W11-4","W11","Cynosurus echinatus",2.5e-4
"PlotOff40","f","Stratum-Off-W11-4","W11","Dactylis glomerata",2.5e-4
"PlotOff40","f","Stratum-Off-W11-4","W11","Daucus carota",2.5e-4
"PlotOff40","f","Stratum-Off-W11-4","W11","Genista carinalis",0.00875
"PlotOff40","f","Stratum-Off-W11-4","W11","Hypericum aucheri",2.5e-4
"PlotOff40","f","Stratum-Off-W11-4","W11","Jasione heldreichii",2.5e-4
"PlotOff40","f","Stratum-Off-W11-4","W11","Juniperus oxycedrus",0.09375
"PlotOff40","f","Stratum-Off-W11-4","W11","Melica ciliata",5e-4
"PlotOff40","f","Stratum-Off-W11-4","W11","Muscari neglectum",2.5e-4
"PlotOff40","f","Stratum-Off-W11-4","W11","Plantago holosteum",0.02375
"PlotOff40","f","Stratum-Off-W11-4","W11","Plantago lanceolata",2.5e-4
"PlotOff40","f","Stratum-Off-W11-4","W11","Poa bulbosa",0.00375
"PlotOff40","f","Stratum-Off-W11-4","W11","Teucrium chamaedrys",0.01
"PlotOff40","f","Stratum-Off-W11-4","W11","Thymus sibthorpii",0.00875
"PlotOff40","f","Stratum-Off-W11-4","W11","Trifolium arvense",0.00375
"PlotOff40","f","Stratum-Off-W11-4","W11","Trifolium campestre",2.5e-4
"PlotOff41","f","Stratum-Off-W11-4","W11","Aira elegans",0.005
"PlotOff41","f","Stratum-Off-W11-4","W11","Anthoxanthum odoratum",0.01
"PlotOff41","f","Stratum-Off-W11-4","W11","Bellardia latifolia",2.5e-4
"PlotOff41","f","Stratum-Off-W11-4","W11","Centaurea affinis",2.5e-4
"PlotOff41","f","Stratum-Off-W11-4","W11","Chondrilla juncea",5e-4
"PlotOff41","f","Stratum-Off-W11-4","W11","Crupina vulgaris",2.5e-4
"PlotOff41","f","Stratum-Off-W11-4","W11","Cynosurus echinatus",5e-4
"PlotOff41","f","Stratum-Off-W11-4","W11","Dactylis glomerata",0.0225
"PlotOff41","f","Stratum-Off-W11-4","W11","Eryngium campestre",0.0015
"PlotOff41","f","Stratum-Off-W11-4","W11","Hypericum aucheri",7.500000000000001e-4
"PlotOff41","f","Stratum-Off-W11-4","W11","Juniperus oxycedrus",0.03
"PlotOff41","f","Stratum-Off-W11-4","W11","Linum corymbulosum",5e-4
"PlotOff41","f","Stratum-Off-W11-4","W11","Melica ciliata",5e-4
"PlotOff41","f","Stratum-Off-W11-4","W11","Muscari neglectum",0.0015
"PlotOff41","f","Stratum-Off-W11-4","W11","Petrorhagia dubia",0.0015
"PlotOff41","f","Stratum-Off-W11-4","W11","Plantago holosteum",0.01
"PlotOff41","f","Stratum-Off-W11-4","W11","Poa bulbosa",0.0175
"PlotOff41","f","Stratum-Off-W11-4","W11","Sanguisorba minor",5e-4
"PlotOff41","f","Stratum-Off-W11-4","W11","Teucrium chamaedrys",0.0027500000000000003
"PlotOff41","f","Stratum-Off-W11-4","W11","Thymus sibthorpii",0.00125
"PlotOff41","f","Stratum-Off-W11-4","W11","Trifolium angustifolium",0.00125
"PlotOff41","f","Stratum-Off-W11-4","W11","Trifolium arvense",0.01
"PlotOff41","f","Stratum-Off-W11-4","W11","Trifolium campestre",2.5e-4
"PlotOff42","f","Stratum-Off-W11-4","W11","Aira elegans",0.0017499999999999998
"PlotOff42","f","Stratum-Off-W11-4","W11","Anthoxanthum odoratum",0.0027500000000000003
"PlotOff42","f","Stratum-Off-W11-4","W11","Centaurea affinis",2.5e-4
"PlotOff42","f","Stratum-Off-W11-4","W11","Centaurium erythraea",2.5e-4
"PlotOff42","f","Stratum-Off-W11-4","W11","Cynosurus echinatus",2.5e-4
"PlotOff42","f","Stratum-Off-W11-4","W11","Genista carinalis",0.0025
"PlotOff42","f","Stratum-Off-W11-4","W11","Holcus lanatus",0.00125
"PlotOff42","f","Stratum-Off-W11-4","W11","Juniperus oxycedrus",0.25
"PlotOff42","f","Stratum-Off-W11-4","W11","Muscari neglectum",2.5e-4
"PlotOff42","f","Stratum-Off-W11-4","W11","Ononis spinosa",0.0075
"PlotOff42","f","Stratum-Off-W11-4","W11","Petrorhagia dubia",5e-4
"PlotOff42","f","Stratum-Off-W11-4","W11","Pinus nigra",0.015
"PlotOff42","f","Stratum-Off-W11-4","W11","Plantago holosteum",0.00375
"PlotOff42","f","Stratum-Off-W11-4","W11","Poa bulbosa",0.0075
"PlotOff42","f","Stratum-Off-W11-4","W11","Rumex acetosella",5e-4
"PlotOff42","f","Stratum-Off-W11-4","W11","Sanguisorba minor",2.5e-4
"PlotOff42","f","Stratum-Off-W11-4","W11","Scabiosa ochroleuca",2.5e-4
"PlotOff42","f","Stratum-Off-W11-4","W11","Teucrium chamaedrys",0.0027500000000000003
"PlotOff42","f","Stratum-Off-W11-4","W11","Thymus sibthorpii",0.00125
"PlotOff42","f","Stratum-Off-W11-4","W11","Trifolium angustifolium",0.0017499999999999998
"PlotOff42","f","Stratum-Off-W11-4","W11","Trifolium arvense",0.01
"PlotOff42","f","Stratum-Off-W11-4","W11","Trifolium campestre",0.00125
"PlotOff42","f","Stratum-Off-W11-4","W11","Trifolium scabrum",0.015
"PlotOff43","f","Stratum-Off-W11-4","W11","Achillea coarctata",2.5e-4
"PlotOff43","f","Stratum-Off-W11-4","W11","Aira elegans",0.009000000000000001
"PlotOff43","f","Stratum-Off-W11-4","W11","Anthoxanthum odoratum",0.0030000000000000005
"PlotOff43","f","Stratum-Off-W11-4","W11","Crupina vulgaris",2.5e-4
"PlotOff43","f","Stratum-Off-W11-4","W11","Eryngium campestre",7.500000000000001e-4
"PlotOff43","f","Stratum-Off-W11-4","W11","Galium sp.",5e-4
"PlotOff43","f","Stratum-Off-W11-4","W11","Genista carinalis",0.0175
"PlotOff43","f","Stratum-Off-W11-4","W11","Hypericum aucheri",2.5e-4
"PlotOff43","f","Stratum-Off-W11-4","W11","Juniperus oxycedrus",0.314
"PlotOff43","f","Stratum-Off-W11-4","W11","Linum corymbulosum",5e-4
"PlotOff43","f","Stratum-Off-W11-4","W11","Melica ciliata",2.5e-4
"PlotOff43","f","Stratum-Off-W11-4","W11","Petrorhagia dubia",5e-4
"PlotOff43","f","Stratum-Off-W11-4","W11","Plantago holosteum",0.0025
"PlotOff43","f","Stratum-Off-W11-4","W11","Poa bulbosa",0.02125
"PlotOff43","f","Stratum-Off-W11-4","W11","Rosa turcica",0.015
"PlotOff43","f","Stratum-Off-W11-4","W11","Sanguisorba minor",0.0015
"PlotOff43","f","Stratum-Off-W11-4","W11","Teucrium chamaedrys",0.00875
"PlotOff43","f","Stratum-Off-W11-4","W11","Thymus sibthorpii",0.00375
"PlotOff43","f","Stratum-Off-W11-4","W11","Trifolium arvense",0.00125
"PlotOff43","f","Stratum-Off-W11-4","W11","Trifolium campestre",0.0015
"PlotOff43","f","Stratum-Off-W11-4","W11","Trifolium scabrum",2.5e-4
"PlotOff44","f","Stratum-Off-W11-4","W11","Aira elegans",0.00375
"PlotOff44","f","Stratum-Off-W11-4","W11","Anthoxanthum odoratum",0.0175
"PlotOff44","f","Stratum-Off-W11-4","W11","Bellardia latifolia",2.5e-4
"PlotOff44","f","Stratum-Off-W11-4","W11","Crupina vulgaris",2.5e-4
"PlotOff44","f","Stratum-Off-W11-4","W11","Genista carinalis",2.5e-4
"PlotOff44","f","Stratum-Off-W11-4","W11","Hypericum aucheri",5e-4
"PlotOff44","f","Stratum-Off-W11-4","W11","Jasione heldreichii",2.5e-4
"PlotOff44","f","Stratum-Off-W11-4","W11","Juniperus oxycedrus",0.0025
"PlotOff44","f","Stratum-Off-W11-4","W11","Petrorhagia dubia",5e-4
"PlotOff44","f","Stratum-Off-W11-4","W11","Pinus nigra",0.03
"PlotOff44","f","Stratum-Off-W11-4","W11","Plantago holosteum",0.003
"PlotOff44","f","Stratum-Off-W11-4","W11","Poa bulbosa",0.0165
"PlotOff44","f","Stratum-Off-W11-4","W11","Teucrium chamaedrys",0.00125
"PlotOff44","f","Stratum-Off-W11-4","W11","Thymus sibthorpii",0.00125
"PlotOff44","f","Stratum-Off-W11-4","W11","Trifolium angustifolium",0.002
"PlotOff44","f","Stratum-Off-W11-4","W11","Trifolium arvense",0.01
"PlotOff44","f","Stratum-Off-W11-4","W11","Trifolium campestre",0.01625
"PlotOff44","f","Stratum-Off-W11-4","W11","Trifolium scabrum",2.5e-4
"PlotOff45","f","Stratum-Off-W11-4","W11","Achillea coarctata",7.500000000000001e-4
"PlotOff45","f","Stratum-Off-W11-4","W11","Aira elegans",0.004
"PlotOff45","f","Stratum-Off-W11-4","W11","Anthoxanthum odoratum",0.005
"PlotOff45","f","Stratum-Off-W11-4","W11","Bromus squarrosus",0.00125
"PlotOff45","f","Stratum-Off-W11-4","W11","Centaurea affinis",2.5e-4
"PlotOff45","f","Stratum-Off-W11-4","W11","Centaurium erythraea",0.00125
"PlotOff45","f","Stratum-Off-W11-4","W11","Crupina vulgaris",0.0025
"PlotOff45","f","Stratum-Off-W11-4","W11","Cynosurus echinatus",0.0015
"PlotOff45","f","Stratum-Off-W11-4","W11","Eryngium campestre",2.5e-4
"PlotOff45","f","Stratum-Off-W11-4","W11","Festuca valesiaca",0.0075
"PlotOff45","f","Stratum-Off-W11-4","W11","Juniperus oxycedrus",0.02125
"PlotOff45","f","Stratum-Off-W11-4","W11","Ononis spinosa",0.0075
"PlotOff45","f","Stratum-Off-W11-4","W11","Pinus nigra",0.0175
"PlotOff45","f","Stratum-Off-W11-4","W11","Plantago holosteum",7.500000000000001e-4
"PlotOff45","f","Stratum-Off-W11-4","W11","Poa bulbosa",0.03125
"PlotOff45","f","Stratum-Off-W11-4","W11","Rosa canina",0.0075
"PlotOff45","f","Stratum-Off-W11-4","W11","Sanguisorba minor",2.5e-4
"PlotOff45","f","Stratum-Off-W11-4","W11","Teucrium chamaedrys",0.01625
"PlotOff45","f","Stratum-Off-W11-4","W11","Trifolium angustifolium",0.00375
"PlotOff45","f","Stratum-Off-W11-4","W11","Trifolium arvense",0.0175
"PlotOff45","f","Stratum-Off-W11-4","W11","Trifolium campestre",0.0017499999999999998
"PlotOff45","f","Stratum-Off-W11-4","W11","Trifolium scabrum",2.5e-4
"PlotOff46","f","Stratum-Off-W11-4","W11","Achillea coarctata",0.00125
"PlotOff46","f","Stratum-Off-W11-4","W11","Aira elegans",5e-4
"PlotOff46","f","Stratum-Off-W11-4","W11","Anthoxanthum odoratum",2.5e-4
"PlotOff46","f","Stratum-Off-W11-4","W11","Bupleurum apiculatum",5e-4
"PlotOff46","f","Stratum-Off-W11-4","W11","Carlina corymbosa",2.5e-4
"PlotOff46","f","Stratum-Off-W11-4","W11","Centaurea affinis",0.00125
"PlotOff46","f","Stratum-Off-W11-4","W11","Dactylis glomerata",0.0075
"PlotOff46","f","Stratum-Off-W11-4","W11","Juniperus oxycedrus",0.015
"PlotOff46","f","Stratum-Off-W11-4","W11","Ononis spinosa",2.5e-4
"PlotOff46","f","Stratum-Off-W11-4","W11","Petrorhagia dubia",2.5e-4
"PlotOff46","f","Stratum-Off-W11-4","W11","Pinus nigra",0.015
"PlotOff46","f","Stratum-Off-W11-4","W11","Plantago holosteum",0.004
"PlotOff46","f","Stratum-Off-W11-4","W11","Poa bulbosa",0.0025
"PlotOff46","f","Stratum-Off-W11-4","W11","Rosa canina",0.0425
"PlotOff46","f","Stratum-Off-W11-4","W11","Scabiosa ochroleuca",0.00125
"PlotOff46","f","Stratum-Off-W11-4","W11","Teucrium chamaedrys",0.0015
"PlotOff46","f","Stratum-Off-W11-4","W11","Thymus sibthorpii",0.025
"PlotOff46","f","Stratum-Off-W11-4","W11","Trifolium angustifolium",2.5e-4
"PlotOff46","f","Stratum-Off-W11-4","W11","Trifolium arvense",0.00875
"PlotOff46","f","Stratum-Off-W11-4","W11","Trifolium campestre",0.00375
"PlotOff46","f","Stratum-Off-W11-4","W11","Trifolium scabrum",2.5e-4
"PlotOff47","f","Stratum-Off-W11-4","W11","Aira elegans",0.0027500000000000003
"PlotOff47","f","Stratum-Off-W11-4","W11","Anthoxanthum odoratum",0.0027500000000000003
"PlotOff47","f","Stratum-Off-W11-4","W11","Centaurea affinis",5e-4
"PlotOff47","f","Stratum-Off-W11-4","W11","Chondrilla juncea",2.5e-4
"PlotOff47","f","Stratum-Off-W11-4","W11","Dactylis glomerata",0.0475
"PlotOff47","f","Stratum-Off-W11-4","W11","Eryngium campestre",0.0015
"PlotOff47","f","Stratum-Off-W11-4","W11","Genista carinalis",0.02125
"PlotOff47","f","Stratum-Off-W11-4","W11","Hypericum aucheri",2.5e-4
"PlotOff47","f","Stratum-Off-W11-4","W11","Jasione heldreichii",2.5e-4
"PlotOff47","f","Stratum-Off-W11-4","W11","Juniperus oxycedrus",0.17775
"PlotOff47","f","Stratum-Off-W11-4","W11","Linum corymbulosum",2.5e-4
"PlotOff47","f","Stratum-Off-W11-4","W11","Pinus nigra",0.0025
"PlotOff47","f","Stratum-Off-W11-4","W11","Plantago holosteum",0.01625
"PlotOff47","f","Stratum-Off-W11-4","W11","Poa bulbosa",0.01
"PlotOff47","f","Stratum-Off-W11-4","W11","Rumex acetosella",2.5e-4
"PlotOff47","f","Stratum-Off-W11-4","W11","Teucrium chamaedrys",0.0030000000000000005
"PlotOff47","f","Stratum-Off-W11-4","W11","Thymus sibthorpii",0.009000000000000001
"PlotOff47","f","Stratum-Off-W11-4","W11","Trifolium angustifolium",2.5e-4
"PlotOff48","f","Stratum-Off-W11-4","W11","Achillea coarctata",0.00125
"PlotOff48","f","Stratum-Off-W11-4","W11","Aira elegans",0.0025
"PlotOff48","f","Stratum-Off-W11-4","W11","Anthoxanthum odoratum",0.0025
"PlotOff48","f","Stratum-Off-W11-4","W11","Centaurea affinis",2.5e-4
"PlotOff48","f","Stratum-Off-W11-4","W11","Cynosurus echinatus",0.00125
"PlotOff48","f","Stratum-Off-W11-4","W11","Genista carinalis",0.055
"PlotOff48","f","Stratum-Off-W11-4","W11","Hypericum aucheri",2.5e-4
"PlotOff48","f","Stratum-Off-W11-4","W11","Jasione heldreichii",2.5e-4
"PlotOff48","f","Stratum-Off-W11-4","W11","Juniperus oxycedrus",0.2025
"PlotOff48","f","Stratum-Off-W11-4","W11","Petrorhagia dubia",0.00125
"PlotOff48","f","Stratum-Off-W11-4","W11","Pinus nigra",0.085
"PlotOff48","f","Stratum-Off-W11-4","W11","Plantago holosteum",0.0017499999999999998
"PlotOff48","f","Stratum-Off-W11-4","W11","Poa bulbosa",0.01
"PlotOff48","f","Stratum-Off-W11-4","W11","Teucrium chamaedrys",0.0075
"PlotOff48","f","Stratum-Off-W11-4","W11","Thymus sibthorpii",0.00375
"PlotOff48","f","Stratum-Off-W11-4","W11","Trifolium arvense",0.0015
"PlotOff48","f","Stratum-Off-W11-4","W11","Trifolium campestre",0.0025
"PlotOff49","f","Stratum-Off-W11-1","W11","Anthoxatum odoratum",0.04375
"PlotOff49","f","Stratum-Off-W11-1","W11","Avena barbata",0.0155
"PlotOff49","f","Stratum-Off-W11-1","W11","Cichorium intybus",0.015
"PlotOff49","f","Stratum-Off-W11-1","W11","Crepis neglecta",2.5e-4
"PlotOff49","f","Stratum-Off-W11-1","W11","Fraxinus ornus",0.0425
"PlotOff49","f","Stratum-Off-W11-1","W11","Hypericum perforatum",2.5e-4
"PlotOff49","f","Stratum-Off-W11-1","W11","Jasione heldreichii",0.1925
"PlotOff49","f","Stratum-Off-W11-1","W11","Linum corymbulosum",0.0015
"PlotOff49","f","Stratum-Off-W11-1","W11","Petrorhagia dubia",2.5e-4
"PlotOff49","f","Stratum-Off-W11-1","W11","Quercus pubescens",0.0425
"PlotOff49","f","Stratum-Off-W11-1","W11","Rumex acetosella",0.009250000000000001
"PlotOff49","f","Stratum-Off-W11-1","W11","Sanguisorba minor",2.5e-4
"PlotOff49","f","Stratum-Off-W11-1","W11","Sonchus asper",5e-4
"PlotOff49","f","Stratum-Off-W11-1","W11","Trifolium arvense",0.00775
"PlotOff49","f","Stratum-Off-W11-1","W11","Vulpia ciliata",0.002
"PlotOff5","f","Stratum-Off-W2-1","W2","Anagallis arvensis",2.5e-4
"PlotOff5","f","Stratum-Off-W2-1","W2","Asphodelus ramosus",0.0175
"PlotOff5","f","Stratum-Off-W2-1","W2","Bothriochloa ischaemum",0.00775
"PlotOff5","f","Stratum-Off-W2-1","W2","Brachypodium distachyon",0.0075
"PlotOff5","f","Stratum-Off-W2-1","W2","Briza maxima",2.5e-4
"PlotOff5","f","Stratum-Off-W2-1","W2","Bromus squarrosus",7.500000000000001e-4
"PlotOff5","f","Stratum-Off-W2-1","W2","Bupleurum apiculatum",0.0015
"PlotOff5","f","Stratum-Off-W2-1","W2","Chrysopogon gryllus",0.06375
"PlotOff5","f","Stratum-Off-W2-1","W2","Dactylis glomerata",0.015
"PlotOff5","f","Stratum-Off-W2-1","W2","Dasypyrum villosum",0.065
"PlotOff5","f","Stratum-Off-W2-1","W2","Daucus carota",0.0175
"PlotOff5","f","Stratum-Off-W2-1","W2","Linum corymbulosum",5e-4
"PlotOff5","f","Stratum-Off-W2-1","W2","Petrorhagia dubia",0.00125
"PlotOff5","f","Stratum-Off-W2-1","W2","Pinus nigra",0.085
"PlotOff5","f","Stratum-Off-W2-1","W2","Sherhardia arvensis",5e-4
"PlotOff5","f","Stratum-Off-W2-1","W2","Solanum elaeagnifolium",0.004
"PlotOff5","f","Stratum-Off-W2-1","W2","Teucrium polium",0.01625
"PlotOff5","f","Stratum-Off-W2-1","W2","Thymus sibthorpii",0.115
"PlotOff5","f","Stratum-Off-W2-1","W2","Tragopogon dubius",0.00125
"PlotOff5","f","Stratum-Off-W2-1","W2","Trifolium angustifolium",0.01125
"PlotOff5","f","Stratum-Off-W2-1","W2","Trifolium campestre",0.0175
"PlotOff5","f","Stratum-Off-W2-1","W2","Trifolium scabrum",0.0025
"PlotOff5","f","Stratum-Off-W2-1","W2","Xeranthemum cylindraceum",0.002
"PlotOff50","f","Stratum-Off-W11-1","W11","Anthoxatum odoratum",0.015
"PlotOff50","f","Stratum-Off-W11-1","W11","Avena barbata",0.135
"PlotOff50","f","Stratum-Off-W11-1","W11","Bromus squarrosus",0.00125
"PlotOff50","f","Stratum-Off-W11-1","W11","Cercis siliquastrum",0.1775
"PlotOff50","f","Stratum-Off-W11-1","W11","Cichorium intybus",2.5e-4
"PlotOff50","f","Stratum-Off-W11-1","W11","Dasypyrum villosum",0.015
"PlotOff50","f","Stratum-Off-W11-1","W11","Eryngium campestre",0.00125
"PlotOff50","f","Stratum-Off-W11-1","W11","Hypericum perforatum",2.5e-4
"PlotOff50","f","Stratum-Off-W11-1","W11","Linum corymbulosum",2.5e-4
"PlotOff50","f","Stratum-Off-W11-1","W11","Petrorhagia dubia",5e-4
"PlotOff50","f","Stratum-Off-W11-1","W11","Pyrus spinosa",0.02125
"PlotOff50","f","Stratum-Off-W11-1","W11","Rumex acetosella",0.0575
"PlotOff50","f","Stratum-Off-W11-1","W11","Sonchus asper",0.0025
"PlotOff50","f","Stratum-Off-W11-1","W11","Tordylium apulum",0.0025
"PlotOff50","f","Stratum-Off-W11-1","W11","Trifolium arvense",0.00875
"PlotOff50","f","Stratum-Off-W11-1","W11","Trifolium campestre",2.5e-4
"PlotOff50","f","Stratum-Off-W11-1","W11","Vulpia ciliata",5e-4
"PlotOff51","f","Stratum-Off-W11-1","W11","Aira elegans",0.00125
"PlotOff51","f","Stratum-Off-W11-1","W11","Anagallis arvensis",0.00125
"PlotOff51","f","Stratum-Off-W11-1","W11","Anthoxatum odoratum",0.05375
"PlotOff51","f","Stratum-Off-W11-1","W11","Avena barbata",0.02875
"PlotOff51","f","Stratum-Off-W11-1","W11","Bromus squarrosus",0.02125
"PlotOff51","f","Stratum-Off-W11-1","W11","Centaurium erythraea",0.00125
"PlotOff51","f","Stratum-Off-W11-1","W11","Cercis siliquastrum",0.02125
"PlotOff51","f","Stratum-Off-W11-1","W11","Dasypyrum villosum",0.00875
"PlotOff51","f","Stratum-Off-W11-1","W11","Daucus carota",0.0155
"PlotOff51","f","Stratum-Off-W11-1","W11","Eryngium campestre",0.01625
"PlotOff51","f","Stratum-Off-W11-1","W11","Hypericum perforatum",2.5e-4
"PlotOff51","f","Stratum-Off-W11-1","W11","Jasione heldreichii",0.03
"PlotOff51","f","Stratum-Off-W11-1","W11","Linum corymbulosum",0.00125
"PlotOff51","f","Stratum-Off-W11-1","W11","Petrorhagia dubia",0.0017499999999999998
"PlotOff51","f","Stratum-Off-W11-1","W11","Poa sp.",0.04625
"PlotOff51","f","Stratum-Off-W11-1","W11","Rubus canescens",0.0425
"PlotOff51","f","Stratum-Off-W11-1","W11","Rumex acetosella",0.0027500000000000003
"PlotOff51","f","Stratum-Off-W11-1","W11","Sonchus asper",0.00775
"PlotOff51","f","Stratum-Off-W11-1","W11","Tordylium apulum",2.5e-4
"PlotOff51","f","Stratum-Off-W11-1","W11","Trifolium arvense",0.204
"PlotOff51","f","Stratum-Off-W11-1","W11","Trifolium campestre",0.01
"PlotOff51","f","Stratum-Off-W11-1","W11","Vulpia ciliata",0.00775
"PlotOff52","f","Stratum-Off-W11-1","W11","Aira elegans",0.00375
"PlotOff52","f","Stratum-Off-W11-1","W11","Anthoxatum odoratum",0.03625
"PlotOff52","f","Stratum-Off-W11-1","W11","Avena barbata",0.1475
"PlotOff52","f","Stratum-Off-W11-1","W11","Centaurium erythraea",0.0075
"PlotOff52","f","Stratum-Off-W11-1","W11","Cichorium intybus",0.0017499999999999998
"PlotOff52","f","Stratum-Off-W11-1","W11","Crepis neglecta",0.0025
"PlotOff52","f","Stratum-Off-W11-1","W11","Dasypyrum villosum",0.065
"PlotOff52","f","Stratum-Off-W11-1","W11","Daucus carota",0.01625
"PlotOff52","f","Stratum-Off-W11-1","W11","Eryngium campestre",0.00125
"PlotOff52","f","Stratum-Off-W11-1","W11","Fraxinus ornus",0.015
"PlotOff52","f","Stratum-Off-W11-1","W11","Hypericum perforatum",0.002
"PlotOff52","f","Stratum-Off-W11-1","W11","Linum corymbulosum",2.5e-4
"PlotOff52","f","Stratum-Off-W11-1","W11","Oxalis corniculata",0.0075
"PlotOff52","f","Stratum-Off-W11-1","W11","Paliurus spina-christi",0.04625
"PlotOff52","f","Stratum-Off-W11-1","W11","Pyrus spinosa",0.0425
"PlotOff52","f","Stratum-Off-W11-1","W11","Quercus pubescens",0.005
"PlotOff52","f","Stratum-Off-W11-1","W11","Rosa canina.",0.0075
"PlotOff52","f","Stratum-Off-W11-1","W11","Rubus canescens",0.00875
"PlotOff52","f","Stratum-Off-W11-1","W11","Rumex acetosella",0.009250000000000001
"PlotOff52","f","Stratum-Off-W11-1","W11","Sonchus asper",0.003
"PlotOff52","f","Stratum-Off-W11-1","W11","Tordylium apulum",5e-4
"PlotOff52","f","Stratum-Off-W11-1","W11","Trifolium angustifolium",0.0075
"PlotOff52","f","Stratum-Off-W11-1","W11","Trifolium arvense",0.0075
"PlotOff52","f","Stratum-Off-W11-1","W11","Vulpia ciliata",5e-4
"PlotOff53","f","Stratum-Off-W11-1","W11","Aira elegans",0.00125
"PlotOff53","f","Stratum-Off-W11-1","W11","Anthoxatum odoratum",0.009000000000000001
"PlotOff53","f","Stratum-Off-W11-1","W11","Avena barbata",0.0425
"PlotOff53","f","Stratum-Off-W11-1","W11","Echium italicum",0.0075
"PlotOff53","f","Stratum-Off-W11-1","W11","Eryngium campestre",0.0075
"PlotOff53","f","Stratum-Off-W11-1","W11","Linum corymbulosum",5e-4
"PlotOff53","f","Stratum-Off-W11-1","W11","Petrorhagia dubia",0.0015
"PlotOff53","f","Stratum-Off-W11-1","W11","Poa bulbosa",2.5e-4
"PlotOff53","f","Stratum-Off-W11-1","W11","Potentilla inclinata",0.00125
"PlotOff53","f","Stratum-Off-W11-1","W11","Rubus canescens",0.0675
"PlotOff53","f","Stratum-Off-W11-1","W11","Rumex acetosella",0.07125
"PlotOff53","f","Stratum-Off-W11-1","W11","Sanguisorba minor",0.0075
"PlotOff53","f","Stratum-Off-W11-1","W11","Spartium junceum",0.015
"PlotOff53","f","Stratum-Off-W11-1","W11","Trifolium arvense",0.0075
"PlotOff54","f","Stratum-Off-W11-1","W11","Anthoxatum odoratum",0.00125
"PlotOff54","f","Stratum-Off-W11-1","W11","Avena barbata",0.0025
"PlotOff54","f","Stratum-Off-W11-1","W11","Centaurium erythraea",0.00125
"PlotOff54","f","Stratum-Off-W11-1","W11","Cichorium intybus",0.0025
"PlotOff54","f","Stratum-Off-W11-1","W11","Dasypyrum villosum",0.0025
"PlotOff54","f","Stratum-Off-W11-1","W11","Daucus carota",0.0025
"PlotOff54","f","Stratum-Off-W11-1","W11","Fraxinus ornus",0.015
"PlotOff54","f","Stratum-Off-W11-1","W11","Hypericum perforatum",0.00775
"PlotOff54","f","Stratum-Off-W11-1","W11","Pyrus spinosa",0.03
"PlotOff54","f","Stratum-Off-W11-1","W11","Rubus canescens",0.625
"PlotOff54","f","Stratum-Off-W11-1","W11","Rumex acetosella",0.0025
"PlotOff54","f","Stratum-Off-W11-1","W11","Trifolium arvense",0.00125
"PlotOff54","f","Stratum-Off-W11-1","W11","Vulpia ciliata",0.00125
"PlotOff55","f","Stratum-Off-W11-1","W11","Aira elegans",0.002
"PlotOff55","f","Stratum-Off-W11-1","W11","Anthoxatum odoratum",0.02375
"PlotOff55","f","Stratum-Off-W11-1","W11","Avena barbata",0.005
"PlotOff55","f","Stratum-Off-W11-1","W11","Campanula rapunculus",2.5e-4
"PlotOff55","f","Stratum-Off-W11-1","W11","Centaurium erythraea",0.05125
"PlotOff55","f","Stratum-Off-W11-1","W11","Cichorium intybus",7.500000000000001e-4
"PlotOff55","f","Stratum-Off-W11-1","W11","Cynosurus echinatus",2.5e-4
"PlotOff55","f","Stratum-Off-W11-1","W11","Dasypyrum villosum",0.0027500000000000003
"PlotOff55","f","Stratum-Off-W11-1","W11","Hypericum perforatum",7.500000000000001e-4
"PlotOff55","f","Stratum-Off-W11-1","W11","Linum corymbulosum",0.009000000000000001
"PlotOff55","f","Stratum-Off-W11-1","W11","Oxalis dillenii",0.00125
"PlotOff55","f","Stratum-Off-W11-1","W11","Paliurus spina-christi",0.04625
"PlotOff55","f","Stratum-Off-W11-1","W11","Plantago afra",0.00125
"PlotOff55","f","Stratum-Off-W11-1","W11","Poa nemoralis",0.00125
"PlotOff55","f","Stratum-Off-W11-1","W11","Pyrus spinosa",0.115
"PlotOff55","f","Stratum-Off-W11-1","W11","Rubus canescens",0.0075
"PlotOff55","f","Stratum-Off-W11-1","W11","Rumex acetosella",0.009000000000000001
"PlotOff55","f","Stratum-Off-W11-1","W11","Sanguisorba minor",2.5e-4
"PlotOff55","f","Stratum-Off-W11-1","W11","Sonchus asper",5e-4
"PlotOff55","f","Stratum-Off-W11-1","W11","Thymus sibthorpii",0.00125
"PlotOff55","f","Stratum-Off-W11-1","W11","Trifolium angustifolium",0.015
"PlotOff55","f","Stratum-Off-W11-1","W11","Trifolium arvense",0.01625
"PlotOff55","f","Stratum-Off-W11-1","W11","Trifolium campestre",0.00875
"PlotOff55","f","Stratum-Off-W11-1","W11","Trifolium scabrum",0.0025
"PlotOff55","f","Stratum-Off-W11-1","W11","Vulpia ciliata",5e-4
"PlotOff56","f","Stratum-Off-W11-1","W11","Aira elegans",0.0025
"PlotOff56","f","Stratum-Off-W11-1","W11","Anagallis arvensis",2.5e-4
"PlotOff56","f","Stratum-Off-W11-1","W11","Anthoxatum odoratum",0.00875
"PlotOff56","f","Stratum-Off-W11-1","W11","Avena barbata",0.2075
"PlotOff56","f","Stratum-Off-W11-1","W11","Cichorium intybus",0.09375
"PlotOff56","f","Stratum-Off-W11-1","W11","Convolvulus arvensis",0.01125
"PlotOff56","f","Stratum-Off-W11-1","W11","Dasypyrum villosum",0.03
"PlotOff56","f","Stratum-Off-W11-1","W11","Eryngium campestre",0.00125
"PlotOff56","f","Stratum-Off-W11-1","W11","Hordeum murinum",0.0425
"PlotOff56","f","Stratum-Off-W11-1","W11","Linum corymbulosum",2.5e-4
"PlotOff56","f","Stratum-Off-W11-1","W11","Petrorhagia dubia",2.5e-4
"PlotOff56","f","Stratum-Off-W11-1","W11","Pyrus spinosa",0.00125
"PlotOff56","f","Stratum-Off-W11-1","W11","Quercus pubescens",0.03
"PlotOff56","f","Stratum-Off-W11-1","W11","Robinia pseudoacacia",0.03
"PlotOff56","f","Stratum-Off-W11-1","W11","Rumex acetosella",0.05125
"PlotOff56","f","Stratum-Off-W11-1","W11","Scabiosa sp.",0.0025
"PlotOff56","f","Stratum-Off-W11-1","W11","Sonchus asper",0.00125
"PlotOff56","f","Stratum-Off-W11-1","W11","Trifolium arvense",0.00125
"PlotOff56","f","Stratum-Off-W11-1","W11","Vulpia ciliata",0.00125
"PlotOff57","f","Stratum-Off-W11-1","W11","Aira elegans",0.00125
"PlotOff57","f","Stratum-Off-W11-1","W11","Avena barbata",0.028999999999999998
"PlotOff57","f","Stratum-Off-W11-1","W11","Cercis siliquastrum",0.0075
"PlotOff57","f","Stratum-Off-W11-1","W11","Cichorium intybus",0.00125
"PlotOff57","f","Stratum-Off-W11-1","W11","Convolvulus arvensis",2.5e-4
"PlotOff57","f","Stratum-Off-W11-1","W11","Daucus carota",0.0025
"PlotOff57","f","Stratum-Off-W11-1","W11","Eryngium campestre",0.01625
"PlotOff57","f","Stratum-Off-W11-1","W11","Fraxinus ornus",0.0025
"PlotOff57","f","Stratum-Off-W11-1","W11","Hypericum perforatum",0.01
"PlotOff57","f","Stratum-Off-W11-1","W11","Linum corymbulosum",2.5e-4
"PlotOff57","f","Stratum-Off-W11-1","W11","Rumex acetosella",0.16875
"PlotOff57","f","Stratum-Off-W11-1","W11","Sonchus asper",0.005
"PlotOff57","f","Stratum-Off-W11-1","W11","Trifolium arvense",0.0027500000000000003
"PlotOff57","f","Stratum-Off-W11-1","W11","Verbascum thapsus",0.015
"PlotOff57","f","Stratum-Off-W11-1","W11","Vulpia ciliata",0.0025
"PlotOff58","f","Stratum-Off-W11-1","W11","Anthoxatum odoratum",0.03
"PlotOff58","f","Stratum-Off-W11-1","W11","Avena barbata",0.09625
"PlotOff58","f","Stratum-Off-W11-1","W11","Carduus nutans",5e-4
"PlotOff58","f","Stratum-Off-W11-1","W11","Centaurium erythraea",2.5e-4
"PlotOff58","f","Stratum-Off-W11-1","W11","Cichorium intybus",5e-4
"PlotOff58","f","Stratum-Off-W11-1","W11","Dasypyrum villosum",0.03
"PlotOff58","f","Stratum-Off-W11-1","W11","Eryngium campestre",0.015
"PlotOff58","f","Stratum-Off-W11-1","W11","Hordeum murinum",0.0425
"PlotOff58","f","Stratum-Off-W11-1","W11","Hypericum perforatum",0.00775
"PlotOff58","f","Stratum-Off-W11-1","W11","Linum corymbulosum",0.0075
"PlotOff58","f","Stratum-Off-W11-1","W11","Petrorhagia dubia",0.0017499999999999998
"PlotOff58","f","Stratum-Off-W11-1","W11","Pyrus spinosa",0.0425
"PlotOff58","f","Stratum-Off-W11-1","W11","Rumex acetosella",0.02875
"PlotOff58","f","Stratum-Off-W11-1","W11","Sonchus asper",0.0155
"PlotOff58","f","Stratum-Off-W11-1","W11","Tordylium apulum",2.5e-4
"PlotOff58","f","Stratum-Off-W11-1","W11","Trifolium arvense",0.0017499999999999998
"PlotOff58","f","Stratum-Off-W11-1","W11","Trifolium campestre",0.0025
"PlotOff58","f","Stratum-Off-W11-1","W11","Verbascum thapsus",2.5e-4
"PlotOff59","f","Stratum-Off-W11-1","W11","Aira elegans",0.0075
"PlotOff59","f","Stratum-Off-W11-1","W11","Avena barbata",0.0575
"PlotOff59","f","Stratum-Off-W11-1","W11","Centaurium erythraea",2.5e-4
"PlotOff59","f","Stratum-Off-W11-1","W11","Cercis siliquastrum",0.005
"PlotOff59","f","Stratum-Off-W11-1","W11","Cichorium intybus",5e-4
"PlotOff59","f","Stratum-Off-W11-1","W11","Convolvulus arvensis",2.5e-4
"PlotOff59","f","Stratum-Off-W11-1","W11","Eryngium campestre",0.00875
"PlotOff59","f","Stratum-Off-W11-1","W11","Hypericum perforatum",2.5e-4
"PlotOff59","f","Stratum-Off-W11-1","W11","Jasione heldreichii",0.0175
"PlotOff59","f","Stratum-Off-W11-1","W11","Linum corymbulosum",5e-4
"PlotOff59","f","Stratum-Off-W11-1","W11","Rumex acetosella",0.03125
"PlotOff59","f","Stratum-Off-W11-1","W11","Sanguisorba minor",2.5e-4
"PlotOff59","f","Stratum-Off-W11-1","W11","Sonchus asper",2.5e-4
"PlotOff59","f","Stratum-Off-W11-1","W11","Trifolium arvense",0.010249999999999999
"PlotOff59","f","Stratum-Off-W11-1","W11","Vulpia ciliata",0.0165
"PlotOff6","f","Stratum-Off-W2-1","W2","Aira elegans",0.0017499999999999998
"PlotOff6","f","Stratum-Off-W2-1","W2","Anagallis arvensis",2.5e-4
"PlotOff6","f","Stratum-Off-W2-1","W2","Anthoxatum odoratum",0.01
"PlotOff6","f","Stratum-Off-W2-1","W2","Asphodelus ramosus",0.015
"PlotOff6","f","Stratum-Off-W2-1","W2","Avena barbata",2.5e-4
"PlotOff6","f","Stratum-Off-W2-1","W2","Bothriochloa ischaemum",0.02875
"PlotOff6","f","Stratum-Off-W2-1","W2","Brachypodium distachyon",0.02875
"PlotOff6","f","Stratum-Off-W2-1","W2","Briza maxima",0.0017499999999999998
"PlotOff6","f","Stratum-Off-W2-1","W2","Bromus squarrosus",0.00875
"PlotOff6","f","Stratum-Off-W2-1","W2","Carlina corymbosa",7.500000000000001e-4
"PlotOff6","f","Stratum-Off-W2-1","W2","Centaurea affinis",2.5e-4
"PlotOff6","f","Stratum-Off-W2-1","W2","Centaurium erythraea",2.5e-4
"PlotOff6","f","Stratum-Off-W2-1","W2","Chrysopogon gryllus",0.135
"PlotOff6","f","Stratum-Off-W2-1","W2","Cistus incanus",2.5e-4
"PlotOff6","f","Stratum-Off-W2-1","W2","Convolvulus arvensis",0.00125
"PlotOff6","f","Stratum-Off-W2-1","W2","Crepis neglecta",2.5e-4
"PlotOff6","f","Stratum-Off-W2-1","W2","Cynosurus echinatus",0.0015
"PlotOff6","f","Stratum-Off-W2-1","W2","Dactylis glomerata",0.00875
"PlotOff6","f","Stratum-Off-W2-1","W2","Dasypyrum villosum",0.0225
"PlotOff6","f","Stratum-Off-W2-1","W2","Daucus carota",0.0575
"PlotOff6","f","Stratum-Off-W2-1","W2","Eryngium campestre",0.00125
"PlotOff6","f","Stratum-Off-W2-1","W2","Fraxinus ornus",0.085
"PlotOff6","f","Stratum-Off-W2-1","W2","Hypericum perforatum",7.500000000000001e-4
"PlotOff6","f","Stratum-Off-W2-1","W2","Linum corymbulosum",0.009000000000000001
"PlotOff6","f","Stratum-Off-W2-1","W2","Petrorhagia dubia",0.00125
"PlotOff6","f","Stratum-Off-W2-1","W2","Potentilla inclinata",0.00125
"PlotOff6","f","Stratum-Off-W2-1","W2","Rubus canescens",0.0425
"PlotOff6","f","Stratum-Off-W2-1","W2","Solanum elaeagnifolium",0.00125
"PlotOff6","f","Stratum-Off-W2-1","W2","Teucrium polium",0.01
"PlotOff6","f","Stratum-Off-W2-1","W2","Thymus sibthorpii",0.09
"PlotOff6","f","Stratum-Off-W2-1","W2","Trifolium angustifolium",0.0015
"PlotOff6","f","Stratum-Off-W2-1","W2","Trifolium arvense",0.0075
"PlotOff6","f","Stratum-Off-W2-1","W2","Trifolium campestre",0.0025
"PlotOff6","f","Stratum-Off-W2-1","W2","Trifolium scabrum",0.00875
"PlotOff6","f","Stratum-Off-W2-1","W2","Vulpia ciliata",0.0015
"PlotOff6","f","Stratum-Off-W2-1","W2","Xeranthemum cylindraceum",0.00125
"PlotOff60","f","Stratum-Off-W11-1","W11","Aira elegans",0.0015
"PlotOff60","f","Stratum-Off-W11-1","W11","Anthoxatum odoratum",0.04375
"PlotOff60","f","Stratum-Off-W11-1","W11","Avena barbata",0.06875
"PlotOff60","f","Stratum-Off-W11-1","W11","Centaurium erythraea",2.5e-4
"PlotOff60","f","Stratum-Off-W11-1","W11","Cichorium intybus",0.03625
"PlotOff60","f","Stratum-Off-W11-1","W11","Convolvulus arvensis",5e-4
"PlotOff60","f","Stratum-Off-W11-1","W11","Dasypyrum villosum",0.07125
"PlotOff60","f","Stratum-Off-W11-1","W11","Daucus carota",2.5e-4
"PlotOff60","f","Stratum-Off-W11-1","W11","Erigeron canadensis",0.0025
"PlotOff60","f","Stratum-Off-W11-1","W11","Hordeum murinum",0.0075
"PlotOff60","f","Stratum-Off-W11-1","W11","Hypericum perforatum",0.009000000000000001
"PlotOff60","f","Stratum-Off-W11-1","W11","Jasione heldreichii",0.1025
"PlotOff60","f","Stratum-Off-W11-1","W11","Oxalis dillenii",0.0027500000000000003
"PlotOff60","f","Stratum-Off-W11-1","W11","Petrorhagia dubia",0.004
"PlotOff60","f","Stratum-Off-W11-1","W11","Quercus pubescens",0.09375
"PlotOff60","f","Stratum-Off-W11-1","W11","Rumex acetosella",0.003
"PlotOff60","f","Stratum-Off-W11-1","W11","Sonchus asper",0.0175
"PlotOff60","f","Stratum-Off-W11-1","W11","Tordylium apulum",0.0015
"PlotOff60","f","Stratum-Off-W11-1","W11","Trifolium arvense",0.0015
"PlotOff60","f","Stratum-Off-W11-1","W11","Vulpia ciliata",2.5e-4
"PlotOff61","f","Stratum-Off-W11-2","W11","Achillea coarctata",0.0075
"PlotOff61","f","Stratum-Off-W11-2","W11","Avena barbata",0.0575
"PlotOff61","f","Stratum-Off-W11-2","W11","Bothriochloa ischaemum",0.0225
"PlotOff61","f","Stratum-Off-W11-2","W11","Bromus squarrosus",2.5e-4
"PlotOff61","f","Stratum-Off-W11-2","W11","Bupleurum apiculatum",2.5e-4
"PlotOff61","f","Stratum-Off-W11-2","W11","Carduus nutans",0.00125
"PlotOff61","f","Stratum-Off-W11-2","W11","Carlina corymbosa",0.01
"PlotOff61","f","Stratum-Off-W11-2","W11","Celtis australis",0.0025
"PlotOff61","f","Stratum-Off-W11-2","W11","Centaurea affinis",0.00125
"PlotOff61","f","Stratum-Off-W11-2","W11","Chondrilla juncea",2.5e-4
"PlotOff61","f","Stratum-Off-W11-2","W11","Chrysopogon gryllus",0.09375
"PlotOff61","f","Stratum-Off-W11-2","W11","Crupina vulgaris",0.00125
"PlotOff61","f","Stratum-Off-W11-2","W11","Cynosurus echinatus",0.0075
"PlotOff61","f","Stratum-Off-W11-2","W11","Dasypyrum villosum",0.1825
"PlotOff61","f","Stratum-Off-W11-2","W11","Delphinium balcanicum",2.5e-4
"PlotOff61","f","Stratum-Off-W11-2","W11","Dianthus cruentus",2.5e-4
"PlotOff61","f","Stratum-Off-W11-2","W11","Eryngium campestre",2.5e-4
"PlotOff61","f","Stratum-Off-W11-2","W11","Petrorhagia dubia",0.00125
"PlotOff61","f","Stratum-Off-W11-2","W11","Pimpinella peregrina",0.00125
"PlotOff61","f","Stratum-Off-W11-2","W11","Potentilla inclinata",2.5e-4
"PlotOff61","f","Stratum-Off-W11-2","W11","Rumex acetosella",0.00875
"PlotOff61","f","Stratum-Off-W11-2","W11","Scabiosa ochroleuca",0.01125
"PlotOff61","f","Stratum-Off-W11-2","W11","Teucrium chamaedrys",0.00125
"PlotOff61","f","Stratum-Off-W11-2","W11","Thymus sibthorpii",0.0175
"PlotOff61","f","Stratum-Off-W11-2","W11","Trifolium angustifolium",2.5e-4
"PlotOff61","f","Stratum-Off-W11-2","W11","Trifolium arvense",2.5e-4
"PlotOff61","f","Stratum-Off-W11-2","W11","Xeranthemum cylindraceum",0.0075
"PlotOff62","f","Stratum-Off-W11-2","W11","Achillea coarctata",0.01125
"PlotOff62","f","Stratum-Off-W11-2","W11","Anagallis arvensis",2.5e-4
"PlotOff62","f","Stratum-Off-W11-2","W11","Avena barbata",0.0825
"PlotOff62","f","Stratum-Off-W11-2","W11","Bothriochloa ischaemum",0.0025
"PlotOff62","f","Stratum-Off-W11-2","W11","Bromus squarrosus",7.500000000000001e-4
"PlotOff62","f","Stratum-Off-W11-2","W11","Carduus nutans",0.0175
"PlotOff62","f","Stratum-Off-W11-2","W11","Carlina corymbosa",0.0017499999999999998
"PlotOff62","f","Stratum-Off-W11-2","W11","Centaurea affinis",0.01625
"PlotOff62","f","Stratum-Off-W11-2","W11","Chrysopogon gryllus",0.125
"PlotOff62","f","Stratum-Off-W11-2","W11","Cynosurus echinatus",0.00375
"PlotOff62","f","Stratum-Off-W11-2","W11","Dasypyrum villosum",0.015
"PlotOff62","f","Stratum-Off-W11-2","W11","Eryngium campestre",2.5e-4
"PlotOff62","f","Stratum-Off-W11-2","W11","Petrorhagia dubia",0.0027500000000000003
"PlotOff62","f","Stratum-Off-W11-2","W11","Plantago bellardii",0.00875
"PlotOff62","f","Stratum-Off-W11-2","W11","Rumex acetosella",2.5e-4
"PlotOff62","f","Stratum-Off-W11-2","W11","Scabiosa ochroleuca",0.00375
"PlotOff62","f","Stratum-Off-W11-2","W11","Thymus sibthorpii",0.0075
"PlotOff62","f","Stratum-Off-W11-2","W11","Trifolium angustifolium",0.0015
"PlotOff62","f","Stratum-Off-W11-2","W11","Trifolium arvense",0.0025
"PlotOff62","f","Stratum-Off-W11-2","W11","Trifolium scabrum",2.5e-4
"PlotOff62","f","Stratum-Off-W11-2","W11","Xeranthemum cylindraceum",0.0025
"PlotOff63","f","Stratum-Off-W11-2","W11","Achillea coarctata",5e-4
"PlotOff63","f","Stratum-Off-W11-2","W11","Aira elegans",2.5e-4
"PlotOff63","f","Stratum-Off-W11-2","W11","Bromus squarrosus",5e-4
"PlotOff63","f","Stratum-Off-W11-2","W11","Carlina corymbosa",0.0017499999999999998
"PlotOff63","f","Stratum-Off-W11-2","W11","Chrysopogon gryllus",0.40625
"PlotOff63","f","Stratum-Off-W11-2","W11","Cynosurus echinatus",5e-4
"PlotOff63","f","Stratum-Off-W11-2","W11","Dactylis glomerata",0.01625
"PlotOff63","f","Stratum-Off-W11-2","W11","Dianthus cruentus",7.500000000000001e-4
"PlotOff63","f","Stratum-Off-W11-2","W11","Eryngium campestre",2.5e-4
"PlotOff63","f","Stratum-Off-W11-2","W11","Fraxinus ornus",0.0025
"PlotOff63","f","Stratum-Off-W11-2","W11","Geranium lucidum",0.00125
"PlotOff63","f","Stratum-Off-W11-2","W11","Hypericum perforatum",0.001
"PlotOff63","f","Stratum-Off-W11-2","W11","Linum corymbulosum",0.00125
"PlotOff63","f","Stratum-Off-W11-2","W11","Lolium perenne",0.0075
"PlotOff63","f","Stratum-Off-W11-2","W11","Plantago lanceolata",0.0025
"PlotOff63","f","Stratum-Off-W11-2","W11","Quercus pubescens",0.0025
"PlotOff63","f","Stratum-Off-W11-2","W11","Rubus canescens",0.00125
"PlotOff63","f","Stratum-Off-W11-2","W11","Scabiosa ochroleuca",0.0015
"PlotOff63","f","Stratum-Off-W11-2","W11","Teucrium chamaedrys",0.010249999999999999
"PlotOff63","f","Stratum-Off-W11-2","W11","Teucrium polium",0.0075
"PlotOff63","f","Stratum-Off-W11-2","W11","Thymus sibthorpii",0.01
"PlotOff63","f","Stratum-Off-W11-2","W11","Trifolium angustifolium",0.0017499999999999998
"PlotOff63","f","Stratum-Off-W11-2","W11","Trifolium arvense",5e-4
"PlotOff63","f","Stratum-Off-W11-2","W11","Trifolium campestre",0.0025
"PlotOff63","f","Stratum-Off-W11-2","W11","Trifolium scabrum",0.0075
"PlotOff64","f","Stratum-Off-W11-2","W11","Achillea coarctata",0.0125
"PlotOff64","f","Stratum-Off-W11-2","W11","Avena barbata",0.02375
"PlotOff64","f","Stratum-Off-W11-2","W11","Bothriochloa ischaemum",0.00125
"PlotOff64","f","Stratum-Off-W11-2","W11","Carlina corymbosa",2.5e-4
"PlotOff64","f","Stratum-Off-W11-2","W11","Celtis australis",0.005
"PlotOff64","f","Stratum-Off-W11-2","W11","Chondrilla juncea",2.5e-4
"PlotOff64","f","Stratum-Off-W11-2","W11","Chrysopogon gryllus",0.03125
"PlotOff64","f","Stratum-Off-W11-2","W11","Cynosurus echinatus",0.0027500000000000003
"PlotOff64","f","Stratum-Off-W11-2","W11","Dasypyrum villosum",0.01
"PlotOff64","f","Stratum-Off-W11-2","W11","Dianthus cruentus",0.009000000000000001
"PlotOff64","f","Stratum-Off-W11-2","W11","Eryngium campestre",2.5e-4
"PlotOff64","f","Stratum-Off-W11-2","W11","Festuca valesiaca",0.00875
"PlotOff64","f","Stratum-Off-W11-2","W11","Hypericum perforatum",0.0025
"PlotOff64","f","Stratum-Off-W11-2","W11","Linum corymbulosum",0.00875
"PlotOff64","f","Stratum-Off-W11-2","W11","Petrorhagia dubia",0.0017499999999999998
"PlotOff64","f","Stratum-Off-W11-2","W11","Plantago lanceolata",0.005
"PlotOff64","f","Stratum-Off-W11-2","W11","Sanguisorba minor",0.001
"PlotOff64","f","Stratum-Off-W11-2","W11","Scabiosa ochroleuca",0.0015
"PlotOff64","f","Stratum-Off-W11-2","W11","Thymus sibthorpii",0.02375
"PlotOff64","f","Stratum-Off-W11-2","W11","Trifolium angustifolium",5e-4
"PlotOff64","f","Stratum-Off-W11-2","W11","Trifolium arvense",0.0017499999999999998
"PlotOff64","f","Stratum-Off-W11-2","W11","Trifolium campestre",0.0017499999999999998
"PlotOff64","f","Stratum-Off-W11-2","W11","Trifolium scabrum",2.5e-4
"PlotOff64","f","Stratum-Off-W11-2","W11","Xeranthemum cylindraceum",0.0025
"PlotOff65","f","Stratum-Off-W11-2","W11","Achillea coarctata",0.00125
"PlotOff65","f","Stratum-Off-W11-2","W11","Avena barbata",0.01125
"PlotOff65","f","Stratum-Off-W11-2","W11","Bothriochloa ischaemum",0.0025
"PlotOff65","f","Stratum-Off-W11-2","W11","Carlina corymbosa",2.5e-4
"PlotOff65","f","Stratum-Off-W11-2","W11","Centaurea affinis",0.00125
"PlotOff65","f","Stratum-Off-W11-2","W11","Chrysopogon gryllus",0.14
"PlotOff65","f","Stratum-Off-W11-2","W11","Crepis neglecta",5e-4
"PlotOff65","f","Stratum-Off-W11-2","W11","Crupina vulgaris",0.0015
"PlotOff65","f","Stratum-Off-W11-2","W11","Dianthus cruentus",0.0017499999999999998
"PlotOff65","f","Stratum-Off-W11-2","W11","Eryngium campestre",0.0015
"PlotOff65","f","Stratum-Off-W11-2","W11","Hypericum olympicum",2.5e-4
"PlotOff65","f","Stratum-Off-W11-2","W11","Linum corymbulosum",0.01
"PlotOff65","f","Stratum-Off-W11-2","W11","Petrorhagia dubia",0.0015
"PlotOff65","f","Stratum-Off-W11-2","W11","Plantago bellardii",0.03
"PlotOff65","f","Stratum-Off-W11-2","W11","Plantago lanceolata",2.5e-4
"PlotOff65","f","Stratum-Off-W11-2","W11","Rumex acetosella",0.00125
"PlotOff65","f","Stratum-Off-W11-2","W11","Sanguisorba minor",0.0015
"PlotOff65","f","Stratum-Off-W11-2","W11","Scabiosa ochroleuca",0.00375
"PlotOff65","f","Stratum-Off-W11-2","W11","Teucrium polium",0.00125
"PlotOff65","f","Stratum-Off-W11-2","W11","Thymus sibthorpii",0.01625
"PlotOff65","f","Stratum-Off-W11-2","W11","Trifolium angustifolium",5e-4
"PlotOff65","f","Stratum-Off-W11-2","W11","Trifolium arvense",5e-4
"PlotOff65","f","Stratum-Off-W11-2","W11","Trifolium campestre",2.5e-4
"PlotOff65","f","Stratum-Off-W11-2","W11","Xeranthemum cylindraceum",0.00875
"PlotOff66","f","Stratum-Off-W11-2","W11","Achillea coarctata",2.5e-4
"PlotOff66","f","Stratum-Off-W11-2","W11","Avena barbata",0.00125
"PlotOff66","f","Stratum-Off-W11-2","W11","Bothriochloa ischaemum",0.01625
"PlotOff66","f","Stratum-Off-W11-2","W11","Carlina corymbosa",0.0025
"PlotOff66","f","Stratum-Off-W11-2","W11","Centaurea affinis",0.0025
"PlotOff66","f","Stratum-Off-W11-2","W11","Chrysopogon gryllus",0.03875
"PlotOff66","f","Stratum-Off-W11-2","W11","Crepis neglecta",2.5e-4
"PlotOff66","f","Stratum-Off-W11-2","W11","Crupina vulgaris",2.5e-4
"PlotOff66","f","Stratum-Off-W11-2","W11","Dianthus cruentus",0.0015
"PlotOff66","f","Stratum-Off-W11-2","W11","Hypericum olympicum",0.0015
"PlotOff66","f","Stratum-Off-W11-2","W11","Hypericum perforatum",2.5e-4
"PlotOff66","f","Stratum-Off-W11-2","W11","Linum corymbulosum",0.00125
"PlotOff66","f","Stratum-Off-W11-2","W11","Petrorhagia dubia",5e-4
"PlotOff66","f","Stratum-Off-W11-2","W11","Plantago bellardii",0.03625
"PlotOff66","f","Stratum-Off-W11-2","W11","Pyrus spinosa",0.0025
"PlotOff66","f","Stratum-Off-W11-2","W11","Sanguisorba minor",2.5e-4
"PlotOff66","f","Stratum-Off-W11-2","W11","Scabiosa ochroleuca",0.0027500000000000003
"PlotOff66","f","Stratum-Off-W11-2","W11","Teucrium polium",0.0025
"PlotOff66","f","Stratum-Off-W11-2","W11","Thymus sibthorpii",0.005
"PlotOff66","f","Stratum-Off-W11-2","W11","Trifolium angustifolium",2.5e-4
"PlotOff66","f","Stratum-Off-W11-2","W11","Trifolium campestre",0.00125
"PlotOff66","f","Stratum-Off-W11-2","W11","Trifolium scabrum",0.00375
"PlotOff66","f","Stratum-Off-W11-2","W11","Xeranthemum cylindraceum",0.0017499999999999998
"PlotOff67","f","Stratum-Off-W11-2","W11","Achillea coarctata",0.01
"PlotOff67","f","Stratum-Off-W11-2","W11","Aira elegans",2.5e-4
"PlotOff67","f","Stratum-Off-W11-2","W11","Avena barbata",0.0375
"PlotOff67","f","Stratum-Off-W11-2","W11","Bothriochloa ischaemum",0.015
"PlotOff67","f","Stratum-Off-W11-2","W11","Bupleurum apiculatum",0.0025
"PlotOff67","f","Stratum-Off-W11-2","W11","Carlina corymbosa",0.0175
"PlotOff67","f","Stratum-Off-W11-2","W11","Centaurea affinis",2.5e-4
"PlotOff67","f","Stratum-Off-W11-2","W11","Chondrilla juncea",7.500000000000001e-4
"PlotOff67","f","Stratum-Off-W11-2","W11","Chrysopogon gryllus",0.00125
"PlotOff67","f","Stratum-Off-W11-2","W11","Crupina vulgaris",2.5e-4
"PlotOff67","f","Stratum-Off-W11-2","W11","Dasypyrum villosum",0.0175
"PlotOff67","f","Stratum-Off-W11-2","W11","Eryngium campestre",5e-4
"PlotOff67","f","Stratum-Off-W11-2","W11","Hypericum perforatum",2.5e-4
"PlotOff67","f","Stratum-Off-W11-2","W11","Linum corymbulosum",0.00125
"PlotOff67","f","Stratum-Off-W11-2","W11","Petrorhagia dubia",0.0025
"PlotOff67","f","Stratum-Off-W11-2","W11","Plantago lanceolata",2.5e-4
"PlotOff67","f","Stratum-Off-W11-2","W11","Scabiosa ochroleuca",0.004
"PlotOff67","f","Stratum-Off-W11-2","W11","Tragopogon dubius",2.5e-4
"PlotOff67","f","Stratum-Off-W11-2","W11","Trifolium campestre",2.5e-4
"PlotOff67","f","Stratum-Off-W11-2","W11","Xeranthemum cylindraceum",0.02375
"PlotOff68","f","Stratum-Off-W11-2","W11","Achillea coarctata",0.0025
"PlotOff68","f","Stratum-Off-W11-2","W11","Avena barbata",0.045
"PlotOff68","f","Stratum-Off-W11-2","W11","Bothriochloa ischaemum",0.0025
"PlotOff68","f","Stratum-Off-W11-2","W11","Bupleurum apiculatum",2.5e-4
"PlotOff68","f","Stratum-Off-W11-2","W11","Carduus nutans",0.0025
"PlotOff68","f","Stratum-Off-W11-2","W11","Centaurea affinis",0.00875
"PlotOff68","f","Stratum-Off-W11-2","W11","Cynosurus echinatus",0.01
"PlotOff68","f","Stratum-Off-W11-2","W11","Dianthus cruentus",0.004
"PlotOff68","f","Stratum-Off-W11-2","W11","Eryngium campestre",0.0017499999999999998
"PlotOff68","f","Stratum-Off-W11-2","W11","Hypericum olympicum",0.0075
"PlotOff68","f","Stratum-Off-W11-2","W11","Hypericum perforatum",2.5e-4
"PlotOff68","f","Stratum-Off-W11-2","W11","Linum corymbulosum",5e-4
"PlotOff68","f","Stratum-Off-W11-2","W11","Petrorhagia dubia",0.0027500000000000003
"PlotOff68","f","Stratum-Off-W11-2","W11","Plantago bellardii",0.00875
"PlotOff68","f","Stratum-Off-W11-2","W11","Plantago lanceolata",0.00125
"PlotOff68","f","Stratum-Off-W11-2","W11","Pyrus spinosa",0.005
"PlotOff68","f","Stratum-Off-W11-2","W11","Rumex acetosella",0.0215
"PlotOff68","f","Stratum-Off-W11-2","W11","Sanguisorba minor",0.01
"PlotOff68","f","Stratum-Off-W11-2","W11","Scabiosa ochroleuca",0.00125
"PlotOff68","f","Stratum-Off-W11-2","W11","Thymus sibthorpii",0.02375
"PlotOff68","f","Stratum-Off-W11-2","W11","Trifolium arvense",0.0025
"PlotOff68","f","Stratum-Off-W11-2","W11","Xeranthemum cylindraceum",0.005
"PlotOff69","f","Stratum-Off-W11-2","W11","Achillea coarctata",2.5e-4
"PlotOff69","f","Stratum-Off-W11-2","W11","Aira elegans",2.5e-4
"PlotOff69","f","Stratum-Off-W11-2","W11","Avena barbata",0.01
"PlotOff69","f","Stratum-Off-W11-2","W11","Bothriochloa ischaemum",0.002
"PlotOff69","f","Stratum-Off-W11-2","W11","Carlina corymbosa",0.0025
"PlotOff69","f","Stratum-Off-W11-2","W11","Chrysopogon gryllus",0.0675
"PlotOff69","f","Stratum-Off-W11-2","W11","Crepis neglecta",2.5e-4
"PlotOff69","f","Stratum-Off-W11-2","W11","Crupina vulgaris",7.500000000000001e-4
"PlotOff69","f","Stratum-Off-W11-2","W11","Cynosurus echinatus",2.5e-4
"PlotOff69","f","Stratum-Off-W11-2","W11","Dasypyrum villosum",0.00125
"PlotOff69","f","Stratum-Off-W11-2","W11","Dianthus cruentus",2.5e-4
"PlotOff69","f","Stratum-Off-W11-2","W11","Eryngium campestre",0.0030000000000000005
"PlotOff69","f","Stratum-Off-W11-2","W11","Hypericum olympicum",0.0025
"PlotOff69","f","Stratum-Off-W11-2","W11","Linum corymbulosum",2.5e-4
"PlotOff69","f","Stratum-Off-W11-2","W11","Petrorhagia dubia",0.010249999999999999
"PlotOff69","f","Stratum-Off-W11-2","W11","Plantago bellardii",0.00375
"PlotOff69","f","Stratum-Off-W11-2","W11","Plantago lanceolata",0.00875
"PlotOff69","f","Stratum-Off-W11-2","W11","Sanguisorba minor",0.0025
"PlotOff69","f","Stratum-Off-W11-2","W11","Scabiosa ochroleuca",0.00125
"PlotOff69","f","Stratum-Off-W11-2","W11","Thymus sibthorpii",0.01125
"PlotOff69","f","Stratum-Off-W11-2","W11","Trifolium angustifolium",2.5e-4
"PlotOff69","f","Stratum-Off-W11-2","W11","Trifolium arvense",7.500000000000001e-4
"PlotOff69","f","Stratum-Off-W11-2","W11","Trifolium scabrum",0.00125
"PlotOff7","f","Stratum-Off-W2-1","W2","Anthoxatum odoratum",0.0075
"PlotOff7","f","Stratum-Off-W2-1","W2","Asphodelus ramosus",0.015
"PlotOff7","f","Stratum-Off-W2-1","W2","Avena barbata",0.003
"PlotOff7","f","Stratum-Off-W2-1","W2","Bothriochloa ischaemum",0.07875
"PlotOff7","f","Stratum-Off-W2-1","W2","Brachypodium distachyon",0.01625
"PlotOff7","f","Stratum-Off-W2-1","W2","Briza maxima",0.00375
"PlotOff7","f","Stratum-Off-W2-1","W2","Bromus squarrosus",0.0015
"PlotOff7","f","Stratum-Off-W2-1","W2","Centaurea affinis",0.00125
"PlotOff7","f","Stratum-Off-W2-1","W2","Centaurium erythraea",2.5e-4
"PlotOff7","f","Stratum-Off-W2-1","W2","Chrysopogon gryllus",0.05
"PlotOff7","f","Stratum-Off-W2-1","W2","Cistus incanus",0.04675
"PlotOff7","f","Stratum-Off-W2-1","W2","Crepis neglecta",2.5e-4
"PlotOff7","f","Stratum-Off-W2-1","W2","Dactylis glomerata",0.0075
"PlotOff7","f","Stratum-Off-W2-1","W2","Dasypyrum villosum",0.0075
"PlotOff7","f","Stratum-Off-W2-1","W2","Daucus carota",0.03
"PlotOff7","f","Stratum-Off-W2-1","W2","Hypericum perforatum",0.0015
"PlotOff7","f","Stratum-Off-W2-1","W2","Linum corymbulosum",0.00125
"PlotOff7","f","Stratum-Off-W2-1","W2","Melica ciliata",5e-4
"PlotOff7","f","Stratum-Off-W2-1","W2","Pinus nigra",0.085
"PlotOff7","f","Stratum-Off-W2-1","W2","Quercus coccifera",0.0425
"PlotOff7","f","Stratum-Off-W2-1","W2","Sherhardia arvensis",2.5e-4
"PlotOff7","f","Stratum-Off-W2-1","W2","Solanum elaeagnifolium",0.0027500000000000003
"PlotOff7","f","Stratum-Off-W2-1","W2","Teucrium polium",0.009000000000000001
"PlotOff7","f","Stratum-Off-W2-1","W2","Thymus sibthorpii",0.05125
"PlotOff7","f","Stratum-Off-W2-1","W2","Trifolium angustifolium",0.0015
"PlotOff7","f","Stratum-Off-W2-1","W2","Trifolium campestre",0.005
"PlotOff7","f","Stratum-Off-W2-1","W2","Trifolium scabrum",0.00125
"PlotOff7","f","Stratum-Off-W2-1","W2","Vulpia ciliata",2.5e-4
"PlotOff7","f","Stratum-Off-W2-1","W2","Xeranthemum cylindraceum",5e-4
"PlotOff70","f","Stratum-Off-W11-2","W11","Achillea coarctata",0.0015
"PlotOff70","f","Stratum-Off-W11-2","W11","Aegilops geniculata",2.5e-4
"PlotOff70","f","Stratum-Off-W11-2","W11","Avena barbata",0.00375
"PlotOff70","f","Stratum-Off-W11-2","W11","Bothriochloa ischaemum",0.00375
"PlotOff70","f","Stratum-Off-W11-2","W11","Bromus squarrosus",5e-4
"PlotOff70","f","Stratum-Off-W11-2","W11","Carlina corymbosa",0.0017499999999999998
"PlotOff70","f","Stratum-Off-W11-2","W11","Centaurea affinis",0.009000000000000001
"PlotOff70","f","Stratum-Off-W11-2","W11","Chondrilla juncea",0.00125
"PlotOff70","f","Stratum-Off-W11-2","W11","Crupina vulgaris",2.5e-4
"PlotOff70","f","Stratum-Off-W11-2","W11","Cynosurus echinatus",0.00125
"PlotOff70","f","Stratum-Off-W11-2","W11","Dasypyrum villosum",0.00125
"PlotOff70","f","Stratum-Off-W11-2","W11","Dianthus cruentus",5e-4
"PlotOff70","f","Stratum-Off-W11-2","W11","Eryngium campestre",0.0027500000000000003
"PlotOff70","f","Stratum-Off-W11-2","W11","Hypericum perforatum",0.0017499999999999998
"PlotOff70","f","Stratum-Off-W11-2","W11","Linum corymbulosum",0.001
"PlotOff70","f","Stratum-Off-W11-2","W11","Petrorhagia dubia",0.0017499999999999998
"PlotOff70","f","Stratum-Off-W11-2","W11","Plantago bellardii",0.02375
"PlotOff70","f","Stratum-Off-W11-2","W11","Plantago lanceolata",0.00125
"PlotOff70","f","Stratum-Off-W11-2","W11","Scabiosa ochroleuca",0.00775
"PlotOff70","f","Stratum-Off-W11-2","W11","Teucrium chamaedrys",0.0075
"PlotOff70","f","Stratum-Off-W11-2","W11","Teucrium polium",0.015
"PlotOff70","f","Stratum-Off-W11-2","W11","Thymus sibthorpii",0.0175
"PlotOff70","f","Stratum-Off-W11-2","W11","Tragopogon dubius",2.5e-4
"PlotOff70","f","Stratum-Off-W11-2","W11","Trifolium arvense",0.00125
"PlotOff70","f","Stratum-Off-W11-2","W11","Xeranthemum cylindraceum",0.00125
"PlotOff71","f","Stratum-Off-W11-2","W11","Achillea coarctata",0.0225
"PlotOff71","f","Stratum-Off-W11-2","W11","Avena barbata",0.075
"PlotOff71","f","Stratum-Off-W11-2","W11","Bothriochloa ischaemum",0.00375
"PlotOff71","f","Stratum-Off-W11-2","W11","Bromus squarrosus",2.5e-4
"PlotOff71","f","Stratum-Off-W11-2","W11","Bupleurum apiculatum",0.0017499999999999998
"PlotOff71","f","Stratum-Off-W11-2","W11","Carduus nutans",5e-4
"PlotOff71","f","Stratum-Off-W11-2","W11","Carlina corymbosa",0.01525
"PlotOff71","f","Stratum-Off-W11-2","W11","Centaurea affinis",0.0075
"PlotOff71","f","Stratum-Off-W11-2","W11","Chondrilla juncea",0.0027500000000000003
"PlotOff71","f","Stratum-Off-W11-2","W11","Chrysopogon gryllus",0.04375
"PlotOff71","f","Stratum-Off-W11-2","W11","Crupina vulgaris",0.00125
"PlotOff71","f","Stratum-Off-W11-2","W11","Cynosurus echinatus",0.0075
"PlotOff71","f","Stratum-Off-W11-2","W11","Dasypyrum villosum",0.0025
"PlotOff71","f","Stratum-Off-W11-2","W11","Eryngium campestre",2.5e-4
"PlotOff71","f","Stratum-Off-W11-2","W11","Petrorhagia dubia",0.0017499999999999998
"PlotOff71","f","Stratum-Off-W11-2","W11","Plantago bellardii",2.5e-4
"PlotOff71","f","Stratum-Off-W11-2","W11","Plantago lanceolata",0.00125
"PlotOff71","f","Stratum-Off-W11-2","W11","Rumex acetosella",0.00775
"PlotOff71","f","Stratum-Off-W11-2","W11","Scabiosa ochroleuca",0.002
"PlotOff71","f","Stratum-Off-W11-2","W11","Teucrium polium",0.00125
"PlotOff71","f","Stratum-Off-W11-2","W11","Thymus sibthorpii",0.02125
"PlotOff71","f","Stratum-Off-W11-2","W11","Xeranthemum cylindraceum",0.02275
"PlotOff72","f","Stratum-Off-W11-2","W11","Achillea coarctata",0.0027500000000000003
"PlotOff72","f","Stratum-Off-W11-2","W11","Aira elegans",5e-4
"PlotOff72","f","Stratum-Off-W11-2","W11","Avena barbata",0.009000000000000001
"PlotOff72","f","Stratum-Off-W11-2","W11","Bothriochloa ischaemum",0.0027500000000000003
"PlotOff72","f","Stratum-Off-W11-2","W11","Carlina corymbosa",0.02375
"PlotOff72","f","Stratum-Off-W11-2","W11","Chondrilla juncea",5e-4
"PlotOff72","f","Stratum-Off-W11-2","W11","Chrysopogon gryllus",0.0425
"PlotOff72","f","Stratum-Off-W11-2","W11","Crupina vulgaris",2.5e-4
"PlotOff72","f","Stratum-Off-W11-2","W11","Cynosurus echinatus",0.0015
"PlotOff72","f","Stratum-Off-W11-2","W11","Dasypyrum villosum",5e-4
"PlotOff72","f","Stratum-Off-W11-2","W11","Dianthus cruentus",0.0015
"PlotOff72","f","Stratum-Off-W11-2","W11","Eryngium campestre",0.00125
"PlotOff72","f","Stratum-Off-W11-2","W11","Hypericum olympicum",0.00125
"PlotOff72","f","Stratum-Off-W11-2","W11","Hypericum perforatum",0.0025
"PlotOff72","f","Stratum-Off-W11-2","W11","Linum corymbulosum",0.001
"PlotOff72","f","Stratum-Off-W11-2","W11","Petrorhagia dubia",0.00625
"PlotOff72","f","Stratum-Off-W11-2","W11","Pinus nigra",0.02125
"PlotOff72","f","Stratum-Off-W11-2","W11","Plantago bellardii",0.0175
"PlotOff72","f","Stratum-Off-W11-2","W11","Plantago lanceolata",0.002
"PlotOff72","f","Stratum-Off-W11-2","W11","Rumex acetosella",0.00775
"PlotOff72","f","Stratum-Off-W11-2","W11","Sanguisorba minor",0.00125
"PlotOff72","f","Stratum-Off-W11-2","W11","Scabiosa ochroleuca",0.0025
"PlotOff72","f","Stratum-Off-W11-2","W11","Thymus sibthorpii",0.00375
"PlotOff72","f","Stratum-Off-W11-2","W11","Trifolium angustifolium",5e-4
"PlotOff72","f","Stratum-Off-W11-2","W11","Trifolium arvense",0.0015
"PlotOff72","f","Stratum-Off-W11-2","W11","Trifolium scabrum",2.5e-4
"PlotOff72","f","Stratum-Off-W11-2","W11","Vulpia ciliata",2.5e-4
"PlotOff8","f","Stratum-Off-W2-1","W2","Aira elegans",0.0015
"PlotOff8","f","Stratum-Off-W2-1","W2","Anagallis arvensis",5e-4
"PlotOff8","f","Stratum-Off-W2-1","W2","Avena barbata",0.0025
"PlotOff8","f","Stratum-Off-W2-1","W2","Bothriochloa ischaemum",0.0175
"PlotOff8","f","Stratum-Off-W2-1","W2","Briza maxima",2.5e-4
"PlotOff8","f","Stratum-Off-W2-1","W2","Chrysopogon gryllus",0.00125
"PlotOff8","f","Stratum-Off-W2-1","W2","Crepis neglecta",5e-4
"PlotOff8","f","Stratum-Off-W2-1","W2","Daucus carota",7.500000000000001e-4
"PlotOff8","f","Stratum-Off-W2-1","W2","Eryngium campestre",2.5e-4
"PlotOff8","f","Stratum-Off-W2-1","W2","Linum corymbulosum",0.009000000000000001
"PlotOff8","f","Stratum-Off-W2-1","W2","Lolium perenne",2.5e-4
"PlotOff8","f","Stratum-Off-W2-1","W2","Lotus angustissimus",0.00125
"PlotOff8","f","Stratum-Off-W2-1","W2","Petrorhagia dubia",0.00875
"PlotOff8","f","Stratum-Off-W2-1","W2","Pinus nigra",0.28
"PlotOff8","f","Stratum-Off-W2-1","W2","Solanum elaeagnifolium",7.500000000000001e-4
"PlotOff8","f","Stratum-Off-W2-1","W2","Sonchus asper",5e-4
"PlotOff8","f","Stratum-Off-W2-1","W2","Teucrium polium",0.0075
"PlotOff8","f","Stratum-Off-W2-1","W2","Trifolium arvense",0.01
"PlotOff8","f","Stratum-Off-W2-1","W2","Trifolium campestre",0.01
"PlotOff8","f","Stratum-Off-W2-1","W2","Vulpia ciliata",5e-4
"PlotOff9","f","Stratum-Off-W2-1","W2","Brachypodium distachyon",0.00875
"PlotOff9","f","Stratum-Off-W2-1","W2","Chrysopogon gryllus",0.04375
"PlotOff9","f","Stratum-Off-W2-1","W2","Cistus incanus",0.09425
"PlotOff9","f","Stratum-Off-W2-1","W2","Dactylis glomerata",5e-4
"PlotOff9","f","Stratum-Off-W2-1","W2","Daucus carota",0.0025
"PlotOff9","f","Stratum-Off-W2-1","W2","Hypericum perforatum",2.5e-4
"PlotOff9","f","Stratum-Off-W2-1","W2","Linum corymbulosum",2.5e-4
"PlotOff9","f","Stratum-Off-W2-1","W2","Linum trigynum",2.5e-4
"PlotOff9","f","Stratum-Off-W2-1","W2","Pinus nigra",0.085
"PlotOff9","f","Stratum-Off-W2-1","W2","Quercus coccifera",0.3125
"PlotOff9","f","Stratum-Off-W2-1","W2","Sherhardia arvensis",5e-4
"PlotOff9","f","Stratum-Off-W2-1","W2","Solanum elaeagnifolium",0.00375
"PlotOff9","f","Stratum-Off-W2-1","W2","Sonchus asper",5e-4
"PlotOff9","f","Stratum-Off-W2-1","W2","Teucrium polium",2.5e-4
"PlotOff9","f","Stratum-Off-W2-1","W2","Thymus sibthorpii",0.01625
"PlotOff9","f","Stratum-Off-W2-1","W2","Trifolium angustifolium",2.5e-4
"PlotOff9","f","Stratum-Off-W2-1","W2","Trifolium arvense",2.5e-4
"PlotOff9","f","Stratum-Off-W2-1","W2","Trifolium campestre",0.0025
"PlotOff9","f","Stratum-Off-W2-1","W2","Xeranthemum cylindraceum",0.0017499999999999998
"PlotBm109","b","W11","W11","Brachypodium sylvaticum",0.005
"PlotBm109","b","W11","W11","Clinopodium vulgare",0.00125
"PlotBm109","b","W11","W11","Dactylis glomerata",0.0175
"PlotBm109","b","W11","W11","Genista carinalis",0.00125
"PlotBm109","b","W11","W11","Lathyrus laxiflorus",0.00125
"PlotBm109","b","W11","W11","Lathyrus niger",0.00125
"PlotBm109","b","W11","W11","Luzula forsteri",0.00125
"PlotBm109","b","W11","W11","Physospermum cornubiense",0.00125
"PlotBm109","b","W11","W11","Poa nemoralis",0.0025
"PlotBm109","b","W11","W11","Quercus petraea",0.875
"PlotBm109","b","W11","W11","Silene italica",0.00125
"PlotBm109","b","W11","W11","Teucrium chamaedrys",0.00125
"PlotBm109","b","W11","W11","Trifolium alpestre",0.00875
"PlotBm109","b","W11","W11","Veronica chamaedrys",0.00875
"PlotBm109","b","W11","W11","Vicia cassubica",0.00125
"PlotBm109","b","W11","W11","Vicia grandiflora",0.00125
"PlotBm110","b","W11","W11","Brachypodium sylvaticum",0.13625
"PlotBm110","b","W11","W11","Carex flacca",0.115
"PlotBm110","b","W11","W11","Carpinus orientalis",0.13625
"PlotBm110","b","W11","W11","Cornus sanguinea",0.00125
"PlotBm110","b","W11","W11","Fraxinus ornus",0.0025
"PlotBm110","b","W11","W11","Hedera helix",0.02625
"PlotBm110","b","W11","W11","Juniperus oxycedrus",0.005
"PlotBm110","b","W11","W11","Lactuca muralis",0.00125
"PlotBm110","b","W11","W11","Lathyrus niger",0.015
"PlotBm110","b","W11","W11","Lonicera etrusca",0.01
"PlotBm110","b","W11","W11","Quercus pubescens",0.625
"PlotBm110","b","W11","W11","Rosa sp.",0.015
"PlotBm110","b","W11","W11","Ruscus aculeatus",0.04125
"PlotBm110","b","W11","W11","Silene italica",0.0025
"PlotBm110","b","W11","W11","Teucrium chamaedrys",0.02125
"PlotBm110","b","W11","W11","Viola sp.",0.0275
"PlotBm111","b","W11","W11","Asparagus acutifolius",0.005
"PlotBm111","b","W11","W11","Brachypodium sylvaticum",0.10375
"PlotBm111","b","W11","W11","Carex flacca",0.06625
"PlotBm111","b","W11","W11","Carpinus orientalis",0.625
"PlotBm111","b","W11","W11","Hedera helix",0.00125
"PlotBm111","b","W11","W11","Lathyrus niger",0.01
"PlotBm111","b","W11","W11","Lonicera etrusca",0.00625
"PlotBm111","b","W11","W11","Quercus pubescens",0.875
"PlotBm111","b","W11","W11","Rosa sp.",0.095
"PlotBm111","b","W11","W11","Ruscus aculeatus",0.14125
"PlotBm111","b","W11","W11","Viola sp.",0.00625
"PlotBm112","b","W11","W11","Asphodeline liburnica",0.0075
"PlotBm112","b","W11","W11","Brachypodium sylvaticum",0.0925
"PlotBm112","b","W11","W11","Campanula spatulata",0.00125
"PlotBm112","b","W11","W11","Cruciata laevipes",0.00875
"PlotBm112","b","W11","W11","Dactylis glomerata",0.0075
"PlotBm112","b","W11","W11","Festuca heterophylla",0.0075
"PlotBm112","b","W11","W11","Filipendula vulgaris",0.00125
"PlotBm112","b","W11","W11","Fragaria vesca",0.00875
"PlotBm112","b","W11","W11","Fraxinus ornus",0.0025
"PlotBm112","b","W11","W11","Geocaryum capillifolium",0.01125
"PlotBm112","b","W11","W11","Geranium sanguineum",0.0075
"PlotBm112","b","W11","W11","Helleborus odorus",0.16875
"PlotBm112","b","W11","W11","Lathyrus laxiflorus",0.00375
"PlotBm112","b","W11","W11","Luzula forsteri",0.0025
"PlotBm112","b","W11","W11","Quercus petraea",0.875
"PlotBm112","b","W11","W11","Symphytum bulbosum",0.0375
"PlotBm112","b","W11","W11","Trifolium heldreichianum",0.0075
"PlotBm112","b","W11","W11","Vicia hirsuta",0.0075
"PlotBm113","b","W11","W11","Acer monspessulanum",0.00125
"PlotBm113","b","W11","W11","Bellis perennis",0.00125
"PlotBm113","b","W11","W11","Brachypodium sylvaticum",0.01875
"PlotBm113","b","W11","W11","Campanula spatulata",0.00125
"PlotBm113","b","W11","W11","Dactylis glomerata",0.0075
"PlotBm113","b","W11","W11","Galium mollugo group",0.00125
"PlotBm113","b","W11","W11","Geocaryum capillifolium",0.0075
"PlotBm113","b","W11","W11","Geranium macrorrhizum",0.00125
"PlotBm113","b","W11","W11","Geum urbanum",0.00125
"PlotBm113","b","W11","W11","Helleborus odorus",0.03
"PlotBm113","b","W11","W11","Lathyrus laxiflorus",0.00375
"PlotBm113","b","W11","W11","Lathyrus niger",0.00125
"PlotBm113","b","W11","W11","Luzula forsteri",0.0025
"PlotBm113","b","W11","W11","Melittis melissophyllum",0.01625
"PlotBm113","b","W11","W11","Poa nemoralis",0.0075
"PlotBm113","b","W11","W11","Quercus petraea",0.875
"PlotBm113","b","W11","W11","Symphytum bulbosum",0.06125
"PlotBm113","b","W11","W11","Trifolium heldreichianum",0.0075
"PlotBm113","b","W11","W11","Vicia grandiflora",0.0075
"PlotBm114","b","W11","W11","Acer campestre",0.185
"PlotBm114","b","W11","W11","Brachypodium sylvaticum",0.03
"PlotBm114","b","W11","W11","Dactylis glomerata",0.00125
"PlotBm114","b","W11","W11","Doronicum caucasicum",0.0025
"PlotBm114","b","W11","W11","Filipendula vulgaris",0.0075
"PlotBm114","b","W11","W11","Fragaria vesca",0.00125
"PlotBm114","b","W11","W11","Geocaryum capillifolium",0.0025
"PlotBm114","b","W11","W11","Geranium macrorrhizum",0.00125
"PlotBm114","b","W11","W11","Helleborus odorus",0.0075
"PlotBm114","b","W11","W11","Lamium maculatum",0.00125
"PlotBm114","b","W11","W11","Lathyrus laxiflorus",0.0025
"PlotBm114","b","W11","W11","Luzula forsteri",0.00375
"PlotBm114","b","W11","W11","Melittis melissophyllum",0.095
"PlotBm114","b","W11","W11","Potentilla recta",0.0025
"PlotBm114","b","W11","W11","Quercus petraea",0.875
"PlotBm114","b","W11","W11","Symphytum bulbosum",0.0375
"PlotBm115","b","W11","W11","Brachypodium sylvaticum",0.0025
"PlotBm115","b","W11","W11","Campanula spatulata",0.00125
"PlotBm115","b","W11","W11","Cardamine graeca",0.00125
"PlotBm115","b","W11","W11","Carex flacca",0.00125
"PlotBm115","b","W11","W11","Dactylis glomerata",0.0025
"PlotBm115","b","W11","W11","Dianthus cruentus",0.00125
"PlotBm115","b","W11","W11","Doronicum caucasicum",0.0025
"PlotBm115","b","W11","W11","Geranium lucidum",0.00375
"PlotBm115","b","W11","W11","Geum urbanum",0.00375
"PlotBm115","b","W11","W11","Helleborus odorus",0.00375
"PlotBm115","b","W11","W11","Lathyrus laxiflorus",0.0025
"PlotBm115","b","W11","W11","Lathyrus venetus",0.00125
"PlotBm115","b","W11","W11","Luzula forsteri",0.00375
"PlotBm115","b","W11","W11","Potentilla recta",0.00375
"PlotBm115","b","W11","W11","Quercus cerris",0.875
"PlotBm115","b","W11","W11","Ranunculus neapolitanus",0.01
"PlotBm115","b","W11","W11","Silene italica",0.0025
"PlotBm115","b","W11","W11","Symphytum bulbosum",0.05375
"PlotBm115","b","W11","W11","Taraxacum officinale group",0.00125
"PlotBm115","b","W11","W11","Trifolium alpestre",0.00125
"PlotBm115","b","W11","W11","Veronica chamaedrys",0.00125
"PlotBm115","b","W11","W11","Vicia grandiflora",0.00375
"PlotBm116","b","W11","W11","Brachypodium sylvaticum",0.00375
"PlotBm116","b","W11","W11","Campanula spatulata",0.0025
"PlotBm116","b","W11","W11","Cardamine graeca",0.00125
"PlotBm116","b","W11","W11","Carex flacca",0.00125
"PlotBm116","b","W11","W11","Carpinus orientalis",0.14
"PlotBm116","b","W11","W11","Clinopodium vulgare",0.005
"PlotBm116","b","W11","W11","Crataegus monogyna",0.02125
"PlotBm116","b","W11","W11","Dactylis glomerata",0.00125
"PlotBm116","b","W11","W11","Fraxinus ornus",0.2275
"PlotBm116","b","W11","W11","Lathyrus laxiflorus",0.00125
"PlotBm116","b","W11","W11","Luzula forsteri",0.005
"PlotBm116","b","W11","W11","Physospermum cornubiense",0.00125
"PlotBm116","b","W11","W11","Potentilla micrantha",0.00375
"PlotBm116","b","W11","W11","Quercus frainetto",0.625
"PlotBm116","b","W11","W11","Silene coronaria",0.00125
"PlotBm116","b","W11","W11","Silene italica",0.00375
"PlotBm116","b","W11","W11","Teucrium chamaedrys",0.0025
"PlotBm116","b","W11","W11","Trifolium alpestre",0.0025
"PlotBm116","b","W11","W11","Trifolium medium subsp. balcanicum",0.00125
"PlotBm116","b","W11","W11","Veronica chamaedrys",0.0025
"PlotBm116","b","W11","W11","Vicia grandiflora",0.0025
"PlotBm116","b","W11","W11","Viola alba",0.00125
"PlotBm117","b","W11","W11","Brachypodium sylvaticum",0.0025
"PlotBm117","b","W11","W11","Cardamine graeca",0.00125
"PlotBm117","b","W11","W11","Carpinus orientalis",0.085
"PlotBm117","b","W11","W11","Clinopodium vulgare",0.00375
"PlotBm117","b","W11","W11","Crataegus monogyna",0.0025
"PlotBm117","b","W11","W11","Dactylis glomerata",0.00125
"PlotBm117","b","W11","W11","Euphorbia amygdaloides",0.00125
"PlotBm117","b","W11","W11","Fraxinus ornus",0.1275
"PlotBm117","b","W11","W11","Hedera helix",0.0025
"PlotBm117","b","W11","W11","Lathyrus laxiflorus",0.00375
"PlotBm117","b","W11","W11","Luzula forsteri",0.00375
"PlotBm117","b","W11","W11","Physospermum cornubiense",0.00125
"PlotBm117","b","W11","W11","Potentilla recta",0.00125
"PlotBm117","b","W11","W11","Quercus frainetto",0.625
"PlotBm117","b","W11","W11","Silene italica",0.0025
"PlotBm117","b","W11","W11","Teucrium chamaedrys",0.0025
"PlotBm117","b","W11","W11","Trifolium alpestre",0.00125
"PlotBm117","b","W11","W11","Vicia grandiflora",0.00375
"PlotBm117","b","W11","W11","Vicia hirsuta",0.0025
"PlotBm117","b","W11","W11","Vicia tetrasperma",0.0025
"PlotBm117","b","W11","W11","Viola alba",0.0025
"PlotBm118","b","W11","W11","Aremonia agrimonoides",0.0075
"PlotBm118","b","W11","W11","Brachypodium sylvaticum",0.00125
"PlotBm118","b","W11","W11","Dactylis glomerata",0.00875
"PlotBm118","b","W11","W11","Festuca heterophylla",0.0025
"PlotBm118","b","W11","W11","Galium aparine",0.00125
"PlotBm118","b","W11","W11","Lathyrus laxiflorus",0.00375
"PlotBm118","b","W11","W11","Ligustrum vulgare",0.0075
"PlotBm118","b","W11","W11","Luzula forsteri",0.005
"PlotBm118","b","W11","W11","Poa bulbosa",0.00125
"PlotBm118","b","W11","W11","Quercus ilex",0.03
"PlotBm118","b","W11","W11","Quercus pubescens",0.875
"PlotBm118","b","W11","W11","Trifolium alpestre",0.00125
"PlotBm118","b","W11","W11","Trifolium medium subsp. balcanicum",0.00125
"PlotBm118","b","W11","W11","Veronica chamaedrys",0.00125
"PlotBm119","b","W11","W11","Aremonia agrimonoides",0.00125
"PlotBm119","b","W11","W11","Brachypodium sylvaticum",0.00125
"PlotBm119","b","W11","W11","Dactylis glomerata",0.00375
"PlotBm119","b","W11","W11","Festuca valesiaca",0.00125
"PlotBm119","b","W11","W11","Galium mollugo group",0.00125
"PlotBm119","b","W11","W11","Helleborus odorus",0.0025
"PlotBm119","b","W11","W11","Lathyrus laxiflorus",0.00375
"PlotBm119","b","W11","W11","Luzula forsteri",0.0025
"PlotBm119","b","W11","W11","Physospermum cornubiense",0.00125
"PlotBm119","b","W11","W11","Poa nemoralis",0.0025
"PlotBm119","b","W11","W11","Quercus frainetto",0.875
"PlotBm119","b","W11","W11","Trifolium alpestre",0.00125
"PlotBm119","b","W11","W11","Trifolium medium subsp. balcanicum",0.00125
"PlotBm119","b","W11","W11","Veronica chamaedrys",0.00375
"PlotBm119","b","W11","W11","Vicia grandiflora",0.0025
"PlotBm120","b","W11","W11","Agrostemma githago",0.00125
"PlotBm120","b","W11","W11","Brachypodium sylvaticum",0.0075
"PlotBm120","b","W11","W11","Castanea sativa",0.02125
"PlotBm120","b","W11","W11","Dactylis glomerata",0.0025
"PlotBm120","b","W11","W11","Galium mollugo group",0.00375
"PlotBm120","b","W11","W11","Helleborus odorus",0.00875
"PlotBm120","b","W11","W11","Lathyrus laxiflorus",0.0025
"PlotBm120","b","W11","W11","Luzula forsteri",0.01
"PlotBm120","b","W11","W11","Physospermum cornubiense",0.00125
"PlotBm120","b","W11","W11","Poa nemoralis",0.00125
"PlotBm120","b","W11","W11","Pteridium aquilinum",0.0075
"PlotBm120","b","W11","W11","Quercus frainetto",0.875
"PlotBm120","b","W11","W11","Trifolium alpestre",0.00125
"PlotBm120","b","W11","W11","Trifolium medium subsp. balcanicum",0.0075
"PlotBm120","b","W11","W11","Veronica chamaedrys",0.0025
"PlotBm120","b","W11","W11","Vicia grandiflora",0.0025
"PlotBm13","b","W2","W2","Asparagus acutifolius",0.0025
"PlotBm13","b","W2","W2","Dactylis glomerata",0.00125
"PlotBm13","b","W2","W2","Festuca heterophylla",0.03
"PlotBm13","b","W2","W2","Fraxinus ornus",0.00125
"PlotBm13","b","W2","W2","Quercus coccifera",0.9175
"PlotBm13","b","W2","W2","Ruscus aculeatus",0.0025
"PlotBm13","b","W2","W2","Teucrium chamaedrys",0.00125
"PlotBm13","b","W2","W2","Veronica chamaedrys",0.00125
"PlotBm14","b","W2","W2","Aegilops triuncialis",0.0025
"PlotBm14","b","W2","W2","Asplenium ceterach",0.0075
"PlotBm14","b","W2","W2","Brachypodium sylvaticum",0.04625
"PlotBm14","b","W2","W2","Carpinus orientalis",0.4175
"PlotBm14","b","W2","W2","Clinopodium vulgare",0.00125
"PlotBm14","b","W2","W2","Crepis sancta",0.00375
"PlotBm14","b","W2","W2","Crepis setosa",0.00125
"PlotBm14","b","W2","W2","Cruciata pedemontana",0.00125
"PlotBm14","b","W2","W2","Dactylis glomerata",0.0075
"PlotBm14","b","W2","W2","Doronicum caucasicum",0.0075
"PlotBm14","b","W2","W2","Festuca heterophylla",0.0075
"PlotBm14","b","W2","W2","Fraxinus ornus",0.375
"PlotBm14","b","W2","W2","Galium mollugo group",0.00875
"PlotBm14","b","W2","W2","Piptatherum miliaceum",0.06125
"PlotBm14","b","W2","W2","Potentilla recta",0.00125
"PlotBm14","b","W2","W2","Quercus coccifera",0.4175
"PlotBm14","b","W2","W2","Quercus pubescens",0.0075
"PlotBm14","b","W2","W2","Ruscus aculeatus",0.04625
"PlotBm14","b","W2","W2","Thymus sibthorpii",0.0025
"PlotBm15","b","W2","W2","Asparagus acutifolius",0.00125
"PlotBm15","b","W2","W2","Cistus creticus",0.015
"PlotBm15","b","W2","W2","Clinopodium vulgare",0.00125
"PlotBm15","b","W2","W2","Colutea arborescens",0.0075
"PlotBm15","b","W2","W2","Erysimum microstylum",0.0075
"PlotBm15","b","W2","W2","Fraxinus ornus",0.00125
"PlotBm15","b","W2","W2","Juniperus oxycedrus",0.39
"PlotBm15","b","W2","W2","Odontarrhena muralis",0.0075
"PlotBm15","b","W2","W2","Quercus coccifera",0.28
"PlotBm15","b","W2","W2","Silene italica",0.00125
"PlotBm16","b","W2","W2","Arabis turrita",0.00125
"PlotBm16","b","W2","W2","Asparagus acutifolius",0.05625
"PlotBm16","b","W2","W2","Bromus squarrosus",0.00125
"PlotBm16","b","W2","W2","Clinopodium vulgare",0.00125
"PlotBm16","b","W2","W2","Juniperus oxycedrus",0.14
"PlotBm16","b","W2","W2","Piptatherum miliaceum",0.00125
"PlotBm16","b","W2","W2","Pistacia terebinthus",0.00125
"PlotBm16","b","W2","W2","Quercus coccifera",0.375
"PlotBm16","b","W2","W2","Smilax aspera",0.00125
"PlotBm16","b","W2","W2","Teucrium capitatum",0.00125
"PlotBm16","b","W2","W2","Teucrium chamaedrys",0.04625
"PlotBm17","b","W2","W2","Asplenium onopteris",0.00875
"PlotBm17","b","W2","W2","Carpinus orientalis",0.1575
"PlotBm17","b","W2","W2","Dactylis glomerata",0.00875
"PlotBm17","b","W2","W2","Fraxinus ornus",0.0075
"PlotBm17","b","W2","W2","Hypericum montbretii",0.00125
"PlotBm17","b","W2","W2","Juniperus oxycedrus",0.02125
"PlotBm17","b","W2","W2","Piptatherum miliaceum",0.00125
"PlotBm17","b","W2","W2","Quercus coccifera",0.625
"PlotBm17","b","W2","W2","Silene italica",0.00125
"PlotBm17","b","W2","W2","Thymus sibthorpii",0.02125
"PlotBm17","b","W2","W2","Trifolium arvense",0.00125
"PlotBm17","b","W2","W2","Trifolium campestre",0.00125
"PlotBm18","b","W2","W2","Aegilops triuncialis",0.13
"PlotBm18","b","W2","W2","Arenaria sp.",0.145
"PlotBm18","b","W2","W2","Bromus sterilis",0.01
"PlotBm18","b","W2","W2","Crataegus monogyna",0.10375
"PlotBm18","b","W2","W2","Cynosurus echinatus",0.01
"PlotBm18","b","W2","W2","Dactylis glomerata",0.05625
"PlotBm18","b","W2","W2","Dasypyrum villosum",0.02625
"PlotBm18","b","W2","W2","Dorycnium herbaceum",0.01
"PlotBm18","b","W2","W2","Eryngium campestre",0.03625
"PlotBm18","b","W2","W2","Euphorbia seguieriana",0.005
"PlotBm18","b","W2","W2","Festuca sp.",0.03125
"PlotBm18","b","W2","W2","Hypericum perforatum",0.005
"PlotBm18","b","W2","W2","Potentilla sp.",0.01
"PlotBm18","b","W2","W2","Prunus dulcis",0.005
"PlotBm18","b","W2","W2","Quercus coccifera",1
"PlotBm18","b","W2","W2","Rubia peregrina",0.005
"PlotBm18","b","W2","W2","Teucrium capitatum",0.01
"PlotBm18","b","W2","W2","Thlaspi arvense",0.005
"PlotBm18","b","W2","W2","Torilis arvensis",0.005
"PlotBm18","b","W2","W2","Trifolium angustifolium",0.01
"PlotBm18","b","W2","W2","Trifolium sp.",0.03125
"PlotBm19","b","W2","W2","Briza minor",0.005
"PlotBm19","b","W2","W2","Carex flacca",0.17125
"PlotBm19","b","W2","W2","Carpinus orientalis",0.375
"PlotBm19","b","W2","W2","Fragaria vesca",0.015
"PlotBm19","b","W2","W2","Hedera helix",0.025
"PlotBm19","b","W2","W2","Juniperus oxycedrus",0.01
"PlotBm19","b","W2","W2","Lonicera sp.",0.05625
"PlotBm19","b","W2","W2","Melilotus indicus",0.015
"PlotBm19","b","W2","W2","Quercus coccifera",0.375
"PlotBm19","b","W2","W2","Rostraria cristata",0.0775
"PlotBm19","b","W2","W2","Scabiosa atropurpurea",0.01
"PlotBm19","b","W2","W2","Silene italica",0.005
"PlotBm19","b","W2","W2","Teucrium chamaedrys",0.04625
"PlotBm19","b","W2","W2","Viola sp.",0.01
"PlotBm20","b","W2","W2","Bromus sterilis",0.06125
"PlotBm20","b","W2","W2","Carex flacca",0.03125
"PlotBm20","b","W2","W2","Carpinus orientalis",0.19625
"PlotBm20","b","W2","W2","Cerastium brachypetalum",0.01
"PlotBm20","b","W2","W2","Cynosurus echinatus",0.375
"PlotBm20","b","W2","W2","Dactylis glomerata",0.02
"PlotBm20","b","W2","W2","Fraxinus ornus",0.02125
"PlotBm20","b","W2","W2","Galium aparine",0.01
"PlotBm20","b","W2","W2","Lathyrus pratensis",0.005
"PlotBm20","b","W2","W2","Paliurus spina-christi",0.0925
"PlotBm20","b","W2","W2","Poa bulbosa",0.005
"PlotBm20","b","W2","W2","Quercus coccifera",0.625
"PlotBm20","b","W2","W2","Sanguisorba minor",0.005
"PlotBm20","b","W2","W2","Silene italica",0.05125
"PlotBm20","b","W2","W2","Teucrium chamaedrys",0.015
"PlotBm20","b","W2","W2","Thymus sibthorpii",0.03625
"PlotBm20","b","W2","W2","Trifolium angustifolium",0.005
"PlotBm20","b","W2","W2","Trifolium fragiferum",0.01
"PlotBm20","b","W2","W2","Viola sp.",0.015
"PlotBm21","b","W2","W2","Arenaria sp.",0.01
"PlotBm21","b","W2","W2","Asparagus acutifolius",0.025
"PlotBm21","b","W2","W2","Carex flacca",0.04125
"PlotBm21","b","W2","W2","Carpinus orientalis",0.04
"PlotBm21","b","W2","W2","Cistus creticus",0.025
"PlotBm21","b","W2","W2","Crataegus monogyna",0.01
"PlotBm21","b","W2","W2","Cynosurus echinatus",0.005
"PlotBm21","b","W2","W2","Dactylis glomerata",0.005
"PlotBm21","b","W2","W2","Galium murale",0.005
"PlotBm21","b","W2","W2","Lathyrus laxiflorus",0.005
"PlotBm21","b","W2","W2","Oxalis corniculata",0.01
"PlotBm21","b","W2","W2","Quercus coccifera",0.3125
"PlotBm21","b","W2","W2","Quercus frainetto",0.02
"PlotBm21","b","W2","W2","Quercus pubescens",0.185
"PlotBm21","b","W2","W2","Ruscus aculeatus",0.0475
"PlotBm21","b","W2","W2","Silene italica",0.015
"PlotBm22","b","W2","W2","Avena sterilis",0.005
"PlotBm22","b","W2","W2","Bromus sterilis",0.005
"PlotBm22","b","W2","W2","Cerastium brachypetalum",0.015
"PlotBm22","b","W2","W2","Cistus creticus",0.05125
"PlotBm22","b","W2","W2","Cynosurus echinatus",0.005
"PlotBm22","b","W2","W2","Festuca sp.",0.02625
"PlotBm22","b","W2","W2","Fraxinus ornus",0.02625
"PlotBm22","b","W2","W2","Juniperus oxycedrus",0.0925
"PlotBm22","b","W2","W2","Oxalis corniculata",0.005
"PlotBm22","b","W2","W2","Quercus coccifera",0.405
"PlotBm22","b","W2","W2","Quercus frainetto",0.07375
"PlotBm22","b","W2","W2","Quercus pubescens",0.185
"PlotBm22","b","W2","W2","Ruscus aculeatus",0.025
"PlotBm22","b","W2","W2","Silene italica",0.01
"PlotBm22","b","W2","W2","Trifolium angustifolium",0.01
"PlotBm22","b","W2","W2","Trifolium campestre",0.01
"PlotBm22","b","W2","W2","Trifolium sp.",0.005
"PlotBm23","b","W2","W2","Acer campestre",0.04
"PlotBm23","b","W2","W2","Aegilops triuncialis",0.005
"PlotBm23","b","W2","W2","Avena sterilis",0.005
"PlotBm23","b","W2","W2","Carex flacca",0.0675
"PlotBm23","b","W2","W2","Clematis flammula",0.01
"PlotBm23","b","W2","W2","Cynosurus echinatus",0.005
"PlotBm23","b","W2","W2","Festuca sp.",0.0675
"PlotBm23","b","W2","W2","Fraxinus ornus",0.085
"PlotBm23","b","W2","W2","Galium murale",0.02125
"PlotBm23","b","W2","W2","Juniperus oxycedrus",0.015
"PlotBm23","b","W2","W2","Phillyrea latifolia",0.1125
"PlotBm23","b","W2","W2","Quercus coccifera",0.5
"PlotBm23","b","W2","W2","Ruscus aculeatus",0.0425
"PlotBm23","b","W2","W2","Trifolium angustifolium",0.01
"PlotBm24","b","W2","W2","Asparagus acutifolius",0.02
"PlotBm24","b","W2","W2","Avena sterilis",0.01
"PlotBm24","b","W2","W2","Carex flacca",0.115
"PlotBm24","b","W2","W2","Crataegus monogyna",0.01
"PlotBm24","b","W2","W2","Euphorbia sp.",0.0925
"PlotBm24","b","W2","W2","Festuca sp.",0.115
"PlotBm24","b","W2","W2","Fraxinus ornus",0.10375
"PlotBm24","b","W2","W2","Galium murale",0.01
"PlotBm24","b","W2","W2","Lathyrus grandiflorus",0.005
"PlotBm24","b","W2","W2","Papaver rhoeas",0.005
"PlotBm24","b","W2","W2","Phillyrea latifolia",0.13625
"PlotBm24","b","W2","W2","Pistacia terebinthus",0.02125
"PlotBm24","b","W2","W2","Quercus coccifera",0.375
"PlotBm24","b","W2","W2","Quercus pubescens",0.085
"PlotBm24","b","W2","W2","Ruscus aculeatus",0.0725
"PlotBm24","b","W2","W2","Silene italica",0.04625
"PlotBm24","b","W2","W2","Trifolium sp.",0.015
