"stem_id","plotCode","focalOrBenchmark","landCover","vegClass","subplot","ind","ind_id","stratum","species","dbh_cm","ba_m2"
1,"Plot100","f","Stratum-W11-2","W11","1",1,"Plot100_1","Stems >=10 cm DBH","Robinia pseudoacacia",13,0.013273228961416876
2,"Plot100","f","Stratum-W11-2","W11","1",2,"Plot100_2","Stems >=10 cm DBH","Robinia pseudoacacia",13,0.013273228961416876
3,"Plot100","f","Stratum-W11-2","W11","1",3,"Plot100_3","Stems >=10 cm DBH","Robinia pseudoacacia",11,0.009503317777109124
4,"Plot100","f","Stratum-W11-2","W11","1",4,"Plot100_4","Stems >=10 cm DBH","Robinia pseudoacacia",10,0.007853981633974483
5,"Plot100","f","Stratum-W11-2","W11","1",5,"Plot100_5","Stems >=10 cm DBH","Robinia pseudoacacia",10,0.007853981633974483
6,"Plot100","f","Stratum-W11-2","W11","1",6,"Plot100_6","Stems >=10 cm DBH","Robinia pseudoacacia",11,0.009503317777109124
7,"Plot100","f","Stratum-W11-2","W11","1",7,"Plot100_7","Stems 2.5-10 cm DBH","Robinia pseudoacacia",2.5,4.908738521234052e-4
8,"Plot100","f","Stratum-W11-2","W11","1",8,"Plot100_8","Stems 2.5-10 cm DBH","Robinia pseudoacacia",2.5,4.908738521234052e-4
9,"Plot100","f","Stratum-W11-2","W11","1",9,"Plot100_9","Stems 2.5-10 cm DBH","Robinia pseudoacacia",5,0.001963495408493621
10,"Plot100","f","Stratum-W11-2","W11","1",10,"Plot100_10","Stems >=10 cm DBH","Robinia pseudoacacia",14,0.015393804002589986
11,"Plot100","f","Stratum-W11-2","W11","1",11,"Plot100_11","Stems >=10 cm DBH","Robinia pseudoacacia",11,0.009503317777109124
12,"Plot100","f","Stratum-W11-2","W11","2",12,"Plot100_12","Stems >=10 cm DBH","Robinia pseudoacacia",15,0.017671458676442587
13,"Plot100","f","Stratum-W11-2","W11","2",13,"Plot100_13","Stems >=10 cm DBH","Robinia pseudoacacia",10,0.007853981633974483
14,"Plot100","f","Stratum-W11-2","W11","2",14,"Plot100_14","Stems >=10 cm DBH","Robinia pseudoacacia",11.5,0.010386890710931252
15,"Plot100","f","Stratum-W11-2","W11","2",15,"Plot100_15","Stems 2.5-10 cm DBH","Robinia pseudoacacia",9,0.0063617251235193305
16,"Plot100","f","Stratum-W11-2","W11","2",16,"Plot100_16","Stems >=10 cm DBH","Robinia pseudoacacia",11,0.009503317777109124
17,"Plot100","f","Stratum-W11-2","W11","2",17,"Plot100_17","Stems 2.5-10 cm DBH","Robinia pseudoacacia",8,0.005026548245743669
18,"Plot100","f","Stratum-W11-2","W11","2",18,"Plot100_18","Stems >=10 cm DBH","Robinia pseudoacacia",13,0.013273228961416876
19,"Plot100","f","Stratum-W11-2","W11","2",19,"Plot100_19","Stems >=10 cm DBH","Robinia pseudoacacia",12,0.011309733552923255
20,"Plot100","f","Stratum-W11-2","W11","2",20,"Plot100_20","Stems >=10 cm DBH","Robinia pseudoacacia",12,0.011309733552923255
21,"Plot100","f","Stratum-W11-2","W11","3",21,"Plot100_21","Stems >=10 cm DBH","Robinia pseudoacacia",10.5,0.008659014751456867
22,"Plot100","f","Stratum-W11-2","W11","3",22,"Plot100_22","Stems >=10 cm DBH","Robinia pseudoacacia",14,0.015393804002589986
23,"Plot100","f","Stratum-W11-2","W11","3",23,"Plot100_23","Stems 2.5-10 cm DBH","Robinia pseudoacacia",6,0.0028274333882308137
24,"Plot100","f","Stratum-W11-2","W11","3",24,"Plot100_24","Stems >=10 cm DBH","Robinia pseudoacacia",10.5,0.008659014751456867
25,"Plot100","f","Stratum-W11-2","W11","3",25,"Plot100_25","Stems >=10 cm DBH","Robinia pseudoacacia",12,0.011309733552923255
26,"Plot100","f","Stratum-W11-2","W11","3",26,"Plot100_26","Stems >=10 cm DBH","Robinia pseudoacacia",13,0.013273228961416876
27,"Plot100","f","Stratum-W11-2","W11","3",27,"Plot100_27","Stems >=10 cm DBH","Robinia pseudoacacia",14.5,0.01651299638543135
28,"Plot100","f","Stratum-W11-2","W11","3",28,"Plot100_28","Stems >=10 cm DBH","Robinia pseudoacacia",14,0.015393804002589986
29,"Plot100","f","Stratum-W11-2","W11","3",29,"Plot100_29","Stems >=10 cm DBH","Robinia pseudoacacia",12,0.011309733552923255
3330,"Plot100","f","Stratum-W11-2","W11","1",7,"Plot100_7","Stems 2.5-10 cm DBH","Robinia pseudoacacia",4.5,0.0015904312808798326
3331,"Plot100","f","Stratum-W11-2","W11","3",24,"Plot100_24","Stems 2.5-10 cm DBH","Robinia pseudoacacia",7,0.0038484510006474965
3329,"Plot100","f","Stratum-W11-2","W11","1",5,"Plot100_5","Stems >=10 cm DBH","Robinia pseudoacacia",10.5,0.008659014751456867
32,"Plot101","f","Stratum-W11-2","W11","1",3,"Plot101_3","Stems 2.5-10 cm DBH","Pinus nigra",4,0.0012566370614359172
30,"Plot101","f","Stratum-W11-2","W11","1",1,"Plot101_1","Stems >=10 cm DBH","Quercus cerris",10.5,0.008659014751456867
31,"Plot101","f","Stratum-W11-2","W11","1",2,"Plot101_2","Stems 2.5-10 cm DBH","Pinus nigra",8,0.005026548245743669
36,"Plot101","f","Stratum-W11-2","W11","2",7,"Plot101_7","Stems >=10 cm DBH","Quercus cerris",12.5,0.01227184630308513
33,"Plot101","f","Stratum-W11-2","W11","1",4,"Plot101_4","Stems 2.5-10 cm DBH","Pinus nigra",7,0.0038484510006474965
34,"Plot101","f","Stratum-W11-2","W11","1",5,"Plot101_5","Stems >=10 cm DBH","Pinus nigra",24,0.04523893421169302
35,"Plot101","f","Stratum-W11-2","W11","1",6,"Plot101_6","Stems >=10 cm DBH","Quercus frainetto",13,0.013273228961416876
40,"Plot101","f","Stratum-W11-2","W11","2",11,"Plot101_11","Stems 2.5-10 cm DBH","Quercus frainetto",9,0.0063617251235193305
41,"Plot101","f","Stratum-W11-2","W11","2",12,"Plot101_12","Stems 2.5-10 cm DBH","Quercus frainetto",8,0.005026548245743669
42,"Plot101","f","Stratum-W11-2","W11","2",13,"Plot101_13","Stems >=10 cm DBH","Pinus nigra",26,0.053092915845667506
43,"Plot101","f","Stratum-W11-2","W11","3",14,"Plot101_14","Stems >=10 cm DBH","Quercus cerris",10,0.007853981633974483
44,"Plot101","f","Stratum-W11-2","W11","3",15,"Plot101_15","Stems 2.5-10 cm DBH","Quercus cerris",3,7.068583470577034e-4
45,"Plot101","f","Stratum-W11-2","W11","3",16,"Plot101_16","Stems 2.5-10 cm DBH","Fraxinus ornus",3.5,9.621127501618741e-4
46,"Plot101","f","Stratum-W11-2","W11","3",17,"Plot101_17","Stems >=10 cm DBH","Quercus cerris",13,0.013273228961416876
38,"Plot101","f","Stratum-W11-2","W11","2",9,"Plot101_9","Stems >=10 cm DBH","Quercus frainetto",12,0.011309733552923255
39,"Plot101","f","Stratum-W11-2","W11","2",10,"Plot101_10","Stems >=10 cm DBH","Pinus nigra",26,0.053092915845667506
3332,"Plot101","f","Stratum-W11-2","W11","1",1,"Plot101_1","Stems >=10 cm DBH","Quercus cerris",11,0.009503317777109124
37,"Plot101","f","Stratum-W11-2","W11","2",8,"Plot101_8","Stems >=10 cm DBH","Quercus frainetto",13,0.013273228961416876
3333,"Plot101","f","Stratum-W11-2","W11","2",12,"Plot101_12","Stems 2.5-10 cm DBH","Quercus frainetto",7,0.0038484510006474965
47,"Plot102","f","Stratum-W11-2","W11","1",1,"Plot102_1","Stems >=10 cm DBH","Pyrus spinosa",10,0.007853981633974483
48,"Plot102","f","Stratum-W11-2","W11","1",2,"Plot102_2","Stems >=10 cm DBH","Quercus trojana",21,0.03463605900582747
49,"Plot102","f","Stratum-W11-2","W11","1",3,"Plot102_3","Stems 2.5-10 cm DBH","Fraxinus ornus",6,0.0028274333882308137
55,"Plot102","f","Stratum-W11-2","W11","3",9,"Plot102_9","Stems 2.5-10 cm DBH","Fraxinus ornus",5,0.001963495408493621
56,"Plot102","f","Stratum-W11-2","W11","3",10,"Plot102_10","Stems 2.5-10 cm DBH","Fraxinus ornus",6,0.0028274333882308137
3336,"Plot102","f","Stratum-W11-2","W11","3",8,"Plot102_8","Stems 2.5-10 cm DBH","Fraxinus ornus",3,7.068583470577034e-4
3337,"Plot102","f","Stratum-W11-2","W11","3",9,"Plot102_9","Stems 2.5-10 cm DBH","Fraxinus ornus",2.5,4.908738521234052e-4
3338,"Plot102","f","Stratum-W11-2","W11","3",10,"Plot102_10","Stems 2.5-10 cm DBH","Fraxinus ornus",2.5,4.908738521234052e-4
4674,"Plot102","f","Stratum-W11-2","W11","1",3,"Plot102_3","Stems 2.5-10 cm DBH","Fraxinus ornus",4,0.0012566370614359172
4068,"Plot102","f","Stratum-W11-2","W11","1",3,"Plot102_3","Stems 2.5-10 cm DBH","Fraxinus ornus",3,7.068583470577034e-4
4069,"Plot102","f","Stratum-W11-2","W11","3",8,"Plot102_8","Stems 2.5-10 cm DBH","Fraxinus ornus",3,7.068583470577034e-4
4070,"Plot102","f","Stratum-W11-2","W11","3",9,"Plot102_9","Stems 2.5-10 cm DBH","Fraxinus ornus",3,7.068583470577034e-4
4071,"Plot102","f","Stratum-W11-2","W11","3",10,"Plot102_10","Stems 2.5-10 cm DBH","Fraxinus ornus",2.5,4.908738521234052e-4
52,"Plot102","f","Stratum-W11-2","W11","2",6,"Plot102_6","Stems 2.5-10 cm DBH","Fraxinus ornus",7,0.0038484510006474965
4773,"Plot102","f","Stratum-W11-2","W11","1",3,"Plot102_3","Stems 2.5-10 cm DBH","Fraxinus ornus",5,0.001963495408493621
50,"Plot102","f","Stratum-W11-2","W11","1",4,"Plot102_4","Stems >=10 cm DBH","Quercus cerris",12,0.011309733552923255
51,"Plot102","f","Stratum-W11-2","W11","2",5,"Plot102_5","Stems 2.5-10 cm DBH","Pyrus spinosa",5.5,0.002375829444277281
3335,"Plot102","f","Stratum-W11-2","W11","2",6,"Plot102_6","Stems 2.5-10 cm DBH","Fraxinus ornus",3,7.068583470577034e-4
4468,"Plot102","f","Stratum-W11-2","W11","1",3,"Plot102_3","Stems 2.5-10 cm DBH","Fraxinus ornus",2.5,4.908738521234052e-4
4469,"Plot102","f","Stratum-W11-2","W11","3",9,"Plot102_9","Stems 2.5-10 cm DBH","Fraxinus ornus",2.5,4.908738521234052e-4
4470,"Plot102","f","Stratum-W11-2","W11","3",10,"Plot102_10","Stems 2.5-10 cm DBH","Fraxinus ornus",3,7.068583470577034e-4
54,"Plot102","f","Stratum-W11-2","W11","3",8,"Plot102_8","Stems 2.5-10 cm DBH","Fraxinus ornus",7.5,0.004417864669110647
3334,"Plot102","f","Stratum-W11-2","W11","1",3,"Plot102_3","Stems 2.5-10 cm DBH","Fraxinus ornus",2.5,4.908738521234052e-4
4675,"Plot102","f","Stratum-W11-2","W11","3",10,"Plot102_10","Stems 2.5-10 cm DBH","Fraxinus ornus",3,7.068583470577034e-4
53,"Plot102","f","Stratum-W11-2","W11","3",7,"Plot102_7","Stems >=10 cm DBH","Quercus cerris",14,0.015393804002589986
60,"Plot103","f","Stratum-W11-2","W11","1",4,"Plot103_4","Stems 2.5-10 cm DBH","Quercus frainetto",3,7.068583470577034e-4
65,"Plot103","f","Stratum-W11-2","W11","2",9,"Plot103_9","Stems >=10 cm DBH","Quercus petraea",13,0.013273228961416876
57,"Plot103","f","Stratum-W11-2","W11","1",1,"Plot103_1","Stems >=10 cm DBH","Quercus cerris",12,0.011309733552923255
66,"Plot103","f","Stratum-W11-2","W11","2",10,"Plot103_10","Stems 2.5-10 cm DBH","Quercus petraea",9,0.0063617251235193305
61,"Plot103","f","Stratum-W11-2","W11","1",5,"Plot103_5","Stems 2.5-10 cm DBH","Quercus frainetto",6.5,0.003318307240354219
62,"Plot103","f","Stratum-W11-2","W11","1",6,"Plot103_6","Stems >=10 cm DBH","Quercus petraea",12,0.011309733552923255
70,"Plot103","f","Stratum-W11-2","W11","3",14,"Plot103_14","Stems 2.5-10 cm DBH","Quercus cerris",7,0.0038484510006474965
67,"Plot103","f","Stratum-W11-2","W11","2",11,"Plot103_11","Stems 2.5-10 cm DBH","Carpinus orientalis",5,0.001963495408493621
68,"Plot103","f","Stratum-W11-2","W11","2",12,"Plot103_12","Stems >=10 cm DBH","Pinus nigra",11,0.009503317777109124
69,"Plot103","f","Stratum-W11-2","W11","2",13,"Plot103_13","Stems >=10 cm DBH","Quercus petraea",12,0.011309733552923255
59,"Plot103","f","Stratum-W11-2","W11","1",3,"Plot103_3","Stems >=10 cm DBH","Pinus nigra",11,0.009503317777109124
63,"Plot103","f","Stratum-W11-2","W11","1",7,"Plot103_7","Stems >=10 cm DBH","Quercus cerris",15,0.017671458676442587
64,"Plot103","f","Stratum-W11-2","W11","1",8,"Plot103_8","Stems >=10 cm DBH","Quercus cerris",16,0.020106192982974676
58,"Plot103","f","Stratum-W11-2","W11","1",2,"Plot103_2","Stems >=10 cm DBH","Quercus frainetto",14,0.015393804002589986
3342,"Plot103","f","Stratum-W11-2","W11","3",14,"Plot103_14","Stems 2.5-10 cm DBH","Quercus cerris",9,0.0063617251235193305
3341,"Plot103","f","Stratum-W11-2","W11","1",8,"Plot103_8","Stems >=10 cm DBH","Quercus cerris",10.5,0.008659014751456867
71,"Plot103","f","Stratum-W11-2","W11","3",15,"Plot103_15","Stems 2.5-10 cm DBH","Quercus cerris",5,0.001963495408493621
4072,"Plot103","f","Stratum-W11-2","W11","1",4,"Plot103_4","Stems 2.5-10 cm DBH","Quercus frainetto",4,0.0012566370614359172
3340,"Plot103","f","Stratum-W11-2","W11","1",5,"Plot103_5","Stems 2.5-10 cm DBH","Quercus frainetto",7,0.0038484510006474965
72,"Plot103","f","Stratum-W11-2","W11","3",16,"Plot103_16","Stems 2.5-10 cm DBH","Quercus frainetto",8.5,0.0056745017305465635
3339,"Plot103","f","Stratum-W11-2","W11","1",4,"Plot103_4","Stems 2.5-10 cm DBH","Quercus frainetto",3,7.068583470577034e-4
75,"Plot104","f","Stratum-W11-2","W11","1",3,"Plot104_3","Stems 2.5-10 cm DBH","Quercus frainetto",2.5,4.908738521234052e-4
76,"Plot104","f","Stratum-W11-2","W11","1",4,"Plot104_4","Stems >=10 cm DBH","Quercus frainetto",13.9,0.015174677915002098
74,"Plot104","f","Stratum-W11-2","W11","1",2,"Plot104_2","Stems 2.5-10 cm DBH","Fraxinus ornus",4.9,0.0018857409903172736
83,"Plot104","f","Stratum-W11-2","W11","2",11,"Plot104_11","Stems 2.5-10 cm DBH","Fraxinus ornus",3.9,0.0011945906065275187
88,"Plot104","f","Stratum-W11-2","W11","2",16,"Plot104_16","Stems >=10 cm DBH","Quercus frainetto",11.9,0.011122023391871266
73,"Plot104","f","Stratum-W11-2","W11","1",1,"Plot104_1","Stems 2.5-10 cm DBH","Fraxinus ornus",4,0.0012566370614359172
87,"Plot104","f","Stratum-W11-2","W11","2",15,"Plot104_15","Stems >=10 cm DBH","Quercus frainetto",11.8,0.01093588402714607
92,"Plot104","f","Stratum-W11-2","W11","3",20,"Plot104_20","Stems 2.5-10 cm DBH","Fraxinus ornus",5,0.001963495408493621
89,"Plot104","f","Stratum-W11-2","W11","3",17,"Plot104_17","Stems >=10 cm DBH","Quercus frainetto",27.3,0.05853493971984843
77,"Plot104","f","Stratum-W11-2","W11","1",5,"Plot104_5","Stems >=10 cm DBH","Quercus frainetto",18.9,0.028055207794720247
78,"Plot104","f","Stratum-W11-2","W11","1",6,"Plot104_6","Stems >=10 cm DBH","Quercus frainetto",13.5,0.014313881527918494
4074,"Plot104","f","Stratum-W11-2","W11","2",8,"Plot104_8","Stems 2.5-10 cm DBH","Quercus frainetto",9.8,0.0075429639612690945
84,"Plot104","f","Stratum-W11-2","W11","2",12,"Plot104_12","Stems 2.5-10 cm DBH","Fraxinus ornus",4.3,0.0014522012041218817
85,"Plot104","f","Stratum-W11-2","W11","2",13,"Plot104_13","Stems >=10 cm DBH","Quercus frainetto",12.8,0.012867963509103793
86,"Plot104","f","Stratum-W11-2","W11","2",14,"Plot104_14","Stems >=10 cm DBH","Quercus frainetto",10.9,0.009331315579325082
4078,"Plot104","f","Stratum-W11-2","W11","3",18,"Plot104_18","Stems 2.5-10 cm DBH","Fraxinus ornus",3.1,7.547676350249479e-4
4079,"Plot104","f","Stratum-W11-2","W11","3",19,"Plot104_19","Stems 2.5-10 cm DBH","Fraxinus ornus",3.1,7.547676350249479e-4
3351,"Plot104","f","Stratum-W11-2","W11","3",19,"Plot104_19","Stems 2.5-10 cm DBH","Fraxinus ornus",3.2,8.042477193189871e-4
90,"Plot104","f","Stratum-W11-2","W11","3",18,"Plot104_18","Stems 2.5-10 cm DBH","Fraxinus ornus",4.2,0.0013854423602330987
91,"Plot104","f","Stratum-W11-2","W11","3",19,"Plot104_19","Stems 2.5-10 cm DBH","Fraxinus ornus",5,0.001963495408493621
4073,"Plot104","f","Stratum-W11-2","W11","1",2,"Plot104_2","Stems 2.5-10 cm DBH","Fraxinus ornus",2.5,4.908738521234052e-4
80,"Plot104","f","Stratum-W11-2","W11","2",8,"Plot104_8","Stems >=10 cm DBH","Quercus frainetto",10.5,0.008659014751456867
81,"Plot104","f","Stratum-W11-2","W11","2",9,"Plot104_9","Stems 2.5-10 cm DBH","Quercus frainetto",8.5,0.0056745017305465635
82,"Plot104","f","Stratum-W11-2","W11","2",10,"Plot104_10","Stems 2.5-10 cm DBH","Fraxinus ornus",4.2,0.0013854423602330987
4471,"Plot104","f","Stratum-W11-2","W11","1",2,"Plot104_2","Stems 2.5-10 cm DBH","Fraxinus ornus",3.5,9.621127501618741e-4
4075,"Plot104","f","Stratum-W11-2","W11","2",9,"Plot104_9","Stems 2.5-10 cm DBH","Quercus frainetto",5.8,0.002642079421669016
4076,"Plot104","f","Stratum-W11-2","W11","2",10,"Plot104_10","Stems 2.5-10 cm DBH","Fraxinus ornus",5.5,0.002375829444277281
4077,"Plot104","f","Stratum-W11-2","W11","2",12,"Plot104_12","Stems 2.5-10 cm DBH","Fraxinus ornus",2.9,6.60519855417254e-4
3345,"Plot104","f","Stratum-W11-2","W11","2",8,"Plot104_8","Stems 2.5-10 cm DBH","Quercus frainetto",4.1,0.0013202543126711104
4472,"Plot104","f","Stratum-W11-2","W11","2",10,"Plot104_10","Stems 2.5-10 cm DBH","Fraxinus ornus",3.8,0.0011341149479459152
4473,"Plot104","f","Stratum-W11-2","W11","3",19,"Plot104_19","Stems 2.5-10 cm DBH","Fraxinus ornus",4.3,0.0014522012041218817
3350,"Plot104","f","Stratum-W11-2","W11","3",18,"Plot104_18","Stems 2.5-10 cm DBH","Fraxinus ornus",3,7.068583470577034e-4
3349,"Plot104","f","Stratum-W11-2","W11","2",12,"Plot104_12","Stems 2.5-10 cm DBH","Fraxinus ornus",2.7,5.725552611167399e-4
3346,"Plot104","f","Stratum-W11-2","W11","2",9,"Plot104_9","Stems 2.5-10 cm DBH","Quercus frainetto",5.2,0.0021237166338267
79,"Plot104","f","Stratum-W11-2","W11","1",7,"Plot104_7","Stems 2.5-10 cm DBH","Carpinus orientalis",2.5,4.908738521234052e-4
93,"Plot104","f","Stratum-W11-2","W11","3",21,"Plot104_21","Stems >=10 cm DBH","Quercus frainetto",12.2,0.011689866264007618
3343,"Plot104","f","Stratum-W11-2","W11","1",2,"Plot104_2","Stems 2.5-10 cm DBH","Fraxinus ornus",4.2,0.0013854423602330987
3344,"Plot104","f","Stratum-W11-2","W11","1",4,"Plot104_4","Stems 2.5-10 cm DBH","Quercus frainetto",7.5,0.004417864669110647
3347,"Plot104","f","Stratum-W11-2","W11","2",10,"Plot104_10","Stems 2.5-10 cm DBH","Fraxinus ornus",3.8,0.0011341149479459152
3348,"Plot104","f","Stratum-W11-2","W11","2",11,"Plot104_11","Stems 2.5-10 cm DBH","Fraxinus ornus",3,7.068583470577034e-4
3354,"Plot105","f","Stratum-W11-2","W11","1",6,"Plot105_6","Stems >=10 cm DBH","Quercus frainetto",10.4,0.0084948665353068
104,"Plot105","f","Stratum-W11-2","W11","3",11,"Plot105_11","Stems >=10 cm DBH","Quercus frainetto",10,0.007853981633974483
3353,"Plot105","f","Stratum-W11-2","W11","1",5,"Plot105_5","Stems 2.5-10 cm DBH","Quercus frainetto",8.1,0.005152997350050658
95,"Plot105","f","Stratum-W11-2","W11","1",2,"Plot105_2","Stems 2.5-10 cm DBH","Quercus cerris",2.8,6.157521601035993e-4
94,"Plot105","f","Stratum-W11-2","W11","1",1,"Plot105_1","Stems >=10 cm DBH","Quercus frainetto",10,0.007853981633974483
3352,"Plot105","f","Stratum-W11-2","W11","1",3,"Plot105_3","Stems 2.5-10 cm DBH","Quercus frainetto",4.5,0.0015904312808798326
103,"Plot105","f","Stratum-W11-2","W11","2",10,"Plot105_10","Stems 2.5-10 cm DBH","Quercus cerris",2.6,5.30929158456675e-4
101,"Plot105","f","Stratum-W11-2","W11","2",8,"Plot105_8","Stems 2.5-10 cm DBH","Quercus frainetto",8,0.005026548245743669
105,"Plot105","f","Stratum-W11-2","W11","3",12,"Plot105_12","Stems 2.5-10 cm DBH","Quercus frainetto",8.9,0.006221138852271189
106,"Plot105","f","Stratum-W11-2","W11","3",13,"Plot105_13","Stems 2.5-10 cm DBH","Quercus frainetto",9.8,0.0075429639612690945
107,"Plot105","f","Stratum-W11-2","W11","3",14,"Plot105_14","Stems 2.5-10 cm DBH","Quercus frainetto",8.2,0.005281017250684442
108,"Plot105","f","Stratum-W11-2","W11","3",15,"Plot105_15","Stems 2.5-10 cm DBH","Quercus frainetto",8.5,0.0056745017305465635
109,"Plot105","f","Stratum-W11-2","W11","3",16,"Plot105_16","Stems 2.5-10 cm DBH","Quercus frainetto",5.3,0.002206183440983432
110,"Plot105","f","Stratum-W11-2","W11","3",17,"Plot105_17","Stems 2.5-10 cm DBH","Quercus frainetto",3.9,0.0011945906065275187
111,"Plot105","f","Stratum-W11-2","W11","3",18,"Plot105_18","Stems 2.5-10 cm DBH","Quercus frainetto",6.8,0.0036316811075498
96,"Plot105","f","Stratum-W11-2","W11","1",3,"Plot105_3","Stems 2.5-10 cm DBH","Quercus frainetto",8.7,0.005944678698755285
97,"Plot105","f","Stratum-W11-2","W11","1",4,"Plot105_4","Stems 2.5-10 cm DBH","Quercus frainetto",6.9,0.0037392806559352516
98,"Plot105","f","Stratum-W11-2","W11","1",5,"Plot105_5","Stems 2.5-10 cm DBH","Quercus frainetto",6.1,0.0029224665660019045
102,"Plot105","f","Stratum-W11-2","W11","2",9,"Plot105_9","Stems 2.5-10 cm DBH","Fraxinus ornus",6.2,0.0030190705400997917
99,"Plot105","f","Stratum-W11-2","W11","1",6,"Plot105_6","Stems >=10 cm DBH","Quercus frainetto",10.9,0.009331315579325082
100,"Plot105","f","Stratum-W11-2","W11","2",7,"Plot105_7","Stems >=10 cm DBH","Quercus frainetto",10.2,0.008171282491987052
113,"Plot105","f","Stratum-W11-2","W11","3",20,"Plot105_20","Stems 2.5-10 cm DBH","Carpinus orientalis",4.1,0.0013202543126711104
112,"Plot105","f","Stratum-W11-2","W11","3",19,"Plot105_19","Stems 2.5-10 cm DBH","Quercus frainetto",3.9,0.0011945906065275187
121,"Plot106","f","Stratum-W11-2","W11","2",8,"Plot106_8","Stems >=10 cm DBH","Quercus frainetto",15,0.017671458676442587
122,"Plot106","f","Stratum-W11-2","W11","2",9,"Plot106_9","Stems >=10 cm DBH","Quercus frainetto",12.5,0.01227184630308513
120,"Plot106","f","Stratum-W11-2","W11","1",7,"Plot106_7","Stems >=10 cm DBH","Quercus petraea",11.3,0.010028749148422018
125,"Plot106","f","Stratum-W11-2","W11","3",12,"Plot106_12","Stems 2.5-10 cm DBH","Fraxinus ornus",9.2,0.006647610054996001
126,"Plot106","f","Stratum-W11-2","W11","3",13,"Plot106_13","Stems >=10 cm DBH","Quercus frainetto",10,0.007853981633974483
123,"Plot106","f","Stratum-W11-2","W11","2",10,"Plot106_10","Stems >=10 cm DBH","Quercus frainetto",13.2,0.013684777599037136
124,"Plot106","f","Stratum-W11-2","W11","3",11,"Plot106_11","Stems >=10 cm DBH","Quercus frainetto",15.1,0.01790786352362522
129,"Plot106","f","Stratum-W11-2","W11","3",16,"Plot106_16","Stems 2.5-10 cm DBH","Sorbus domestica",5.7,0.0025517586328783095
130,"Plot106","f","Stratum-W11-2","W11","3",17,"Plot106_17","Stems >=10 cm DBH","Quercus frainetto",13.3,0.013892908112337463
131,"Plot106","f","Stratum-W11-2","W11","3",18,"Plot106_18","Stems >=10 cm DBH","Quercus frainetto",10.9,0.009331315579325082
132,"Plot106","f","Stratum-W11-2","W11","3",19,"Plot106_19","Stems >=10 cm DBH","Quercus frainetto",14,0.015393804002589986
119,"Plot106","f","Stratum-W11-2","W11","1",6,"Plot106_6","Stems >=10 cm DBH","Quercus petraea",17.8,0.024884555409084755
3356,"Plot106","f","Stratum-W11-2","W11","2",10,"Plot106_10","Stems >=10 cm DBH","Quercus frainetto",11.2,0.00985203456165759
3357,"Plot106","f","Stratum-W11-2","W11","3",16,"Plot106_16","Stems 2.5-10 cm DBH","Sorbus domestica",6.8,0.0036316811075498
127,"Plot106","f","Stratum-W11-2","W11","3",14,"Plot106_14","Stems >=10 cm DBH","Quercus frainetto",10.1,0.008011846664817369
128,"Plot106","f","Stratum-W11-2","W11","3",15,"Plot106_15","Stems 2.5-10 cm DBH","Acer campestre",4.1,0.0013202543126711104
114,"Plot106","f","Stratum-W11-2","W11","1",1,"Plot106_1","Stems >=10 cm DBH","Quercus frainetto",10.8,0.009160884177867838
115,"Plot106","f","Stratum-W11-2","W11","1",2,"Plot106_2","Stems >=10 cm DBH","Quercus frainetto",11,0.009503317777109124
117,"Plot106","f","Stratum-W11-2","W11","1",4,"Plot106_4","Stems >=10 cm DBH","Quercus frainetto",24.2,0.04599605804120816
118,"Plot106","f","Stratum-W11-2","W11","1",5,"Plot106_5","Stems >=10 cm DBH","Quercus frainetto",11.1,0.00967689077121996
4080,"Plot106","f","Stratum-W11-2","W11","3",16,"Plot106_16","Stems 2.5-10 cm DBH","Sorbus domestica",3.8,0.0011341149479459152
3355,"Plot106","f","Stratum-W11-2","W11","2",9,"Plot106_9","Stems >=10 cm DBH","Quercus frainetto",12.2,0.011689866264007618
4474,"Plot106","f","Stratum-W11-2","W11","3",16,"Plot106_16","Stems 2.5-10 cm DBH","Sorbus domestica",3.4,9.0792027688745e-4
116,"Plot106","f","Stratum-W11-2","W11","1",3,"Plot106_3","Stems >=10 cm DBH","Quercus frainetto",16.8,0.02216707776372958
4089,"Plot107","f","Stratum-W11-2","W11","3",20,"Plot107_20","Stems 2.5-10 cm DBH","Quercus frainetto",7,0.0038484510006474965
3361,"Plot107","f","Stratum-W11-2","W11","1",4,"Plot107_4","Stems 2.5-10 cm DBH","Carpinus orientalis",3.2,8.042477193189871e-4
4087,"Plot107","f","Stratum-W11-2","W11","2",10,"Plot107_10","Stems 2.5-10 cm DBH","Fraxinus ornus",4.2,0.0013854423602330987
4088,"Plot107","f","Stratum-W11-2","W11","2",12,"Plot107_12","Stems 2.5-10 cm DBH","Quercus petraea",5.8,0.002642079421669016
3368,"Plot107","f","Stratum-W11-2","W11","2",12,"Plot107_12","Stems 2.5-10 cm DBH","Quercus petraea",8.9,0.006221138852271189
137,"Plot107","f","Stratum-W11-2","W11","1",5,"Plot107_5","Stems 2.5-10 cm DBH","Carpinus orientalis",2.5,4.908738521234052e-4
134,"Plot107","f","Stratum-W11-2","W11","1",2,"Plot107_2","Stems 2.5-10 cm DBH","Fraxinus ornus",4.2,0.0013854423602330987
135,"Plot107","f","Stratum-W11-2","W11","1",3,"Plot107_3","Stems 2.5-10 cm DBH","Fraxinus ornus",3.3,8.55298599939821e-4
136,"Plot107","f","Stratum-W11-2","W11","1",4,"Plot107_4","Stems 2.5-10 cm DBH","Carpinus orientalis",3.4,9.0792027688745e-4
3364,"Plot107","f","Stratum-W11-2","W11","2",8,"Plot107_8","Stems >=10 cm DBH","Fagus sylvatica",11.1,0.00967689077121996
138,"Plot107","f","Stratum-W11-2","W11","1",6,"Plot107_6","Stems 2.5-10 cm DBH","Cornus mas",4,0.0012566370614359172
3362,"Plot107","f","Stratum-W11-2","W11","1",5,"Plot107_5","Stems 2.5-10 cm DBH","Carpinus orientalis",3,7.068583470577034e-4
3363,"Plot107","f","Stratum-W11-2","W11","1",6,"Plot107_6","Stems 2.5-10 cm DBH","Cornus mas",4,0.0012566370614359172
4081,"Plot107","f","Stratum-W11-2","W11","1",1,"Plot107_1","Stems 2.5-10 cm DBH","Fraxinus ornus",3,7.068583470577034e-4
4823,"Plot107","f","Stratum-W11-2","W11","1",3,"Plot107_3","Stems 2.5-10 cm DBH","Fraxinus ornus",4,0.0012566370614359172
4774,"Plot107","f","Stratum-W11-2","W11","1",1,"Plot107_1","Stems 2.5-10 cm DBH","Fraxinus ornus",4.5,0.0015904312808798326
4775,"Plot107","f","Stratum-W11-2","W11","1",3,"Plot107_3","Stems 2.5-10 cm DBH","Fraxinus ornus",3.7,0.0010752100856911068
4085,"Plot107","f","Stratum-W11-2","W11","1",6,"Plot107_6","Stems 2.5-10 cm DBH","Cornus mas",2.5,4.908738521234052e-4
4086,"Plot107","f","Stratum-W11-2","W11","2",8,"Plot107_8","Stems >=10 cm DBH","Fagus sylvatica",13.5,0.014313881527918494
3358,"Plot107","f","Stratum-W11-2","W11","1",1,"Plot107_1","Stems 2.5-10 cm DBH","Fraxinus ornus",2.5,4.908738521234052e-4
3359,"Plot107","f","Stratum-W11-2","W11","1",2,"Plot107_2","Stems 2.5-10 cm DBH","Fraxinus ornus",3.6,0.001017876019763093
3360,"Plot107","f","Stratum-W11-2","W11","1",3,"Plot107_3","Stems 2.5-10 cm DBH","Fraxinus ornus",6,0.0028274333882308137
140,"Plot107","f","Stratum-W11-2","W11","2",8,"Plot107_8","Stems >=10 cm DBH","Fagus sylvatica",10,0.007853981633974483
141,"Plot107","f","Stratum-W11-2","W11","2",9,"Plot107_9","Stems 2.5-10 cm DBH","Fraxinus ornus",2.7,5.725552611167399e-4
3366,"Plot107","f","Stratum-W11-2","W11","2",10,"Plot107_10","Stems 2.5-10 cm DBH","Fraxinus ornus",3,7.068583470577034e-4
3367,"Plot107","f","Stratum-W11-2","W11","2",11,"Plot107_11","Stems 2.5-10 cm DBH","Fraxinus ornus",2.7,5.725552611167399e-4
3365,"Plot107","f","Stratum-W11-2","W11","2",9,"Plot107_9","Stems 2.5-10 cm DBH","Fraxinus ornus",4.2,0.0013854423602330987
133,"Plot107","f","Stratum-W11-2","W11","1",1,"Plot107_1","Stems 2.5-10 cm DBH","Fraxinus ornus",6.3,0.003117245310524472
3369,"Plot107","f","Stratum-W11-2","W11","2",13,"Plot107_13","Stems 2.5-10 cm DBH","Carpinus orientalis",2.5,4.908738521234052e-4
3370,"Plot107","f","Stratum-W11-2","W11","2",18,"Plot107_18","Stems >=10 cm DBH","Quercus frainetto",14.2,0.015836768566746148
3371,"Plot107","f","Stratum-W11-2","W11","3",19,"Plot107_19","Stems 2.5-10 cm DBH","Fraxinus ornus",2.5,4.908738521234052e-4
3372,"Plot107","f","Stratum-W11-2","W11","3",20,"Plot107_20","Stems >=10 cm DBH","Quercus frainetto",13.5,0.014313881527918494
150,"Plot107","f","Stratum-W11-2","W11","2",18,"Plot107_18","Stems >=10 cm DBH","Quercus frainetto",13.3,0.013892908112337463
151,"Plot107","f","Stratum-W11-2","W11","3",19,"Plot107_19","Stems 2.5-10 cm DBH","Fraxinus ornus",3.9,0.0011945906065275187
139,"Plot107","f","Stratum-W11-2","W11","1",7,"Plot107_7","Stems >=10 cm DBH","Quercus frainetto",14.8,0.01720336137105771
153,"Plot107","f","Stratum-W11-2","W11","3",21,"Plot107_21","Stems >=10 cm DBH","Quercus frainetto",14.3,0.01606060704331442
154,"Plot107","f","Stratum-W11-2","W11","3",22,"Plot107_22","Stems >=10 cm DBH","Quercus frainetto",10,0.007853981633974483
155,"Plot107","f","Stratum-W11-2","W11","3",23,"Plot107_23","Stems >=10 cm DBH","Quercus frainetto",15.1,0.01790786352362522
142,"Plot107","f","Stratum-W11-2","W11","2",10,"Plot107_10","Stems 2.5-10 cm DBH","Fraxinus ornus",3,7.068583470577034e-4
144,"Plot107","f","Stratum-W11-2","W11","2",12,"Plot107_12","Stems >=10 cm DBH","Quercus petraea",16.6,0.02164243179058009
4676,"Plot107","f","Stratum-W11-2","W11","1",1,"Plot107_1","Stems 2.5-10 cm DBH","Fraxinus ornus",5.1,0.002042820622996763
146,"Plot107","f","Stratum-W11-2","W11","2",14,"Plot107_14","Stems >=10 cm DBH","Quercus frainetto",11.9,0.011122023391871266
147,"Plot107","f","Stratum-W11-2","W11","2",15,"Plot107_15","Stems >=10 cm DBH","Quercus frainetto",12.9,0.013069810837096938
148,"Plot107","f","Stratum-W11-2","W11","2",16,"Plot107_16","Stems >=10 cm DBH","Quercus frainetto",12.9,0.013069810837096938
149,"Plot107","f","Stratum-W11-2","W11","2",17,"Plot107_17","Stems >=10 cm DBH","Quercus frainetto",10,0.007853981633974483
4478,"Plot107","f","Stratum-W11-2","W11","1",6,"Plot107_6","Stems 2.5-10 cm DBH","Cornus mas",2.6,5.30929158456675e-4
4479,"Plot107","f","Stratum-W11-2","W11","2",8,"Plot107_8","Stems >=10 cm DBH","Fagus sylvatica",10.5,0.008659014751456867
152,"Plot107","f","Stratum-W11-2","W11","3",20,"Plot107_20","Stems >=10 cm DBH","Quercus frainetto",15.5,0.018869190875623696
4851,"Plot107","f","Stratum-W11-2","W11","1",3,"Plot107_3","Stems >=10 cm DBH","Fraxinus ornus",10.3,0.00833228911548353
4477,"Plot107","f","Stratum-W11-2","W11","1",5,"Plot107_5","Stems 2.5-10 cm DBH","Carpinus orientalis",2.6,5.30929158456675e-4
4082,"Plot107","f","Stratum-W11-2","W11","1",2,"Plot107_2","Stems 2.5-10 cm DBH","Fraxinus ornus",2.8,6.157521601035993e-4
4083,"Plot107","f","Stratum-W11-2","W11","1",3,"Plot107_3","Stems 2.5-10 cm DBH","Fraxinus ornus",4,0.0012566370614359172
4084,"Plot107","f","Stratum-W11-2","W11","1",5,"Plot107_5","Stems 2.5-10 cm DBH","Carpinus orientalis",2.7,5.725552611167399e-4
143,"Plot107","f","Stratum-W11-2","W11","2",11,"Plot107_11","Stems 2.5-10 cm DBH","Fraxinus ornus",8,0.005026548245743669
4678,"Plot107","f","Stratum-W11-2","W11","2",8,"Plot107_8","Stems >=10 cm DBH","Fagus sylvatica",15.5,0.018869190875623696
145,"Plot107","f","Stratum-W11-2","W11","2",13,"Plot107_13","Stems 2.5-10 cm DBH","Carpinus orientalis",2.6,5.30929158456675e-4
4475,"Plot107","f","Stratum-W11-2","W11","1",1,"Plot107_1","Stems 2.5-10 cm DBH","Fraxinus ornus",4.8,0.001809557368467721
4476,"Plot107","f","Stratum-W11-2","W11","1",3,"Plot107_3","Stems 2.5-10 cm DBH","Fraxinus ornus",7.5,0.004417864669110647
4677,"Plot107","f","Stratum-W11-2","W11","1",3,"Plot107_3","Stems 2.5-10 cm DBH","Fraxinus ornus",5.6,0.0024630086404143973
170,"Plot108","f","Stratum-W11-2","W11","1",15,"Plot108_15","Stems >=10 cm DBH","Carpinus orientalis",11,0.009503317777109124
167,"Plot108","f","Stratum-W11-2","W11","1",12,"Plot108_12","Stems 2.5-10 cm DBH","Carpinus orientalis",4.6,0.0016619025137490002
168,"Plot108","f","Stratum-W11-2","W11","1",13,"Plot108_13","Stems 2.5-10 cm DBH","Carpinus orientalis",9.8,0.0075429639612690945
169,"Plot108","f","Stratum-W11-2","W11","1",14,"Plot108_14","Stems >=10 cm DBH","Carpinus orientalis",11.8,0.01093588402714607
3374,"Plot108","f","Stratum-W11-2","W11","1",7,"Plot108_7","Stems 2.5-10 cm DBH","Carpinus orientalis",5,0.001963495408493621
165,"Plot108","f","Stratum-W11-2","W11","1",10,"Plot108_10","Stems >=10 cm DBH","Carpinus orientalis",11,0.009503317777109124
172,"Plot108","f","Stratum-W11-2","W11","2",17,"Plot108_17","Stems >=10 cm DBH","Quercus petraea",23,0.04154756284372501
3373,"Plot108","f","Stratum-W11-2","W11","1",4,"Plot108_4","Stems >=10 cm DBH","Quercus petraea",14.5,0.01651299638543135
4091,"Plot108","f","Stratum-W11-2","W11","1",12,"Plot108_12","Stems 2.5-10 cm DBH","Carpinus orientalis",5,0.001963495408493621
156,"Plot108","f","Stratum-W11-2","W11","1",1,"Plot108_1","Stems >=10 cm DBH","Carpinus orientalis",10,0.007853981633974483
166,"Plot108","f","Stratum-W11-2","W11","1",11,"Plot108_11","Stems 2.5-10 cm DBH","Carpinus orientalis",6.7,0.0035256523554911454
4090,"Plot108","f","Stratum-W11-2","W11","1",7,"Plot108_7","Stems >=10 cm DBH","Carpinus orientalis",10.2,0.008171282491987052
163,"Plot108","f","Stratum-W11-2","W11","1",8,"Plot108_8","Stems 2.5-10 cm DBH","Carpinus orientalis",5,0.001963495408493621
164,"Plot108","f","Stratum-W11-2","W11","1",9,"Plot108_9","Stems 2.5-10 cm DBH","Carpinus orientalis",6,0.0028274333882308137
177,"Plot108","f","Stratum-W11-2","W11","2",22,"Plot108_22","Stems 2.5-10 cm DBH","Cornus mas",2.8,6.157521601035993e-4
158,"Plot108","f","Stratum-W11-2","W11","1",3,"Plot108_3","Stems 2.5-10 cm DBH","Fraxinus ornus",3,7.068583470577034e-4
179,"Plot108","f","Stratum-W11-2","W11","3",24,"Plot108_24","Stems >=10 cm DBH","Quercus petraea",12.2,0.011689866264007618
180,"Plot108","f","Stratum-W11-2","W11","3",25,"Plot108_25","Stems 2.5-10 cm DBH","Carpinus orientalis",2.6,5.30929158456675e-4
4092,"Plot108","f","Stratum-W11-2","W11","2",19,"Plot108_19","Stems 2.5-10 cm DBH","Carpinus orientalis",6,0.0028274333882308137
178,"Plot108","f","Stratum-W11-2","W11","2",23,"Plot108_23","Stems >=10 cm DBH","Carpinus orientalis",10,0.007853981633974483
171,"Plot108","f","Stratum-W11-2","W11","1",16,"Plot108_16","Stems >=10 cm DBH","Carpinus orientalis",10,0.007853981633974483
3377,"Plot108","f","Stratum-W11-2","W11","2",19,"Plot108_19","Stems 2.5-10 cm DBH","Carpinus orientalis",5.1,0.002042820622996763
3378,"Plot108","f","Stratum-W11-2","W11","2",20,"Plot108_20","Stems 2.5-10 cm DBH","Carpinus orientalis",4.2,0.0013854423602330987
3375,"Plot108","f","Stratum-W11-2","W11","1",8,"Plot108_8","Stems 2.5-10 cm DBH","Carpinus orientalis",3.6,0.001017876019763093
162,"Plot108","f","Stratum-W11-2","W11","1",7,"Plot108_7","Stems >=10 cm DBH","Carpinus orientalis",18.9,0.028055207794720247
175,"Plot108","f","Stratum-W11-2","W11","2",20,"Plot108_20","Stems 2.5-10 cm DBH","Carpinus orientalis",9,0.0063617251235193305
176,"Plot108","f","Stratum-W11-2","W11","2",21,"Plot108_21","Stems >=10 cm DBH","Carpinus orientalis",16,0.020106192982974676
4480,"Plot108","f","Stratum-W11-2","W11","1",12,"Plot108_12","Stems 2.5-10 cm DBH","Carpinus orientalis",5.1,0.002042820622996763
173,"Plot108","f","Stratum-W11-2","W11","2",18,"Plot108_18","Stems >=10 cm DBH","Carpinus orientalis",14.3,0.01606060704331442
157,"Plot108","f","Stratum-W11-2","W11","1",2,"Plot108_2","Stems >=10 cm DBH","Quercus petraea",24.2,0.04599605804120816
181,"Plot108","f","Stratum-W11-2","W11","3",26,"Plot108_26","Stems >=10 cm DBH","Carpinus orientalis",10.2,0.008171282491987052
182,"Plot108","f","Stratum-W11-2","W11","3",27,"Plot108_27","Stems >=10 cm DBH","Quercus frainetto",15.1,0.01790786352362522
174,"Plot108","f","Stratum-W11-2","W11","2",19,"Plot108_19","Stems 2.5-10 cm DBH","Carpinus orientalis",6,0.0028274333882308137
161,"Plot108","f","Stratum-W11-2","W11","1",6,"Plot108_6","Stems >=10 cm DBH","Quercus petraea",12.2,0.011689866264007618
3379,"Plot108","f","Stratum-W11-2","W11","3",27,"Plot108_27","Stems >=10 cm DBH","Quercus frainetto",25.7,0.05187476329423806
159,"Plot108","f","Stratum-W11-2","W11","1",4,"Plot108_4","Stems >=10 cm DBH","Quercus petraea",18,0.025446900494077322
3376,"Plot108","f","Stratum-W11-2","W11","1",12,"Plot108_12","Stems 2.5-10 cm DBH","Carpinus orientalis",4.8,0.001809557368467721
160,"Plot108","f","Stratum-W11-2","W11","1",5,"Plot108_5","Stems >=10 cm DBH","Quercus petraea",19,0.02835287369864788
183,"Plot108","f","Stratum-W11-2","W11","3",28,"Plot108_28","Stems >=10 cm DBH","Fraxinus ornus",10,0.007853981633974483
190,"Plot121","f","Stratum-W10-1","W10","2",7,"Plot121_7","Stems 2.5-10 cm DBH","Quercus frainetto",2.5,4.908738521234052e-4
194,"Plot121","f","Stratum-W10-1","W10","3",11,"Plot121_11","Stems >=10 cm DBH","Fagus sylvatica",18,0.025446900494077322
193,"Plot121","f","Stratum-W10-1","W10","3",10,"Plot121_10","Stems 2.5-10 cm DBH","Quercus cerris",3,7.068583470577034e-4
188,"Plot121","f","Stratum-W10-1","W10","2",5,"Plot121_5","Stems >=10 cm DBH","Fagus sylvatica",14,0.015393804002589986
191,"Plot121","f","Stratum-W10-1","W10","2",8,"Plot121_8","Stems 2.5-10 cm DBH","Quercus cerris",4,0.0012566370614359172
3382,"Plot121","f","Stratum-W10-1","W10","3",11,"Plot121_11","Stems >=10 cm DBH","Fagus sylvatica",16,0.020106192982974676
186,"Plot121","f","Stratum-W10-1","W10","1",3,"Plot121_3","Stems 2.5-10 cm DBH","Quercus cerris",2.5,4.908738521234052e-4
189,"Plot121","f","Stratum-W10-1","W10","2",6,"Plot121_6","Stems 2.5-10 cm DBH","Quercus frainetto",4,0.0012566370614359172
3381,"Plot121","f","Stratum-W10-1","W10","3",9,"Plot121_9","Stems 2.5-10 cm DBH","Quercus frainetto",2.5,4.908738521234052e-4
3380,"Plot121","f","Stratum-W10-1","W10","1",1,"Plot121_1","Stems 2.5-10 cm DBH","Quercus frainetto",3,7.068583470577034e-4
187,"Plot121","f","Stratum-W10-1","W10","1",4,"Plot121_4","Stems 2.5-10 cm DBH","Quercus frainetto",2.5,4.908738521234052e-4
192,"Plot121","f","Stratum-W10-1","W10","3",9,"Plot121_9","Stems 2.5-10 cm DBH","Quercus frainetto",3,7.068583470577034e-4
184,"Plot121","f","Stratum-W10-1","W10","1",1,"Plot121_1","Stems 2.5-10 cm DBH","Quercus frainetto",4,0.0012566370614359172
185,"Plot121","f","Stratum-W10-1","W10","1",2,"Plot121_2","Stems 2.5-10 cm DBH","Juniperus oxycedrus",5,0.001963495408493621
196,"Plot122","f","Stratum-W10-1","W10","1",2,"Plot122_2","Stems >=10 cm DBH","Fagus sylvatica",10,0.007853981633974483
197,"Plot122","f","Stratum-W10-1","W10","1",3,"Plot122_3","Stems 2.5-10 cm DBH","Quercus frainetto",2.5,4.908738521234052e-4
3383,"Plot122","f","Stratum-W10-1","W10","3",9,"Plot122_9","Stems 2.5-10 cm DBH","Quercus cerris",2.5,4.908738521234052e-4
195,"Plot122","f","Stratum-W10-1","W10","1",1,"Plot122_1","Stems >=10 cm DBH","Quercus frainetto",11,0.009503317777109124
199,"Plot122","f","Stratum-W10-1","W10","2",5,"Plot122_5","Stems >=10 cm DBH","Quercus frainetto",10,0.007853981633974483
203,"Plot122","f","Stratum-W10-1","W10","3",9,"Plot122_9","Stems 2.5-10 cm DBH","Quercus cerris",3,7.068583470577034e-4
202,"Plot122","f","Stratum-W10-1","W10","3",8,"Plot122_8","Stems 2.5-10 cm DBH","Quercus frainetto",6,0.0028274333882308137
198,"Plot122","f","Stratum-W10-1","W10","1",4,"Plot122_4","Stems 2.5-10 cm DBH","Quercus frainetto",2.5,4.908738521234052e-4
201,"Plot122","f","Stratum-W10-1","W10","3",7,"Plot122_7","Stems >=10 cm DBH","Quercus frainetto",10,0.007853981633974483
200,"Plot122","f","Stratum-W10-1","W10","2",6,"Plot122_6","Stems 2.5-10 cm DBH","Quercus frainetto",2.5,4.908738521234052e-4
209,"Plot123","f","Stratum-W10-1","W10","3",6,"Plot123_6","Stems 2.5-10 cm DBH","Quercus frainetto",2.5,4.908738521234052e-4
206,"Plot123","f","Stratum-W10-1","W10","2",3,"Plot123_3","Stems 2.5-10 cm DBH","Quercus frainetto",4,0.0012566370614359172
4093,"Plot123","f","Stratum-W10-1","W10","3",4,"Plot123_4","Stems >=10 cm DBH","Fagus sylvatica",22,0.0380132711084365
204,"Plot123","f","Stratum-W10-1","W10","1",1,"Plot123_1","Stems >=10 cm DBH","Fagus sylvatica",23,0.04154756284372501
205,"Plot123","f","Stratum-W10-1","W10","2",2,"Plot123_2","Stems 2.5-10 cm DBH","Quercus frainetto",6,0.0028274333882308137
3385,"Plot123","f","Stratum-W10-1","W10","2",3,"Plot123_3","Stems 2.5-10 cm DBH","Quercus frainetto",2.5,4.908738521234052e-4
207,"Plot123","f","Stratum-W10-1","W10","3",4,"Plot123_4","Stems >=10 cm DBH","Fagus sylvatica",26,0.053092915845667506
3386,"Plot123","f","Stratum-W10-1","W10","3",4,"Plot123_4","Stems >=10 cm DBH","Fagus sylvatica",18,0.025446900494077322
3384,"Plot123","f","Stratum-W10-1","W10","1",1,"Plot123_1","Stems >=10 cm DBH","Fagus sylvatica",14,0.015393804002589986
208,"Plot123","f","Stratum-W10-1","W10","3",5,"Plot123_5","Stems 2.5-10 cm DBH","Quercus frainetto",4.5,0.0015904312808798326
220,"Plot124","f","Stratum-W10-1","W10","1",11,"Plot124_11","Stems >=10 cm DBH","Fagus sylvatica",10,0.007853981633974483
212,"Plot124","f","Stratum-W10-1","W10","1",3,"Plot124_3","Stems >=10 cm DBH","Quercus cerris",19.5,0.029864765163187968
210,"Plot124","f","Stratum-W10-1","W10","1",1,"Plot124_1","Stems >=10 cm DBH","Quercus trojana",15,0.017671458676442587
217,"Plot124","f","Stratum-W10-1","W10","1",8,"Plot124_8","Stems 2.5-10 cm DBH","Fagus sylvatica",6,0.0028274333882308137
219,"Plot124","f","Stratum-W10-1","W10","1",10,"Plot124_10","Stems >=10 cm DBH","Quercus trojana",10,0.007853981633974483
211,"Plot124","f","Stratum-W10-1","W10","1",2,"Plot124_2","Stems >=10 cm DBH","Quercus trojana",10.5,0.008659014751456867
222,"Plot124","f","Stratum-W10-1","W10","3",13,"Plot124_13","Stems >=10 cm DBH","Fagus sylvatica",10,0.007853981633974483
216,"Plot124","f","Stratum-W10-1","W10","1",7,"Plot124_7","Stems 2.5-10 cm DBH","Fagus sylvatica",4.5,0.0015904312808798326
218,"Plot124","f","Stratum-W10-1","W10","1",9,"Plot124_9","Stems 2.5-10 cm DBH","Fagus sylvatica",8.5,0.0056745017305465635
214,"Plot124","f","Stratum-W10-1","W10","1",5,"Plot124_5","Stems 2.5-10 cm DBH","Fagus sylvatica",3,7.068583470577034e-4
221,"Plot124","f","Stratum-W10-1","W10","2",12,"Plot124_12","Stems >=10 cm DBH","Fagus sylvatica",68,0.36316811075498007
215,"Plot124","f","Stratum-W10-1","W10","1",6,"Plot124_6","Stems 2.5-10 cm DBH","Fagus sylvatica",2.5,4.908738521234052e-4
213,"Plot124","f","Stratum-W10-1","W10","1",4,"Plot124_4","Stems >=10 cm DBH","Quercus cerris",20,0.031415926535897934
223,"Plot124","f","Stratum-W10-1","W10","3",14,"Plot124_14","Stems 2.5-10 cm DBH","Fagus sylvatica",4.5,0.0015904312808798326
224,"Plot124","f","Stratum-W10-1","W10","3",15,"Plot124_15","Stems 2.5-10 cm DBH","Fagus sylvatica",2.5,4.908738521234052e-4
4094,"Plot125","f","Stratum-W10-1","W10","2",5,"Plot125_5","Stems 2.5-10 cm DBH","Carpinus orientalis",2.5,4.908738521234052e-4
227,"Plot125","f","Stratum-W10-1","W10","1",3,"Plot125_3","Stems >=10 cm DBH","Quercus trojana",21,0.03463605900582747
4481,"Plot125","f","Stratum-W10-1","W10","2",5,"Plot125_5","Stems 2.5-10 cm DBH","Carpinus orientalis",2.5,4.908738521234052e-4
230,"Plot125","f","Stratum-W10-1","W10","3",6,"Plot125_6","Stems >=10 cm DBH","Quercus trojana",33,0.08552985999398212
225,"Plot125","f","Stratum-W10-1","W10","1",1,"Plot125_1","Stems >=10 cm DBH","Quercus trojana",28,0.061575216010359944
3387,"Plot125","f","Stratum-W10-1","W10","2",5,"Plot125_5","Stems 2.5-10 cm DBH","Carpinus orientalis",3,7.068583470577034e-4
229,"Plot125","f","Stratum-W10-1","W10","2",5,"Plot125_5","Stems 2.5-10 cm DBH","Carpinus orientalis",4,0.0012566370614359172
228,"Plot125","f","Stratum-W10-1","W10","2",4,"Plot125_4","Stems >=10 cm DBH","Quercus trojana",24,0.04523893421169302
226,"Plot125","f","Stratum-W10-1","W10","1",2,"Plot125_2","Stems >=10 cm DBH","Quercus trojana",37,0.10752100856911068
3388,"Plot126","f","Stratum-W10-1","W10","2",3,"Plot126_3","Stems >=10 cm DBH","Carpinus orientalis",13,0.013273228961416876
233,"Plot126","f","Stratum-W10-1","W10","2",3,"Plot126_3","Stems >=10 cm DBH","Carpinus orientalis",18,0.025446900494077322
232,"Plot126","f","Stratum-W10-1","W10","1",2,"Plot126_2","Stems 2.5-10 cm DBH","Rosa sp.",2.5,4.908738521234052e-4
235,"Plot126","f","Stratum-W10-1","W10","3",5,"Plot126_5","Stems >=10 cm DBH","Quercus trojana",35.5,0.09897980354216342
234,"Plot126","f","Stratum-W10-1","W10","3",4,"Plot126_4","Stems >=10 cm DBH","Quercus trojana",23,0.04154756284372501
231,"Plot126","f","Stratum-W10-1","W10","1",1,"Plot126_1","Stems 2.5-10 cm DBH","Carpinus orientalis",2.5,4.908738521234052e-4
3389,"Plot126","f","Stratum-W10-1","W10","3",4,"Plot126_4","Stems >=10 cm DBH","Quercus trojana",12.5,0.01227184630308513
4095,"Plot126","f","Stratum-W10-1","W10","2",3,"Plot126_3","Stems 2.5-10 cm DBH","Carpinus orientalis",7,0.0038484510006474965
239,"Plot127","f","Stratum-W10-1","W10","3",4,"Plot127_4","Stems >=10 cm DBH","Quercus trojana",20,0.031415926535897934
236,"Plot127","f","Stratum-W10-1","W10","1",1,"Plot127_1","Stems >=10 cm DBH","Quercus trojana",21.5,0.036305030103047045
238,"Plot127","f","Stratum-W10-1","W10","2",3,"Plot127_3","Stems 2.5-10 cm DBH","Juniperus oxycedrus",2.5,4.908738521234052e-4
237,"Plot127","f","Stratum-W10-1","W10","1",2,"Plot127_2","Stems >=10 cm DBH","Quercus trojana",28,0.061575216010359944
3390,"Plot127","f","Stratum-W10-1","W10","1",1,"Plot127_1","Stems >=10 cm DBH","Quercus trojana",29,0.0660519855417254
242,"Plot128","f","Stratum-W10-1","W10","2",3,"Plot128_3","Stems 2.5-10 cm DBH","Quercus trojana",6,0.0028274333882308137
3391,"Plot128","f","Stratum-W10-1","W10","2",3,"Plot128_3","Stems 2.5-10 cm DBH","Quercus trojana",8.5,0.0056745017305465635
241,"Plot128","f","Stratum-W10-1","W10","1",2,"Plot128_2","Stems >=10 cm DBH","Quercus trojana",21,0.03463605900582747
243,"Plot128","f","Stratum-W10-1","W10","3",4,"Plot128_4","Stems 2.5-10 cm DBH","Quercus trojana",4.5,0.0015904312808798326
240,"Plot128","f","Stratum-W10-1","W10","1",1,"Plot128_1","Stems >=10 cm DBH","Quercus trojana",26,0.053092915845667506
245,"Plot129","f","Stratum-W10-1","W10","1",2,"Plot129_2","Stems >=10 cm DBH","Quercus trojana",20,0.031415926535897934
249,"Plot129","f","Stratum-W10-1","W10","1",6,"Plot129_6","Stems 2.5-10 cm DBH","Quercus trojana",4,0.0012566370614359172
246,"Plot129","f","Stratum-W10-1","W10","1",3,"Plot129_3","Stems >=10 cm DBH","Quercus trojana",14.5,0.01651299638543135
248,"Plot129","f","Stratum-W10-1","W10","1",5,"Plot129_5","Stems >=10 cm DBH","Quercus trojana",16.5,0.02138246499849553
253,"Plot129","f","Stratum-W10-1","W10","3",10,"Plot129_10","Stems 2.5-10 cm DBH","Quercus trojana",4,0.0012566370614359172
247,"Plot129","f","Stratum-W10-1","W10","1",4,"Plot129_4","Stems >=10 cm DBH","Quercus trojana",23,0.04154756284372501
251,"Plot129","f","Stratum-W10-1","W10","2",8,"Plot129_8","Stems 2.5-10 cm DBH","Quercus trojana",4.5,0.0015904312808798326
244,"Plot129","f","Stratum-W10-1","W10","1",1,"Plot129_1","Stems >=10 cm DBH","Quercus trojana",38,0.11341149479459152
250,"Plot129","f","Stratum-W10-1","W10","1",7,"Plot129_7","Stems 2.5-10 cm DBH","Juniperus oxycedrus",2.5,4.908738521234052e-4
252,"Plot129","f","Stratum-W10-1","W10","2",9,"Plot129_9","Stems 2.5-10 cm DBH","Quercus trojana",2.5,4.908738521234052e-4
3392,"Plot129","f","Stratum-W10-1","W10","1",3,"Plot129_3","Stems >=10 cm DBH","Quercus trojana",18,0.025446900494077322
258,"Plot130","f","Stratum-W10-1","W10","2",5,"Plot130_5","Stems 2.5-10 cm DBH","Juniperus oxycedrus",4.5,0.0015904312808798326
262,"Plot130","f","Stratum-W10-1","W10","3",9,"Plot130_9","Stems 2.5-10 cm DBH","Acer monspessulanum",3.5,9.621127501618741e-4
260,"Plot130","f","Stratum-W10-1","W10","2",7,"Plot130_7","Stems >=10 cm DBH","Quercus petraea",29.5,0.06834927516966294
257,"Plot130","f","Stratum-W10-1","W10","2",4,"Plot130_4","Stems 2.5-10 cm DBH","Quercus petraea",7,0.0038484510006474965
259,"Plot130","f","Stratum-W10-1","W10","2",6,"Plot130_6","Stems 2.5-10 cm DBH","Juniperus oxycedrus",4,0.0012566370614359172
255,"Plot130","f","Stratum-W10-1","W10","1",2,"Plot130_2","Stems >=10 cm DBH","Quercus trojana",42,0.13854423602330987
263,"Plot130","f","Stratum-W10-1","W10","3",10,"Plot130_10","Stems >=10 cm DBH","Quercus petraea",18,0.025446900494077322
261,"Plot130","f","Stratum-W10-1","W10","3",8,"Plot130_8","Stems 2.5-10 cm DBH","Quercus petraea",6,0.0028274333882308137
256,"Plot130","f","Stratum-W10-1","W10","2",3,"Plot130_3","Stems >=10 cm DBH","Quercus petraea",11,0.009503317777109124
254,"Plot130","f","Stratum-W10-1","W10","1",1,"Plot130_1","Stems >=10 cm DBH","Quercus petraea",34,0.09079202768874502
269,"Plot131","f","Stratum-W10-1","W10","3",6,"Plot131_6","Stems >=10 cm DBH","Quercus petraea",32,0.0804247719318987
270,"Plot131","f","Stratum-W10-1","W10","3",7,"Plot131_7","Stems >=10 cm DBH","Quercus petraea",28,0.061575216010359944
273,"Plot131","f","Stratum-W10-1","W10","3",10,"Plot131_10","Stems 2.5-10 cm DBH","Juniperus oxycedrus",2.5,4.908738521234052e-4
265,"Plot131","f","Stratum-W10-1","W10","1",2,"Plot131_2","Stems >=10 cm DBH","Carpinus orientalis",10,0.007853981633974483
264,"Plot131","f","Stratum-W10-1","W10","1",1,"Plot131_1","Stems >=10 cm DBH","Quercus petraea",41,0.13202543126711105
267,"Plot131","f","Stratum-W10-1","W10","2",4,"Plot131_4","Stems 2.5-10 cm DBH","Carpinus orientalis",4,0.0012566370614359172
268,"Plot131","f","Stratum-W10-1","W10","3",5,"Plot131_5","Stems >=10 cm DBH","Quercus petraea",38,0.11341149479459152
271,"Plot131","f","Stratum-W10-1","W10","3",8,"Plot131_8","Stems 2.5-10 cm DBH","Juniperus oxycedrus",4.5,0.0015904312808798326
272,"Plot131","f","Stratum-W10-1","W10","3",9,"Plot131_9","Stems 2.5-10 cm DBH","Juniperus oxycedrus",3,7.068583470577034e-4
266,"Plot131","f","Stratum-W10-1","W10","2",3,"Plot131_3","Stems 2.5-10 cm DBH","Carpinus orientalis",5,0.001963495408493621
279,"Plot132","f","Stratum-W10-1","W10","2",6,"Plot132_6","Stems >=10 cm DBH","Quercus petraea",10,0.007853981633974483
274,"Plot132","f","Stratum-W10-1","W10","1",1,"Plot132_1","Stems >=10 cm DBH","Quercus trojana",17,0.022698006922186254
277,"Plot132","f","Stratum-W10-1","W10","1",4,"Plot132_4","Stems >=10 cm DBH","Quercus trojana",23.5,0.043373613573624084
278,"Plot132","f","Stratum-W10-1","W10","2",5,"Plot132_5","Stems >=10 cm DBH","Quercus petraea",25,0.04908738521234052
275,"Plot132","f","Stratum-W10-1","W10","1",2,"Plot132_2","Stems >=10 cm DBH","Quercus petraea",35,0.09621127501618741
280,"Plot132","f","Stratum-W10-1","W10","3",7,"Plot132_7","Stems >=10 cm DBH","Quercus petraea",21,0.03463605900582747
281,"Plot132","f","Stratum-W10-1","W10","3",8,"Plot132_8","Stems 2.5-10 cm DBH","Quercus petraea",7,0.0038484510006474965
276,"Plot132","f","Stratum-W10-1","W10","1",3,"Plot132_3","Stems 2.5-10 cm DBH","Quercus frainetto",8,0.005026548245743669
285,"Plot145","f","Stratum-W17-1","W17","2",4,"Plot145_4","Stems >=10 cm DBH","Quercus pubescens",12,0.011309733552923255
3394,"Plot145","f","Stratum-W17-1","W17","3",5,"Plot145_5","Stems >=10 cm DBH","Quercus pubescens",12,0.011309733552923255
284,"Plot145","f","Stratum-W17-1","W17","2",3,"Plot145_3","Stems >=10 cm DBH","Quercus pubescens",11,0.009503317777109124
286,"Plot145","f","Stratum-W17-1","W17","3",5,"Plot145_5","Stems >=10 cm DBH","Quercus pubescens",11,0.009503317777109124
3393,"Plot145","f","Stratum-W17-1","W17","2",2,"Plot145_2","Stems >=10 cm DBH","Quercus pubescens",10,0.007853981633974483
283,"Plot145","f","Stratum-W17-1","W17","2",2,"Plot145_2","Stems >=10 cm DBH","Quercus pubescens",10,0.007853981633974483
282,"Plot145","f","Stratum-W17-1","W17","1",1,"Plot145_1","Stems >=10 cm DBH","Quercus pubescens",13,0.013273228961416876
4096,"Plot145","f","Stratum-W17-1","W17","2",2,"Plot145_2","Stems 2.5-10 cm DBH","Quercus pubescens",9,0.0063617251235193305
287,"Plot146","f","Stratum-W17-1","W17","2",1,"Plot146_1","Stems >=10 cm DBH","Quercus petraea",19,0.02835287369864788
289,"Plot146","f","Stratum-W17-1","W17","3",3,"Plot146_3","Stems 2.5-10 cm DBH","Crataegus monogyna",3,7.068583470577034e-4
290,"Plot146","f","Stratum-W17-1","W17","3",4,"Plot146_4","Stems >=10 cm DBH","Quercus petraea",22,0.0380132711084365
288,"Plot146","f","Stratum-W17-1","W17","2",2,"Plot146_2","Stems >=10 cm DBH","Quercus petraea",14,0.015393804002589986
297,"Plot150","f","Stratum-W17-1","W17","3",7,"Plot150_7","Stems >=10 cm DBH","Quercus frainetto",25,0.04908738521234052
292,"Plot150","f","Stratum-W17-1","W17","2",2,"Plot150_2","Stems >=10 cm DBH","Quercus frainetto",24,0.04523893421169302
293,"Plot150","f","Stratum-W17-1","W17","2",3,"Plot150_3","Stems >=10 cm DBH","Quercus frainetto",15,0.017671458676442587
298,"Plot150","f","Stratum-W17-1","W17","3",8,"Plot150_8","Stems >=10 cm DBH","Quercus frainetto",18,0.025446900494077322
291,"Plot150","f","Stratum-W17-1","W17","2",1,"Plot150_1","Stems >=10 cm DBH","Quercus frainetto",21,0.03463605900582747
295,"Plot150","f","Stratum-W17-1","W17","3",5,"Plot150_5","Stems >=10 cm DBH","Quercus frainetto",18,0.025446900494077322
296,"Plot150","f","Stratum-W17-1","W17","3",6,"Plot150_6","Stems >=10 cm DBH","Quercus frainetto",24,0.04523893421169302
294,"Plot150","f","Stratum-W17-1","W17","2",4,"Plot150_4","Stems >=10 cm DBH","Quercus frainetto",19,0.02835287369864788
299,"Plot153","f","Stratum-W17-1","W17","1",1,"Plot153_1","Stems >=10 cm DBH","Fagus sylvatica",45,0.15904312808798327
3400,"Plot153","f","Stratum-W17-1","W17","3",32,"Plot153_32","Stems >=10 cm DBH","Fagus sylvatica",49,0.18857409903172734
301,"Plot153","f","Stratum-W17-1","W17","1",3,"Plot153_3","Stems >=10 cm DBH","Fagus sylvatica",10,0.007853981633974483
3399,"Plot153","f","Stratum-W17-1","W17","3",31,"Plot153_31","Stems >=10 cm DBH","Fagus sylvatica",43,0.14522012041218818
327,"Plot153","f","Stratum-W17-1","W17","3",29,"Plot153_29","Stems >=10 cm DBH","Fagus sylvatica",45,0.15904312808798327
300,"Plot153","f","Stratum-W17-1","W17","1",2,"Plot153_2","Stems >=10 cm DBH","Fagus sylvatica",15,0.017671458676442587
325,"Plot153","f","Stratum-W17-1","W17","1",27,"Plot153_27","Stems >=10 cm DBH","Fagus sylvatica",37,0.10752100856911068
326,"Plot153","f","Stratum-W17-1","W17","3",28,"Plot153_28","Stems >=10 cm DBH","Fagus sylvatica",60,0.2827433388230814
331,"Plot153","f","Stratum-W17-1","W17","3",33,"Plot153_33","Stems >=10 cm DBH","Fagus sylvatica",55,0.23758294442772812
324,"Plot153","f","Stratum-W17-1","W17","1",26,"Plot153_26","Stems >=10 cm DBH","Fagus sylvatica",47,0.17349445429449634
329,"Plot153","f","Stratum-W17-1","W17","3",31,"Plot153_31","Stems >=10 cm DBH","Fagus sylvatica",48,0.18095573684677208
330,"Plot153","f","Stratum-W17-1","W17","3",32,"Plot153_32","Stems >=10 cm DBH","Fagus sylvatica",47,0.17349445429449634
336,"Plot153","f","Stratum-W17-1","W17","3",38,"Plot153_38","Stems >=10 cm DBH","Fagus sylvatica",45,0.15904312808798327
337,"Plot153","f","Stratum-W17-1","W17","3",39,"Plot153_39","Stems >=10 cm DBH","Fagus sylvatica",56,0.24630086404143978
338,"Plot153","f","Stratum-W17-1","W17","3",40,"Plot153_40","Stems >=10 cm DBH","Fagus sylvatica",57,0.25517586328783093
310,"Plot153","f","Stratum-W17-1","W17","1",12,"Plot153_12","Stems >=10 cm DBH","Fagus sylvatica",43,0.14522012041218818
311,"Plot153","f","Stratum-W17-1","W17","1",13,"Plot153_13","Stems >=10 cm DBH","Fagus sylvatica",17,0.022698006922186254
312,"Plot153","f","Stratum-W17-1","W17","1",14,"Plot153_14","Stems 2.5-10 cm DBH","Fagus sylvatica",7.5,0.004417864669110647
328,"Plot153","f","Stratum-W17-1","W17","3",30,"Plot153_30","Stems >=10 cm DBH","Fagus sylvatica",53,0.22061834409834324
315,"Plot153","f","Stratum-W17-1","W17","2",17,"Plot153_17","Stems >=10 cm DBH","Fagus sylvatica",55,0.23758294442772812
316,"Plot153","f","Stratum-W17-1","W17","2",18,"Plot153_18","Stems >=10 cm DBH","Fagus sylvatica",38,0.11341149479459152
317,"Plot153","f","Stratum-W17-1","W17","2",19,"Plot153_19","Stems >=10 cm DBH","Fagus sylvatica",47,0.17349445429449634
3395,"Plot153","f","Stratum-W17-1","W17","1",12,"Plot153_12","Stems >=10 cm DBH","Fagus sylvatica",48,0.18095573684677208
334,"Plot153","f","Stratum-W17-1","W17","3",36,"Plot153_36","Stems >=10 cm DBH","Fagus sylvatica",49,0.18857409903172734
335,"Plot153","f","Stratum-W17-1","W17","3",37,"Plot153_37","Stems >=10 cm DBH","Fagus sylvatica",37,0.10752100856911068
3398,"Plot153","f","Stratum-W17-1","W17","1",27,"Plot153_27","Stems >=10 cm DBH","Fagus sylvatica",41,0.13202543126711105
322,"Plot153","f","Stratum-W17-1","W17","1",24,"Plot153_24","Stems >=10 cm DBH","Fagus sylvatica",36,0.10178760197630929
323,"Plot153","f","Stratum-W17-1","W17","1",25,"Plot153_25","Stems >=10 cm DBH","Fagus sylvatica",45,0.15904312808798327
306,"Plot153","f","Stratum-W17-1","W17","1",8,"Plot153_8","Stems >=10 cm DBH","Fagus sylvatica",58,0.2642079421669016
3397,"Plot153","f","Stratum-W17-1","W17","1",14,"Plot153_14","Stems >=10 cm DBH","Fagus sylvatica",11,0.009503317777109124
307,"Plot153","f","Stratum-W17-1","W17","1",9,"Plot153_9","Stems >=10 cm DBH","Fagus sylvatica",13,0.013273228961416876
313,"Plot153","f","Stratum-W17-1","W17","2",15,"Plot153_15","Stems >=10 cm DBH","Fagus sylvatica",60,0.2827433388230814
314,"Plot153","f","Stratum-W17-1","W17","2",16,"Plot153_16","Stems >=10 cm DBH","Fagus sylvatica",45,0.15904312808798327
318,"Plot153","f","Stratum-W17-1","W17","2",20,"Plot153_20","Stems >=10 cm DBH","Fagus sylvatica",65,0.3318307240354219
333,"Plot153","f","Stratum-W17-1","W17","3",35,"Plot153_35","Stems >=10 cm DBH","Fagus sylvatica",58,0.2642079421669016
302,"Plot153","f","Stratum-W17-1","W17","1",4,"Plot153_4","Stems >=10 cm DBH","Fagus sylvatica",11,0.009503317777109124
3396,"Plot153","f","Stratum-W17-1","W17","1",13,"Plot153_13","Stems 2.5-10 cm DBH","Fagus sylvatica",5.5,0.002375829444277281
305,"Plot153","f","Stratum-W17-1","W17","1",7,"Plot153_7","Stems >=10 cm DBH","Fagus sylvatica",55,0.23758294442772812
308,"Plot153","f","Stratum-W17-1","W17","1",10,"Plot153_10","Stems >=10 cm DBH","Fagus sylvatica",78,0.4778362426110075
309,"Plot153","f","Stratum-W17-1","W17","1",11,"Plot153_11","Stems >=10 cm DBH","Fagus sylvatica",59,0.27339710067865175
304,"Plot153","f","Stratum-W17-1","W17","1",6,"Plot153_6","Stems >=10 cm DBH","Fagus sylvatica",60,0.2827433388230814
320,"Plot153","f","Stratum-W17-1","W17","2",22,"Plot153_22","Stems >=10 cm DBH","Fagus sylvatica",47,0.17349445429449634
321,"Plot153","f","Stratum-W17-1","W17","1",23,"Plot153_23","Stems >=10 cm DBH","Fagus sylvatica",48,0.18095573684677208
303,"Plot153","f","Stratum-W17-1","W17","1",5,"Plot153_5","Stems >=10 cm DBH","Fagus sylvatica",15,0.017671458676442587
319,"Plot153","f","Stratum-W17-1","W17","2",21,"Plot153_21","Stems >=10 cm DBH","Fagus sylvatica",53,0.22061834409834324
332,"Plot153","f","Stratum-W17-1","W17","3",34,"Plot153_34","Stems >=10 cm DBH","Fagus sylvatica",53,0.22061834409834324
339,"Plot154","f","Stratum-W17-1","W17","3",1,"Plot154_1","Stems >=10 cm DBH","Quercus petraea",27,0.05725552611167398
341,"Plot155","f","Stratum-W17-1","W17","1",2,"Plot155_2","Stems >=10 cm DBH","Quercus frainetto",17,0.022698006922186254
372,"Plot155","f","Stratum-W17-1","W17","3",33,"Plot155_33","Stems >=10 cm DBH","Quercus frainetto",22,0.0380132711084365
367,"Plot155","f","Stratum-W17-1","W17","2",28,"Plot155_28","Stems >=10 cm DBH","Quercus frainetto",26,0.053092915845667506
342,"Plot155","f","Stratum-W17-1","W17","1",3,"Plot155_3","Stems >=10 cm DBH","Quercus frainetto",16,0.020106192982974676
368,"Plot155","f","Stratum-W17-1","W17","2",29,"Plot155_29","Stems >=10 cm DBH","Quercus frainetto",28,0.061575216010359944
369,"Plot155","f","Stratum-W17-1","W17","3",30,"Plot155_30","Stems >=10 cm DBH","Quercus frainetto",29,0.0660519855417254
381,"Plot155","f","Stratum-W17-1","W17","3",42,"Plot155_42","Stems >=10 cm DBH","Quercus frainetto",20,0.031415926535897934
366,"Plot155","f","Stratum-W17-1","W17","2",27,"Plot155_27","Stems >=10 cm DBH","Quercus frainetto",24,0.04523893421169302
343,"Plot155","f","Stratum-W17-1","W17","1",4,"Plot155_4","Stems >=10 cm DBH","Quercus frainetto",21,0.03463605900582747
373,"Plot155","f","Stratum-W17-1","W17","3",34,"Plot155_34","Stems >=10 cm DBH","Quercus frainetto",24,0.04523893421169302
371,"Plot155","f","Stratum-W17-1","W17","3",32,"Plot155_32","Stems >=10 cm DBH","Quercus frainetto",17,0.022698006922186254
353,"Plot155","f","Stratum-W17-1","W17","1",14,"Plot155_14","Stems 2.5-10 cm DBH","Quercus frainetto",9,0.0063617251235193305
380,"Plot155","f","Stratum-W17-1","W17","3",41,"Plot155_41","Stems >=10 cm DBH","Quercus frainetto",19,0.02835287369864788
340,"Plot155","f","Stratum-W17-1","W17","1",1,"Plot155_1","Stems >=10 cm DBH","Quercus frainetto",15,0.017671458676442587
370,"Plot155","f","Stratum-W17-1","W17","3",31,"Plot155_31","Stems >=10 cm DBH","Quercus frainetto",19,0.02835287369864788
374,"Plot155","f","Stratum-W17-1","W17","3",35,"Plot155_35","Stems >=10 cm DBH","Quercus frainetto",23,0.04154756284372501
356,"Plot155","f","Stratum-W17-1","W17","2",17,"Plot155_17","Stems >=10 cm DBH","Quercus frainetto",18,0.025446900494077322
357,"Plot155","f","Stratum-W17-1","W17","2",18,"Plot155_18","Stems >=10 cm DBH","Quercus frainetto",22,0.0380132711084365
352,"Plot155","f","Stratum-W17-1","W17","1",13,"Plot155_13","Stems >=10 cm DBH","Quercus frainetto",15,0.017671458676442587
378,"Plot155","f","Stratum-W17-1","W17","3",39,"Plot155_39","Stems >=10 cm DBH","Quercus frainetto",22,0.0380132711084365
379,"Plot155","f","Stratum-W17-1","W17","3",40,"Plot155_40","Stems >=10 cm DBH","Quercus frainetto",21,0.03463605900582747
365,"Plot155","f","Stratum-W17-1","W17","2",26,"Plot155_26","Stems >=10 cm DBH","Quercus frainetto",25,0.04908738521234052
358,"Plot155","f","Stratum-W17-1","W17","2",19,"Plot155_19","Stems >=10 cm DBH","Quercus frainetto",19,0.02835287369864788
377,"Plot155","f","Stratum-W17-1","W17","3",38,"Plot155_38","Stems >=10 cm DBH","Quercus frainetto",19,0.02835287369864788
344,"Plot155","f","Stratum-W17-1","W17","1",5,"Plot155_5","Stems >=10 cm DBH","Quercus frainetto",14,0.015393804002589986
354,"Plot155","f","Stratum-W17-1","W17","2",15,"Plot155_15","Stems >=10 cm DBH","Quercus frainetto",18,0.025446900494077322
351,"Plot155","f","Stratum-W17-1","W17","1",12,"Plot155_12","Stems >=10 cm DBH","Quercus frainetto",16,0.020106192982974676
376,"Plot155","f","Stratum-W17-1","W17","3",37,"Plot155_37","Stems >=10 cm DBH","Quercus frainetto",18,0.025446900494077322
363,"Plot155","f","Stratum-W17-1","W17","2",24,"Plot155_24","Stems >=10 cm DBH","Quercus frainetto",18,0.025446900494077322
345,"Plot155","f","Stratum-W17-1","W17","1",6,"Plot155_6","Stems >=10 cm DBH","Quercus frainetto",15,0.017671458676442587
355,"Plot155","f","Stratum-W17-1","W17","2",16,"Plot155_16","Stems >=10 cm DBH","Quercus frainetto",15,0.017671458676442587
349,"Plot155","f","Stratum-W17-1","W17","1",10,"Plot155_10","Stems >=10 cm DBH","Quercus frainetto",14,0.015393804002589986
361,"Plot155","f","Stratum-W17-1","W17","2",22,"Plot155_22","Stems >=10 cm DBH","Quercus frainetto",19,0.02835287369864788
364,"Plot155","f","Stratum-W17-1","W17","2",25,"Plot155_25","Stems >=10 cm DBH","Quercus frainetto",22,0.0380132711084365
350,"Plot155","f","Stratum-W17-1","W17","1",11,"Plot155_11","Stems >=10 cm DBH","Quercus frainetto",22,0.0380132711084365
359,"Plot155","f","Stratum-W17-1","W17","2",20,"Plot155_20","Stems >=10 cm DBH","Quercus frainetto",18,0.025446900494077322
360,"Plot155","f","Stratum-W17-1","W17","2",21,"Plot155_21","Stems >=10 cm DBH","Quercus frainetto",17,0.022698006922186254
362,"Plot155","f","Stratum-W17-1","W17","2",23,"Plot155_23","Stems >=10 cm DBH","Quercus frainetto",22,0.0380132711084365
348,"Plot155","f","Stratum-W17-1","W17","1",9,"Plot155_9","Stems >=10 cm DBH","Quercus frainetto",15,0.017671458676442587
375,"Plot155","f","Stratum-W17-1","W17","3",36,"Plot155_36","Stems >=10 cm DBH","Quercus frainetto",22,0.0380132711084365
347,"Plot155","f","Stratum-W17-1","W17","1",8,"Plot155_8","Stems >=10 cm DBH","Quercus frainetto",26,0.053092915845667506
346,"Plot155","f","Stratum-W17-1","W17","1",7,"Plot155_7","Stems >=10 cm DBH","Quercus frainetto",21,0.03463605900582747
382,"Plot156","f","Stratum-W17-1","W17","1",1,"Plot156_1","Stems >=10 cm DBH","Quercus frainetto",12,0.011309733552923255
383,"Plot156","f","Stratum-W17-1","W17","1",2,"Plot156_2","Stems >=10 cm DBH","Quercus frainetto",13,0.013273228961416876
385,"Plot156","f","Stratum-W17-1","W17","1",4,"Plot156_4","Stems >=10 cm DBH","Quercus frainetto",17,0.022698006922186254
393,"Plot156","f","Stratum-W17-1","W17","2",12,"Plot156_12","Stems >=10 cm DBH","Quercus frainetto",14,0.015393804002589986
394,"Plot156","f","Stratum-W17-1","W17","3",13,"Plot156_13","Stems >=10 cm DBH","Quercus frainetto",14,0.015393804002589986
3401,"Plot156","f","Stratum-W17-1","W17","1",1,"Plot156_1","Stems >=10 cm DBH","Quercus frainetto",13,0.013273228961416876
398,"Plot156","f","Stratum-W17-1","W17","3",17,"Plot156_17","Stems >=10 cm DBH","Quercus frainetto",14,0.015393804002589986
399,"Plot156","f","Stratum-W17-1","W17","3",18,"Plot156_18","Stems >=10 cm DBH","Quercus frainetto",11,0.009503317777109124
395,"Plot156","f","Stratum-W17-1","W17","3",14,"Plot156_14","Stems >=10 cm DBH","Quercus frainetto",15,0.017671458676442587
384,"Plot156","f","Stratum-W17-1","W17","1",3,"Plot156_3","Stems >=10 cm DBH","Quercus frainetto",15,0.017671458676442587
392,"Plot156","f","Stratum-W17-1","W17","2",11,"Plot156_11","Stems >=10 cm DBH","Quercus frainetto",16,0.020106192982974676
397,"Plot156","f","Stratum-W17-1","W17","3",16,"Plot156_16","Stems >=10 cm DBH","Quercus frainetto",16,0.020106192982974676
400,"Plot156","f","Stratum-W17-1","W17","3",19,"Plot156_19","Stems >=10 cm DBH","Quercus frainetto",14,0.015393804002589986
386,"Plot156","f","Stratum-W17-1","W17","1",5,"Plot156_5","Stems >=10 cm DBH","Quercus frainetto",18,0.025446900494077322
396,"Plot156","f","Stratum-W17-1","W17","3",15,"Plot156_15","Stems >=10 cm DBH","Quercus frainetto",17,0.022698006922186254
391,"Plot156","f","Stratum-W17-1","W17","2",10,"Plot156_10","Stems >=10 cm DBH","Quercus frainetto",17,0.022698006922186254
4482,"Plot156","f","Stratum-W17-1","W17","1",1,"Plot156_1","Stems >=10 cm DBH","Quercus frainetto",17,0.022698006922186254
403,"Plot156","f","Stratum-W17-1","W17","3",22,"Plot156_22","Stems >=10 cm DBH","Quercus frainetto",16,0.020106192982974676
402,"Plot156","f","Stratum-W17-1","W17","3",21,"Plot156_21","Stems >=10 cm DBH","Quercus frainetto",15,0.017671458676442587
387,"Plot156","f","Stratum-W17-1","W17","1",6,"Plot156_6","Stems >=10 cm DBH","Quercus frainetto",21,0.03463605900582747
390,"Plot156","f","Stratum-W17-1","W17","2",9,"Plot156_9","Stems >=10 cm DBH","Quercus frainetto",15,0.017671458676442587
388,"Plot156","f","Stratum-W17-1","W17","1",7,"Plot156_7","Stems 2.5-10 cm DBH","Quercus frainetto",9,0.0063617251235193305
389,"Plot156","f","Stratum-W17-1","W17","2",8,"Plot156_8","Stems >=10 cm DBH","Quercus frainetto",14,0.015393804002589986
401,"Plot156","f","Stratum-W17-1","W17","3",20,"Plot156_20","Stems >=10 cm DBH","Quercus frainetto",18,0.025446900494077322
4097,"Plot156","f","Stratum-W17-1","W17","1",1,"Plot156_1","Stems >=10 cm DBH","Quercus frainetto",15,0.017671458676442587
3403,"Plot169","f","Stratum-W21-1","W21","2",2,"Plot169_2","Stems 2.5-10 cm DBH","Phillyrea latifolia",3.5,9.621127501618741e-4
3404,"Plot169","f","Stratum-W21-1","W21","2",3,"Plot169_3","Stems 2.5-10 cm DBH","Phillyrea latifolia",3,7.068583470577034e-4
3402,"Plot169","f","Stratum-W21-1","W21","1",1,"Plot169_1","Stems 2.5-10 cm DBH","Quercus coccifera",4,0.0012566370614359172
407,"Plot169","f","Stratum-W21-1","W21","2",4,"Plot169_4","Stems 2.5-10 cm DBH","Quercus coccifera",5.5,0.002375829444277281
404,"Plot169","f","Stratum-W21-1","W21","1",1,"Plot169_1","Stems 2.5-10 cm DBH","Quercus coccifera",3.5,9.621127501618741e-4
4098,"Plot169","f","Stratum-W21-1","W21","2",2,"Plot169_2","Stems 2.5-10 cm DBH","Phillyrea latifolia",3,7.068583470577034e-4
3405,"Plot169","f","Stratum-W21-1","W21","2",4,"Plot169_4","Stems 2.5-10 cm DBH","Quercus coccifera",3,7.068583470577034e-4
406,"Plot169","f","Stratum-W21-1","W21","2",3,"Plot169_3","Stems 2.5-10 cm DBH","Phillyrea latifolia",6,0.0028274333882308137
405,"Plot169","f","Stratum-W21-1","W21","2",2,"Plot169_2","Stems 2.5-10 cm DBH","Phillyrea latifolia",5,0.001963495408493621
4099,"Plot169","f","Stratum-W21-1","W21","2",3,"Plot169_3","Stems 2.5-10 cm DBH","Phillyrea latifolia",4,0.0012566370614359172
409,"Plot170","f","Stratum-W21-1","W21","2",2,"Plot170_2","Stems 2.5-10 cm DBH","Quercus coccifera",2.5,4.908738521234052e-4
412,"Plot170","f","Stratum-W21-1","W21","3",5,"Plot170_5","Stems 2.5-10 cm DBH","Quercus coccifera",2.5,4.908738521234052e-4
408,"Plot170","f","Stratum-W21-1","W21","3",1,"Plot170_1","Stems >=10 cm DBH","Pinus brutia",25,0.04908738521234052
3408,"Plot170","f","Stratum-W21-1","W21","3",5,"Plot170_5","Stems 2.5-10 cm DBH","Quercus coccifera",3,7.068583470577034e-4
410,"Plot170","f","Stratum-W21-1","W21","2",3,"Plot170_3","Stems 2.5-10 cm DBH","Phillyrea latifolia",3,7.068583470577034e-4
3407,"Plot170","f","Stratum-W21-1","W21","3",4,"Plot170_4","Stems 2.5-10 cm DBH","Quercus coccifera",2.5,4.908738521234052e-4
3406,"Plot170","f","Stratum-W21-1","W21","2",3,"Plot170_3","Stems 2.5-10 cm DBH","Phillyrea latifolia",3,7.068583470577034e-4
411,"Plot170","f","Stratum-W21-1","W21","3",4,"Plot170_4","Stems 2.5-10 cm DBH","Quercus coccifera",2.5,4.908738521234052e-4
4101,"Plot170","f","Stratum-W21-1","W21","3",5,"Plot170_5","Stems 2.5-10 cm DBH","Quercus coccifera",2.5,4.908738521234052e-4
4100,"Plot170","f","Stratum-W21-1","W21","2",3,"Plot170_3","Stems 2.5-10 cm DBH","Phillyrea latifolia",2.5,4.908738521234052e-4
413,"Plot171","f","Stratum-W21-1","W21","1",1,"Plot171_1","Stems 2.5-10 cm DBH","Quercus coccifera",2.5,4.908738521234052e-4
421,"Plot173","f","Stratum-W21-1","W21","3",8,"Plot173_8","Stems >=10 cm DBH","Pinus brutia",13,0.013273228961416876
414,"Plot173","f","Stratum-W21-1","W21","1",1,"Plot173_1","Stems 2.5-10 cm DBH","Juniperus oxycedrus",2.5,4.908738521234052e-4
4102,"Plot173","f","Stratum-W21-1","W21","1",2,"Plot173_2","Stems 2.5-10 cm DBH","Phillyrea latifolia",3,7.068583470577034e-4
4103,"Plot173","f","Stratum-W21-1","W21","1",3,"Plot173_3","Stems 2.5-10 cm DBH","Quercus coccifera",2.5,4.908738521234052e-4
420,"Plot173","f","Stratum-W21-1","W21","2",7,"Plot173_7","Stems 2.5-10 cm DBH","Phillyrea latifolia",3.5,9.621127501618741e-4
423,"Plot173","f","Stratum-W21-1","W21","3",10,"Plot173_10","Stems 2.5-10 cm DBH","Phillyrea latifolia",2.5,4.908738521234052e-4
4483,"Plot173","f","Stratum-W21-1","W21","1",2,"Plot173_2","Stems 2.5-10 cm DBH","Phillyrea latifolia",2.5,4.908738521234052e-4
4104,"Plot173","f","Stratum-W21-1","W21","2",7,"Plot173_7","Stems 2.5-10 cm DBH","Phillyrea latifolia",3,7.068583470577034e-4
419,"Plot173","f","Stratum-W21-1","W21","2",6,"Plot173_6","Stems 2.5-10 cm DBH","Quercus coccifera",2,3.141592653589793e-4
3410,"Plot173","f","Stratum-W21-1","W21","1",3,"Plot173_3","Stems 2.5-10 cm DBH","Quercus coccifera",3.5,9.621127501618741e-4
3411,"Plot173","f","Stratum-W21-1","W21","2",5,"Plot173_5","Stems 2.5-10 cm DBH","Quercus coccifera",3.5,9.621127501618741e-4
4105,"Plot173","f","Stratum-W21-1","W21","3",9,"Plot173_9","Stems 2.5-10 cm DBH","Quercus coccifera",5,0.001963495408493621
422,"Plot173","f","Stratum-W21-1","W21","3",9,"Plot173_9","Stems 2.5-10 cm DBH","Quercus coccifera",5.5,0.002375829444277281
3414,"Plot173","f","Stratum-W21-1","W21","3",11,"Plot173_11","Stems 2.5-10 cm DBH","Quercus coccifera",2.5,4.908738521234052e-4
418,"Plot173","f","Stratum-W21-1","W21","2",5,"Plot173_5","Stems 2.5-10 cm DBH","Quercus coccifera",3,7.068583470577034e-4
3412,"Plot173","f","Stratum-W21-1","W21","2",7,"Plot173_7","Stems 2.5-10 cm DBH","Phillyrea latifolia",5,0.001963495408493621
424,"Plot173","f","Stratum-W21-1","W21","3",11,"Plot173_11","Stems 2.5-10 cm DBH","Quercus coccifera",3,7.068583470577034e-4
3409,"Plot173","f","Stratum-W21-1","W21","1",2,"Plot173_2","Stems 2.5-10 cm DBH","Phillyrea latifolia",6.5,0.003318307240354219
3413,"Plot173","f","Stratum-W21-1","W21","3",9,"Plot173_9","Stems 2.5-10 cm DBH","Quercus coccifera",4,0.0012566370614359172
417,"Plot173","f","Stratum-W21-1","W21","1",4,"Plot173_4","Stems >=10 cm DBH","Pinus brutia",10.5,0.008659014751456867
415,"Plot173","f","Stratum-W21-1","W21","1",2,"Plot173_2","Stems 2.5-10 cm DBH","Phillyrea latifolia",6,0.0028274333882308137
416,"Plot173","f","Stratum-W21-1","W21","1",3,"Plot173_3","Stems 2.5-10 cm DBH","Quercus coccifera",8,0.005026548245743669
3415,"Plot174","f","Stratum-W21-1","W21","1",2,"Plot174_2","Stems 2.5-10 cm DBH","Quercus coccifera",3,7.068583470577034e-4
429,"Plot174","f","Stratum-W21-1","W21","1",5,"Plot174_5","Stems 2.5-10 cm DBH","Phillyrea latifolia",2.5,4.908738521234052e-4
431,"Plot174","f","Stratum-W21-1","W21","2",7,"Plot174_7","Stems 2.5-10 cm DBH","Quercus coccifera",2.5,4.908738521234052e-4
428,"Plot174","f","Stratum-W21-1","W21","1",4,"Plot174_4","Stems 2.5-10 cm DBH","Paliurus spina-christi",7,0.0038484510006474965
430,"Plot174","f","Stratum-W21-1","W21","2",6,"Plot174_6","Stems 2.5-10 cm DBH","Paliurus spina-christi",3,7.068583470577034e-4
425,"Plot174","f","Stratum-W21-1","W21","1",1,"Plot174_1","Stems 2.5-10 cm DBH","Pyrus spinosa",9,0.0063617251235193305
427,"Plot174","f","Stratum-W21-1","W21","1",3,"Plot174_3","Stems 2.5-10 cm DBH","Paliurus spina-christi",3,7.068583470577034e-4
432,"Plot174","f","Stratum-W21-1","W21","3",8,"Plot174_8","Stems 2.5-10 cm DBH","Pyrus spinosa",6,0.0028274333882308137
433,"Plot174","f","Stratum-W21-1","W21","3",9,"Plot174_9","Stems 2.5-10 cm DBH","Pyrus spinosa",8,0.005026548245743669
426,"Plot174","f","Stratum-W21-1","W21","1",2,"Plot174_2","Stems 2.5-10 cm DBH","Quercus coccifera",2.5,4.908738521234052e-4
3419,"Plot175","f","Stratum-W21-1","W21","2",6,"Plot175_6","Stems >=10 cm DBH","Quercus trojana",16,0.020106192982974676
3416,"Plot175","f","Stratum-W21-1","W21","1",2,"Plot175_2","Stems 2.5-10 cm DBH","Quercus coccifera",5.5,0.002375829444277281
3417,"Plot175","f","Stratum-W21-1","W21","2",3,"Plot175_3","Stems 2.5-10 cm DBH","Quercus coccifera",3.5,9.621127501618741e-4
439,"Plot175","f","Stratum-W21-1","W21","2",6,"Plot175_6","Stems >=10 cm DBH","Quercus trojana",17,0.022698006922186254
436,"Plot175","f","Stratum-W21-1","W21","2",3,"Plot175_3","Stems 2.5-10 cm DBH","Quercus coccifera",7,0.0038484510006474965
435,"Plot175","f","Stratum-W21-1","W21","1",2,"Plot175_2","Stems 2.5-10 cm DBH","Quercus coccifera",8,0.005026548245743669
3420,"Plot175","f","Stratum-W21-1","W21","3",7,"Plot175_7","Stems 2.5-10 cm DBH","Quercus trojana",6,0.0028274333882308137
3418,"Plot175","f","Stratum-W21-1","W21","2",5,"Plot175_5","Stems 2.5-10 cm DBH","Phillyrea latifolia",5,0.001963495408493621
434,"Plot175","f","Stratum-W21-1","W21","1",1,"Plot175_1","Stems >=10 cm DBH","Acer monspessulanum",20,0.031415926535897934
4106,"Plot175","f","Stratum-W21-1","W21","1",2,"Plot175_2","Stems 2.5-10 cm DBH","Quercus coccifera",3,7.068583470577034e-4
4108,"Plot175","f","Stratum-W21-1","W21","2",6,"Plot175_6","Stems 2.5-10 cm DBH","Quercus trojana",7,0.0038484510006474965
438,"Plot175","f","Stratum-W21-1","W21","2",5,"Plot175_5","Stems 2.5-10 cm DBH","Phillyrea latifolia",7,0.0038484510006474965
3422,"Plot175","f","Stratum-W21-1","W21","3",9,"Plot175_9","Stems 2.5-10 cm DBH","Pyrus spinosa",4,0.0012566370614359172
442,"Plot175","f","Stratum-W21-1","W21","3",9,"Plot175_9","Stems 2.5-10 cm DBH","Pyrus spinosa",2.5,4.908738521234052e-4
4107,"Plot175","f","Stratum-W21-1","W21","2",5,"Plot175_5","Stems 2.5-10 cm DBH","Phillyrea latifolia",3,7.068583470577034e-4
437,"Plot175","f","Stratum-W21-1","W21","1",4,"Plot175_4","Stems >=10 cm DBH","Quercus trojana",12,0.011309733552923255
3421,"Plot175","f","Stratum-W21-1","W21","3",8,"Plot175_8","Stems 2.5-10 cm DBH","Quercus coccifera",6,0.0028274333882308137
440,"Plot175","f","Stratum-W21-1","W21","3",7,"Plot175_7","Stems >=10 cm DBH","Quercus trojana",12,0.011309733552923255
441,"Plot175","f","Stratum-W21-1","W21","3",8,"Plot175_8","Stems 2.5-10 cm DBH","Quercus coccifera",5.5,0.002375829444277281
443,"Plot176","f","Stratum-W21-1","W21","1",1,"Plot176_1","Stems >=10 cm DBH","Pyrus spinosa",18,0.025446900494077322
3423,"Plot176","f","Stratum-W21-1","W21","1",1,"Plot176_1","Stems >=10 cm DBH","Pyrus spinosa",16.5,0.02138246499849553
445,"Plot177","f","Stratum-W21-1","W21","1",2,"Plot177_2","Stems 2.5-10 cm DBH","Quercus frainetto",9,0.0063617251235193305
446,"Plot177","f","Stratum-W21-1","W21","1",3,"Plot177_3","Stems 2.5-10 cm DBH","Quercus frainetto",8,0.005026548245743669
449,"Plot177","f","Stratum-W21-1","W21","1",6,"Plot177_6","Stems >=10 cm DBH","Quercus frainetto",21,0.03463605900582747
450,"Plot177","f","Stratum-W21-1","W21","2",7,"Plot177_7","Stems >=10 cm DBH","Quercus frainetto",22,0.0380132711084365
447,"Plot177","f","Stratum-W21-1","W21","1",4,"Plot177_4","Stems 2.5-10 cm DBH","Quercus cerris",7,0.0038484510006474965
456,"Plot177","f","Stratum-W21-1","W21","3",13,"Plot177_13","Stems >=10 cm DBH","Quercus frainetto",17,0.022698006922186254
455,"Plot177","f","Stratum-W21-1","W21","3",12,"Plot177_12","Stems >=10 cm DBH","Quercus frainetto",23,0.04154756284372501
451,"Plot177","f","Stratum-W21-1","W21","2",8,"Plot177_8","Stems >=10 cm DBH","Quercus frainetto",20,0.031415926535897934
444,"Plot177","f","Stratum-W21-1","W21","1",1,"Plot177_1","Stems 2.5-10 cm DBH","Quercus frainetto",7.5,0.004417864669110647
452,"Plot177","f","Stratum-W21-1","W21","2",9,"Plot177_9","Stems 2.5-10 cm DBH","Quercus frainetto",6,0.0028274333882308137
3424,"Plot177","f","Stratum-W21-1","W21","2",10,"Plot177_10","Stems 2.5-10 cm DBH","Quercus coccifera",5,0.001963495408493621
448,"Plot177","f","Stratum-W21-1","W21","1",5,"Plot177_5","Stems >=10 cm DBH","Quercus frainetto",12,0.011309733552923255
454,"Plot177","f","Stratum-W21-1","W21","3",11,"Plot177_11","Stems >=10 cm DBH","Quercus frainetto",19,0.02835287369864788
453,"Plot177","f","Stratum-W21-1","W21","2",10,"Plot177_10","Stems 2.5-10 cm DBH","Quercus coccifera",3.5,9.621127501618741e-4
458,"Plot178","f","Stratum-W21-1","W21","1",2,"Plot178_2","Stems >=10 cm DBH","Pinus brutia",42,0.13854423602330987
457,"Plot178","f","Stratum-W21-1","W21","1",1,"Plot178_1","Stems 2.5-10 cm DBH","Quercus coccifera",2.5,4.908738521234052e-4
459,"Plot178","f","Stratum-W21-1","W21","2",3,"Plot178_3","Stems 2.5-10 cm DBH","Quercus coccifera",3,7.068583470577034e-4
461,"Plot178","f","Stratum-W21-1","W21","3",5,"Plot178_5","Stems 2.5-10 cm DBH","Quercus coccifera",3,7.068583470577034e-4
3425,"Plot178","f","Stratum-W21-1","W21","3",5,"Plot178_5","Stems 2.5-10 cm DBH","Quercus coccifera",2.5,4.908738521234052e-4
460,"Plot178","f","Stratum-W21-1","W21","2",4,"Plot178_4","Stems 2.5-10 cm DBH","Quercus coccifera",2.5,4.908738521234052e-4
4484,"Plot179","f","Stratum-W21-1","W21","2",1,"Plot179_1","Stems 2.5-10 cm DBH","Quercus coccifera",2.5,4.908738521234052e-4
3426,"Plot179","f","Stratum-W21-1","W21","2",1,"Plot179_1","Stems 2.5-10 cm DBH","Quercus coccifera",3,7.068583470577034e-4
3427,"Plot179","f","Stratum-W21-1","W21","2",2,"Plot179_2","Stems 2.5-10 cm DBH","Phillyrea latifolia",2.5,4.908738521234052e-4
463,"Plot179","f","Stratum-W21-1","W21","2",2,"Plot179_2","Stems 2.5-10 cm DBH","Phillyrea latifolia",3,7.068583470577034e-4
4110,"Plot179","f","Stratum-W21-1","W21","2",2,"Plot179_2","Stems 2.5-10 cm DBH","Phillyrea latifolia",2.5,4.908738521234052e-4
4109,"Plot179","f","Stratum-W21-1","W21","2",1,"Plot179_1","Stems 2.5-10 cm DBH","Quercus coccifera",3,7.068583470577034e-4
462,"Plot179","f","Stratum-W21-1","W21","2",1,"Plot179_1","Stems 2.5-10 cm DBH","Quercus coccifera",2.5,4.908738521234052e-4
3428,"Plot180","f","Stratum-W21-1","W21","2",2,"Plot180_2","Stems 2.5-10 cm DBH","Quercus coccifera",3.5,9.621127501618741e-4
3429,"Plot180","f","Stratum-W21-1","W21","3",5,"Plot180_5","Stems 2.5-10 cm DBH","Quercus coccifera",4,0.0012566370614359172
4111,"Plot180","f","Stratum-W21-1","W21","2",2,"Plot180_2","Stems 2.5-10 cm DBH","Quercus coccifera",4,0.0012566370614359172
4485,"Plot180","f","Stratum-W21-1","W21","2",2,"Plot180_2","Stems 2.5-10 cm DBH","Quercus coccifera",2.5,4.908738521234052e-4
466,"Plot180","f","Stratum-W21-1","W21","3",3,"Plot180_3","Stems >=10 cm DBH","Juniperus excelsa",18,0.025446900494077322
4112,"Plot180","f","Stratum-W21-1","W21","3",5,"Plot180_5","Stems 2.5-10 cm DBH","Quercus coccifera",2.5,4.908738521234052e-4
468,"Plot180","f","Stratum-W21-1","W21","3",5,"Plot180_5","Stems 2.5-10 cm DBH","Quercus coccifera",5,0.001963495408493621
467,"Plot180","f","Stratum-W21-1","W21","3",4,"Plot180_4","Stems 2.5-10 cm DBH","Pyrus spinosa",8,0.005026548245743669
464,"Plot180","f","Stratum-W21-1","W21","1",1,"Plot180_1","Stems >=10 cm DBH","Pyrus spinosa",12,0.011309733552923255
465,"Plot180","f","Stratum-W21-1","W21","2",2,"Plot180_2","Stems 2.5-10 cm DBH","Quercus coccifera",7.5,0.004417864669110647
3432,"Plot193","f","Stratum-W2-1","W2","2",6,"Plot193_6","Stems 2.5-10 cm DBH","Quercus coccifera",2.5,4.908738521234052e-4
3433,"Plot193","f","Stratum-W2-1","W2","3",8,"Plot193_8","Stems >=10 cm DBH","Quercus coccifera",15,0.017671458676442587
4487,"Plot193","f","Stratum-W2-1","W2","3",9,"Plot193_9","Stems 2.5-10 cm DBH","Quercus coccifera",3,7.068583470577034e-4
473,"Plot193","f","Stratum-W2-1","W2","2",5,"Plot193_5","Stems 2.5-10 cm DBH","Quercus coccifera",6,0.0028274333882308137
3430,"Plot193","f","Stratum-W2-1","W2","1",1,"Plot193_1","Stems 2.5-10 cm DBH","Quercus coccifera",3,7.068583470577034e-4
3431,"Plot193","f","Stratum-W2-1","W2","2",5,"Plot193_5","Stems 2.5-10 cm DBH","Quercus coccifera",3,7.068583470577034e-4
472,"Plot193","f","Stratum-W2-1","W2","2",4,"Plot193_4","Stems 2.5-10 cm DBH","Quercus coccifera",2.5,4.908738521234052e-4
478,"Plot193","f","Stratum-W2-1","W2","3",10,"Plot193_10","Stems 2.5-10 cm DBH","Juniperus oxycedrus",8,0.005026548245743669
3434,"Plot193","f","Stratum-W2-1","W2","3",9,"Plot193_9","Stems >=10 cm DBH","Quercus coccifera",10,0.007853981633974483
471,"Plot193","f","Stratum-W2-1","W2","2",3,"Plot193_3","Stems >=10 cm DBH","Quercus coccifera",10,0.007853981633974483
477,"Plot193","f","Stratum-W2-1","W2","3",9,"Plot193_9","Stems >=10 cm DBH","Quercus coccifera",11,0.009503317777109124
469,"Plot193","f","Stratum-W2-1","W2","1",1,"Plot193_1","Stems 2.5-10 cm DBH","Quercus coccifera",3,7.068583470577034e-4
474,"Plot193","f","Stratum-W2-1","W2","2",6,"Plot193_6","Stems 2.5-10 cm DBH","Quercus coccifera",4,0.0012566370614359172
475,"Plot193","f","Stratum-W2-1","W2","3",7,"Plot193_7","Stems >=10 cm DBH","Quercus coccifera",12,0.011309733552923255
470,"Plot193","f","Stratum-W2-1","W2","2",2,"Plot193_2","Stems >=10 cm DBH","Quercus coccifera",10,0.007853981633974483
476,"Plot193","f","Stratum-W2-1","W2","3",8,"Plot193_8","Stems >=10 cm DBH","Quercus coccifera",13,0.013273228961416876
4113,"Plot193","f","Stratum-W2-1","W2","1",1,"Plot193_1","Stems 2.5-10 cm DBH","Quercus coccifera",2.5,4.908738521234052e-4
4114,"Plot193","f","Stratum-W2-1","W2","2",5,"Plot193_5","Stems 2.5-10 cm DBH","Quercus coccifera",2.5,4.908738521234052e-4
4115,"Plot193","f","Stratum-W2-1","W2","3",9,"Plot193_9","Stems 2.5-10 cm DBH","Quercus coccifera",2.5,4.908738521234052e-4
4679,"Plot193","f","Stratum-W2-1","W2","3",9,"Plot193_9","Stems 2.5-10 cm DBH","Quercus coccifera",3,7.068583470577034e-4
4486,"Plot193","f","Stratum-W2-1","W2","1",1,"Plot193_1","Stems 2.5-10 cm DBH","Quercus coccifera",3,7.068583470577034e-4
3435,"Plot194","f","Stratum-W2-1","W2","2",1,"Plot194_1","Stems 2.5-10 cm DBH","Phillyrea latifolia",7,0.0038484510006474965
4117,"Plot194","f","Stratum-W2-1","W2","2",3,"Plot194_3","Stems 2.5-10 cm DBH","Phillyrea latifolia",3,7.068583470577034e-4
482,"Plot194","f","Stratum-W2-1","W2","2",4,"Plot194_4","Stems 2.5-10 cm DBH","Phillyrea latifolia",7,0.0038484510006474965
4116,"Plot194","f","Stratum-W2-1","W2","2",1,"Plot194_1","Stems 2.5-10 cm DBH","Phillyrea latifolia",3,7.068583470577034e-4
3441,"Plot194","f","Stratum-W2-1","W2","3",7,"Plot194_7","Stems 2.5-10 cm DBH","Quercus coccifera",4,0.0012566370614359172
3442,"Plot194","f","Stratum-W2-1","W2","3",8,"Plot194_8","Stems 2.5-10 cm DBH","Quercus coccifera",2.5,4.908738521234052e-4
486,"Plot194","f","Stratum-W2-1","W2","3",8,"Plot194_8","Stems 2.5-10 cm DBH","Quercus coccifera",5,0.001963495408493621
4489,"Plot194","f","Stratum-W2-1","W2","3",8,"Plot194_8","Stems 2.5-10 cm DBH","Quercus coccifera",7,0.0038484510006474965
483,"Plot194","f","Stratum-W2-1","W2","2",5,"Plot194_5","Stems 2.5-10 cm DBH","Quercus coccifera",3,7.068583470577034e-4
484,"Plot194","f","Stratum-W2-1","W2","3",6,"Plot194_6","Stems 2.5-10 cm DBH","Quercus coccifera",2.5,4.908738521234052e-4
3436,"Plot194","f","Stratum-W2-1","W2","2",2,"Plot194_2","Stems 2.5-10 cm DBH","Phillyrea latifolia",3,7.068583470577034e-4
3437,"Plot194","f","Stratum-W2-1","W2","2",3,"Plot194_3","Stems 2.5-10 cm DBH","Phillyrea latifolia",3,7.068583470577034e-4
479,"Plot194","f","Stratum-W2-1","W2","2",1,"Plot194_1","Stems 2.5-10 cm DBH","Phillyrea latifolia",4,0.0012566370614359172
480,"Plot194","f","Stratum-W2-1","W2","2",2,"Plot194_2","Stems 2.5-10 cm DBH","Phillyrea latifolia",4,0.0012566370614359172
485,"Plot194","f","Stratum-W2-1","W2","3",7,"Plot194_7","Stems 2.5-10 cm DBH","Quercus coccifera",7,0.0038484510006474965
3440,"Plot194","f","Stratum-W2-1","W2","3",6,"Plot194_6","Stems 2.5-10 cm DBH","Quercus coccifera",2.5,4.908738521234052e-4
4119,"Plot194","f","Stratum-W2-1","W2","2",5,"Plot194_5","Stems 2.5-10 cm DBH","Quercus coccifera",6,0.0028274333882308137
3438,"Plot194","f","Stratum-W2-1","W2","2",4,"Plot194_4","Stems 2.5-10 cm DBH","Phillyrea latifolia",6,0.0028274333882308137
4118,"Plot194","f","Stratum-W2-1","W2","2",4,"Plot194_4","Stems 2.5-10 cm DBH","Phillyrea latifolia",3,7.068583470577034e-4
4488,"Plot194","f","Stratum-W2-1","W2","2",1,"Plot194_1","Stems 2.5-10 cm DBH","Phillyrea latifolia",2.5,4.908738521234052e-4
4120,"Plot194","f","Stratum-W2-1","W2","3",6,"Plot194_6","Stems 2.5-10 cm DBH","Quercus coccifera",3,7.068583470577034e-4
3439,"Plot194","f","Stratum-W2-1","W2","2",5,"Plot194_5","Stems 2.5-10 cm DBH","Quercus coccifera",4,0.0012566370614359172
481,"Plot194","f","Stratum-W2-1","W2","2",3,"Plot194_3","Stems 2.5-10 cm DBH","Phillyrea latifolia",2.5,4.908738521234052e-4
4121,"Plot194","f","Stratum-W2-1","W2","3",8,"Plot194_8","Stems 2.5-10 cm DBH","Quercus coccifera",4,0.0012566370614359172
3447,"Plot195","f","Stratum-W2-1","W2","3",7,"Plot195_7","Stems >=10 cm DBH","Quercus coccifera",12,0.011309733552923255
489,"Plot195","f","Stratum-W2-1","W2","2",3,"Plot195_3","Stems 2.5-10 cm DBH","Quercus coccifera",2.5,4.908738521234052e-4
3450,"Plot195","f","Stratum-W2-1","W2","3",11,"Plot195_11","Stems 2.5-10 cm DBH","Phillyrea latifolia",3,7.068583470577034e-4
3448,"Plot195","f","Stratum-W2-1","W2","3",9,"Plot195_9","Stems 2.5-10 cm DBH","Quercus coccifera",5,0.001963495408493621
3446,"Plot195","f","Stratum-W2-1","W2","3",6,"Plot195_6","Stems 2.5-10 cm DBH","Quercus coccifera",3,7.068583470577034e-4
4123,"Plot195","f","Stratum-W2-1","W2","3",9,"Plot195_9","Stems 2.5-10 cm DBH","Quercus coccifera",4,0.0012566370614359172
490,"Plot195","f","Stratum-W2-1","W2","2",4,"Plot195_4","Stems >=10 cm DBH","Quercus coccifera",11,0.009503317777109124
3445,"Plot195","f","Stratum-W2-1","W2","2",5,"Plot195_5","Stems 2.5-10 cm DBH","Quercus coccifera",5,0.001963495408493621
488,"Plot195","f","Stratum-W2-1","W2","2",2,"Plot195_2","Stems 2.5-10 cm DBH","Quercus coccifera",5,0.001963495408493621
492,"Plot195","f","Stratum-W2-1","W2","3",6,"Plot195_6","Stems 2.5-10 cm DBH","Quercus coccifera",2.5,4.908738521234052e-4
493,"Plot195","f","Stratum-W2-1","W2","3",7,"Plot195_7","Stems >=10 cm DBH","Quercus coccifera",14,0.015393804002589986
491,"Plot195","f","Stratum-W2-1","W2","2",5,"Plot195_5","Stems 2.5-10 cm DBH","Quercus coccifera",4,0.0012566370614359172
3449,"Plot195","f","Stratum-W2-1","W2","2",10,"Plot195_10","Stems 2.5-10 cm DBH","Phillyrea latifolia",2.5,4.908738521234052e-4
3444,"Plot195","f","Stratum-W2-1","W2","2",3,"Plot195_3","Stems 2.5-10 cm DBH","Quercus coccifera",6,0.0028274333882308137
4124,"Plot195","f","Stratum-W2-1","W2","2",10,"Plot195_10","Stems 2.5-10 cm DBH","Phillyrea latifolia",2.5,4.908738521234052e-4
4490,"Plot195","f","Stratum-W2-1","W2","2",10,"Plot195_10","Stems 2.5-10 cm DBH","Phillyrea latifolia",3,7.068583470577034e-4
494,"Plot195","f","Stratum-W2-1","W2","3",8,"Plot195_8","Stems >=10 cm DBH","Quercus coccifera",11,0.009503317777109124
495,"Plot195","f","Stratum-W2-1","W2","3",9,"Plot195_9","Stems 2.5-10 cm DBH","Quercus coccifera",3.5,9.621127501618741e-4
487,"Plot195","f","Stratum-W2-1","W2","2",1,"Plot195_1","Stems 2.5-10 cm DBH","Quercus coccifera",4,0.0012566370614359172
497,"Plot195","f","Stratum-W2-1","W2","3",11,"Plot195_11","Stems 2.5-10 cm DBH","Phillyrea latifolia",3,7.068583470577034e-4
3443,"Plot195","f","Stratum-W2-1","W2","2",2,"Plot195_2","Stems 2.5-10 cm DBH","Quercus coccifera",4,0.0012566370614359172
4122,"Plot195","f","Stratum-W2-1","W2","2",5,"Plot195_5","Stems 2.5-10 cm DBH","Quercus coccifera",3,7.068583470577034e-4
496,"Plot195","f","Stratum-W2-1","W2","2",10,"Plot195_10","Stems 2.5-10 cm DBH","Phillyrea latifolia",4,0.0012566370614359172
4491,"Plot196","f","Stratum-W2-1","W2","1",1,"Plot196_1","Stems >=10 cm DBH","Quercus coccifera",16,0.020106192982974676
4126,"Plot196","f","Stratum-W2-1","W2","2",2,"Plot196_2","Stems 2.5-10 cm DBH","Quercus coccifera",2.5,4.908738521234052e-4
4127,"Plot196","f","Stratum-W2-1","W2","3",3,"Plot196_3","Stems 2.5-10 cm DBH","Quercus coccifera",4,0.0012566370614359172
4492,"Plot196","f","Stratum-W2-1","W2","3",3,"Plot196_3","Stems 2.5-10 cm DBH","Quercus coccifera",6,0.0028274333882308137
501,"Plot196","f","Stratum-W2-1","W2","3",4,"Plot196_4","Stems 2.5-10 cm DBH","Phillyrea latifolia",2.5,4.908738521234052e-4
4776,"Plot196","f","Stratum-W2-1","W2","3",3,"Plot196_3","Stems 2.5-10 cm DBH","Quercus coccifera",4,0.0012566370614359172
4125,"Plot196","f","Stratum-W2-1","W2","1",1,"Plot196_1","Stems >=10 cm DBH","Quercus coccifera",13,0.013273228961416876
3452,"Plot196","f","Stratum-W2-1","W2","2",2,"Plot196_2","Stems 2.5-10 cm DBH","Quercus coccifera",3,7.068583470577034e-4
499,"Plot196","f","Stratum-W2-1","W2","2",2,"Plot196_2","Stems 2.5-10 cm DBH","Quercus coccifera",3,7.068583470577034e-4
4128,"Plot196","f","Stratum-W2-1","W2","3",4,"Plot196_4","Stems 2.5-10 cm DBH","Phillyrea latifolia",3,7.068583470577034e-4
498,"Plot196","f","Stratum-W2-1","W2","1",1,"Plot196_1","Stems >=10 cm DBH","Quercus coccifera",10,0.007853981633974483
3451,"Plot196","f","Stratum-W2-1","W2","1",1,"Plot196_1","Stems >=10 cm DBH","Quercus coccifera",15,0.017671458676442587
500,"Plot196","f","Stratum-W2-1","W2","3",3,"Plot196_3","Stems 2.5-10 cm DBH","Quercus coccifera",7,0.0038484510006474965
4680,"Plot196","f","Stratum-W2-1","W2","3",3,"Plot196_3","Stems 2.5-10 cm DBH","Quercus coccifera",3,7.068583470577034e-4
3453,"Plot196","f","Stratum-W2-1","W2","3",3,"Plot196_3","Stems 2.5-10 cm DBH","Quercus coccifera",5,0.001963495408493621
3454,"Plot196","f","Stratum-W2-1","W2","3",4,"Plot196_4","Stems 2.5-10 cm DBH","Phillyrea latifolia",3,7.068583470577034e-4
506,"Plot197","f","Stratum-W2-1","W2","3",5,"Plot197_5","Stems >=10 cm DBH","Quercus coccifera",13,0.013273228961416876
503,"Plot197","f","Stratum-W2-1","W2","3",2,"Plot197_2","Stems >=10 cm DBH","Pyrus spinosa",14,0.015393804002589986
505,"Plot197","f","Stratum-W2-1","W2","2",4,"Plot197_4","Stems >=10 cm DBH","Quercus coccifera",10,0.007853981633974483
3456,"Plot197","f","Stratum-W2-1","W2","3",3,"Plot197_3","Stems 2.5-10 cm DBH","Quercus coccifera",2.5,4.908738521234052e-4
507,"Plot197","f","Stratum-W2-1","W2","3",6,"Plot197_6","Stems >=10 cm DBH","Quercus coccifera",11,0.009503317777109124
504,"Plot197","f","Stratum-W2-1","W2","3",3,"Plot197_3","Stems 2.5-10 cm DBH","Quercus coccifera",2.5,4.908738521234052e-4
4129,"Plot197","f","Stratum-W2-1","W2","3",3,"Plot197_3","Stems 2.5-10 cm DBH","Quercus coccifera",3,7.068583470577034e-4
3455,"Plot197","f","Stratum-W2-1","W2","3",2,"Plot197_2","Stems >=10 cm DBH","Pyrus spinosa",12,0.011309733552923255
502,"Plot197","f","Stratum-W2-1","W2","2",1,"Plot197_1","Stems 2.5-10 cm DBH","Quercus coccifera",2.5,4.908738521234052e-4
3458,"Plot198","f","Stratum-W2-1","W2","2",3,"Plot198_3","Stems 2.5-10 cm DBH","Quercus coccifera",2.5,4.908738521234052e-4
3460,"Plot198","f","Stratum-W2-1","W2","3",6,"Plot198_6","Stems 2.5-10 cm DBH","Quercus coccifera",2.5,4.908738521234052e-4
3459,"Plot198","f","Stratum-W2-1","W2","3",5,"Plot198_5","Stems 2.5-10 cm DBH","Quercus coccifera",3,7.068583470577034e-4
3457,"Plot198","f","Stratum-W2-1","W2","2",2,"Plot198_2","Stems 2.5-10 cm DBH","Quercus coccifera",2.5,4.908738521234052e-4
508,"Plot198","f","Stratum-W2-1","W2","2",1,"Plot198_1","Stems 2.5-10 cm DBH","Pyrus spinosa",6,0.0028274333882308137
509,"Plot198","f","Stratum-W2-1","W2","2",2,"Plot198_2","Stems 2.5-10 cm DBH","Quercus coccifera",3,7.068583470577034e-4
4130,"Plot198","f","Stratum-W2-1","W2","3",6,"Plot198_6","Stems 2.5-10 cm DBH","Quercus coccifera",2.5,4.908738521234052e-4
513,"Plot198","f","Stratum-W2-1","W2","3",6,"Plot198_6","Stems 2.5-10 cm DBH","Quercus coccifera",4,0.0012566370614359172
512,"Plot198","f","Stratum-W2-1","W2","3",5,"Plot198_5","Stems 2.5-10 cm DBH","Quercus coccifera",3,7.068583470577034e-4
510,"Plot198","f","Stratum-W2-1","W2","2",3,"Plot198_3","Stems 2.5-10 cm DBH","Quercus coccifera",2.5,4.908738521234052e-4
511,"Plot198","f","Stratum-W2-1","W2","3",4,"Plot198_4","Stems 2.5-10 cm DBH","Quercus coccifera",2.5,4.908738521234052e-4
4134,"Plot199","f","Stratum-W2-1","W2","3",6,"Plot199_6","Stems 2.5-10 cm DBH","Quercus coccifera",4,0.0012566370614359172
4133,"Plot199","f","Stratum-W2-1","W2","3",5,"Plot199_5","Stems 2.5-10 cm DBH","Quercus coccifera",4,0.0012566370614359172
4493,"Plot199","f","Stratum-W2-1","W2","1",1,"Plot199_1","Stems 2.5-10 cm DBH","Quercus coccifera",3,7.068583470577034e-4
4494,"Plot199","f","Stratum-W2-1","W2","2",3,"Plot199_3","Stems 2.5-10 cm DBH","Quercus coccifera",5,0.001963495408493621
4132,"Plot199","f","Stratum-W2-1","W2","2",3,"Plot199_3","Stems 2.5-10 cm DBH","Quercus coccifera",2.5,4.908738521234052e-4
4131,"Plot199","f","Stratum-W2-1","W2","1",1,"Plot199_1","Stems 2.5-10 cm DBH","Quercus coccifera",7,0.0038484510006474965
516,"Plot199","f","Stratum-W2-1","W2","2",3,"Plot199_3","Stems 2.5-10 cm DBH","Quercus coccifera",3,7.068583470577034e-4
517,"Plot199","f","Stratum-W2-1","W2","2",4,"Plot199_4","Stems >=10 cm DBH","Pyrus spinosa",12,0.011309733552923255
4495,"Plot199","f","Stratum-W2-1","W2","3",6,"Plot199_6","Stems 2.5-10 cm DBH","Quercus coccifera",3,7.068583470577034e-4
515,"Plot199","f","Stratum-W2-1","W2","2",2,"Plot199_2","Stems >=10 cm DBH","Pyrus spinosa",10,0.007853981633974483
4778,"Plot199","f","Stratum-W2-1","W2","2",3,"Plot199_3","Stems 2.5-10 cm DBH","Quercus coccifera",6,0.0028274333882308137
3461,"Plot199","f","Stratum-W2-1","W2","1",1,"Plot199_1","Stems 2.5-10 cm DBH","Quercus coccifera",5,0.001963495408493621
518,"Plot199","f","Stratum-W2-1","W2","3",5,"Plot199_5","Stems 2.5-10 cm DBH","Quercus coccifera",3,7.068583470577034e-4
519,"Plot199","f","Stratum-W2-1","W2","3",6,"Plot199_6","Stems 2.5-10 cm DBH","Quercus coccifera",7,0.0038484510006474965
4777,"Plot199","f","Stratum-W2-1","W2","1",1,"Plot199_1","Stems 2.5-10 cm DBH","Quercus coccifera",6,0.0028274333882308137
4779,"Plot199","f","Stratum-W2-1","W2","3",6,"Plot199_6","Stems 2.5-10 cm DBH","Quercus coccifera",2.5,4.908738521234052e-4
4683,"Plot199","f","Stratum-W2-1","W2","3",6,"Plot199_6","Stems 2.5-10 cm DBH","Quercus coccifera",3,7.068583470577034e-4
514,"Plot199","f","Stratum-W2-1","W2","1",1,"Plot199_1","Stems 2.5-10 cm DBH","Quercus coccifera",3,7.068583470577034e-4
3464,"Plot199","f","Stratum-W2-1","W2","3",5,"Plot199_5","Stems 2.5-10 cm DBH","Quercus coccifera",3,7.068583470577034e-4
4682,"Plot199","f","Stratum-W2-1","W2","2",3,"Plot199_3","Stems 2.5-10 cm DBH","Quercus coccifera",3,7.068583470577034e-4
3462,"Plot199","f","Stratum-W2-1","W2","2",3,"Plot199_3","Stems 2.5-10 cm DBH","Quercus coccifera",3,7.068583470577034e-4
3463,"Plot199","f","Stratum-W2-1","W2","2",4,"Plot199_4","Stems >=10 cm DBH","Pyrus spinosa",11,0.009503317777109124
4824,"Plot199","f","Stratum-W2-1","W2","1",1,"Plot199_1","Stems 2.5-10 cm DBH","Quercus coccifera",3,7.068583470577034e-4
3465,"Plot199","f","Stratum-W2-1","W2","3",6,"Plot199_6","Stems 2.5-10 cm DBH","Quercus coccifera",6,0.0028274333882308137
4681,"Plot199","f","Stratum-W2-1","W2","1",1,"Plot199_1","Stems 2.5-10 cm DBH","Quercus coccifera",4,0.0012566370614359172
4136,"Plot200","f","Stratum-W2-1","W2","3",3,"Plot200_3","Stems 2.5-10 cm DBH","Quercus coccifera",6,0.0028274333882308137
521,"Plot200","f","Stratum-W2-1","W2","2",2,"Plot200_2","Stems 2.5-10 cm DBH","Quercus coccifera",2.5,4.908738521234052e-4
4135,"Plot200","f","Stratum-W2-1","W2","2",1,"Plot200_1","Stems 2.5-10 cm DBH","Quercus coccifera",2.5,4.908738521234052e-4
3468,"Plot200","f","Stratum-W2-1","W2","3",3,"Plot200_3","Stems 2.5-10 cm DBH","Quercus coccifera",4,0.0012566370614359172
3467,"Plot200","f","Stratum-W2-1","W2","2",2,"Plot200_2","Stems 2.5-10 cm DBH","Quercus coccifera",2.5,4.908738521234052e-4
522,"Plot200","f","Stratum-W2-1","W2","3",3,"Plot200_3","Stems 2.5-10 cm DBH","Quercus coccifera",5,0.001963495408493621
4496,"Plot200","f","Stratum-W2-1","W2","2",1,"Plot200_1","Stems 2.5-10 cm DBH","Quercus coccifera",3,7.068583470577034e-4
4497,"Plot200","f","Stratum-W2-1","W2","3",3,"Plot200_3","Stems 2.5-10 cm DBH","Quercus coccifera",3,7.068583470577034e-4
3466,"Plot200","f","Stratum-W2-1","W2","2",1,"Plot200_1","Stems 2.5-10 cm DBH","Quercus coccifera",4,0.0012566370614359172
523,"Plot200","f","Stratum-W2-1","W2","3",4,"Plot200_4","Stems >=10 cm DBH","Pyrus spinosa",10,0.007853981633974483
524,"Plot200","f","Stratum-W2-1","W2","3",5,"Plot200_5","Stems >=10 cm DBH","Quercus pubescens",17,0.022698006922186254
520,"Plot200","f","Stratum-W2-1","W2","2",1,"Plot200_1","Stems 2.5-10 cm DBH","Quercus coccifera",3,7.068583470577034e-4
525,"Plot200","f","Stratum-W2-1","W2","3",6,"Plot200_6","Stems >=10 cm DBH","Carpinus betulus",13,0.013273228961416876
526,"Plot200","f","Stratum-W2-1","W2","3",7,"Plot200_7","Stems >=10 cm DBH","Acer monspessulanum",12,0.011309733552923255
529,"Plot201","f","Stratum-W2-1","W2","1",3,"Plot201_3","Stems 2.5-10 cm DBH","Pyrus spinosa",4,0.0012566370614359172
528,"Plot201","f","Stratum-W2-1","W2","1",2,"Plot201_2","Stems 2.5-10 cm DBH","Pyrus spinosa",6,0.0028274333882308137
3469,"Plot201","f","Stratum-W2-1","W2","1",3,"Plot201_3","Stems 2.5-10 cm DBH","Pyrus spinosa",2.5,4.908738521234052e-4
4137,"Plot201","f","Stratum-W2-1","W2","1",3,"Plot201_3","Stems 2.5-10 cm DBH","Pyrus spinosa",2.5,4.908738521234052e-4
527,"Plot201","f","Stratum-W2-1","W2","1",1,"Plot201_1","Stems 2.5-10 cm DBH","Pyrus spinosa",9,0.0063617251235193305
531,"Plot203","f","Stratum-W2-1","W2","1",2,"Plot203_2","Stems 2.5-10 cm DBH","Crataegus monogyna",2.5,4.908738521234052e-4
532,"Plot203","f","Stratum-W2-1","W2","1",3,"Plot203_3","Stems >=10 cm DBH","Pyrus spinosa",21,0.03463605900582747
533,"Plot203","f","Stratum-W2-1","W2","1",4,"Plot203_4","Stems >=10 cm DBH","Pyrus spinosa",11,0.009503317777109124
4780,"Plot203","f","Stratum-W2-1","W2","2",6,"Plot203_6","Stems 2.5-10 cm DBH","Quercus coccifera",2.5,4.908738521234052e-4
530,"Plot203","f","Stratum-W2-1","W2","1",1,"Plot203_1","Stems >=10 cm DBH","Quercus coccifera",16,0.020106192982974676
537,"Plot203","f","Stratum-W2-1","W2","2",8,"Plot203_8","Stems 2.5-10 cm DBH","Carpinus betulus",2.5,4.908738521234052e-4
3471,"Plot203","f","Stratum-W2-1","W2","2",6,"Plot203_6","Stems 2.5-10 cm DBH","Quercus coccifera",5,0.001963495408493621
535,"Plot203","f","Stratum-W2-1","W2","2",6,"Plot203_6","Stems 2.5-10 cm DBH","Quercus coccifera",6,0.0028274333882308137
3470,"Plot203","f","Stratum-W2-1","W2","1",1,"Plot203_1","Stems >=10 cm DBH","Quercus coccifera",16,0.020106192982974676
4684,"Plot203","f","Stratum-W2-1","W2","2",6,"Plot203_6","Stems 2.5-10 cm DBH","Quercus coccifera",4,0.0012566370614359172
534,"Plot203","f","Stratum-W2-1","W2","1",5,"Plot203_5","Stems >=10 cm DBH","Pyrus spinosa",13,0.013273228961416876
4825,"Plot203","f","Stratum-W2-1","W2","2",6,"Plot203_6","Stems 2.5-10 cm DBH","Quercus coccifera",5,0.001963495408493621
536,"Plot203","f","Stratum-W2-1","W2","2",7,"Plot203_7","Stems >=10 cm DBH","Pyrus spinosa",13,0.013273228961416876
4138,"Plot203","f","Stratum-W2-1","W2","2",6,"Plot203_6","Stems 2.5-10 cm DBH","Quercus coccifera",3.5,9.621127501618741e-4
4498,"Plot203","f","Stratum-W2-1","W2","2",6,"Plot203_6","Stems 2.5-10 cm DBH","Quercus coccifera",3,7.068583470577034e-4
546,"Plot204","f","Stratum-W2-1","W2","3",9,"Plot204_9","Stems 2.5-10 cm DBH","Juniperus oxycedrus",4,0.0012566370614359172
545,"Plot204","f","Stratum-W2-1","W2","3",8,"Plot204_8","Stems 2.5-10 cm DBH","Juniperus oxycedrus",4,0.0012566370614359172
540,"Plot204","f","Stratum-W2-1","W2","1",3,"Plot204_3","Stems >=10 cm DBH","Crataegus monogyna",11,0.009503317777109124
3473,"Plot204","f","Stratum-W2-1","W2","2",11,"Plot204_11","Stems 2.5-10 cm DBH","Crataegus monogyna",2.5,4.908738521234052e-4
542,"Plot204","f","Stratum-W2-1","W2","2",5,"Plot204_5","Stems >=10 cm DBH","Sorbus domestica",16,0.020106192982974676
539,"Plot204","f","Stratum-W2-1","W2","1",2,"Plot204_2","Stems >=10 cm DBH","Quercus coccifera",19,0.02835287369864788
544,"Plot204","f","Stratum-W2-1","W2","3",7,"Plot204_7","Stems >=10 cm DBH","Quercus cerris",17,0.022698006922186254
3472,"Plot204","f","Stratum-W2-1","W2","1",1,"Plot204_1","Stems 2.5-10 cm DBH","Pyrus spinosa",2.5,4.908738521234052e-4
541,"Plot204","f","Stratum-W2-1","W2","2",4,"Plot204_4","Stems >=10 cm DBH","Phillyrea latifolia",10,0.007853981633974483
543,"Plot204","f","Stratum-W2-1","W2","3",6,"Plot204_6","Stems >=10 cm DBH","Quercus cerris",14,0.015393804002589986
4139,"Plot204","f","Stratum-W2-1","W2","2",11,"Plot204_11","Stems 2.5-10 cm DBH","Crataegus monogyna",2.5,4.908738521234052e-4
548,"Plot204","f","Stratum-W2-1","W2","2",11,"Plot204_11","Stems 2.5-10 cm DBH","Crataegus monogyna",3,7.068583470577034e-4
538,"Plot204","f","Stratum-W2-1","W2","1",1,"Plot204_1","Stems >=10 cm DBH","Pyrus spinosa",17,0.022698006922186254
547,"Plot204","f","Stratum-W2-1","W2","2",10,"Plot204_10","Stems 2.5-10 cm DBH","Juniperus oxycedrus",3,7.068583470577034e-4
560,"Plot217","f","Stratum-U17-1","U17","3",12,"Plot217_12","Stems 2.5-10 cm DBH","Quercus coccifera",2.5,4.908738521234052e-4
4147,"Plot217","f","Stratum-U17-1","U17","3",10,"Plot217_10","Stems 2.5-10 cm DBH","Quercus coccifera",3,7.068583470577034e-4
4781,"Plot217","f","Stratum-U17-1","U17","3",8,"Plot217_8","Stems 2.5-10 cm DBH","Quercus coccifera",3,7.068583470577034e-4
4143,"Plot217","f","Stratum-U17-1","U17","2",5,"Plot217_5","Stems 2.5-10 cm DBH","Quercus coccifera",3,7.068583470577034e-4
3475,"Plot217","f","Stratum-U17-1","U17","1",2,"Plot217_2","Stems 2.5-10 cm DBH","Quercus coccifera",4,0.0012566370614359172
3476,"Plot217","f","Stratum-U17-1","U17","1",3,"Plot217_3","Stems 2.5-10 cm DBH","Quercus coccifera",3,7.068583470577034e-4
4146,"Plot217","f","Stratum-U17-1","U17","3",9,"Plot217_9","Stems 2.5-10 cm DBH","Quercus coccifera",7,0.0038484510006474965
4685,"Plot217","f","Stratum-U17-1","U17","3",8,"Plot217_8","Stems 2.5-10 cm DBH","Quercus coccifera",3,7.068583470577034e-4
4144,"Plot217","f","Stratum-U17-1","U17","3",7,"Plot217_7","Stems 2.5-10 cm DBH","Quercus coccifera",3.5,9.621127501618741e-4
4145,"Plot217","f","Stratum-U17-1","U17","3",8,"Plot217_8","Stems 2.5-10 cm DBH","Quercus coccifera",2.5,4.908738521234052e-4
559,"Plot217","f","Stratum-U17-1","U17","3",11,"Plot217_11","Stems 2.5-10 cm DBH","Quercus coccifera",6,0.0028274333882308137
3477,"Plot217","f","Stratum-U17-1","U17","2",4,"Plot217_4","Stems 2.5-10 cm DBH","Quercus coccifera",7,0.0038484510006474965
557,"Plot217","f","Stratum-U17-1","U17","3",9,"Plot217_9","Stems 2.5-10 cm DBH","Quercus coccifera",7,0.0038484510006474965
558,"Plot217","f","Stratum-U17-1","U17","3",10,"Plot217_10","Stems 2.5-10 cm DBH","Quercus coccifera",6,0.0028274333882308137
4141,"Plot217","f","Stratum-U17-1","U17","1",3,"Plot217_3","Stems 2.5-10 cm DBH","Quercus coccifera",2.5,4.908738521234052e-4
4142,"Plot217","f","Stratum-U17-1","U17","2",4,"Plot217_4","Stems 2.5-10 cm DBH","Quercus coccifera",3,7.068583470577034e-4
4503,"Plot217","f","Stratum-U17-1","U17","3",8,"Plot217_8","Stems 2.5-10 cm DBH","Quercus coccifera",3,7.068583470577034e-4
4504,"Plot217","f","Stratum-U17-1","U17","3",11,"Plot217_11","Stems 2.5-10 cm DBH","Quercus coccifera",3,7.068583470577034e-4
4505,"Plot217","f","Stratum-U17-1","U17","3",12,"Plot217_12","Stems 2.5-10 cm DBH","Quercus coccifera",3,7.068583470577034e-4
3484,"Plot217","f","Stratum-U17-1","U17","3",11,"Plot217_11","Stems 2.5-10 cm DBH","Quercus coccifera",6,0.0028274333882308137
3485,"Plot217","f","Stratum-U17-1","U17","3",12,"Plot217_12","Stems 2.5-10 cm DBH","Quercus coccifera",3,7.068583470577034e-4
555,"Plot217","f","Stratum-U17-1","U17","3",7,"Plot217_7","Stems 2.5-10 cm DBH","Quercus coccifera",2.5,4.908738521234052e-4
556,"Plot217","f","Stratum-U17-1","U17","3",8,"Plot217_8","Stems 2.5-10 cm DBH","Quercus coccifera",2.5,4.908738521234052e-4
4148,"Plot217","f","Stratum-U17-1","U17","3",11,"Plot217_11","Stems 2.5-10 cm DBH","Quercus coccifera",3,7.068583470577034e-4
3474,"Plot217","f","Stratum-U17-1","U17","1",1,"Plot217_1","Stems 2.5-10 cm DBH","Quercus coccifera",7,0.0038484510006474965
3481,"Plot217","f","Stratum-U17-1","U17","3",8,"Plot217_8","Stems 2.5-10 cm DBH","Quercus coccifera",3,7.068583470577034e-4
4140,"Plot217","f","Stratum-U17-1","U17","1",2,"Plot217_2","Stems 2.5-10 cm DBH","Quercus coccifera",3,7.068583470577034e-4
4501,"Plot217","f","Stratum-U17-1","U17","2",4,"Plot217_4","Stems 2.5-10 cm DBH","Quercus coccifera",4,0.0012566370614359172
4502,"Plot217","f","Stratum-U17-1","U17","3",7,"Plot217_7","Stems 2.5-10 cm DBH","Quercus coccifera",3.5,9.621127501618741e-4
554,"Plot217","f","Stratum-U17-1","U17","2",6,"Plot217_6","Stems 2.5-10 cm DBH","Quercus coccifera",2.5,4.908738521234052e-4
3482,"Plot217","f","Stratum-U17-1","U17","3",9,"Plot217_9","Stems 2.5-10 cm DBH","Quercus coccifera",4,0.0012566370614359172
3483,"Plot217","f","Stratum-U17-1","U17","3",10,"Plot217_10","Stems 2.5-10 cm DBH","Quercus coccifera",5,0.001963495408493621
553,"Plot217","f","Stratum-U17-1","U17","2",5,"Plot217_5","Stems 2.5-10 cm DBH","Quercus coccifera",5,0.001963495408493621
4149,"Plot217","f","Stratum-U17-1","U17","3",12,"Plot217_12","Stems 2.5-10 cm DBH","Quercus coccifera",3.5,9.621127501618741e-4
550,"Plot217","f","Stratum-U17-1","U17","1",2,"Plot217_2","Stems 2.5-10 cm DBH","Quercus coccifera",3,7.068583470577034e-4
3478,"Plot217","f","Stratum-U17-1","U17","2",5,"Plot217_5","Stems 2.5-10 cm DBH","Quercus coccifera",8,0.005026548245743669
3479,"Plot217","f","Stratum-U17-1","U17","2",6,"Plot217_6","Stems 2.5-10 cm DBH","Quercus coccifera",3,7.068583470577034e-4
549,"Plot217","f","Stratum-U17-1","U17","1",1,"Plot217_1","Stems 2.5-10 cm DBH","Quercus coccifera",8,0.005026548245743669
551,"Plot217","f","Stratum-U17-1","U17","1",3,"Plot217_3","Stems 2.5-10 cm DBH","Quercus coccifera",3,7.068583470577034e-4
552,"Plot217","f","Stratum-U17-1","U17","2",4,"Plot217_4","Stems 2.5-10 cm DBH","Quercus coccifera",4,0.0012566370614359172
4500,"Plot217","f","Stratum-U17-1","U17","1",3,"Plot217_3","Stems 2.5-10 cm DBH","Quercus coccifera",3,7.068583470577034e-4
3480,"Plot217","f","Stratum-U17-1","U17","3",7,"Plot217_7","Stems 2.5-10 cm DBH","Quercus coccifera",3,7.068583470577034e-4
4499,"Plot217","f","Stratum-U17-1","U17","1",2,"Plot217_2","Stems 2.5-10 cm DBH","Quercus coccifera",5,0.001963495408493621
3487,"Plot218","f","Stratum-U17-1","U17","2",2,"Plot218_2","Stems 2.5-10 cm DBH","Quercus coccifera",3.5,9.621127501618741e-4
4150,"Plot218","f","Stratum-U17-1","U17","2",2,"Plot218_2","Stems 2.5-10 cm DBH","Quercus coccifera",2.5,4.908738521234052e-4
561,"Plot218","f","Stratum-U17-1","U17","1",1,"Plot218_1","Stems 2.5-10 cm DBH","Phillyrea latifolia",8,0.005026548245743669
4507,"Plot218","f","Stratum-U17-1","U17","3",5,"Plot218_5","Stems 2.5-10 cm DBH","Quercus coccifera",3,7.068583470577034e-4
3488,"Plot218","f","Stratum-U17-1","U17","2",3,"Plot218_3","Stems 2.5-10 cm DBH","Quercus coccifera",3,7.068583470577034e-4
3489,"Plot218","f","Stratum-U17-1","U17","3",4,"Plot218_4","Stems 2.5-10 cm DBH","Quercus coccifera",2.5,4.908738521234052e-4
4506,"Plot218","f","Stratum-U17-1","U17","3",4,"Plot218_4","Stems 2.5-10 cm DBH","Quercus coccifera",3,7.068583470577034e-4
563,"Plot218","f","Stratum-U17-1","U17","2",3,"Plot218_3","Stems 2.5-10 cm DBH","Quercus coccifera",5,0.001963495408493621
3486,"Plot218","f","Stratum-U17-1","U17","1",1,"Plot218_1","Stems 2.5-10 cm DBH","Phillyrea latifolia",5.5,0.002375829444277281
565,"Plot218","f","Stratum-U17-1","U17","3",5,"Plot218_5","Stems 2.5-10 cm DBH","Quercus coccifera",3,7.068583470577034e-4
4686,"Plot218","f","Stratum-U17-1","U17","3",4,"Plot218_4","Stems 2.5-10 cm DBH","Quercus coccifera",2.5,4.908738521234052e-4
562,"Plot218","f","Stratum-U17-1","U17","2",2,"Plot218_2","Stems 2.5-10 cm DBH","Quercus coccifera",3,7.068583470577034e-4
3491,"Plot218","f","Stratum-U17-1","U17","3",6,"Plot218_6","Stems 2.5-10 cm DBH","Quercus coccifera",5.5,0.002375829444277281
4153,"Plot218","f","Stratum-U17-1","U17","3",5,"Plot218_5","Stems 2.5-10 cm DBH","Quercus coccifera",2.5,4.908738521234052e-4
566,"Plot218","f","Stratum-U17-1","U17","3",6,"Plot218_6","Stems 2.5-10 cm DBH","Quercus coccifera",5,0.001963495408493621
564,"Plot218","f","Stratum-U17-1","U17","3",4,"Plot218_4","Stems 2.5-10 cm DBH","Quercus coccifera",2.5,4.908738521234052e-4
3490,"Plot218","f","Stratum-U17-1","U17","3",5,"Plot218_5","Stems 2.5-10 cm DBH","Quercus coccifera",3,7.068583470577034e-4
4152,"Plot218","f","Stratum-U17-1","U17","3",4,"Plot218_4","Stems 2.5-10 cm DBH","Quercus coccifera",3,7.068583470577034e-4
4154,"Plot218","f","Stratum-U17-1","U17","3",6,"Plot218_6","Stems 2.5-10 cm DBH","Quercus coccifera",3,7.068583470577034e-4
4151,"Plot218","f","Stratum-U17-1","U17","2",3,"Plot218_3","Stems 2.5-10 cm DBH","Quercus coccifera",3.5,9.621127501618741e-4
567,"Plot219","f","Stratum-U17-1","U17","2",1,"Plot219_1","Stems 2.5-10 cm DBH","Pyrus spinosa",4.5,0.0015904312808798326
3492,"Plot219","f","Stratum-U17-1","U17","2",1,"Plot219_1","Stems 2.5-10 cm DBH","Pyrus spinosa",5.5,0.002375829444277281
568,"Plot220","f","Stratum-U17-1","U17","1",1,"Plot220_1","Stems 2.5-10 cm DBH","Phillyrea latifolia",4.5,0.0015904312808798326
3493,"Plot220","f","Stratum-U17-1","U17","1",1,"Plot220_1","Stems 2.5-10 cm DBH","Phillyrea latifolia",3,7.068583470577034e-4
573,"Plot222","f","Stratum-U17-1","U17","3",5,"Plot222_5","Stems 2.5-10 cm DBH","Quercus coccifera",3,7.068583470577034e-4
4509,"Plot222","f","Stratum-U17-1","U17","1",2,"Plot222_2","Stems 2.5-10 cm DBH","Quercus coccifera",5,0.001963495408493621
571,"Plot222","f","Stratum-U17-1","U17","2",3,"Plot222_3","Stems 2.5-10 cm DBH","Paliurus spina-christi",2.5,4.908738521234052e-4
572,"Plot222","f","Stratum-U17-1","U17","2",4,"Plot222_4","Stems 2.5-10 cm DBH","Quercus coccifera",2.5,4.908738521234052e-4
3497,"Plot222","f","Stratum-U17-1","U17","3",5,"Plot222_5","Stems 2.5-10 cm DBH","Quercus coccifera",5,0.001963495408493621
569,"Plot222","f","Stratum-U17-1","U17","1",1,"Plot222_1","Stems 2.5-10 cm DBH","Quercus coccifera",3,7.068583470577034e-4
4508,"Plot222","f","Stratum-U17-1","U17","1",1,"Plot222_1","Stems 2.5-10 cm DBH","Quercus coccifera",3,7.068583470577034e-4
3496,"Plot222","f","Stratum-U17-1","U17","2",4,"Plot222_4","Stems 2.5-10 cm DBH","Quercus coccifera",3,7.068583470577034e-4
4155,"Plot222","f","Stratum-U17-1","U17","1",1,"Plot222_1","Stems 2.5-10 cm DBH","Quercus coccifera",5,0.001963495408493621
4157,"Plot222","f","Stratum-U17-1","U17","3",5,"Plot222_5","Stems 2.5-10 cm DBH","Quercus coccifera",7,0.0038484510006474965
570,"Plot222","f","Stratum-U17-1","U17","1",2,"Plot222_2","Stems 2.5-10 cm DBH","Quercus coccifera",3,7.068583470577034e-4
3495,"Plot222","f","Stratum-U17-1","U17","1",2,"Plot222_2","Stems 2.5-10 cm DBH","Quercus coccifera",3,7.068583470577034e-4
4156,"Plot222","f","Stratum-U17-1","U17","1",2,"Plot222_2","Stems 2.5-10 cm DBH","Quercus coccifera",2,3.141592653589793e-4
3494,"Plot222","f","Stratum-U17-1","U17","1",1,"Plot222_1","Stems 2.5-10 cm DBH","Quercus coccifera",2.5,4.908738521234052e-4
3499,"Plot223","f","Stratum-U17-1","U17","2",2,"Plot223_2","Stems 2.5-10 cm DBH","Phillyrea latifolia",3.5,9.621127501618741e-4
3498,"Plot223","f","Stratum-U17-1","U17","1",1,"Plot223_1","Stems 2.5-10 cm DBH","Quercus coccifera",3,7.068583470577034e-4
574,"Plot223","f","Stratum-U17-1","U17","1",1,"Plot223_1","Stems 2.5-10 cm DBH","Quercus coccifera",3.5,9.621127501618741e-4
4510,"Plot223","f","Stratum-U17-1","U17","1",1,"Plot223_1","Stems 2.5-10 cm DBH","Quercus coccifera",5,0.001963495408493621
576,"Plot223","f","Stratum-U17-1","U17","3",3,"Plot223_3","Stems 2.5-10 cm DBH","Olea europaea",9.5,0.00708821842466197
4158,"Plot223","f","Stratum-U17-1","U17","1",1,"Plot223_1","Stems 2.5-10 cm DBH","Quercus coccifera",2.5,4.908738521234052e-4
4782,"Plot223","f","Stratum-U17-1","U17","1",1,"Plot223_1","Stems 2.5-10 cm DBH","Quercus coccifera",3,7.068583470577034e-4
4687,"Plot223","f","Stratum-U17-1","U17","1",1,"Plot223_1","Stems 2.5-10 cm DBH","Quercus coccifera",3.5,9.621127501618741e-4
4159,"Plot223","f","Stratum-U17-1","U17","2",2,"Plot223_2","Stems 2.5-10 cm DBH","Phillyrea latifolia",5,0.001963495408493621
577,"Plot223","f","Stratum-U17-1","U17","3",4,"Plot223_4","Stems 2.5-10 cm DBH","Olea europaea",8,0.005026548245743669
575,"Plot223","f","Stratum-U17-1","U17","2",2,"Plot223_2","Stems 2.5-10 cm DBH","Phillyrea latifolia",4.5,0.0015904312808798326
4826,"Plot223","f","Stratum-U17-1","U17","1",1,"Plot223_1","Stems 2.5-10 cm DBH","Quercus coccifera",3.5,9.621127501618741e-4
4689,"Plot224","f","Stratum-U17-1","U17","3",5,"Plot224_5","Stems 2.5-10 cm DBH","Quercus coccifera",3,7.068583470577034e-4
4511,"Plot224","f","Stratum-U17-1","U17","2",2,"Plot224_2","Stems 2.5-10 cm DBH","Quercus coccifera",3.5,9.621127501618741e-4
4163,"Plot224","f","Stratum-U17-1","U17","3",5,"Plot224_5","Stems 2.5-10 cm DBH","Quercus coccifera",4.5,0.0015904312808798326
4784,"Plot224","f","Stratum-U17-1","U17","3",5,"Plot224_5","Stems 2.5-10 cm DBH","Quercus coccifera",3.5,9.621127501618741e-4
4783,"Plot224","f","Stratum-U17-1","U17","2",4,"Plot224_4","Stems 2.5-10 cm DBH","Quercus coccifera",2.5,4.908738521234052e-4
581,"Plot224","f","Stratum-U17-1","U17","2",4,"Plot224_4","Stems 2.5-10 cm DBH","Quercus coccifera",4.5,0.0015904312808798326
4688,"Plot224","f","Stratum-U17-1","U17","2",4,"Plot224_4","Stems 2.5-10 cm DBH","Quercus coccifera",5,0.001963495408493621
4160,"Plot224","f","Stratum-U17-1","U17","2",2,"Plot224_2","Stems 2.5-10 cm DBH","Quercus coccifera",3,7.068583470577034e-4
580,"Plot224","f","Stratum-U17-1","U17","2",3,"Plot224_3","Stems 2.5-10 cm DBH","Quercus coccifera",2.5,4.908738521234052e-4
4161,"Plot224","f","Stratum-U17-1","U17","2",3,"Plot224_3","Stems 2.5-10 cm DBH","Quercus coccifera",4.5,0.0015904312808798326
582,"Plot224","f","Stratum-U17-1","U17","3",5,"Plot224_5","Stems 2.5-10 cm DBH","Quercus coccifera",2.5,4.908738521234052e-4
583,"Plot224","f","Stratum-U17-1","U17","3",6,"Plot224_6","Stems 2.5-10 cm DBH","Quercus coccifera",5.5,0.002375829444277281
3502,"Plot224","f","Stratum-U17-1","U17","2",3,"Plot224_3","Stems 2.5-10 cm DBH","Quercus coccifera",2.5,4.908738521234052e-4
4512,"Plot224","f","Stratum-U17-1","U17","2",3,"Plot224_3","Stems 2.5-10 cm DBH","Quercus coccifera",3.5,9.621127501618741e-4
4162,"Plot224","f","Stratum-U17-1","U17","2",4,"Plot224_4","Stems 2.5-10 cm DBH","Quercus coccifera",3.5,9.621127501618741e-4
3501,"Plot224","f","Stratum-U17-1","U17","2",2,"Plot224_2","Stems 2.5-10 cm DBH","Quercus coccifera",2.5,4.908738521234052e-4
579,"Plot224","f","Stratum-U17-1","U17","2",2,"Plot224_2","Stems 2.5-10 cm DBH","Quercus coccifera",3,7.068583470577034e-4
578,"Plot224","f","Stratum-U17-1","U17","1",1,"Plot224_1","Stems 2.5-10 cm DBH","Quercus coccifera",3,7.068583470577034e-4
4827,"Plot224","f","Stratum-U17-1","U17","3",5,"Plot224_5","Stems 2.5-10 cm DBH","Quercus coccifera",3.5,9.621127501618741e-4
3500,"Plot224","f","Stratum-U17-1","U17","1",1,"Plot224_1","Stems 2.5-10 cm DBH","Quercus coccifera",2.5,4.908738521234052e-4
3503,"Plot224","f","Stratum-U17-1","U17","2",4,"Plot224_4","Stems 2.5-10 cm DBH","Quercus coccifera",3,7.068583470577034e-4
4852,"Plot224","f","Stratum-U17-1","U17","3",5,"Plot224_5","Stems 2.5-10 cm DBH","Quercus coccifera",5,0.001963495408493621
3505,"Plot224","f","Stratum-U17-1","U17","3",6,"Plot224_6","Stems 2.5-10 cm DBH","Quercus coccifera",2.5,4.908738521234052e-4
4513,"Plot224","f","Stratum-U17-1","U17","2",4,"Plot224_4","Stems 2.5-10 cm DBH","Quercus coccifera",4.5,0.0015904312808798326
4514,"Plot224","f","Stratum-U17-1","U17","3",5,"Plot224_5","Stems 2.5-10 cm DBH","Quercus coccifera",6.5,0.003318307240354219
3504,"Plot224","f","Stratum-U17-1","U17","3",5,"Plot224_5","Stems 2.5-10 cm DBH","Quercus coccifera",3,7.068583470577034e-4
584,"Plot225","f","Stratum-U17-1","U17","1",1,"Plot225_1","Stems 2.5-10 cm DBH","Quercus coccifera",5,0.001963495408493621
4170,"Plot225","f","Stratum-U17-1","U17","3",11,"Plot225_11","Stems 2.5-10 cm DBH","Quercus coccifera",3,7.068583470577034e-4
4519,"Plot225","f","Stratum-U17-1","U17","3",8,"Plot225_8","Stems 2.5-10 cm DBH","Quercus coccifera",3,7.068583470577034e-4
3511,"Plot225","f","Stratum-U17-1","U17","3",10,"Plot225_10","Stems 2.5-10 cm DBH","Quercus coccifera",3.5,9.621127501618741e-4
3512,"Plot225","f","Stratum-U17-1","U17","3",11,"Plot225_11","Stems 2.5-10 cm DBH","Quercus coccifera",2.5,4.908738521234052e-4
4169,"Plot225","f","Stratum-U17-1","U17","3",10,"Plot225_10","Stems 2.5-10 cm DBH","Quercus coccifera",5,0.001963495408493621
4785,"Plot225","f","Stratum-U17-1","U17","1",3,"Plot225_3","Stems 2.5-10 cm DBH","Quercus coccifera",6.5,0.003318307240354219
4164,"Plot225","f","Stratum-U17-1","U17","1",1,"Plot225_1","Stems 2.5-10 cm DBH","Quercus coccifera",2.5,4.908738521234052e-4
4690,"Plot225","f","Stratum-U17-1","U17","1",3,"Plot225_3","Stems 2.5-10 cm DBH","Quercus coccifera",8,0.005026548245743669
3508,"Plot225","f","Stratum-U17-1","U17","1",3,"Plot225_3","Stems 2.5-10 cm DBH","Quercus coccifera",7,0.0038484510006474965
4828,"Plot225","f","Stratum-U17-1","U17","1",3,"Plot225_3","Stems 2.5-10 cm DBH","Quercus coccifera",7,0.0038484510006474965
3509,"Plot225","f","Stratum-U17-1","U17","1",4,"Plot225_4","Stems 2.5-10 cm DBH","Quercus coccifera",5,0.001963495408493621
4168,"Plot225","f","Stratum-U17-1","U17","3",8,"Plot225_8","Stems 2.5-10 cm DBH","Quercus coccifera",4.5,0.0015904312808798326
586,"Plot225","f","Stratum-U17-1","U17","1",3,"Plot225_3","Stems 2.5-10 cm DBH","Quercus coccifera",7,0.0038484510006474965
4517,"Plot225","f","Stratum-U17-1","U17","1",3,"Plot225_3","Stems 2.5-10 cm DBH","Quercus coccifera",2.5,4.908738521234052e-4
4518,"Plot225","f","Stratum-U17-1","U17","1",4,"Plot225_4","Stems 2.5-10 cm DBH","Quercus coccifera",7,0.0038484510006474965
3510,"Plot225","f","Stratum-U17-1","U17","3",8,"Plot225_8","Stems 2.5-10 cm DBH","Quercus coccifera",6,0.0028274333882308137
4516,"Plot225","f","Stratum-U17-1","U17","1",2,"Plot225_2","Stems 2.5-10 cm DBH","Quercus coccifera",5,0.001963495408493621
4167,"Plot225","f","Stratum-U17-1","U17","1",4,"Plot225_4","Stems 2.5-10 cm DBH","Quercus coccifera",8,0.005026548245743669
4165,"Plot225","f","Stratum-U17-1","U17","1",2,"Plot225_2","Stems 2.5-10 cm DBH","Quercus coccifera",4,0.0012566370614359172
585,"Plot225","f","Stratum-U17-1","U17","1",2,"Plot225_2","Stems 2.5-10 cm DBH","Quercus coccifera",8.5,0.0056745017305465635
3507,"Plot225","f","Stratum-U17-1","U17","1",2,"Plot225_2","Stems 2.5-10 cm DBH","Quercus coccifera",7,0.0038484510006474965
4166,"Plot225","f","Stratum-U17-1","U17","1",3,"Plot225_3","Stems 2.5-10 cm DBH","Quercus coccifera",8,0.005026548245743669
593,"Plot225","f","Stratum-U17-1","U17","3",10,"Plot225_10","Stems 2.5-10 cm DBH","Quercus coccifera",2.5,4.908738521234052e-4
3506,"Plot225","f","Stratum-U17-1","U17","1",1,"Plot225_1","Stems 2.5-10 cm DBH","Quercus coccifera",4,0.0012566370614359172
4515,"Plot225","f","Stratum-U17-1","U17","1",1,"Plot225_1","Stems 2.5-10 cm DBH","Quercus coccifera",2.5,4.908738521234052e-4
587,"Plot225","f","Stratum-U17-1","U17","1",4,"Plot225_4","Stems 2.5-10 cm DBH","Quercus coccifera",3,7.068583470577034e-4
592,"Plot225","f","Stratum-U17-1","U17","3",9,"Plot225_9","Stems 2.5-10 cm DBH","Quercus coccifera",3.5,9.621127501618741e-4
594,"Plot225","f","Stratum-U17-1","U17","3",11,"Plot225_11","Stems 2.5-10 cm DBH","Quercus coccifera",2.5,4.908738521234052e-4
4691,"Plot225","f","Stratum-U17-1","U17","1",4,"Plot225_4","Stems 2.5-10 cm DBH","Quercus coccifera",7.5,0.004417864669110647
588,"Plot225","f","Stratum-U17-1","U17","2",5,"Plot225_5","Stems 2.5-10 cm DBH","Quercus coccifera",5.5,0.002375829444277281
590,"Plot225","f","Stratum-U17-1","U17","3",7,"Plot225_7","Stems 2.5-10 cm DBH","Quercus coccifera",5.5,0.002375829444277281
591,"Plot225","f","Stratum-U17-1","U17","3",8,"Plot225_8","Stems 2.5-10 cm DBH","Quercus coccifera",7.5,0.004417864669110647
4692,"Plot225","f","Stratum-U17-1","U17","3",8,"Plot225_8","Stems 2.5-10 cm DBH","Quercus coccifera",3.5,9.621127501618741e-4
589,"Plot225","f","Stratum-U17-1","U17","2",6,"Plot225_6","Stems 2.5-10 cm DBH","Quercus coccifera",2.5,4.908738521234052e-4
4174,"Plot226","f","Stratum-U17-1","U17","2",4,"Plot226_4","Stems 2.5-10 cm DBH","Quercus coccifera",3,7.068583470577034e-4
4173,"Plot226","f","Stratum-U17-1","U17","2",3,"Plot226_3","Stems 2.5-10 cm DBH","Quercus coccifera",3,7.068583470577034e-4
4175,"Plot226","f","Stratum-U17-1","U17","2",5,"Plot226_5","Stems 2.5-10 cm DBH","Quercus coccifera",3.5,9.621127501618741e-4
4177,"Plot226","f","Stratum-U17-1","U17","3",7,"Plot226_7","Stems 2.5-10 cm DBH","Quercus coccifera",5,0.001963495408493621
4522,"Plot226","f","Stratum-U17-1","U17","3",6,"Plot226_6","Stems 2.5-10 cm DBH","Quercus coccifera",6.5,0.003318307240354219
4523,"Plot226","f","Stratum-U17-1","U17","3",7,"Plot226_7","Stems 2.5-10 cm DBH","Quercus coccifera",3.5,9.621127501618741e-4
4176,"Plot226","f","Stratum-U17-1","U17","3",6,"Plot226_6","Stems 2.5-10 cm DBH","Quercus coccifera",4.5,0.0015904312808798326
4172,"Plot226","f","Stratum-U17-1","U17","1",2,"Plot226_2","Stems 2.5-10 cm DBH","Quercus coccifera",2.5,4.908738521234052e-4
4520,"Plot226","f","Stratum-U17-1","U17","2",3,"Plot226_3","Stems 2.5-10 cm DBH","Quercus coccifera",5.5,0.002375829444277281
4521,"Plot226","f","Stratum-U17-1","U17","2",4,"Plot226_4","Stems 2.5-10 cm DBH","Quercus coccifera",2.5,4.908738521234052e-4
4171,"Plot226","f","Stratum-U17-1","U17","1",1,"Plot226_1","Stems 2.5-10 cm DBH","Quercus coccifera",3,7.068583470577034e-4
601,"Plot226","f","Stratum-U17-1","U17","3",7,"Plot226_7","Stems 2.5-10 cm DBH","Quercus coccifera",2.5,4.908738521234052e-4
3516,"Plot226","f","Stratum-U17-1","U17","2",4,"Plot226_4","Stems 2.5-10 cm DBH","Quercus coccifera",3.5,9.621127501618741e-4
3517,"Plot226","f","Stratum-U17-1","U17","2",5,"Plot226_5","Stems 2.5-10 cm DBH","Quercus coccifera",3,7.068583470577034e-4
599,"Plot226","f","Stratum-U17-1","U17","2",5,"Plot226_5","Stems 2.5-10 cm DBH","Quercus coccifera",2.5,4.908738521234052e-4
596,"Plot226","f","Stratum-U17-1","U17","1",2,"Plot226_2","Stems 2.5-10 cm DBH","Quercus coccifera",2.5,4.908738521234052e-4
600,"Plot226","f","Stratum-U17-1","U17","3",6,"Plot226_6","Stems 2.5-10 cm DBH","Quercus coccifera",5.5,0.002375829444277281
3513,"Plot226","f","Stratum-U17-1","U17","1",1,"Plot226_1","Stems 2.5-10 cm DBH","Quercus coccifera",3.5,9.621127501618741e-4
595,"Plot226","f","Stratum-U17-1","U17","1",1,"Plot226_1","Stems 2.5-10 cm DBH","Quercus coccifera",3,7.068583470577034e-4
4695,"Plot226","f","Stratum-U17-1","U17","3",7,"Plot226_7","Stems 2.5-10 cm DBH","Quercus coccifera",6.5,0.003318307240354219
3515,"Plot226","f","Stratum-U17-1","U17","2",3,"Plot226_3","Stems 2.5-10 cm DBH","Quercus coccifera",2.5,4.908738521234052e-4
597,"Plot226","f","Stratum-U17-1","U17","2",3,"Plot226_3","Stems 2.5-10 cm DBH","Quercus coccifera",3,7.068583470577034e-4
3514,"Plot226","f","Stratum-U17-1","U17","1",2,"Plot226_2","Stems 2.5-10 cm DBH","Quercus coccifera",3.5,9.621127501618741e-4
4693,"Plot226","f","Stratum-U17-1","U17","2",4,"Plot226_4","Stems 2.5-10 cm DBH","Quercus coccifera",5,0.001963495408493621
3519,"Plot226","f","Stratum-U17-1","U17","3",7,"Plot226_7","Stems 2.5-10 cm DBH","Quercus coccifera",4.5,0.0015904312808798326
4786,"Plot226","f","Stratum-U17-1","U17","2",4,"Plot226_4","Stems 2.5-10 cm DBH","Quercus coccifera",3.5,9.621127501618741e-4
4694,"Plot226","f","Stratum-U17-1","U17","3",6,"Plot226_6","Stems 2.5-10 cm DBH","Quercus coccifera",3,7.068583470577034e-4
598,"Plot226","f","Stratum-U17-1","U17","2",4,"Plot226_4","Stems 2.5-10 cm DBH","Quercus coccifera",2.5,4.908738521234052e-4
3518,"Plot226","f","Stratum-U17-1","U17","3",6,"Plot226_6","Stems 2.5-10 cm DBH","Quercus coccifera",6,0.0028274333882308137
3523,"Plot227","f","Stratum-U17-1","U17","2",4,"Plot227_4","Stems 2.5-10 cm DBH","Quercus coccifera",5.5,0.002375829444277281
3524,"Plot227","f","Stratum-U17-1","U17","2",5,"Plot227_5","Stems 2.5-10 cm DBH","Quercus coccifera",3.5,9.621127501618741e-4
3525,"Plot227","f","Stratum-U17-1","U17","3",6,"Plot227_6","Stems 2.5-10 cm DBH","Quercus coccifera",6,0.0028274333882308137
3526,"Plot227","f","Stratum-U17-1","U17","3",7,"Plot227_7","Stems 2.5-10 cm DBH","Quercus coccifera",3.5,9.621127501618741e-4
4183,"Plot227","f","Stratum-U17-1","U17","3",7,"Plot227_7","Stems 2.5-10 cm DBH","Quercus coccifera",4,0.0012566370614359172
4696,"Plot227","f","Stratum-U17-1","U17","1",1,"Plot227_1","Stems 2.5-10 cm DBH","Quercus coccifera",6.5,0.003318307240354219
4524,"Plot227","f","Stratum-U17-1","U17","1",1,"Plot227_1","Stems 2.5-10 cm DBH","Quercus coccifera",6,0.0028274333882308137
4181,"Plot227","f","Stratum-U17-1","U17","2",5,"Plot227_5","Stems 2.5-10 cm DBH","Quercus coccifera",2.5,4.908738521234052e-4
608,"Plot227","f","Stratum-U17-1","U17","3",7,"Plot227_7","Stems 2.5-10 cm DBH","Quercus coccifera",3,7.068583470577034e-4
3522,"Plot227","f","Stratum-U17-1","U17","2",3,"Plot227_3","Stems 2.5-10 cm DBH","Quercus coccifera",4,0.0012566370614359172
3521,"Plot227","f","Stratum-U17-1","U17","1",2,"Plot227_2","Stems 2.5-10 cm DBH","Quercus coccifera",4.5,0.0015904312808798326
605,"Plot227","f","Stratum-U17-1","U17","2",4,"Plot227_4","Stems 2.5-10 cm DBH","Quercus coccifera",5,0.001963495408493621
4178,"Plot227","f","Stratum-U17-1","U17","1",1,"Plot227_1","Stems 2.5-10 cm DBH","Quercus coccifera",5.5,0.002375829444277281
3520,"Plot227","f","Stratum-U17-1","U17","1",1,"Plot227_1","Stems 2.5-10 cm DBH","Quercus coccifera",3.5,9.621127501618741e-4
4180,"Plot227","f","Stratum-U17-1","U17","2",3,"Plot227_3","Stems 2.5-10 cm DBH","Quercus coccifera",4.5,0.0015904312808798326
602,"Plot227","f","Stratum-U17-1","U17","1",1,"Plot227_1","Stems 2.5-10 cm DBH","Quercus coccifera",3,7.068583470577034e-4
4182,"Plot227","f","Stratum-U17-1","U17","3",6,"Plot227_6","Stems 2.5-10 cm DBH","Quercus coccifera",6.5,0.003318307240354219
606,"Plot227","f","Stratum-U17-1","U17","2",5,"Plot227_5","Stems 2.5-10 cm DBH","Quercus coccifera",6,0.0028274333882308137
604,"Plot227","f","Stratum-U17-1","U17","2",3,"Plot227_3","Stems 2.5-10 cm DBH","Quercus coccifera",5.5,0.002375829444277281
4179,"Plot227","f","Stratum-U17-1","U17","1",2,"Plot227_2","Stems 2.5-10 cm DBH","Quercus coccifera",5.5,0.002375829444277281
4525,"Plot227","f","Stratum-U17-1","U17","2",5,"Plot227_5","Stems 2.5-10 cm DBH","Quercus coccifera",4.5,0.0015904312808798326
4526,"Plot227","f","Stratum-U17-1","U17","3",7,"Plot227_7","Stems 2.5-10 cm DBH","Quercus coccifera",4.5,0.0015904312808798326
607,"Plot227","f","Stratum-U17-1","U17","3",6,"Plot227_6","Stems 2.5-10 cm DBH","Quercus coccifera",4.5,0.0015904312808798326
603,"Plot227","f","Stratum-U17-1","U17","1",2,"Plot227_2","Stems 2.5-10 cm DBH","Quercus coccifera",2.5,4.908738521234052e-4
609,"Plot228","f","Stratum-U17-1","U17","3",1,"Plot228_1","Stems 2.5-10 cm DBH","Olea europaea",7.5,0.004417864669110647
613,"Plot229","f","Stratum-U16-1","U16","2",4,"Plot229_4","Stems 2.5-10 cm DBH","Quercus coccifera",3,7.068583470577034e-4
610,"Plot229","f","Stratum-U16-1","U16","1",1,"Plot229_1","Stems 2.5-10 cm DBH","Paliurus spina-christi",3.5,9.621127501618741e-4
615,"Plot229","f","Stratum-U16-1","U16","3",6,"Plot229_6","Stems 2.5-10 cm DBH","Quercus coccifera",4,0.0012566370614359172
3530,"Plot229","f","Stratum-U16-1","U16","2",4,"Plot229_4","Stems 2.5-10 cm DBH","Quercus coccifera",2.5,4.908738521234052e-4
3527,"Plot229","f","Stratum-U16-1","U16","1",1,"Plot229_1","Stems 2.5-10 cm DBH","Paliurus spina-christi",2.5,4.908738521234052e-4
611,"Plot229","f","Stratum-U16-1","U16","1",2,"Plot229_2","Stems 2.5-10 cm DBH","Quercus coccifera",2.5,4.908738521234052e-4
612,"Plot229","f","Stratum-U16-1","U16","1",3,"Plot229_3","Stems 2.5-10 cm DBH","Quercus coccifera",2.5,4.908738521234052e-4
4186,"Plot229","f","Stratum-U16-1","U16","2",4,"Plot229_4","Stems 2.5-10 cm DBH","Quercus coccifera",4.5,0.0015904312808798326
614,"Plot229","f","Stratum-U16-1","U16","2",5,"Plot229_5","Stems 2.5-10 cm DBH","Quercus coccifera",2.5,4.908738521234052e-4
4184,"Plot229","f","Stratum-U16-1","U16","1",1,"Plot229_1","Stems 2.5-10 cm DBH","Paliurus spina-christi",3,7.068583470577034e-4
4185,"Plot229","f","Stratum-U16-1","U16","1",2,"Plot229_2","Stems 2.5-10 cm DBH","Quercus coccifera",7.5,0.004417864669110647
4187,"Plot229","f","Stratum-U16-1","U16","2",5,"Plot229_5","Stems 2.5-10 cm DBH","Quercus coccifera",4.5,0.0015904312808798326
3529,"Plot229","f","Stratum-U16-1","U16","1",3,"Plot229_3","Stems 2.5-10 cm DBH","Quercus coccifera",2.5,4.908738521234052e-4
3528,"Plot229","f","Stratum-U16-1","U16","1",2,"Plot229_2","Stems 2.5-10 cm DBH","Quercus coccifera",3,7.068583470577034e-4
3531,"Plot229","f","Stratum-U16-1","U16","2",5,"Plot229_5","Stems 2.5-10 cm DBH","Quercus coccifera",4,0.0012566370614359172
3532,"Plot229","f","Stratum-U16-1","U16","3",6,"Plot229_6","Stems 2.5-10 cm DBH","Quercus coccifera",5.5,0.002375829444277281
4527,"Plot229","f","Stratum-U16-1","U16","1",2,"Plot229_2","Stems 2.5-10 cm DBH","Quercus coccifera",3,7.068583470577034e-4
4528,"Plot229","f","Stratum-U16-1","U16","2",5,"Plot229_5","Stems 2.5-10 cm DBH","Quercus coccifera",5.5,0.002375829444277281
4530,"Plot230","f","Stratum-U16-1","U16","2",3,"Plot230_3","Stems 2.5-10 cm DBH","Quercus coccifera",2.5,4.908738521234052e-4
4531,"Plot230","f","Stratum-U16-1","U16","3",4,"Plot230_4","Stems 2.5-10 cm DBH","Quercus coccifera",2.5,4.908738521234052e-4
4188,"Plot230","f","Stratum-U16-1","U16","1",1,"Plot230_1","Stems 2.5-10 cm DBH","Quercus coccifera",2.5,4.908738521234052e-4
616,"Plot230","f","Stratum-U16-1","U16","1",1,"Plot230_1","Stems 2.5-10 cm DBH","Quercus coccifera",2.5,4.908738521234052e-4
620,"Plot230","f","Stratum-U16-1","U16","3",5,"Plot230_5","Stems >=10 cm DBH","Fraxinus ornus",10,0.007853981633974483
3536,"Plot230","f","Stratum-U16-1","U16","3",4,"Plot230_4","Stems 2.5-10 cm DBH","Quercus coccifera",3.5,9.621127501618741e-4
3534,"Plot230","f","Stratum-U16-1","U16","2",2,"Plot230_2","Stems 2.5-10 cm DBH","Paliurus spina-christi",2.5,4.908738521234052e-4
4529,"Plot230","f","Stratum-U16-1","U16","2",2,"Plot230_2","Stems 2.5-10 cm DBH","Paliurus spina-christi",2.5,4.908738521234052e-4
4190,"Plot230","f","Stratum-U16-1","U16","2",3,"Plot230_3","Stems 2.5-10 cm DBH","Quercus coccifera",3,7.068583470577034e-4
3535,"Plot230","f","Stratum-U16-1","U16","2",3,"Plot230_3","Stems 2.5-10 cm DBH","Quercus coccifera",4.5,0.0015904312808798326
3533,"Plot230","f","Stratum-U16-1","U16","1",1,"Plot230_1","Stems 2.5-10 cm DBH","Quercus coccifera",3,7.068583470577034e-4
4189,"Plot230","f","Stratum-U16-1","U16","2",2,"Plot230_2","Stems 2.5-10 cm DBH","Paliurus spina-christi",3,7.068583470577034e-4
619,"Plot230","f","Stratum-U16-1","U16","3",4,"Plot230_4","Stems 2.5-10 cm DBH","Quercus coccifera",3,7.068583470577034e-4
618,"Plot230","f","Stratum-U16-1","U16","2",3,"Plot230_3","Stems 2.5-10 cm DBH","Quercus coccifera",3,7.068583470577034e-4
617,"Plot230","f","Stratum-U16-1","U16","2",2,"Plot230_2","Stems 2.5-10 cm DBH","Paliurus spina-christi",2.5,4.908738521234052e-4
4191,"Plot230","f","Stratum-U16-1","U16","3",4,"Plot230_4","Stems 2.5-10 cm DBH","Quercus coccifera",2.5,4.908738521234052e-4
3538,"Plot231","f","Stratum-U16-1","U16","1",2,"Plot231_2","Stems 2.5-10 cm DBH","Quercus coccifera",3,7.068583470577034e-4
4533,"Plot231","f","Stratum-U16-1","U16","1",3,"Plot231_3","Stems 2.5-10 cm DBH","Quercus coccifera",3,7.068583470577034e-4
4534,"Plot231","f","Stratum-U16-1","U16","3",6,"Plot231_6","Stems 2.5-10 cm DBH","Quercus coccifera",4.5,0.0015904312808798326
3537,"Plot231","f","Stratum-U16-1","U16","1",1,"Plot231_1","Stems 2.5-10 cm DBH","Quercus coccifera",3,7.068583470577034e-4
628,"Plot231","f","Stratum-U16-1","U16","3",8,"Plot231_8","Stems 2.5-10 cm DBH","Quercus coccifera",2.5,4.908738521234052e-4
3543,"Plot231","f","Stratum-U16-1","U16","3",7,"Plot231_7","Stems 2.5-10 cm DBH","Quercus coccifera",5.5,0.002375829444277281
626,"Plot231","f","Stratum-U16-1","U16","3",6,"Plot231_6","Stems 2.5-10 cm DBH","Quercus coccifera",3.5,9.621127501618741e-4
625,"Plot231","f","Stratum-U16-1","U16","2",5,"Plot231_5","Stems 2.5-10 cm DBH","Quercus coccifera",2.5,4.908738521234052e-4
622,"Plot231","f","Stratum-U16-1","U16","1",2,"Plot231_2","Stems 2.5-10 cm DBH","Quercus coccifera",2.5,4.908738521234052e-4
4196,"Plot231","f","Stratum-U16-1","U16","3",7,"Plot231_7","Stems 2.5-10 cm DBH","Quercus coccifera",3,7.068583470577034e-4
4535,"Plot231","f","Stratum-U16-1","U16","3",7,"Plot231_7","Stems 2.5-10 cm DBH","Quercus coccifera",3.5,9.621127501618741e-4
627,"Plot231","f","Stratum-U16-1","U16","3",7,"Plot231_7","Stems 2.5-10 cm DBH","Quercus coccifera",4,0.0012566370614359172
624,"Plot231","f","Stratum-U16-1","U16","2",4,"Plot231_4","Stems 2.5-10 cm DBH","Quercus coccifera",3,7.068583470577034e-4
3539,"Plot231","f","Stratum-U16-1","U16","1",3,"Plot231_3","Stems 2.5-10 cm DBH","Quercus coccifera",3,7.068583470577034e-4
4197,"Plot231","f","Stratum-U16-1","U16","3",8,"Plot231_8","Stems 2.5-10 cm DBH","Quercus coccifera",3.5,9.621127501618741e-4
623,"Plot231","f","Stratum-U16-1","U16","1",3,"Plot231_3","Stems 2.5-10 cm DBH","Quercus coccifera",2.5,4.908738521234052e-4
3541,"Plot231","f","Stratum-U16-1","U16","2",5,"Plot231_5","Stems 2.5-10 cm DBH","Quercus coccifera",3,7.068583470577034e-4
4532,"Plot231","f","Stratum-U16-1","U16","1",1,"Plot231_1","Stems 2.5-10 cm DBH","Quercus coccifera",2.5,4.908738521234052e-4
3540,"Plot231","f","Stratum-U16-1","U16","2",4,"Plot231_4","Stems 2.5-10 cm DBH","Quercus coccifera",3.5,9.621127501618741e-4
4698,"Plot231","f","Stratum-U16-1","U16","3",7,"Plot231_7","Stems 2.5-10 cm DBH","Quercus coccifera",3,7.068583470577034e-4
4193,"Plot231","f","Stratum-U16-1","U16","1",3,"Plot231_3","Stems 2.5-10 cm DBH","Quercus coccifera",3,7.068583470577034e-4
3544,"Plot231","f","Stratum-U16-1","U16","3",8,"Plot231_8","Stems 2.5-10 cm DBH","Quercus coccifera",3,7.068583470577034e-4
4697,"Plot231","f","Stratum-U16-1","U16","1",3,"Plot231_3","Stems 2.5-10 cm DBH","Quercus coccifera",3.5,9.621127501618741e-4
3542,"Plot231","f","Stratum-U16-1","U16","3",6,"Plot231_6","Stems 2.5-10 cm DBH","Quercus coccifera",2.5,4.908738521234052e-4
4192,"Plot231","f","Stratum-U16-1","U16","1",1,"Plot231_1","Stems 2.5-10 cm DBH","Quercus coccifera",3.5,9.621127501618741e-4
621,"Plot231","f","Stratum-U16-1","U16","1",1,"Plot231_1","Stems 2.5-10 cm DBH","Quercus coccifera",2.5,4.908738521234052e-4
4195,"Plot231","f","Stratum-U16-1","U16","3",6,"Plot231_6","Stems 2.5-10 cm DBH","Quercus coccifera",4.5,0.0015904312808798326
4194,"Plot231","f","Stratum-U16-1","U16","2",4,"Plot231_4","Stems 2.5-10 cm DBH","Quercus coccifera",4.5,0.0015904312808798326
3553,"Plot232","f","Stratum-U16-1","U16","3",9,"Plot232_9","Stems 2.5-10 cm DBH","Quercus coccifera",4.5,0.0015904312808798326
4536,"Plot232","f","Stratum-U16-1","U16","1",1,"Plot232_1","Stems 2.5-10 cm DBH","Quercus coccifera",2.5,4.908738521234052e-4
4199,"Plot232","f","Stratum-U16-1","U16","1",2,"Plot232_2","Stems 2.5-10 cm DBH","Quercus coccifera",4.5,0.0015904312808798326
4538,"Plot232","f","Stratum-U16-1","U16","2",5,"Plot232_5","Stems 2.5-10 cm DBH","Quercus coccifera",3.5,9.621127501618741e-4
4699,"Plot232","f","Stratum-U16-1","U16","2",5,"Plot232_5","Stems 2.5-10 cm DBH","Quercus coccifera",4.5,0.0015904312808798326
3552,"Plot232","f","Stratum-U16-1","U16","3",8,"Plot232_8","Stems 2.5-10 cm DBH","Quercus coccifera",4,0.0012566370614359172
4537,"Plot232","f","Stratum-U16-1","U16","1",2,"Plot232_2","Stems 2.5-10 cm DBH","Quercus coccifera",2.5,4.908738521234052e-4
636,"Plot232","f","Stratum-U16-1","U16","3",8,"Plot232_8","Stems 2.5-10 cm DBH","Quercus coccifera",3.5,9.621127501618741e-4
637,"Plot232","f","Stratum-U16-1","U16","3",9,"Plot232_9","Stems 2.5-10 cm DBH","Quercus coccifera",3.5,9.621127501618741e-4
4202,"Plot232","f","Stratum-U16-1","U16","2",5,"Plot232_5","Stems 2.5-10 cm DBH","Quercus coccifera",5,0.001963495408493621
3551,"Plot232","f","Stratum-U16-1","U16","3",7,"Plot232_7","Stems 2.5-10 cm DBH","Quercus coccifera",3.5,9.621127501618741e-4
4200,"Plot232","f","Stratum-U16-1","U16","1",3,"Plot232_3","Stems 2.5-10 cm DBH","Quercus coccifera",3,7.068583470577034e-4
4201,"Plot232","f","Stratum-U16-1","U16","2",4,"Plot232_4","Stems 2.5-10 cm DBH","Quercus coccifera",3,7.068583470577034e-4
4787,"Plot232","f","Stratum-U16-1","U16","2",5,"Plot232_5","Stems 2.5-10 cm DBH","Quercus coccifera",6.5,0.003318307240354219
4203,"Plot232","f","Stratum-U16-1","U16","3",7,"Plot232_7","Stems 2.5-10 cm DBH","Quercus coccifera",3.5,9.621127501618741e-4
4829,"Plot232","f","Stratum-U16-1","U16","2",5,"Plot232_5","Stems 2.5-10 cm DBH","Quercus coccifera",6,0.0028274333882308137
3547,"Plot232","f","Stratum-U16-1","U16","1",3,"Plot232_3","Stems 2.5-10 cm DBH","Quercus coccifera",2.5,4.908738521234052e-4
3548,"Plot232","f","Stratum-U16-1","U16","2",4,"Plot232_4","Stems 2.5-10 cm DBH","Quercus coccifera",3.5,9.621127501618741e-4
3549,"Plot232","f","Stratum-U16-1","U16","2",5,"Plot232_5","Stems 2.5-10 cm DBH","Quercus coccifera",2.5,4.908738521234052e-4
3550,"Plot232","f","Stratum-U16-1","U16","2",6,"Plot232_6","Stems 2.5-10 cm DBH","Quercus coccifera",2.5,4.908738521234052e-4
4198,"Plot232","f","Stratum-U16-1","U16","1",1,"Plot232_1","Stems 2.5-10 cm DBH","Quercus coccifera",3.5,9.621127501618741e-4
632,"Plot232","f","Stratum-U16-1","U16","2",4,"Plot232_4","Stems 2.5-10 cm DBH","Quercus coccifera",3,7.068583470577034e-4
633,"Plot232","f","Stratum-U16-1","U16","2",5,"Plot232_5","Stems 2.5-10 cm DBH","Quercus coccifera",2.5,4.908738521234052e-4
4539,"Plot232","f","Stratum-U16-1","U16","3",9,"Plot232_9","Stems 2.5-10 cm DBH","Quercus coccifera",2.5,4.908738521234052e-4
631,"Plot232","f","Stratum-U16-1","U16","1",3,"Plot232_3","Stems 2.5-10 cm DBH","Quercus coccifera",2.5,4.908738521234052e-4
3546,"Plot232","f","Stratum-U16-1","U16","1",2,"Plot232_2","Stems 2.5-10 cm DBH","Quercus coccifera",3.5,9.621127501618741e-4
4204,"Plot232","f","Stratum-U16-1","U16","3",9,"Plot232_9","Stems 2.5-10 cm DBH","Quercus coccifera",5,0.001963495408493621
634,"Plot232","f","Stratum-U16-1","U16","2",6,"Plot232_6","Stems 2.5-10 cm DBH","Quercus coccifera",2.5,4.908738521234052e-4
635,"Plot232","f","Stratum-U16-1","U16","3",7,"Plot232_7","Stems 2.5-10 cm DBH","Quercus coccifera",2.5,4.908738521234052e-4
630,"Plot232","f","Stratum-U16-1","U16","1",2,"Plot232_2","Stems 2.5-10 cm DBH","Quercus coccifera",3,7.068583470577034e-4
3545,"Plot232","f","Stratum-U16-1","U16","1",1,"Plot232_1","Stems 2.5-10 cm DBH","Quercus coccifera",3,7.068583470577034e-4
629,"Plot232","f","Stratum-U16-1","U16","1",1,"Plot232_1","Stems 2.5-10 cm DBH","Quercus coccifera",2.5,4.908738521234052e-4
3555,"Plot234","f","Stratum-U16-1","U16","3",2,"Plot234_2","Stems 2.5-10 cm DBH","Quercus coccifera",3.5,9.621127501618741e-4
639,"Plot234","f","Stratum-U16-1","U16","3",2,"Plot234_2","Stems 2.5-10 cm DBH","Quercus coccifera",3,7.068583470577034e-4
3554,"Plot234","f","Stratum-U16-1","U16","1",1,"Plot234_1","Stems 2.5-10 cm DBH","Quercus coccifera",3.5,9.621127501618741e-4
638,"Plot234","f","Stratum-U16-1","U16","1",1,"Plot234_1","Stems 2.5-10 cm DBH","Quercus coccifera",3,7.068583470577034e-4
640,"Plot235","f","Stratum-U16-1","U16","1",1,"Plot235_1","Stems >=10 cm DBH","Quercus pubescens",20,0.031415926535897934
641,"Plot235","f","Stratum-U16-1","U16","3",2,"Plot235_2","Stems >=10 cm DBH","Quercus pubescens",13,0.013273228961416876
4540,"Plot236","f","Stratum-U16-1","U16","1",2,"Plot236_2","Stems 2.5-10 cm DBH","Fraxinus ornus",8.5,0.0056745017305465635
644,"Plot236","f","Stratum-U16-1","U16","1",3,"Plot236_3","Stems 2.5-10 cm DBH","Quercus coccifera",3.5,9.621127501618741e-4
4700,"Plot236","f","Stratum-U16-1","U16","1",3,"Plot236_3","Stems 2.5-10 cm DBH","Quercus coccifera",5.5,0.002375829444277281
643,"Plot236","f","Stratum-U16-1","U16","1",2,"Plot236_2","Stems 2.5-10 cm DBH","Fraxinus ornus",4.5,0.0015904312808798326
4206,"Plot236","f","Stratum-U16-1","U16","1",3,"Plot236_3","Stems 2.5-10 cm DBH","Quercus coccifera",6,0.0028274333882308137
642,"Plot236","f","Stratum-U16-1","U16","1",1,"Plot236_1","Stems 2.5-10 cm DBH","Carpinus orientalis",6.5,0.003318307240354219
4205,"Plot236","f","Stratum-U16-1","U16","1",2,"Plot236_2","Stems 2.5-10 cm DBH","Fraxinus ornus",7,0.0038484510006474965
4788,"Plot236","f","Stratum-U16-1","U16","1",3,"Plot236_3","Stems 2.5-10 cm DBH","Quercus coccifera",6.5,0.003318307240354219
4541,"Plot236","f","Stratum-U16-1","U16","1",3,"Plot236_3","Stems 2.5-10 cm DBH","Quercus coccifera",4.5,0.0015904312808798326
3556,"Plot236","f","Stratum-U16-1","U16","1",2,"Plot236_2","Stems 2.5-10 cm DBH","Fraxinus ornus",5.5,0.002375829444277281
3557,"Plot236","f","Stratum-U16-1","U16","1",3,"Plot236_3","Stems 2.5-10 cm DBH","Quercus coccifera",4.5,0.0015904312808798326
650,"Plot237","f","Stratum-U16-1","U16","3",6,"Plot237_6","Stems 2.5-10 cm DBH","Quercus coccifera",5,0.001963495408493621
649,"Plot237","f","Stratum-U16-1","U16","3",5,"Plot237_5","Stems 2.5-10 cm DBH","Carpinus orientalis",7,0.0038484510006474965
4208,"Plot237","f","Stratum-U16-1","U16","2",3,"Plot237_3","Stems 2.5-10 cm DBH","Quercus coccifera",3.5,9.621127501618741e-4
4209,"Plot237","f","Stratum-U16-1","U16","3",6,"Plot237_6","Stems 2.5-10 cm DBH","Quercus coccifera",6,0.0028274333882308137
648,"Plot237","f","Stratum-U16-1","U16","3",4,"Plot237_4","Stems 2.5-10 cm DBH","Carpinus orientalis",9,0.0063617251235193305
4543,"Plot237","f","Stratum-U16-1","U16","3",6,"Plot237_6","Stems 2.5-10 cm DBH","Quercus coccifera",5.5,0.002375829444277281
4702,"Plot237","f","Stratum-U16-1","U16","3",6,"Plot237_6","Stems 2.5-10 cm DBH","Quercus coccifera",4.5,0.0015904312808798326
4207,"Plot237","f","Stratum-U16-1","U16","2",1,"Plot237_1","Stems 2.5-10 cm DBH","Quercus coccifera",3.5,9.621127501618741e-4
651,"Plot237","f","Stratum-U16-1","U16","3",7,"Plot237_7","Stems 2.5-10 cm DBH","Quercus coccifera",4.5,0.0015904312808798326
4701,"Plot237","f","Stratum-U16-1","U16","2",1,"Plot237_1","Stems 2.5-10 cm DBH","Quercus coccifera",4.5,0.0015904312808798326
647,"Plot237","f","Stratum-U16-1","U16","2",3,"Plot237_3","Stems 2.5-10 cm DBH","Quercus coccifera",4.5,0.0015904312808798326
646,"Plot237","f","Stratum-U16-1","U16","2",2,"Plot237_2","Stems 2.5-10 cm DBH","Quercus coccifera",2.5,4.908738521234052e-4
3560,"Plot237","f","Stratum-U16-1","U16","2",3,"Plot237_3","Stems 2.5-10 cm DBH","Quercus coccifera",6.5,0.003318307240354219
4210,"Plot237","f","Stratum-U16-1","U16","3",7,"Plot237_7","Stems 2.5-10 cm DBH","Quercus coccifera",5.5,0.002375829444277281
3563,"Plot237","f","Stratum-U16-1","U16","3",7,"Plot237_7","Stems 2.5-10 cm DBH","Quercus coccifera",3.5,9.621127501618741e-4
3562,"Plot237","f","Stratum-U16-1","U16","3",6,"Plot237_6","Stems 2.5-10 cm DBH","Quercus coccifera",5.5,0.002375829444277281
3558,"Plot237","f","Stratum-U16-1","U16","2",1,"Plot237_1","Stems 2.5-10 cm DBH","Quercus coccifera",4.5,0.0015904312808798326
3559,"Plot237","f","Stratum-U16-1","U16","2",2,"Plot237_2","Stems 2.5-10 cm DBH","Quercus coccifera",3.5,9.621127501618741e-4
4789,"Plot237","f","Stratum-U16-1","U16","3",6,"Plot237_6","Stems 2.5-10 cm DBH","Quercus coccifera",3.5,9.621127501618741e-4
4542,"Plot237","f","Stratum-U16-1","U16","2",1,"Plot237_1","Stems 2.5-10 cm DBH","Quercus coccifera",3,7.068583470577034e-4
3561,"Plot237","f","Stratum-U16-1","U16","3",4,"Plot237_4","Stems 2.5-10 cm DBH","Carpinus orientalis",8.5,0.0056745017305465635
645,"Plot237","f","Stratum-U16-1","U16","2",1,"Plot237_1","Stems 2.5-10 cm DBH","Quercus coccifera",4.5,0.0015904312808798326
654,"Plot238","f","Stratum-U16-1","U16","1",3,"Plot238_3","Stems 2.5-10 cm DBH","Quercus coccifera",4,0.0012566370614359172
655,"Plot238","f","Stratum-U16-1","U16","2",4,"Plot238_4","Stems 2.5-10 cm DBH","Quercus coccifera",5.5,0.002375829444277281
4703,"Plot238","f","Stratum-U16-1","U16","1",2,"Plot238_2","Stems 2.5-10 cm DBH","Quercus coccifera",6.5,0.003318307240354219
4212,"Plot238","f","Stratum-U16-1","U16","1",3,"Plot238_3","Stems 2.5-10 cm DBH","Quercus coccifera",3.5,9.621127501618741e-4
4549,"Plot238","f","Stratum-U16-1","U16","3",9,"Plot238_9","Stems 2.5-10 cm DBH","Quercus coccifera",5.5,0.002375829444277281
653,"Plot238","f","Stratum-U16-1","U16","1",2,"Plot238_2","Stems 2.5-10 cm DBH","Quercus coccifera",3.5,9.621127501618741e-4
657,"Plot238","f","Stratum-U16-1","U16","3",6,"Plot238_6","Stems 2.5-10 cm DBH","Phillyrea latifolia",5.5,0.002375829444277281
658,"Plot238","f","Stratum-U16-1","U16","3",7,"Plot238_7","Stems 2.5-10 cm DBH","Quercus coccifera",5.5,0.002375829444277281
4214,"Plot238","f","Stratum-U16-1","U16","2",5,"Plot238_5","Stems 2.5-10 cm DBH","Quercus coccifera",7.5,0.004417864669110647
656,"Plot238","f","Stratum-U16-1","U16","2",5,"Plot238_5","Stems 2.5-10 cm DBH","Quercus coccifera",4.5,0.0015904312808798326
4791,"Plot238","f","Stratum-U16-1","U16","2",5,"Plot238_5","Stems 2.5-10 cm DBH","Quercus coccifera",8,0.005026548245743669
4547,"Plot238","f","Stratum-U16-1","U16","2",5,"Plot238_5","Stems 2.5-10 cm DBH","Quercus coccifera",6.5,0.003318307240354219
4548,"Plot238","f","Stratum-U16-1","U16","3",7,"Plot238_7","Stems 2.5-10 cm DBH","Quercus coccifera",8,0.005026548245743669
3565,"Plot238","f","Stratum-U16-1","U16","1",3,"Plot238_3","Stems 2.5-10 cm DBH","Quercus coccifera",4.5,0.0015904312808798326
652,"Plot238","f","Stratum-U16-1","U16","1",1,"Plot238_1","Stems >=10 cm DBH","Fraxinus ornus",11,0.009503317777109124
4211,"Plot238","f","Stratum-U16-1","U16","1",2,"Plot238_2","Stems 2.5-10 cm DBH","Quercus coccifera",7.5,0.004417864669110647
4213,"Plot238","f","Stratum-U16-1","U16","2",4,"Plot238_4","Stems 2.5-10 cm DBH","Quercus coccifera",6,0.0028274333882308137
4705,"Plot238","f","Stratum-U16-1","U16","2",5,"Plot238_5","Stems 2.5-10 cm DBH","Quercus coccifera",7,0.0038484510006474965
4215,"Plot238","f","Stratum-U16-1","U16","3",7,"Plot238_7","Stems 2.5-10 cm DBH","Quercus coccifera",4,0.0012566370614359172
4216,"Plot238","f","Stratum-U16-1","U16","3",8,"Plot238_8","Stems 2.5-10 cm DBH","Quercus coccifera",8,0.005026548245743669
4704,"Plot238","f","Stratum-U16-1","U16","2",4,"Plot238_4","Stems 2.5-10 cm DBH","Quercus coccifera",4,0.0012566370614359172
4546,"Plot238","f","Stratum-U16-1","U16","2",4,"Plot238_4","Stems 2.5-10 cm DBH","Quercus coccifera",6.5,0.003318307240354219
4706,"Plot238","f","Stratum-U16-1","U16","3",9,"Plot238_9","Stems 2.5-10 cm DBH","Quercus coccifera",5.5,0.002375829444277281
4790,"Plot238","f","Stratum-U16-1","U16","1",2,"Plot238_2","Stems 2.5-10 cm DBH","Quercus coccifera",5.5,0.002375829444277281
4830,"Plot238","f","Stratum-U16-1","U16","2",5,"Plot238_5","Stems 2.5-10 cm DBH","Quercus coccifera",9,0.0063617251235193305
3564,"Plot238","f","Stratum-U16-1","U16","1",2,"Plot238_2","Stems 2.5-10 cm DBH","Quercus coccifera",5.5,0.002375829444277281
3569,"Plot238","f","Stratum-U16-1","U16","3",7,"Plot238_7","Stems 2.5-10 cm DBH","Quercus coccifera",7.5,0.004417864669110647
3566,"Plot238","f","Stratum-U16-1","U16","2",4,"Plot238_4","Stems 2.5-10 cm DBH","Quercus coccifera",6.5,0.003318307240354219
3567,"Plot238","f","Stratum-U16-1","U16","2",5,"Plot238_5","Stems 2.5-10 cm DBH","Quercus coccifera",6.5,0.003318307240354219
3568,"Plot238","f","Stratum-U16-1","U16","3",6,"Plot238_6","Stems 2.5-10 cm DBH","Phillyrea latifolia",6.5,0.003318307240354219
4545,"Plot238","f","Stratum-U16-1","U16","1",3,"Plot238_3","Stems 2.5-10 cm DBH","Quercus coccifera",5.5,0.002375829444277281
3570,"Plot238","f","Stratum-U16-1","U16","3",8,"Plot238_8","Stems 2.5-10 cm DBH","Quercus coccifera",7,0.0038484510006474965
659,"Plot238","f","Stratum-U16-1","U16","3",8,"Plot238_8","Stems 2.5-10 cm DBH","Quercus coccifera",3,7.068583470577034e-4
4544,"Plot238","f","Stratum-U16-1","U16","1",2,"Plot238_2","Stems 2.5-10 cm DBH","Quercus coccifera",3.5,9.621127501618741e-4
660,"Plot238","f","Stratum-U16-1","U16","3",9,"Plot238_9","Stems 2.5-10 cm DBH","Quercus coccifera",5.5,0.002375829444277281
3571,"Plot238","f","Stratum-U16-1","U16","3",9,"Plot238_9","Stems 2.5-10 cm DBH","Quercus coccifera",6,0.0028274333882308137
4217,"Plot238","f","Stratum-U16-1","U16","3",9,"Plot238_9","Stems 2.5-10 cm DBH","Quercus coccifera",6.5,0.003318307240354219
665,"Plot239","f","Stratum-U16-1","U16","2",5,"Plot239_5","Stems 2.5-10 cm DBH","Quercus coccifera",3.5,9.621127501618741e-4
666,"Plot239","f","Stratum-U16-1","U16","2",6,"Plot239_6","Stems 2.5-10 cm DBH","Quercus coccifera",3.5,9.621127501618741e-4
4710,"Plot239","f","Stratum-U16-1","U16","2",5,"Plot239_5","Stems 2.5-10 cm DBH","Quercus coccifera",2.5,4.908738521234052e-4
4711,"Plot239","f","Stratum-U16-1","U16","3",8,"Plot239_8","Stems 2.5-10 cm DBH","Quercus coccifera",3.5,9.621127501618741e-4
4832,"Plot239","f","Stratum-U16-1","U16","2",5,"Plot239_5","Stems 2.5-10 cm DBH","Quercus coccifera",3.5,9.621127501618741e-4
4831,"Plot239","f","Stratum-U16-1","U16","1",1,"Plot239_1","Stems 2.5-10 cm DBH","Quercus coccifera",3.5,9.621127501618741e-4
4793,"Plot239","f","Stratum-U16-1","U16","1",2,"Plot239_2","Stems 2.5-10 cm DBH","Quercus coccifera",5,0.001963495408493621
4794,"Plot239","f","Stratum-U16-1","U16","2",5,"Plot239_5","Stems 2.5-10 cm DBH","Quercus coccifera",2.5,4.908738521234052e-4
664,"Plot239","f","Stratum-U16-1","U16","2",4,"Plot239_4","Stems 2.5-10 cm DBH","Phillyrea latifolia",2.5,4.908738521234052e-4
667,"Plot239","f","Stratum-U16-1","U16","2",7,"Plot239_7","Stems 2.5-10 cm DBH","Quercus coccifera",2.5,4.908738521234052e-4
669,"Plot239","f","Stratum-U16-1","U16","3",9,"Plot239_9","Stems 2.5-10 cm DBH","Quercus coccifera",3,7.068583470577034e-4
670,"Plot239","f","Stratum-U16-1","U16","3",10,"Plot239_10","Stems 2.5-10 cm DBH","Quercus coccifera",3.5,9.621127501618741e-4
4550,"Plot239","f","Stratum-U16-1","U16","1",1,"Plot239_1","Stems 2.5-10 cm DBH","Quercus coccifera",3.5,9.621127501618741e-4
3578,"Plot239","f","Stratum-U16-1","U16","3",11,"Plot239_11","Stems 2.5-10 cm DBH","Quercus coccifera",4.5,0.0015904312808798326
4709,"Plot239","f","Stratum-U16-1","U16","2",4,"Plot239_4","Stems 2.5-10 cm DBH","Phillyrea latifolia",4.5,0.0015904312808798326
661,"Plot239","f","Stratum-U16-1","U16","1",1,"Plot239_1","Stems 2.5-10 cm DBH","Quercus coccifera",3,7.068583470577034e-4
662,"Plot239","f","Stratum-U16-1","U16","1",2,"Plot239_2","Stems 2.5-10 cm DBH","Quercus coccifera",3,7.068583470577034e-4
668,"Plot239","f","Stratum-U16-1","U16","3",8,"Plot239_8","Stems 2.5-10 cm DBH","Quercus coccifera",4.5,0.0015904312808798326
4224,"Plot239","f","Stratum-U16-1","U16","3",11,"Plot239_11","Stems 2.5-10 cm DBH","Quercus coccifera",3.5,9.621127501618741e-4
3577,"Plot239","f","Stratum-U16-1","U16","3",8,"Plot239_8","Stems 2.5-10 cm DBH","Quercus coccifera",3.5,9.621127501618741e-4
4792,"Plot239","f","Stratum-U16-1","U16","1",1,"Plot239_1","Stems 2.5-10 cm DBH","Quercus coccifera",4,0.0012566370614359172
663,"Plot239","f","Stratum-U16-1","U16","1",3,"Plot239_3","Stems 2.5-10 cm DBH","Quercus coccifera",6,0.0028274333882308137
4555,"Plot239","f","Stratum-U16-1","U16","3",8,"Plot239_8","Stems 2.5-10 cm DBH","Quercus coccifera",6.5,0.003318307240354219
4556,"Plot239","f","Stratum-U16-1","U16","3",11,"Plot239_11","Stems 2.5-10 cm DBH","Quercus coccifera",5,0.001963495408493621
4551,"Plot239","f","Stratum-U16-1","U16","1",2,"Plot239_2","Stems 2.5-10 cm DBH","Quercus coccifera",3.5,9.621127501618741e-4
4221,"Plot239","f","Stratum-U16-1","U16","2",4,"Plot239_4","Stems 2.5-10 cm DBH","Phillyrea latifolia",4,0.0012566370614359172
4222,"Plot239","f","Stratum-U16-1","U16","2",5,"Plot239_5","Stems 2.5-10 cm DBH","Quercus coccifera",3,7.068583470577034e-4
4223,"Plot239","f","Stratum-U16-1","U16","3",8,"Plot239_8","Stems 2.5-10 cm DBH","Quercus coccifera",4,0.0012566370614359172
4853,"Plot239","f","Stratum-U16-1","U16","1",1,"Plot239_1","Stems 2.5-10 cm DBH","Quercus coccifera",2.5,4.908738521234052e-4
4220,"Plot239","f","Stratum-U16-1","U16","1",3,"Plot239_3","Stems 2.5-10 cm DBH","Quercus coccifera",4,0.0012566370614359172
671,"Plot239","f","Stratum-U16-1","U16","3",11,"Plot239_11","Stems 2.5-10 cm DBH","Quercus coccifera",4,0.0012566370614359172
4707,"Plot239","f","Stratum-U16-1","U16","1",1,"Plot239_1","Stems 2.5-10 cm DBH","Quercus coccifera",4.5,0.0015904312808798326
3576,"Plot239","f","Stratum-U16-1","U16","2",5,"Plot239_5","Stems 2.5-10 cm DBH","Quercus coccifera",4.5,0.0015904312808798326
3575,"Plot239","f","Stratum-U16-1","U16","2",4,"Plot239_4","Stems 2.5-10 cm DBH","Phillyrea latifolia",3.5,9.621127501618741e-4
3572,"Plot239","f","Stratum-U16-1","U16","1",1,"Plot239_1","Stems 2.5-10 cm DBH","Quercus coccifera",3.5,9.621127501618741e-4
3573,"Plot239","f","Stratum-U16-1","U16","1",2,"Plot239_2","Stems 2.5-10 cm DBH","Quercus coccifera",3.5,9.621127501618741e-4
4708,"Plot239","f","Stratum-U16-1","U16","1",2,"Plot239_2","Stems 2.5-10 cm DBH","Quercus coccifera",3.5,9.621127501618741e-4
4554,"Plot239","f","Stratum-U16-1","U16","2",5,"Plot239_5","Stems 2.5-10 cm DBH","Quercus coccifera",3.5,9.621127501618741e-4
4219,"Plot239","f","Stratum-U16-1","U16","1",2,"Plot239_2","Stems 2.5-10 cm DBH","Quercus coccifera",5.5,0.002375829444277281
4552,"Plot239","f","Stratum-U16-1","U16","1",3,"Plot239_3","Stems 2.5-10 cm DBH","Quercus coccifera",3.5,9.621127501618741e-4
3574,"Plot239","f","Stratum-U16-1","U16","1",3,"Plot239_3","Stems 2.5-10 cm DBH","Quercus coccifera",3.5,9.621127501618741e-4
4218,"Plot239","f","Stratum-U16-1","U16","1",1,"Plot239_1","Stems 2.5-10 cm DBH","Quercus coccifera",3,7.068583470577034e-4
4553,"Plot239","f","Stratum-U16-1","U16","2",4,"Plot239_4","Stems 2.5-10 cm DBH","Phillyrea latifolia",3.5,9.621127501618741e-4
681,"Plot240","f","Stratum-U16-1","U16","3",10,"Plot240_10","Stems 2.5-10 cm DBH","Quercus coccifera",3,7.068583470577034e-4
682,"Plot240","f","Stratum-U16-1","U16","3",11,"Plot240_11","Stems 2.5-10 cm DBH","Quercus coccifera",2.5,4.908738521234052e-4
680,"Plot240","f","Stratum-U16-1","U16","3",9,"Plot240_9","Stems 2.5-10 cm DBH","Quercus coccifera",2.5,4.908738521234052e-4
4715,"Plot240","f","Stratum-U16-1","U16","3",12,"Plot240_12","Stems 2.5-10 cm DBH","Quercus coccifera",3,7.068583470577034e-4
4229,"Plot240","f","Stratum-U16-1","U16","2",8,"Plot240_8","Stems 2.5-10 cm DBH","Quercus coccifera",4,0.0012566370614359172
4230,"Plot240","f","Stratum-U16-1","U16","3",12,"Plot240_12","Stems 2.5-10 cm DBH","Quercus coccifera",5.5,0.002375829444277281
679,"Plot240","f","Stratum-U16-1","U16","2",8,"Plot240_8","Stems 2.5-10 cm DBH","Quercus coccifera",3,7.068583470577034e-4
4560,"Plot240","f","Stratum-U16-1","U16","2",4,"Plot240_4","Stems 2.5-10 cm DBH","Quercus coccifera",4,0.0012566370614359172
4561,"Plot240","f","Stratum-U16-1","U16","2",8,"Plot240_8","Stems 2.5-10 cm DBH","Quercus coccifera",3.5,9.621127501618741e-4
4562,"Plot240","f","Stratum-U16-1","U16","3",12,"Plot240_12","Stems 2.5-10 cm DBH","Quercus coccifera",6.5,0.003318307240354219
683,"Plot240","f","Stratum-U16-1","U16","3",12,"Plot240_12","Stems 2.5-10 cm DBH","Quercus coccifera",4.5,0.0015904312808798326
4795,"Plot240","f","Stratum-U16-1","U16","1",1,"Plot240_1","Stems 2.5-10 cm DBH","Quercus coccifera",4.5,0.0015904312808798326
675,"Plot240","f","Stratum-U16-1","U16","2",4,"Plot240_4","Stems 2.5-10 cm DBH","Quercus coccifera",5.5,0.002375829444277281
676,"Plot240","f","Stratum-U16-1","U16","2",5,"Plot240_5","Stems 2.5-10 cm DBH","Quercus coccifera",2.5,4.908738521234052e-4
4228,"Plot240","f","Stratum-U16-1","U16","2",4,"Plot240_4","Stems 2.5-10 cm DBH","Quercus coccifera",3.5,9.621127501618741e-4
674,"Plot240","f","Stratum-U16-1","U16","1",3,"Plot240_3","Stems 2.5-10 cm DBH","Quercus coccifera",2.5,4.908738521234052e-4
4713,"Plot240","f","Stratum-U16-1","U16","1",2,"Plot240_2","Stems 2.5-10 cm DBH","Quercus coccifera",3.5,9.621127501618741e-4
4714,"Plot240","f","Stratum-U16-1","U16","2",8,"Plot240_8","Stems 2.5-10 cm DBH","Quercus coccifera",5.5,0.002375829444277281
677,"Plot240","f","Stratum-U16-1","U16","2",6,"Plot240_6","Stems 2.5-10 cm DBH","Quercus coccifera",3.5,9.621127501618741e-4
678,"Plot240","f","Stratum-U16-1","U16","2",7,"Plot240_7","Stems 2.5-10 cm DBH","Quercus coccifera",2.5,4.908738521234052e-4
3580,"Plot240","f","Stratum-U16-1","U16","1",2,"Plot240_2","Stems 2.5-10 cm DBH","Quercus coccifera",2.5,4.908738521234052e-4
4833,"Plot240","f","Stratum-U16-1","U16","3",12,"Plot240_12","Stems 2.5-10 cm DBH","Quercus coccifera",4.5,0.0015904312808798326
4227,"Plot240","f","Stratum-U16-1","U16","1",3,"Plot240_3","Stems 2.5-10 cm DBH","Quercus coccifera",3.5,9.621127501618741e-4
3579,"Plot240","f","Stratum-U16-1","U16","1",1,"Plot240_1","Stems 2.5-10 cm DBH","Quercus coccifera",3,7.068583470577034e-4
672,"Plot240","f","Stratum-U16-1","U16","1",1,"Plot240_1","Stems 2.5-10 cm DBH","Quercus coccifera",3.5,9.621127501618741e-4
673,"Plot240","f","Stratum-U16-1","U16","1",2,"Plot240_2","Stems 2.5-10 cm DBH","Quercus coccifera",4,0.0012566370614359172
4557,"Plot240","f","Stratum-U16-1","U16","1",1,"Plot240_1","Stems 2.5-10 cm DBH","Quercus coccifera",4.5,0.0015904312808798326
4558,"Plot240","f","Stratum-U16-1","U16","1",2,"Plot240_2","Stems 2.5-10 cm DBH","Quercus coccifera",2.5,4.908738521234052e-4
4559,"Plot240","f","Stratum-U16-1","U16","1",3,"Plot240_3","Stems 2.5-10 cm DBH","Quercus coccifera",2.5,4.908738521234052e-4
4712,"Plot240","f","Stratum-U16-1","U16","1",1,"Plot240_1","Stems 2.5-10 cm DBH","Quercus coccifera",4,0.0012566370614359172
4225,"Plot240","f","Stratum-U16-1","U16","1",1,"Plot240_1","Stems 2.5-10 cm DBH","Quercus coccifera",3.5,9.621127501618741e-4
4226,"Plot240","f","Stratum-U16-1","U16","1",2,"Plot240_2","Stems 2.5-10 cm DBH","Quercus coccifera",3,7.068583470577034e-4
3581,"Plot240","f","Stratum-U16-1","U16","1",3,"Plot240_3","Stems 2.5-10 cm DBH","Quercus coccifera",3,7.068583470577034e-4
3582,"Plot240","f","Stratum-U16-1","U16","2",4,"Plot240_4","Stems 2.5-10 cm DBH","Quercus coccifera",3,7.068583470577034e-4
4854,"Plot240","f","Stratum-U16-1","U16","3",12,"Plot240_12","Stems 2.5-10 cm DBH","Quercus coccifera",5.5,0.002375829444277281
3584,"Plot240","f","Stratum-U16-1","U16","3",12,"Plot240_12","Stems 2.5-10 cm DBH","Quercus coccifera",3,7.068583470577034e-4
4796,"Plot240","f","Stratum-U16-1","U16","3",12,"Plot240_12","Stems 2.5-10 cm DBH","Quercus coccifera",3.5,9.621127501618741e-4
3583,"Plot240","f","Stratum-U16-1","U16","2",8,"Plot240_8","Stems 2.5-10 cm DBH","Quercus coccifera",3.5,9.621127501618741e-4
3593,"Plot265","f","Stratum-U16-2","U16","3",13,"Plot265_13","Stems 2.5-10 cm DBH","Quercus coccifera",3,7.068583470577034e-4
3594,"Plot265","f","Stratum-U16-2","U16","3",14,"Plot265_14","Stems 2.5-10 cm DBH","Quercus coccifera",3,7.068583470577034e-4
3592,"Plot265","f","Stratum-U16-2","U16","3",11,"Plot265_11","Stems 2.5-10 cm DBH","Quercus coccifera",3,7.068583470577034e-4
690,"Plot265","f","Stratum-U16-2","U16","2",7,"Plot265_7","Stems 2.5-10 cm DBH","Carpinus orientalis",2.5,4.908738521234052e-4
691,"Plot265","f","Stratum-U16-2","U16","2",8,"Plot265_8","Stems 2.5-10 cm DBH","Carpinus orientalis",3.5,9.621127501618741e-4
4719,"Plot265","f","Stratum-U16-2","U16","2",8,"Plot265_8","Stems 2.5-10 cm DBH","Carpinus orientalis",4.5,0.0015904312808798326
4856,"Plot265","f","Stratum-U16-2","U16","2",8,"Plot265_8","Stems 2.5-10 cm DBH","Carpinus orientalis",5,0.001963495408493621
694,"Plot265","f","Stratum-U16-2","U16","3",11,"Plot265_11","Stems 2.5-10 cm DBH","Quercus coccifera",2.5,4.908738521234052e-4
695,"Plot265","f","Stratum-U16-2","U16","3",12,"Plot265_12","Stems 2.5-10 cm DBH","Quercus coccifera",4,0.0012566370614359172
692,"Plot265","f","Stratum-U16-2","U16","2",9,"Plot265_9","Stems 2.5-10 cm DBH","Quercus pubescens",2.5,4.908738521234052e-4
693,"Plot265","f","Stratum-U16-2","U16","2",10,"Plot265_10","Stems 2.5-10 cm DBH","Quercus coccifera",4,0.0012566370614359172
684,"Plot265","f","Stratum-U16-2","U16","1",1,"Plot265_1","Stems 2.5-10 cm DBH","Carpinus orientalis",4,0.0012566370614359172
685,"Plot265","f","Stratum-U16-2","U16","1",2,"Plot265_2","Stems 2.5-10 cm DBH","Carpinus orientalis",3,7.068583470577034e-4
4718,"Plot265","f","Stratum-U16-2","U16","2",7,"Plot265_7","Stems 2.5-10 cm DBH","Carpinus orientalis",3.5,9.621127501618741e-4
4564,"Plot265","f","Stratum-U16-2","U16","1",2,"Plot265_2","Stems 2.5-10 cm DBH","Carpinus orientalis",3.5,9.621127501618741e-4
4237,"Plot265","f","Stratum-U16-2","U16","3",13,"Plot265_13","Stems 2.5-10 cm DBH","Quercus coccifera",4,0.0012566370614359172
4238,"Plot265","f","Stratum-U16-2","U16","3",14,"Plot265_14","Stems 2.5-10 cm DBH","Quercus coccifera",3.5,9.621127501618741e-4
4239,"Plot265","f","Stratum-U16-2","U16","3",16,"Plot265_16","Stems 2.5-10 cm DBH","Carpinus orientalis",2.5,4.908738521234052e-4
4855,"Plot265","f","Stratum-U16-2","U16","2",7,"Plot265_7","Stems 2.5-10 cm DBH","Carpinus orientalis",5,0.001963495408493621
4241,"Plot265","f","Stratum-U16-2","U16","3",19,"Plot265_19","Stems 2.5-10 cm DBH","Fraxinus ornus",5.5,0.002375829444277281
3590,"Plot265","f","Stratum-U16-2","U16","2",8,"Plot265_8","Stems 2.5-10 cm DBH","Carpinus orientalis",3.5,9.621127501618741e-4
3591,"Plot265","f","Stratum-U16-2","U16","2",10,"Plot265_10","Stems 2.5-10 cm DBH","Quercus coccifera",2.5,4.908738521234052e-4
4240,"Plot265","f","Stratum-U16-2","U16","3",17,"Plot265_17","Stems 2.5-10 cm DBH","Quercus coccifera",4,0.0012566370614359172
4717,"Plot265","f","Stratum-U16-2","U16","1",2,"Plot265_2","Stems 2.5-10 cm DBH","Carpinus orientalis",2.5,4.908738521234052e-4
696,"Plot265","f","Stratum-U16-2","U16","3",13,"Plot265_13","Stems 2.5-10 cm DBH","Quercus coccifera",2.5,4.908738521234052e-4
697,"Plot265","f","Stratum-U16-2","U16","3",14,"Plot265_14","Stems 2.5-10 cm DBH","Quercus coccifera",3,7.068583470577034e-4
4563,"Plot265","f","Stratum-U16-2","U16","1",1,"Plot265_1","Stems 2.5-10 cm DBH","Carpinus orientalis",4,0.0012566370614359172
687,"Plot265","f","Stratum-U16-2","U16","1",4,"Plot265_4","Stems 2.5-10 cm DBH","Quercus pubescens",4.5,0.0015904312808798326
688,"Plot265","f","Stratum-U16-2","U16","1",5,"Plot265_5","Stems 2.5-10 cm DBH","Fraxinus ornus",3,7.068583470577034e-4
689,"Plot265","f","Stratum-U16-2","U16","2",6,"Plot265_6","Stems 2.5-10 cm DBH","Carpinus orientalis",3,7.068583470577034e-4
3586,"Plot265","f","Stratum-U16-2","U16","1",2,"Plot265_2","Stems 2.5-10 cm DBH","Carpinus orientalis",4.5,0.0015904312808798326
3587,"Plot265","f","Stratum-U16-2","U16","1",5,"Plot265_5","Stems 2.5-10 cm DBH","Fraxinus ornus",2.5,4.908738521234052e-4
3588,"Plot265","f","Stratum-U16-2","U16","2",6,"Plot265_6","Stems 2.5-10 cm DBH","Carpinus orientalis",3.5,9.621127501618741e-4
3589,"Plot265","f","Stratum-U16-2","U16","2",7,"Plot265_7","Stems 2.5-10 cm DBH","Carpinus orientalis",4.5,0.0015904312808798326
4720,"Plot265","f","Stratum-U16-2","U16","3",14,"Plot265_14","Stems 2.5-10 cm DBH","Quercus coccifera",3.5,9.621127501618741e-4
686,"Plot265","f","Stratum-U16-2","U16","1",3,"Plot265_3","Stems 2.5-10 cm DBH","Quercus pubescens",4,0.0012566370614359172
4716,"Plot265","f","Stratum-U16-2","U16","1",1,"Plot265_1","Stems 2.5-10 cm DBH","Carpinus orientalis",4.5,0.0015904312808798326
4231,"Plot265","f","Stratum-U16-2","U16","1",1,"Plot265_1","Stems 2.5-10 cm DBH","Carpinus orientalis",4,0.0012566370614359172
3585,"Plot265","f","Stratum-U16-2","U16","1",1,"Plot265_1","Stems 2.5-10 cm DBH","Carpinus orientalis",3.5,9.621127501618741e-4
701,"Plot265","f","Stratum-U16-2","U16","3",18,"Plot265_18","Stems 2.5-10 cm DBH","Carpinus orientalis",3,7.068583470577034e-4
4235,"Plot265","f","Stratum-U16-2","U16","2",7,"Plot265_7","Stems 2.5-10 cm DBH","Carpinus orientalis",4,0.0012566370614359172
4236,"Plot265","f","Stratum-U16-2","U16","2",8,"Plot265_8","Stems 2.5-10 cm DBH","Carpinus orientalis",4,0.0012566370614359172
4834,"Plot265","f","Stratum-U16-2","U16","1",1,"Plot265_1","Stems 2.5-10 cm DBH","Carpinus orientalis",2.5,4.908738521234052e-4
3595,"Plot265","f","Stratum-U16-2","U16","3",16,"Plot265_16","Stems 2.5-10 cm DBH","Carpinus orientalis",4,0.0012566370614359172
702,"Plot265","f","Stratum-U16-2","U16","3",19,"Plot265_19","Stems 2.5-10 cm DBH","Fraxinus ornus",4,0.0012566370614359172
3597,"Plot265","f","Stratum-U16-2","U16","3",18,"Plot265_18","Stems 2.5-10 cm DBH","Carpinus orientalis",2.5,4.908738521234052e-4
3598,"Plot265","f","Stratum-U16-2","U16","3",19,"Plot265_19","Stems 2.5-10 cm DBH","Fraxinus ornus",3.5,9.621127501618741e-4
4570,"Plot265","f","Stratum-U16-2","U16","3",19,"Plot265_19","Stems 2.5-10 cm DBH","Fraxinus ornus",4,0.0012566370614359172
3596,"Plot265","f","Stratum-U16-2","U16","3",17,"Plot265_17","Stems 2.5-10 cm DBH","Quercus coccifera",3.5,9.621127501618741e-4
4232,"Plot265","f","Stratum-U16-2","U16","1",2,"Plot265_2","Stems 2.5-10 cm DBH","Carpinus orientalis",3.5,9.621127501618741e-4
698,"Plot265","f","Stratum-U16-2","U16","3",15,"Plot265_15","Stems 2.5-10 cm DBH","Quercus pubescens",7.5,0.004417864669110647
699,"Plot265","f","Stratum-U16-2","U16","3",16,"Plot265_16","Stems 2.5-10 cm DBH","Carpinus orientalis",3.5,9.621127501618741e-4
4799,"Plot265","f","Stratum-U16-2","U16","2",8,"Plot265_8","Stems 2.5-10 cm DBH","Carpinus orientalis",5,0.001963495408493621
4569,"Plot265","f","Stratum-U16-2","U16","3",16,"Plot265_16","Stems 2.5-10 cm DBH","Carpinus orientalis",5.5,0.002375829444277281
4565,"Plot265","f","Stratum-U16-2","U16","1",5,"Plot265_5","Stems 2.5-10 cm DBH","Fraxinus ornus",2.5,4.908738521234052e-4
4234,"Plot265","f","Stratum-U16-2","U16","2",6,"Plot265_6","Stems 2.5-10 cm DBH","Carpinus orientalis",2.5,4.908738521234052e-4
4835,"Plot265","f","Stratum-U16-2","U16","2",7,"Plot265_7","Stems 2.5-10 cm DBH","Carpinus orientalis",4.5,0.0015904312808798326
4798,"Plot265","f","Stratum-U16-2","U16","2",7,"Plot265_7","Stems 2.5-10 cm DBH","Carpinus orientalis",4,0.0012566370614359172
4568,"Plot265","f","Stratum-U16-2","U16","3",14,"Plot265_14","Stems 2.5-10 cm DBH","Quercus coccifera",3,7.068583470577034e-4
700,"Plot265","f","Stratum-U16-2","U16","3",17,"Plot265_17","Stems 2.5-10 cm DBH","Quercus coccifera",3,7.068583470577034e-4
4567,"Plot265","f","Stratum-U16-2","U16","2",8,"Plot265_8","Stems 2.5-10 cm DBH","Carpinus orientalis",4.5,0.0015904312808798326
4233,"Plot265","f","Stratum-U16-2","U16","1",5,"Plot265_5","Stems 2.5-10 cm DBH","Fraxinus ornus",3,7.068583470577034e-4
4797,"Plot265","f","Stratum-U16-2","U16","1",1,"Plot265_1","Stems 2.5-10 cm DBH","Carpinus orientalis",5,0.001963495408493621
4836,"Plot265","f","Stratum-U16-2","U16","2",8,"Plot265_8","Stems 2.5-10 cm DBH","Carpinus orientalis",5.5,0.002375829444277281
4566,"Plot265","f","Stratum-U16-2","U16","2",7,"Plot265_7","Stems 2.5-10 cm DBH","Carpinus orientalis",5,0.001963495408493621
3606,"Plot266","f","Stratum-U16-2","U16","2",24,"Plot266_24","Stems 2.5-10 cm DBH","Fraxinus ornus",2.5,4.908738521234052e-4
722,"Plot266","f","Stratum-U16-2","U16","2",22,"Plot266_22","Stems 2.5-10 cm DBH","Quercus pubescens",8.5,0.0056745017305465635
3605,"Plot266","f","Stratum-U16-2","U16","2",22,"Plot266_22","Stems 2.5-10 cm DBH","Quercus pubescens",7,0.0038484510006474965
4573,"Plot266","f","Stratum-U16-2","U16","1",26,"Plot266_26","Stems 2.5-10 cm DBH","Quercus coccifera",3,7.068583470577034e-4
3603,"Plot266","f","Stratum-U16-2","U16","2",19,"Plot266_19","Stems 2.5-10 cm DBH","Quercus coccifera",4.5,0.0015904312808798326
3604,"Plot266","f","Stratum-U16-2","U16","2",21,"Plot266_21","Stems 2.5-10 cm DBH","Fraxinus ornus",5.5,0.002375829444277281
725,"Plot266","f","Stratum-U16-2","U16","1",25,"Plot266_25","Stems 2.5-10 cm DBH","Quercus coccifera",3,7.068583470577034e-4
723,"Plot266","f","Stratum-U16-2","U16","2",23,"Plot266_23","Stems 2.5-10 cm DBH","Quercus pubescens",8.5,0.0056745017305465635
3607,"Plot266","f","Stratum-U16-2","U16","1",25,"Plot266_25","Stems 2.5-10 cm DBH","Quercus coccifera",3.5,9.621127501618741e-4
4572,"Plot266","f","Stratum-U16-2","U16","1",25,"Plot266_25","Stems 2.5-10 cm DBH","Quercus coccifera",4,0.0012566370614359172
703,"Plot266","f","Stratum-U16-2","U16","3",1,"Plot266_1","Stems 2.5-10 cm DBH","Quercus coccifera",2.5,4.908738521234052e-4
4574,"Plot266","f","Stratum-U16-2","U16","1",27,"Plot266_27","Stems 2.5-10 cm DBH","Quercus coccifera",4,0.0012566370614359172
3602,"Plot266","f","Stratum-U16-2","U16","2",14,"Plot266_14","Stems 2.5-10 cm DBH","Quercus coccifera",5.5,0.002375829444277281
724,"Plot266","f","Stratum-U16-2","U16","2",24,"Plot266_24","Stems 2.5-10 cm DBH","Fraxinus ornus",3,7.068583470577034e-4
4242,"Plot266","f","Stratum-U16-2","U16","3",4,"Plot266_4","Stems 2.5-10 cm DBH","Quercus coccifera",3.5,9.621127501618741e-4
704,"Plot266","f","Stratum-U16-2","U16","3",2,"Plot266_2","Stems 2.5-10 cm DBH","Quercus coccifera",3,7.068583470577034e-4
4575,"Plot266","f","Stratum-U16-2","U16","1",28,"Plot266_28","Stems 2.5-10 cm DBH","Quercus coccifera",2.5,4.908738521234052e-4
4571,"Plot266","f","Stratum-U16-2","U16","3",4,"Plot266_4","Stems 2.5-10 cm DBH","Quercus coccifera",3,7.068583470577034e-4
717,"Plot266","f","Stratum-U16-2","U16","2",17,"Plot266_17","Stems 2.5-10 cm DBH","Quercus coccifera",5,0.001963495408493621
4243,"Plot266","f","Stratum-U16-2","U16","3",10,"Plot266_10","Stems 2.5-10 cm DBH","Quercus coccifera",5,0.001963495408493621
705,"Plot266","f","Stratum-U16-2","U16","3",3,"Plot266_3","Stems 2.5-10 cm DBH","Quercus coccifera",3,7.068583470577034e-4
706,"Plot266","f","Stratum-U16-2","U16","3",4,"Plot266_4","Stems 2.5-10 cm DBH","Quercus coccifera",2.5,4.908738521234052e-4
721,"Plot266","f","Stratum-U16-2","U16","2",21,"Plot266_21","Stems 2.5-10 cm DBH","Fraxinus ornus",5,0.001963495408493621
718,"Plot266","f","Stratum-U16-2","U16","2",18,"Plot266_18","Stems 2.5-10 cm DBH","Quercus coccifera",4.5,0.0015904312808798326
4244,"Plot266","f","Stratum-U16-2","U16","2",19,"Plot266_19","Stems 2.5-10 cm DBH","Quercus coccifera",5.5,0.002375829444277281
3601,"Plot266","f","Stratum-U16-2","U16","3",10,"Plot266_10","Stems 2.5-10 cm DBH","Quercus coccifera",4.5,0.0015904312808798326
3608,"Plot266","f","Stratum-U16-2","U16","1",26,"Plot266_26","Stems 2.5-10 cm DBH","Quercus coccifera",3,7.068583470577034e-4
3599,"Plot266","f","Stratum-U16-2","U16","3",4,"Plot266_4","Stems 2.5-10 cm DBH","Quercus coccifera",4,0.0012566370614359172
719,"Plot266","f","Stratum-U16-2","U16","2",19,"Plot266_19","Stems 2.5-10 cm DBH","Quercus coccifera",3,7.068583470577034e-4
720,"Plot266","f","Stratum-U16-2","U16","2",20,"Plot266_20","Stems 2.5-10 cm DBH","Fraxinus ornus",5,0.001963495408493621
3600,"Plot266","f","Stratum-U16-2","U16","3",9,"Plot266_9","Stems 2.5-10 cm DBH","Fraxinus ornus",4.5,0.0015904312808798326
708,"Plot266","f","Stratum-U16-2","U16","3",7,"Plot266_7","Stems 2.5-10 cm DBH","Quercus coccifera",3,7.068583470577034e-4
4722,"Plot266","f","Stratum-U16-2","U16","1",26,"Plot266_26","Stems 2.5-10 cm DBH","Quercus coccifera",3.5,9.621127501618741e-4
707,"Plot266","f","Stratum-U16-2","U16","3",5,"Plot266_5","Stems 2.5-10 cm DBH","Quercus pubescens",6.5,0.003318307240354219
4801,"Plot266","f","Stratum-U16-2","U16","1",28,"Plot266_28","Stems 2.5-10 cm DBH","Quercus coccifera",3.5,9.621127501618741e-4
715,"Plot266","f","Stratum-U16-2","U16","2",15,"Plot266_15","Stems 2.5-10 cm DBH","Quercus coccifera",5.5,0.002375829444277281
716,"Plot266","f","Stratum-U16-2","U16","2",16,"Plot266_16","Stems 2.5-10 cm DBH","Quercus coccifera",6.5,0.003318307240354219
4723,"Plot266","f","Stratum-U16-2","U16","1",28,"Plot266_28","Stems 2.5-10 cm DBH","Quercus coccifera",3,7.068583470577034e-4
3610,"Plot266","f","Stratum-U16-2","U16","1",28,"Plot266_28","Stems 2.5-10 cm DBH","Quercus coccifera",3.5,9.621127501618741e-4
714,"Plot266","f","Stratum-U16-2","U16","2",14,"Plot266_14","Stems 2.5-10 cm DBH","Quercus coccifera",4,0.0012566370614359172
728,"Plot266","f","Stratum-U16-2","U16","1",28,"Plot266_28","Stems 2.5-10 cm DBH","Quercus coccifera",3,7.068583470577034e-4
4721,"Plot266","f","Stratum-U16-2","U16","1",25,"Plot266_25","Stems 2.5-10 cm DBH","Quercus coccifera",4.5,0.0015904312808798326
4800,"Plot266","f","Stratum-U16-2","U16","1",25,"Plot266_25","Stems 2.5-10 cm DBH","Quercus coccifera",2.5,4.908738521234052e-4
726,"Plot266","f","Stratum-U16-2","U16","1",26,"Plot266_26","Stems 2.5-10 cm DBH","Quercus coccifera",3.5,9.621127501618741e-4
727,"Plot266","f","Stratum-U16-2","U16","1",27,"Plot266_27","Stems 2.5-10 cm DBH","Quercus coccifera",3.5,9.621127501618741e-4
4245,"Plot266","f","Stratum-U16-2","U16","2",24,"Plot266_24","Stems 2.5-10 cm DBH","Fraxinus ornus",2.5,4.908738521234052e-4
3609,"Plot266","f","Stratum-U16-2","U16","1",27,"Plot266_27","Stems 2.5-10 cm DBH","Quercus coccifera",6,0.0028274333882308137
4247,"Plot266","f","Stratum-U16-2","U16","1",26,"Plot266_26","Stems 2.5-10 cm DBH","Quercus coccifera",4.5,0.0015904312808798326
709,"Plot266","f","Stratum-U16-2","U16","3",9,"Plot266_9","Stems 2.5-10 cm DBH","Fraxinus ornus",3,7.068583470577034e-4
4249,"Plot266","f","Stratum-U16-2","U16","1",28,"Plot266_28","Stems 2.5-10 cm DBH","Quercus coccifera",2.5,4.908738521234052e-4
4248,"Plot266","f","Stratum-U16-2","U16","1",27,"Plot266_27","Stems 2.5-10 cm DBH","Quercus coccifera",5.5,0.002375829444277281
710,"Plot266","f","Stratum-U16-2","U16","3",10,"Plot266_10","Stems 2.5-10 cm DBH","Quercus coccifera",4,0.0012566370614359172
4837,"Plot266","f","Stratum-U16-2","U16","1",28,"Plot266_28","Stems 2.5-10 cm DBH","Quercus coccifera",3.5,9.621127501618741e-4
712,"Plot266","f","Stratum-U16-2","U16","2",12,"Plot266_12","Stems 2.5-10 cm DBH","Quercus coccifera",6.5,0.003318307240354219
713,"Plot266","f","Stratum-U16-2","U16","2",13,"Plot266_13","Stems 2.5-10 cm DBH","Quercus coccifera",6,0.0028274333882308137
711,"Plot266","f","Stratum-U16-2","U16","2",11,"Plot266_11","Stems 2.5-10 cm DBH","Quercus pubescens",7,0.0038484510006474965
4246,"Plot266","f","Stratum-U16-2","U16","1",25,"Plot266_25","Stems 2.5-10 cm DBH","Quercus coccifera",3.5,9.621127501618741e-4
737,"Plot267","f","Stratum-U16-2","U16","2",9,"Plot267_9","Stems 2.5-10 cm DBH","Quercus coccifera",6.5,0.003318307240354219
738,"Plot267","f","Stratum-U16-2","U16","2",10,"Plot267_10","Stems 2.5-10 cm DBH","Quercus coccifera",4,0.0012566370614359172
735,"Plot267","f","Stratum-U16-2","U16","2",7,"Plot267_7","Stems 2.5-10 cm DBH","Quercus coccifera",3,7.068583470577034e-4
736,"Plot267","f","Stratum-U16-2","U16","2",8,"Plot267_8","Stems 2.5-10 cm DBH","Quercus coccifera",6,0.0028274333882308137
4256,"Plot267","f","Stratum-U16-2","U16","2",10,"Plot267_10","Stems 2.5-10 cm DBH","Quercus coccifera",3.5,9.621127501618741e-4
739,"Plot267","f","Stratum-U16-2","U16","2",11,"Plot267_11","Stems 2.5-10 cm DBH","Quercus coccifera",3.5,9.621127501618741e-4
734,"Plot267","f","Stratum-U16-2","U16","2",6,"Plot267_6","Stems 2.5-10 cm DBH","Quercus coccifera",5,0.001963495408493621
748,"Plot267","f","Stratum-U16-2","U16","3",20,"Plot267_20","Stems 2.5-10 cm DBH","Quercus coccifera",5.5,0.002375829444277281
749,"Plot267","f","Stratum-U16-2","U16","3",21,"Plot267_21","Stems 2.5-10 cm DBH","Quercus pubescens",8,0.005026548245743669
750,"Plot267","f","Stratum-U16-2","U16","3",22,"Plot267_22","Stems 2.5-10 cm DBH","Quercus pubescens",6,0.0028274333882308137
4257,"Plot267","f","Stratum-U16-2","U16","2",11,"Plot267_11","Stems 2.5-10 cm DBH","Quercus coccifera",5,0.001963495408493621
4258,"Plot267","f","Stratum-U16-2","U16","2",12,"Plot267_12","Stems 2.5-10 cm DBH","Fraxinus ornus",5,0.001963495408493621
4725,"Plot267","f","Stratum-U16-2","U16","1",4,"Plot267_4","Stems 2.5-10 cm DBH","Quercus coccifera",4,0.0012566370614359172
4726,"Plot267","f","Stratum-U16-2","U16","2",5,"Plot267_5","Stems 2.5-10 cm DBH","Quercus coccifera",3,7.068583470577034e-4
733,"Plot267","f","Stratum-U16-2","U16","2",5,"Plot267_5","Stems 2.5-10 cm DBH","Quercus coccifera",4.5,0.0015904312808798326
747,"Plot267","f","Stratum-U16-2","U16","3",19,"Plot267_19","Stems 2.5-10 cm DBH","Quercus coccifera",3,7.068583470577034e-4
4577,"Plot267","f","Stratum-U16-2","U16","1",3,"Plot267_3","Stems 2.5-10 cm DBH","Quercus coccifera",2.5,4.908738521234052e-4
740,"Plot267","f","Stratum-U16-2","U16","2",12,"Plot267_12","Stems 2.5-10 cm DBH","Fraxinus ornus",3,7.068583470577034e-4
4727,"Plot267","f","Stratum-U16-2","U16","3",19,"Plot267_19","Stems 2.5-10 cm DBH","Quercus coccifera",3.5,9.621127501618741e-4
4576,"Plot267","f","Stratum-U16-2","U16","1",2,"Plot267_2","Stems 2.5-10 cm DBH","Quercus coccifera",5.5,0.002375829444277281
4724,"Plot267","f","Stratum-U16-2","U16","1",3,"Plot267_3","Stems 2.5-10 cm DBH","Quercus coccifera",3.5,9.621127501618741e-4
4253,"Plot267","f","Stratum-U16-2","U16","1",4,"Plot267_4","Stems 2.5-10 cm DBH","Quercus coccifera",5,0.001963495408493621
732,"Plot267","f","Stratum-U16-2","U16","1",4,"Plot267_4","Stems 2.5-10 cm DBH","Quercus coccifera",3,7.068583470577034e-4
746,"Plot267","f","Stratum-U16-2","U16","3",18,"Plot267_18","Stems 2.5-10 cm DBH","Quercus pubescens",8.5,0.0056745017305465635
3618,"Plot267","f","Stratum-U16-2","U16","2",8,"Plot267_8","Stems 2.5-10 cm DBH","Quercus coccifera",5.5,0.002375829444277281
751,"Plot267","f","Stratum-U16-2","U16","3",23,"Plot267_23","Stems 2.5-10 cm DBH","Quercus coccifera",3.5,9.621127501618741e-4
4254,"Plot267","f","Stratum-U16-2","U16","2",5,"Plot267_5","Stems 2.5-10 cm DBH","Quercus coccifera",4,0.0012566370614359172
4255,"Plot267","f","Stratum-U16-2","U16","2",8,"Plot267_8","Stems 2.5-10 cm DBH","Quercus coccifera",3,7.068583470577034e-4
731,"Plot267","f","Stratum-U16-2","U16","1",3,"Plot267_3","Stems 2.5-10 cm DBH","Quercus coccifera",3,7.068583470577034e-4
4252,"Plot267","f","Stratum-U16-2","U16","1",3,"Plot267_3","Stems 2.5-10 cm DBH","Quercus coccifera",3.5,9.621127501618741e-4
4578,"Plot267","f","Stratum-U16-2","U16","1",4,"Plot267_4","Stems 2.5-10 cm DBH","Quercus coccifera",4.5,0.0015904312808798326
745,"Plot267","f","Stratum-U16-2","U16","3",17,"Plot267_17","Stems 2.5-10 cm DBH","Quercus coccifera",3.5,9.621127501618741e-4
3617,"Plot267","f","Stratum-U16-2","U16","2",7,"Plot267_7","Stems 2.5-10 cm DBH","Quercus coccifera",3.5,9.621127501618741e-4
741,"Plot267","f","Stratum-U16-2","U16","2",13,"Plot267_13","Stems 2.5-10 cm DBH","Quercus pubescens",5.5,0.002375829444277281
3615,"Plot267","f","Stratum-U16-2","U16","2",5,"Plot267_5","Stems 2.5-10 cm DBH","Quercus coccifera",5.5,0.002375829444277281
3616,"Plot267","f","Stratum-U16-2","U16","2",6,"Plot267_6","Stems 2.5-10 cm DBH","Quercus coccifera",5.5,0.002375829444277281
4259,"Plot267","f","Stratum-U16-2","U16","3",19,"Plot267_19","Stems 2.5-10 cm DBH","Quercus coccifera",4,0.0012566370614359172
3613,"Plot267","f","Stratum-U16-2","U16","1",3,"Plot267_3","Stems 2.5-10 cm DBH","Quercus coccifera",3,7.068583470577034e-4
3614,"Plot267","f","Stratum-U16-2","U16","1",4,"Plot267_4","Stems 2.5-10 cm DBH","Quercus coccifera",3.5,9.621127501618741e-4
752,"Plot267","f","Stratum-U16-2","U16","3",24,"Plot267_24","Stems 2.5-10 cm DBH","Quercus coccifera",3,7.068583470577034e-4
730,"Plot267","f","Stratum-U16-2","U16","1",2,"Plot267_2","Stems 2.5-10 cm DBH","Quercus coccifera",4,0.0012566370614359172
3619,"Plot267","f","Stratum-U16-2","U16","2",10,"Plot267_10","Stems 2.5-10 cm DBH","Quercus coccifera",3,7.068583470577034e-4
753,"Plot267","f","Stratum-U16-2","U16","3",25,"Plot267_25","Stems 2.5-10 cm DBH","Quercus coccifera",4.5,0.0015904312808798326
3628,"Plot267","f","Stratum-U16-2","U16","3",28,"Plot267_28","Stems 2.5-10 cm DBH","Quercus pubescens",7,0.0038484510006474965
4803,"Plot267","f","Stratum-U16-2","U16","1",4,"Plot267_4","Stems 2.5-10 cm DBH","Quercus coccifera",4.5,0.0015904312808798326
4263,"Plot267","f","Stratum-U16-2","U16","3",28,"Plot267_28","Stems 2.5-10 cm DBH","Quercus pubescens",6,0.0028274333882308137
729,"Plot267","f","Stratum-U16-2","U16","1",1,"Plot267_1","Stems 2.5-10 cm DBH","Fraxinus ornus",2.5,4.908738521234052e-4
743,"Plot267","f","Stratum-U16-2","U16","3",15,"Plot267_15","Stems 2.5-10 cm DBH","Quercus coccifera",6.5,0.003318307240354219
744,"Plot267","f","Stratum-U16-2","U16","3",16,"Plot267_16","Stems 2.5-10 cm DBH","Quercus coccifera",4.5,0.0015904312808798326
4802,"Plot267","f","Stratum-U16-2","U16","1",3,"Plot267_3","Stems 2.5-10 cm DBH","Quercus coccifera",4,0.0012566370614359172
3611,"Plot267","f","Stratum-U16-2","U16","1",1,"Plot267_1","Stems 2.5-10 cm DBH","Fraxinus ornus",2.5,4.908738521234052e-4
4250,"Plot267","f","Stratum-U16-2","U16","1",1,"Plot267_1","Stems 2.5-10 cm DBH","Fraxinus ornus",3,7.068583470577034e-4
4251,"Plot267","f","Stratum-U16-2","U16","1",2,"Plot267_2","Stems 2.5-10 cm DBH","Quercus coccifera",4.5,0.0015904312808798326
4262,"Plot267","f","Stratum-U16-2","U16","3",25,"Plot267_25","Stems 2.5-10 cm DBH","Quercus coccifera",6,0.0028274333882308137
4261,"Plot267","f","Stratum-U16-2","U16","3",23,"Plot267_23","Stems 2.5-10 cm DBH","Quercus coccifera",2.5,4.908738521234052e-4
3612,"Plot267","f","Stratum-U16-2","U16","1",2,"Plot267_2","Stems 2.5-10 cm DBH","Quercus coccifera",4.5,0.0015904312808798326
742,"Plot267","f","Stratum-U16-2","U16","3",14,"Plot267_14","Stems 2.5-10 cm DBH","Quercus coccifera",6,0.0028274333882308137
3627,"Plot267","f","Stratum-U16-2","U16","3",25,"Plot267_25","Stems 2.5-10 cm DBH","Quercus coccifera",5.5,0.002375829444277281
3620,"Plot267","f","Stratum-U16-2","U16","2",11,"Plot267_11","Stems 2.5-10 cm DBH","Quercus coccifera",4,0.0012566370614359172
756,"Plot267","f","Stratum-U16-2","U16","3",28,"Plot267_28","Stems 2.5-10 cm DBH","Quercus pubescens",6.5,0.003318307240354219
4583,"Plot267","f","Stratum-U16-2","U16","3",20,"Plot267_20","Stems 2.5-10 cm DBH","Quercus coccifera",3,7.068583470577034e-4
4260,"Plot267","f","Stratum-U16-2","U16","3",20,"Plot267_20","Stems 2.5-10 cm DBH","Quercus coccifera",3.5,9.621127501618741e-4
4582,"Plot267","f","Stratum-U16-2","U16","3",19,"Plot267_19","Stems 2.5-10 cm DBH","Quercus coccifera",3,7.068583470577034e-4
4579,"Plot267","f","Stratum-U16-2","U16","2",5,"Plot267_5","Stems 2.5-10 cm DBH","Quercus coccifera",3,7.068583470577034e-4
3625,"Plot267","f","Stratum-U16-2","U16","3",23,"Plot267_23","Stems 2.5-10 cm DBH","Quercus coccifera",3,7.068583470577034e-4
3626,"Plot267","f","Stratum-U16-2","U16","3",24,"Plot267_24","Stems 2.5-10 cm DBH","Quercus coccifera",3.5,9.621127501618741e-4
3624,"Plot267","f","Stratum-U16-2","U16","3",20,"Plot267_20","Stems 2.5-10 cm DBH","Quercus coccifera",5,0.001963495408493621
3623,"Plot267","f","Stratum-U16-2","U16","3",19,"Plot267_19","Stems 2.5-10 cm DBH","Quercus coccifera",3.5,9.621127501618741e-4
4580,"Plot267","f","Stratum-U16-2","U16","2",10,"Plot267_10","Stems 2.5-10 cm DBH","Quercus coccifera",3,7.068583470577034e-4
4581,"Plot267","f","Stratum-U16-2","U16","2",11,"Plot267_11","Stems 2.5-10 cm DBH","Quercus coccifera",5.5,0.002375829444277281
3621,"Plot267","f","Stratum-U16-2","U16","2",12,"Plot267_12","Stems 2.5-10 cm DBH","Fraxinus ornus",3,7.068583470577034e-4
3622,"Plot267","f","Stratum-U16-2","U16","3",17,"Plot267_17","Stems 2.5-10 cm DBH","Quercus coccifera",4.5,0.0015904312808798326
754,"Plot267","f","Stratum-U16-2","U16","3",26,"Plot267_26","Stems 2.5-10 cm DBH","Quercus coccifera",7.5,0.004417864669110647
755,"Plot267","f","Stratum-U16-2","U16","3",27,"Plot267_27","Stems 2.5-10 cm DBH","Quercus coccifera",5.5,0.002375829444277281
765,"Plot268","f","Stratum-U16-2","U16","3",9,"Plot268_9","Stems 2.5-10 cm DBH","Quercus coccifera",4.5,0.0015904312808798326
3635,"Plot268","f","Stratum-U16-2","U16","3",11,"Plot268_11","Stems 2.5-10 cm DBH","Fraxinus ornus",6.5,0.003318307240354219
3636,"Plot268","f","Stratum-U16-2","U16","2",13,"Plot268_13","Stems 2.5-10 cm DBH","Quercus coccifera",4.5,0.0015904312808798326
764,"Plot268","f","Stratum-U16-2","U16","3",8,"Plot268_8","Stems 2.5-10 cm DBH","Quercus coccifera",3,7.068583470577034e-4
763,"Plot268","f","Stratum-U16-2","U16","3",7,"Plot268_7","Stems 2.5-10 cm DBH","Fraxinus ornus",8.5,0.0056745017305465635
774,"Plot268","f","Stratum-U16-2","U16","2",18,"Plot268_18","Stems 2.5-10 cm DBH","Quercus coccifera",5.5,0.002375829444277281
775,"Plot268","f","Stratum-U16-2","U16","2",19,"Plot268_19","Stems 2.5-10 cm DBH","Quercus coccifera",4.5,0.0015904312808798326
762,"Plot268","f","Stratum-U16-2","U16","3",6,"Plot268_6","Stems 2.5-10 cm DBH","Quercus coccifera",4.5,0.0015904312808798326
773,"Plot268","f","Stratum-U16-2","U16","2",17,"Plot268_17","Stems 2.5-10 cm DBH","Quercus coccifera",3.5,9.621127501618741e-4
3638,"Plot268","f","Stratum-U16-2","U16","2",15,"Plot268_15","Stems 2.5-10 cm DBH","Quercus coccifera",5.5,0.002375829444277281
4268,"Plot268","f","Stratum-U16-2","U16","2",14,"Plot268_14","Stems 2.5-10 cm DBH","Quercus coccifera",4,0.0012566370614359172
776,"Plot268","f","Stratum-U16-2","U16","2",20,"Plot268_20","Stems 2.5-10 cm DBH","Quercus coccifera",5.5,0.002375829444277281
3637,"Plot268","f","Stratum-U16-2","U16","2",14,"Plot268_14","Stems 2.5-10 cm DBH","Quercus coccifera",3.5,9.621127501618741e-4
4267,"Plot268","f","Stratum-U16-2","U16","3",10,"Plot268_10","Stems 2.5-10 cm DBH","Quercus coccifera",2.5,4.908738521234052e-4
778,"Plot268","f","Stratum-U16-2","U16","2",22,"Plot268_22","Stems 2.5-10 cm DBH","Fraxinus ornus",5.5,0.002375829444277281
4269,"Plot268","f","Stratum-U16-2","U16","2",16,"Plot268_16","Stems 2.5-10 cm DBH","Quercus coccifera",4,0.0012566370614359172
772,"Plot268","f","Stratum-U16-2","U16","2",16,"Plot268_16","Stems 2.5-10 cm DBH","Quercus coccifera",2.5,4.908738521234052e-4
777,"Plot268","f","Stratum-U16-2","U16","2",21,"Plot268_21","Stems 2.5-10 cm DBH","Fraxinus ornus",3.5,9.621127501618741e-4
761,"Plot268","f","Stratum-U16-2","U16","3",5,"Plot268_5","Stems 2.5-10 cm DBH","Carpinus orientalis",3,7.068583470577034e-4
3630,"Plot268","f","Stratum-U16-2","U16","3",5,"Plot268_5","Stems 2.5-10 cm DBH","Carpinus orientalis",3.5,9.621127501618741e-4
4270,"Plot268","f","Stratum-U16-2","U16","2",21,"Plot268_21","Stems 2.5-10 cm DBH","Fraxinus ornus",3.5,9.621127501618741e-4
4266,"Plot268","f","Stratum-U16-2","U16","3",9,"Plot268_9","Stems 2.5-10 cm DBH","Quercus coccifera",3,7.068583470577034e-4
3633,"Plot268","f","Stratum-U16-2","U16","3",9,"Plot268_9","Stems 2.5-10 cm DBH","Quercus coccifera",4,0.0012566370614359172
3634,"Plot268","f","Stratum-U16-2","U16","3",10,"Plot268_10","Stems 2.5-10 cm DBH","Quercus coccifera",3,7.068583470577034e-4
4265,"Plot268","f","Stratum-U16-2","U16","3",5,"Plot268_5","Stems 2.5-10 cm DBH","Carpinus orientalis",3,7.068583470577034e-4
3632,"Plot268","f","Stratum-U16-2","U16","3",8,"Plot268_8","Stems 2.5-10 cm DBH","Quercus coccifera",3.5,9.621127501618741e-4
771,"Plot268","f","Stratum-U16-2","U16","2",15,"Plot268_15","Stems 2.5-10 cm DBH","Quercus coccifera",3,7.068583470577034e-4
3645,"Plot268","f","Stratum-U16-2","U16","1",28,"Plot268_28","Stems 2.5-10 cm DBH","Fraxinus ornus",3.5,9.621127501618741e-4
3631,"Plot268","f","Stratum-U16-2","U16","3",6,"Plot268_6","Stems 2.5-10 cm DBH","Quercus coccifera",5,0.001963495408493621
770,"Plot268","f","Stratum-U16-2","U16","2",14,"Plot268_14","Stems 2.5-10 cm DBH","Quercus coccifera",3,7.068583470577034e-4
3648,"Plot268","f","Stratum-U16-2","U16","1",31,"Plot268_31","Stems 2.5-10 cm DBH","Quercus coccifera",2.5,4.908738521234052e-4
3649,"Plot268","f","Stratum-U16-2","U16","1",32,"Plot268_32","Stems 2.5-10 cm DBH","Quercus coccifera",3.5,9.621127501618741e-4
3646,"Plot268","f","Stratum-U16-2","U16","1",29,"Plot268_29","Stems 2.5-10 cm DBH","Quercus coccifera",4.5,0.0015904312808798326
3647,"Plot268","f","Stratum-U16-2","U16","1",30,"Plot268_30","Stems 2.5-10 cm DBH","Quercus coccifera",3.5,9.621127501618741e-4
4264,"Plot268","f","Stratum-U16-2","U16","3",4,"Plot268_4","Stems 2.5-10 cm DBH","Quercus coccifera",6.5,0.003318307240354219
782,"Plot268","f","Stratum-U16-2","U16","1",26,"Plot268_26","Stems 2.5-10 cm DBH","Quercus pubescens",4.5,0.0015904312808798326
3650,"Plot268","f","Stratum-U16-2","U16","1",33,"Plot268_33","Stems 2.5-10 cm DBH","Quercus coccifera",3.5,9.621127501618741e-4
4728,"Plot268","f","Stratum-U16-2","U16","1",28,"Plot268_28","Stems 2.5-10 cm DBH","Fraxinus ornus",4.5,0.0015904312808798326
785,"Plot268","f","Stratum-U16-2","U16","1",29,"Plot268_29","Stems 2.5-10 cm DBH","Quercus coccifera",5,0.001963495408493621
786,"Plot268","f","Stratum-U16-2","U16","1",30,"Plot268_30","Stems 2.5-10 cm DBH","Quercus coccifera",3,7.068583470577034e-4
783,"Plot268","f","Stratum-U16-2","U16","1",27,"Plot268_27","Stems 2.5-10 cm DBH","Fraxinus ornus",2.5,4.908738521234052e-4
784,"Plot268","f","Stratum-U16-2","U16","1",28,"Plot268_28","Stems 2.5-10 cm DBH","Fraxinus ornus",2.5,4.908738521234052e-4
788,"Plot268","f","Stratum-U16-2","U16","1",32,"Plot268_32","Stems 2.5-10 cm DBH","Quercus coccifera",3,7.068583470577034e-4
766,"Plot268","f","Stratum-U16-2","U16","3",10,"Plot268_10","Stems 2.5-10 cm DBH","Quercus coccifera",3,7.068583470577034e-4
787,"Plot268","f","Stratum-U16-2","U16","1",31,"Plot268_31","Stems 2.5-10 cm DBH","Quercus coccifera",3.5,9.621127501618741e-4
4271,"Plot268","f","Stratum-U16-2","U16","1",27,"Plot268_27","Stems 2.5-10 cm DBH","Fraxinus ornus",3.5,9.621127501618741e-4
769,"Plot268","f","Stratum-U16-2","U16","2",13,"Plot268_13","Stems 2.5-10 cm DBH","Quercus coccifera",3.5,9.621127501618741e-4
758,"Plot268","f","Stratum-U16-2","U16","3",2,"Plot268_2","Stems 2.5-10 cm DBH","Quercus coccifera",4.5,0.0015904312808798326
759,"Plot268","f","Stratum-U16-2","U16","3",3,"Plot268_3","Stems 2.5-10 cm DBH","Quercus coccifera",4.5,0.0015904312808798326
760,"Plot268","f","Stratum-U16-2","U16","3",4,"Plot268_4","Stems 2.5-10 cm DBH","Quercus coccifera",5.5,0.002375829444277281
3629,"Plot268","f","Stratum-U16-2","U16","3",4,"Plot268_4","Stems 2.5-10 cm DBH","Quercus coccifera",5,0.001963495408493621
4804,"Plot268","f","Stratum-U16-2","U16","1",29,"Plot268_29","Stems 2.5-10 cm DBH","Quercus coccifera",4.5,0.0015904312808798326
4805,"Plot268","f","Stratum-U16-2","U16","1",30,"Plot268_30","Stems 2.5-10 cm DBH","Quercus coccifera",4.5,0.0015904312808798326
4806,"Plot268","f","Stratum-U16-2","U16","1",33,"Plot268_33","Stems 2.5-10 cm DBH","Quercus coccifera",4,0.0012566370614359172
4589,"Plot268","f","Stratum-U16-2","U16","1",30,"Plot268_30","Stems 2.5-10 cm DBH","Quercus coccifera",5.5,0.002375829444277281
757,"Plot268","f","Stratum-U16-2","U16","3",1,"Plot268_1","Stems 2.5-10 cm DBH","Quercus coccifera",5,0.001963495408493621
4272,"Plot268","f","Stratum-U16-2","U16","1",28,"Plot268_28","Stems 2.5-10 cm DBH","Fraxinus ornus",4,0.0012566370614359172
767,"Plot268","f","Stratum-U16-2","U16","3",11,"Plot268_11","Stems 2.5-10 cm DBH","Fraxinus ornus",4,0.0012566370614359172
768,"Plot268","f","Stratum-U16-2","U16","2",12,"Plot268_12","Stems 2.5-10 cm DBH","Quercus pubescens",5.5,0.002375829444277281
3644,"Plot268","f","Stratum-U16-2","U16","1",27,"Plot268_27","Stems 2.5-10 cm DBH","Fraxinus ornus",4,0.0012566370614359172
3641,"Plot268","f","Stratum-U16-2","U16","2",21,"Plot268_21","Stems 2.5-10 cm DBH","Fraxinus ornus",4,0.0012566370614359172
3642,"Plot268","f","Stratum-U16-2","U16","2",22,"Plot268_22","Stems 2.5-10 cm DBH","Fraxinus ornus",4.5,0.0015904312808798326
3643,"Plot268","f","Stratum-U16-2","U16","2",25,"Plot268_25","Stems 2.5-10 cm DBH","Fraxinus ornus",4,0.0012566370614359172
3639,"Plot268","f","Stratum-U16-2","U16","2",16,"Plot268_16","Stems 2.5-10 cm DBH","Quercus coccifera",3.5,9.621127501618741e-4
4857,"Plot268","f","Stratum-U16-2","U16","1",33,"Plot268_33","Stems 2.5-10 cm DBH","Quercus coccifera",4.5,0.0015904312808798326
4587,"Plot268","f","Stratum-U16-2","U16","1",28,"Plot268_28","Stems 2.5-10 cm DBH","Fraxinus ornus",4,0.0012566370614359172
4588,"Plot268","f","Stratum-U16-2","U16","1",29,"Plot268_29","Stems 2.5-10 cm DBH","Quercus coccifera",2.5,4.908738521234052e-4
4584,"Plot268","f","Stratum-U16-2","U16","3",5,"Plot268_5","Stems 2.5-10 cm DBH","Carpinus orientalis",4.5,0.0015904312808798326
3640,"Plot268","f","Stratum-U16-2","U16","2",18,"Plot268_18","Stems 2.5-10 cm DBH","Quercus coccifera",4.5,0.0015904312808798326
780,"Plot268","f","Stratum-U16-2","U16","2",24,"Plot268_24","Stems 2.5-10 cm DBH","Fraxinus ornus",7.5,0.004417864669110647
4729,"Plot268","f","Stratum-U16-2","U16","1",29,"Plot268_29","Stems 2.5-10 cm DBH","Quercus coccifera",5,0.001963495408493621
4590,"Plot268","f","Stratum-U16-2","U16","1",33,"Plot268_33","Stems 2.5-10 cm DBH","Quercus coccifera",4.5,0.0015904312808798326
4585,"Plot268","f","Stratum-U16-2","U16","3",9,"Plot268_9","Stems 2.5-10 cm DBH","Quercus coccifera",3.5,9.621127501618741e-4
4586,"Plot268","f","Stratum-U16-2","U16","3",10,"Plot268_10","Stems 2.5-10 cm DBH","Quercus coccifera",3,7.068583470577034e-4
781,"Plot268","f","Stratum-U16-2","U16","2",25,"Plot268_25","Stems 2.5-10 cm DBH","Fraxinus ornus",3.5,9.621127501618741e-4
4277,"Plot268","f","Stratum-U16-2","U16","1",33,"Plot268_33","Stems 2.5-10 cm DBH","Quercus coccifera",4,0.0012566370614359172
4273,"Plot268","f","Stratum-U16-2","U16","1",29,"Plot268_29","Stems 2.5-10 cm DBH","Quercus coccifera",5,0.001963495408493621
779,"Plot268","f","Stratum-U16-2","U16","2",23,"Plot268_23","Stems 2.5-10 cm DBH","Quercus pubescens",8.5,0.0056745017305465635
4276,"Plot268","f","Stratum-U16-2","U16","1",32,"Plot268_32","Stems 2.5-10 cm DBH","Quercus coccifera",3,7.068583470577034e-4
4730,"Plot268","f","Stratum-U16-2","U16","1",30,"Plot268_30","Stems 2.5-10 cm DBH","Quercus coccifera",6,0.0028274333882308137
4839,"Plot268","f","Stratum-U16-2","U16","1",33,"Plot268_33","Stems 2.5-10 cm DBH","Quercus coccifera",4,0.0012566370614359172
789,"Plot268","f","Stratum-U16-2","U16","1",33,"Plot268_33","Stems 2.5-10 cm DBH","Quercus coccifera",3,7.068583470577034e-4
4274,"Plot268","f","Stratum-U16-2","U16","1",30,"Plot268_30","Stems 2.5-10 cm DBH","Quercus coccifera",4.5,0.0015904312808798326
4731,"Plot268","f","Stratum-U16-2","U16","1",33,"Plot268_33","Stems 2.5-10 cm DBH","Quercus coccifera",4,0.0012566370614359172
4838,"Plot268","f","Stratum-U16-2","U16","1",30,"Plot268_30","Stems 2.5-10 cm DBH","Quercus coccifera",4,0.0012566370614359172
4275,"Plot268","f","Stratum-U16-2","U16","1",31,"Plot268_31","Stems 2.5-10 cm DBH","Quercus coccifera",3,7.068583470577034e-4
3651,"Plot269","f","Stratum-U16-2","U16","1",1,"Plot269_1","Stems 2.5-10 cm DBH","Carpinus orientalis",4.5,0.0015904312808798326
4281,"Plot269","f","Stratum-U16-2","U16","1",4,"Plot269_4","Stems 2.5-10 cm DBH","Quercus coccifera",4.5,0.0015904312808798326
4284,"Plot269","f","Stratum-U16-2","U16","2",7,"Plot269_7","Stems 2.5-10 cm DBH","Carpinus orientalis",4,0.0012566370614359172
4286,"Plot269","f","Stratum-U16-2","U16","2",10,"Plot269_10","Stems 2.5-10 cm DBH","Fraxinus ornus",7.5,0.004417864669110647
800,"Plot269","f","Stratum-U16-2","U16","2",11,"Plot269_11","Stems 2.5-10 cm DBH","Carpinus orientalis",8.5,0.0056745017305465635
4282,"Plot269","f","Stratum-U16-2","U16","1",5,"Plot269_5","Stems 2.5-10 cm DBH","Quercus coccifera",4.5,0.0015904312808798326
4285,"Plot269","f","Stratum-U16-2","U16","2",8,"Plot269_8","Stems 2.5-10 cm DBH","Carpinus orientalis",2.5,4.908738521234052e-4
799,"Plot269","f","Stratum-U16-2","U16","2",10,"Plot269_10","Stems 2.5-10 cm DBH","Fraxinus ornus",5.5,0.002375829444277281
4280,"Plot269","f","Stratum-U16-2","U16","1",3,"Plot269_3","Stems 2.5-10 cm DBH","Quercus coccifera",4.5,0.0015904312808798326
809,"Plot269","f","Stratum-U16-2","U16","3",20,"Plot269_20","Stems 2.5-10 cm DBH","Fraxinus ornus",5.5,0.002375829444277281
4283,"Plot269","f","Stratum-U16-2","U16","1",6,"Plot269_6","Stems 2.5-10 cm DBH","Quercus coccifera",3,7.068583470577034e-4
4279,"Plot269","f","Stratum-U16-2","U16","1",2,"Plot269_2","Stems 2.5-10 cm DBH","Fraxinus ornus",7,0.0038484510006474965
3662,"Plot269","f","Stratum-U16-2","U16","3",15,"Plot269_15","Stems 2.5-10 cm DBH","Quercus coccifera",3.5,9.621127501618741e-4
3663,"Plot269","f","Stratum-U16-2","U16","3",18,"Plot269_18","Stems 2.5-10 cm DBH","Quercus coccifera",5.5,0.002375829444277281
3660,"Plot269","f","Stratum-U16-2","U16","2",12,"Plot269_12","Stems 2.5-10 cm DBH","Carpinus orientalis",6,0.0028274333882308137
3661,"Plot269","f","Stratum-U16-2","U16","3",14,"Plot269_14","Stems 2.5-10 cm DBH","Quercus coccifera",3,7.068583470577034e-4
807,"Plot269","f","Stratum-U16-2","U16","3",18,"Plot269_18","Stems 2.5-10 cm DBH","Quercus coccifera",3,7.068583470577034e-4
808,"Plot269","f","Stratum-U16-2","U16","3",19,"Plot269_19","Stems 2.5-10 cm DBH","Carpinus orientalis",5.5,0.002375829444277281
3652,"Plot269","f","Stratum-U16-2","U16","1",2,"Plot269_2","Stems 2.5-10 cm DBH","Fraxinus ornus",6,0.0028274333882308137
3653,"Plot269","f","Stratum-U16-2","U16","1",3,"Plot269_3","Stems 2.5-10 cm DBH","Quercus coccifera",4,0.0012566370614359172
795,"Plot269","f","Stratum-U16-2","U16","1",6,"Plot269_6","Stems 2.5-10 cm DBH","Quercus coccifera",5,0.001963495408493621
796,"Plot269","f","Stratum-U16-2","U16","2",7,"Plot269_7","Stems 2.5-10 cm DBH","Carpinus orientalis",3,7.068583470577034e-4
3659,"Plot269","f","Stratum-U16-2","U16","2",10,"Plot269_10","Stems 2.5-10 cm DBH","Fraxinus ornus",6,0.0028274333882308137
794,"Plot269","f","Stratum-U16-2","U16","1",5,"Plot269_5","Stems 2.5-10 cm DBH","Quercus coccifera",4,0.0012566370614359172
802,"Plot269","f","Stratum-U16-2","U16","3",13,"Plot269_13","Stems 2.5-10 cm DBH","Quercus coccifera",3.5,9.621127501618741e-4
4287,"Plot269","f","Stratum-U16-2","U16","2",12,"Plot269_12","Stems 2.5-10 cm DBH","Carpinus orientalis",4.5,0.0015904312808798326
797,"Plot269","f","Stratum-U16-2","U16","2",8,"Plot269_8","Stems 2.5-10 cm DBH","Carpinus orientalis",7.5,0.004417864669110647
801,"Plot269","f","Stratum-U16-2","U16","2",12,"Plot269_12","Stems 2.5-10 cm DBH","Carpinus orientalis",6.5,0.003318307240354219
4278,"Plot269","f","Stratum-U16-2","U16","1",1,"Plot269_1","Stems 2.5-10 cm DBH","Carpinus orientalis",4,0.0012566370614359172
3657,"Plot269","f","Stratum-U16-2","U16","2",7,"Plot269_7","Stems 2.5-10 cm DBH","Carpinus orientalis",3.5,9.621127501618741e-4
3658,"Plot269","f","Stratum-U16-2","U16","2",8,"Plot269_8","Stems 2.5-10 cm DBH","Carpinus orientalis",3,7.068583470577034e-4
793,"Plot269","f","Stratum-U16-2","U16","1",4,"Plot269_4","Stems 2.5-10 cm DBH","Quercus coccifera",3.5,9.621127501618741e-4
798,"Plot269","f","Stratum-U16-2","U16","2",9,"Plot269_9","Stems 2.5-10 cm DBH","Carpinus orientalis",7,0.0038484510006474965
3664,"Plot269","f","Stratum-U16-2","U16","3",19,"Plot269_19","Stems 2.5-10 cm DBH","Carpinus orientalis",3.5,9.621127501618741e-4
4591,"Plot269","f","Stratum-U16-2","U16","1",2,"Plot269_2","Stems 2.5-10 cm DBH","Fraxinus ornus",6.5,0.003318307240354219
3654,"Plot269","f","Stratum-U16-2","U16","1",4,"Plot269_4","Stems 2.5-10 cm DBH","Quercus coccifera",4,0.0012566370614359172
3655,"Plot269","f","Stratum-U16-2","U16","1",5,"Plot269_5","Stems 2.5-10 cm DBH","Quercus coccifera",3.5,9.621127501618741e-4
806,"Plot269","f","Stratum-U16-2","U16","3",17,"Plot269_17","Stems 2.5-10 cm DBH","Carpinus orientalis",3.5,9.621127501618741e-4
791,"Plot269","f","Stratum-U16-2","U16","1",2,"Plot269_2","Stems 2.5-10 cm DBH","Fraxinus ornus",4.5,0.0015904312808798326
792,"Plot269","f","Stratum-U16-2","U16","1",3,"Plot269_3","Stems 2.5-10 cm DBH","Quercus coccifera",4,0.0012566370614359172
4734,"Plot269","f","Stratum-U16-2","U16","2",8,"Plot269_8","Stems 2.5-10 cm DBH","Carpinus orientalis",4.5,0.0015904312808798326
804,"Plot269","f","Stratum-U16-2","U16","3",15,"Plot269_15","Stems 2.5-10 cm DBH","Quercus coccifera",3.5,9.621127501618741e-4
3656,"Plot269","f","Stratum-U16-2","U16","1",6,"Plot269_6","Stems 2.5-10 cm DBH","Quercus coccifera",2.5,4.908738521234052e-4
4732,"Plot269","f","Stratum-U16-2","U16","1",5,"Plot269_5","Stems 2.5-10 cm DBH","Quercus coccifera",5,0.001963495408493621
803,"Plot269","f","Stratum-U16-2","U16","3",14,"Plot269_14","Stems 2.5-10 cm DBH","Quercus coccifera",2.5,4.908738521234052e-4
4592,"Plot269","f","Stratum-U16-2","U16","1",3,"Plot269_3","Stems 2.5-10 cm DBH","Quercus coccifera",4,0.0012566370614359172
4593,"Plot269","f","Stratum-U16-2","U16","1",5,"Plot269_5","Stems 2.5-10 cm DBH","Quercus coccifera",5,0.001963495408493621
805,"Plot269","f","Stratum-U16-2","U16","3",16,"Plot269_16","Stems 2.5-10 cm DBH","Quercus coccifera",4,0.0012566370614359172
4733,"Plot269","f","Stratum-U16-2","U16","2",7,"Plot269_7","Stems 2.5-10 cm DBH","Carpinus orientalis",3.5,9.621127501618741e-4
4596,"Plot269","f","Stratum-U16-2","U16","2",12,"Plot269_12","Stems 2.5-10 cm DBH","Carpinus orientalis",4,0.0012566370614359172
4595,"Plot269","f","Stratum-U16-2","U16","2",8,"Plot269_8","Stems 2.5-10 cm DBH","Carpinus orientalis",4.5,0.0015904312808798326
790,"Plot269","f","Stratum-U16-2","U16","1",1,"Plot269_1","Stems 2.5-10 cm DBH","Carpinus orientalis",4,0.0012566370614359172
4594,"Plot269","f","Stratum-U16-2","U16","2",7,"Plot269_7","Stems 2.5-10 cm DBH","Carpinus orientalis",3.5,9.621127501618741e-4
3666,"Plot270","f","Stratum-U16-2","U16","2",2,"Plot270_2","Stems 2.5-10 cm DBH","Quercus coccifera",2.5,4.908738521234052e-4
3665,"Plot270","f","Stratum-U16-2","U16","1",1,"Plot270_1","Stems 2.5-10 cm DBH","Quercus coccifera",3.5,9.621127501618741e-4
811,"Plot270","f","Stratum-U16-2","U16","2",2,"Plot270_2","Stems 2.5-10 cm DBH","Quercus coccifera",3,7.068583470577034e-4
810,"Plot270","f","Stratum-U16-2","U16","1",1,"Plot270_1","Stems 2.5-10 cm DBH","Quercus coccifera",3,7.068583470577034e-4
4288,"Plot270","f","Stratum-U16-2","U16","1",1,"Plot270_1","Stems 2.5-10 cm DBH","Quercus coccifera",3,7.068583470577034e-4
814,"Plot271","f","Stratum-U16-2","U16","2",3,"Plot271_3","Stems 2.5-10 cm DBH","Quercus coccifera",3,7.068583470577034e-4
813,"Plot271","f","Stratum-U16-2","U16","2",2,"Plot271_2","Stems 2.5-10 cm DBH","Quercus coccifera",4,0.0012566370614359172
3674,"Plot271","f","Stratum-U16-2","U16","3",8,"Plot271_8","Stems 2.5-10 cm DBH","Quercus pubescens",3.5,9.621127501618741e-4
812,"Plot271","f","Stratum-U16-2","U16","2",1,"Plot271_1","Stems 2.5-10 cm DBH","Quercus coccifera",3,7.068583470577034e-4
4736,"Plot271","f","Stratum-U16-2","U16","3",4,"Plot271_4","Stems 2.5-10 cm DBH","Quercus coccifera",3.5,9.621127501618741e-4
3673,"Plot271","f","Stratum-U16-2","U16","3",7,"Plot271_7","Stems 2.5-10 cm DBH","Quercus coccifera",3.5,9.621127501618741e-4
4735,"Plot271","f","Stratum-U16-2","U16","2",2,"Plot271_2","Stems 2.5-10 cm DBH","Quercus coccifera",3,7.068583470577034e-4
4294,"Plot271","f","Stratum-U16-2","U16","3",8,"Plot271_8","Stems 2.5-10 cm DBH","Quercus pubescens",2.5,4.908738521234052e-4
4807,"Plot271","f","Stratum-U16-2","U16","3",4,"Plot271_4","Stems 2.5-10 cm DBH","Quercus coccifera",3.5,9.621127501618741e-4
3672,"Plot271","f","Stratum-U16-2","U16","3",6,"Plot271_6","Stems 2.5-10 cm DBH","Quercus coccifera",3,7.068583470577034e-4
4292,"Plot271","f","Stratum-U16-2","U16","3",6,"Plot271_6","Stems 2.5-10 cm DBH","Quercus coccifera",3.5,9.621127501618741e-4
4599,"Plot271","f","Stratum-U16-2","U16","3",4,"Plot271_4","Stems 2.5-10 cm DBH","Quercus coccifera",4.5,0.0015904312808798326
4293,"Plot271","f","Stratum-U16-2","U16","3",7,"Plot271_7","Stems 2.5-10 cm DBH","Quercus coccifera",2.5,4.908738521234052e-4
3671,"Plot271","f","Stratum-U16-2","U16","3",5,"Plot271_5","Stems 2.5-10 cm DBH","Quercus coccifera",3.5,9.621127501618741e-4
815,"Plot271","f","Stratum-U16-2","U16","3",4,"Plot271_4","Stems 2.5-10 cm DBH","Quercus coccifera",3.5,9.621127501618741e-4
816,"Plot271","f","Stratum-U16-2","U16","3",5,"Plot271_5","Stems 2.5-10 cm DBH","Quercus coccifera",3,7.068583470577034e-4
819,"Plot271","f","Stratum-U16-2","U16","3",8,"Plot271_8","Stems 2.5-10 cm DBH","Quercus pubescens",2.5,4.908738521234052e-4
818,"Plot271","f","Stratum-U16-2","U16","3",7,"Plot271_7","Stems 2.5-10 cm DBH","Quercus coccifera",3,7.068583470577034e-4
4291,"Plot271","f","Stratum-U16-2","U16","3",4,"Plot271_4","Stems 2.5-10 cm DBH","Quercus coccifera",3.5,9.621127501618741e-4
4598,"Plot271","f","Stratum-U16-2","U16","2",2,"Plot271_2","Stems 2.5-10 cm DBH","Quercus coccifera",3.5,9.621127501618741e-4
817,"Plot271","f","Stratum-U16-2","U16","3",6,"Plot271_6","Stems 2.5-10 cm DBH","Quercus coccifera",2.5,4.908738521234052e-4
4289,"Plot271","f","Stratum-U16-2","U16","2",1,"Plot271_1","Stems 2.5-10 cm DBH","Quercus coccifera",3,7.068583470577034e-4
4290,"Plot271","f","Stratum-U16-2","U16","2",2,"Plot271_2","Stems 2.5-10 cm DBH","Quercus coccifera",3,7.068583470577034e-4
3670,"Plot271","f","Stratum-U16-2","U16","3",4,"Plot271_4","Stems 2.5-10 cm DBH","Quercus coccifera",4,0.0012566370614359172
4840,"Plot271","f","Stratum-U16-2","U16","3",4,"Plot271_4","Stems 2.5-10 cm DBH","Quercus coccifera",2.5,4.908738521234052e-4
3668,"Plot271","f","Stratum-U16-2","U16","2",2,"Plot271_2","Stems 2.5-10 cm DBH","Quercus coccifera",2.5,4.908738521234052e-4
3667,"Plot271","f","Stratum-U16-2","U16","2",1,"Plot271_1","Stems 2.5-10 cm DBH","Quercus coccifera",2.5,4.908738521234052e-4
4597,"Plot271","f","Stratum-U16-2","U16","2",1,"Plot271_1","Stems 2.5-10 cm DBH","Quercus coccifera",3.5,9.621127501618741e-4
3669,"Plot271","f","Stratum-U16-2","U16","2",3,"Plot271_3","Stems 2.5-10 cm DBH","Quercus coccifera",2.5,4.908738521234052e-4
820,"Plot272","f","Stratum-U16-2","U16","3",1,"Plot272_1","Stems 2.5-10 cm DBH","Quercus pubescens",7.5,0.004417864669110647
822,"Plot273","f","Stratum-U16-2","U16","3",2,"Plot273_2","Stems 2.5-10 cm DBH","Quercus pubescens",8.5,0.0056745017305465635
821,"Plot273","f","Stratum-U16-2","U16","3",1,"Plot273_1","Stems 2.5-10 cm DBH","Quercus pubescens",7.5,0.004417864669110647
4297,"Plot274","f","Stratum-U16-2","U16","2",4,"Plot274_4","Stems 2.5-10 cm DBH","Paliurus spina-christi",2.5,4.908738521234052e-4
824,"Plot274","f","Stratum-U16-2","U16","3",2,"Plot274_2","Stems 2.5-10 cm DBH","Paliurus spina-christi",2.5,4.908738521234052e-4
3678,"Plot274","f","Stratum-U16-2","U16","2",4,"Plot274_4","Stems 2.5-10 cm DBH","Paliurus spina-christi",2.5,4.908738521234052e-4
826,"Plot274","f","Stratum-U16-2","U16","2",4,"Plot274_4","Stems 2.5-10 cm DBH","Paliurus spina-christi",3,7.068583470577034e-4
823,"Plot274","f","Stratum-U16-2","U16","3",1,"Plot274_1","Stems 2.5-10 cm DBH","Paliurus spina-christi",2.5,4.908738521234052e-4
3677,"Plot274","f","Stratum-U16-2","U16","2",3,"Plot274_3","Stems 2.5-10 cm DBH","Paliurus spina-christi",2,3.141592653589793e-4
4295,"Plot274","f","Stratum-U16-2","U16","3",1,"Plot274_1","Stems 2.5-10 cm DBH","Paliurus spina-christi",3,7.068583470577034e-4
4296,"Plot274","f","Stratum-U16-2","U16","2",3,"Plot274_3","Stems 2.5-10 cm DBH","Paliurus spina-christi",2.5,4.908738521234052e-4
3676,"Plot274","f","Stratum-U16-2","U16","3",2,"Plot274_2","Stems 2.5-10 cm DBH","Paliurus spina-christi",2.5,4.908738521234052e-4
825,"Plot274","f","Stratum-U16-2","U16","2",3,"Plot274_3","Stems 2.5-10 cm DBH","Paliurus spina-christi",2.5,4.908738521234052e-4
3675,"Plot274","f","Stratum-U16-2","U16","3",1,"Plot274_1","Stems 2.5-10 cm DBH","Paliurus spina-christi",3,7.068583470577034e-4
3679,"Plot275","f","Stratum-U16-2","U16","3",2,"Plot275_2","Stems 2.5-10 cm DBH","Paliurus spina-christi",2.5,4.908738521234052e-4
829,"Plot275","f","Stratum-U16-2","U16","3",3,"Plot275_3","Stems 2.5-10 cm DBH","Paliurus spina-christi",3,7.068583470577034e-4
827,"Plot275","f","Stratum-U16-2","U16","2",1,"Plot275_1","Stems 2.5-10 cm DBH","Paliurus spina-christi",3,7.068583470577034e-4
828,"Plot275","f","Stratum-U16-2","U16","3",2,"Plot275_2","Stems 2.5-10 cm DBH","Paliurus spina-christi",2.5,4.908738521234052e-4
4300,"Plot276","f","Stratum-U16-2","U16","2",5,"Plot276_5","Stems 2.5-10 cm DBH","Paliurus spina-christi",2.5,4.908738521234052e-4
4738,"Plot276","f","Stratum-U16-2","U16","2",4,"Plot276_4","Stems 2.5-10 cm DBH","Paliurus spina-christi",2.5,4.908738521234052e-4
4298,"Plot276","f","Stratum-U16-2","U16","3",3,"Plot276_3","Stems 2.5-10 cm DBH","Paliurus spina-christi",4,0.0012566370614359172
4299,"Plot276","f","Stratum-U16-2","U16","2",4,"Plot276_4","Stems 2.5-10 cm DBH","Paliurus spina-christi",3,7.068583470577034e-4
4741,"Plot276","f","Stratum-U16-2","U16","1",8,"Plot276_8","Stems 2.5-10 cm DBH","Paliurus spina-christi",4,0.0012566370614359172
4861,"Plot276","f","Stratum-U16-2","U16","1",8,"Plot276_8","Stems 2.5-10 cm DBH","Paliurus spina-christi",2.5,4.908738521234052e-4
4739,"Plot276","f","Stratum-U16-2","U16","2",5,"Plot276_5","Stems 2.5-10 cm DBH","Paliurus spina-christi",3.5,9.621127501618741e-4
4740,"Plot276","f","Stratum-U16-2","U16","1",7,"Plot276_7","Stems 2.5-10 cm DBH","Paliurus spina-christi",3.5,9.621127501618741e-4
4859,"Plot276","f","Stratum-U16-2","U16","2",5,"Plot276_5","Stems 2.5-10 cm DBH","Paliurus spina-christi",3,7.068583470577034e-4
4860,"Plot276","f","Stratum-U16-2","U16","1",7,"Plot276_7","Stems 2.5-10 cm DBH","Paliurus spina-christi",3,7.068583470577034e-4
4808,"Plot276","f","Stratum-U16-2","U16","3",3,"Plot276_3","Stems 2.5-10 cm DBH","Paliurus spina-christi",3.5,9.621127501618741e-4
4858,"Plot276","f","Stratum-U16-2","U16","3",3,"Plot276_3","Stems 2.5-10 cm DBH","Paliurus spina-christi",3.5,9.621127501618741e-4
4809,"Plot276","f","Stratum-U16-2","U16","2",4,"Plot276_4","Stems 2.5-10 cm DBH","Paliurus spina-christi",3.5,9.621127501618741e-4
4602,"Plot276","f","Stratum-U16-2","U16","2",5,"Plot276_5","Stems 2.5-10 cm DBH","Paliurus spina-christi",3.5,9.621127501618741e-4
4737,"Plot276","f","Stratum-U16-2","U16","3",3,"Plot276_3","Stems 2.5-10 cm DBH","Paliurus spina-christi",2.5,4.908738521234052e-4
837,"Plot276","f","Stratum-U16-2","U16","1",8,"Plot276_8","Stems 2.5-10 cm DBH","Paliurus spina-christi",3,7.068583470577034e-4
4601,"Plot276","f","Stratum-U16-2","U16","2",4,"Plot276_4","Stems 2.5-10 cm DBH","Paliurus spina-christi",3.5,9.621127501618741e-4
836,"Plot276","f","Stratum-U16-2","U16","1",7,"Plot276_7","Stems 2.5-10 cm DBH","Paliurus spina-christi",2.5,4.908738521234052e-4
4604,"Plot276","f","Stratum-U16-2","U16","1",8,"Plot276_8","Stems 2.5-10 cm DBH","Paliurus spina-christi",4.5,0.0015904312808798326
4600,"Plot276","f","Stratum-U16-2","U16","3",3,"Plot276_3","Stems 2.5-10 cm DBH","Paliurus spina-christi",3.5,9.621127501618741e-4
835,"Plot276","f","Stratum-U16-2","U16","2",6,"Plot276_6","Stems 2.5-10 cm DBH","Paliurus spina-christi",2.5,4.908738521234052e-4
3684,"Plot276","f","Stratum-U16-2","U16","1",8,"Plot276_8","Stems 2.5-10 cm DBH","Paliurus spina-christi",2.5,4.908738521234052e-4
4603,"Plot276","f","Stratum-U16-2","U16","1",7,"Plot276_7","Stems 2.5-10 cm DBH","Paliurus spina-christi",2.5,4.908738521234052e-4
4845,"Plot276","f","Stratum-U16-2","U16","1",8,"Plot276_8","Stems 2.5-10 cm DBH","Paliurus spina-christi",4.5,0.0015904312808798326
3683,"Plot276","f","Stratum-U16-2","U16","1",7,"Plot276_7","Stems 2.5-10 cm DBH","Paliurus spina-christi",3,7.068583470577034e-4
4302,"Plot276","f","Stratum-U16-2","U16","1",8,"Plot276_8","Stems 2.5-10 cm DBH","Paliurus spina-christi",3.5,9.621127501618741e-4
4843,"Plot276","f","Stratum-U16-2","U16","2",5,"Plot276_5","Stems 2.5-10 cm DBH","Paliurus spina-christi",3,7.068583470577034e-4
4844,"Plot276","f","Stratum-U16-2","U16","1",7,"Plot276_7","Stems 2.5-10 cm DBH","Paliurus spina-christi",3.5,9.621127501618741e-4
834,"Plot276","f","Stratum-U16-2","U16","2",5,"Plot276_5","Stems 2.5-10 cm DBH","Paliurus spina-christi",2.5,4.908738521234052e-4
4841,"Plot276","f","Stratum-U16-2","U16","3",3,"Plot276_3","Stems 2.5-10 cm DBH","Paliurus spina-christi",2.5,4.908738521234052e-4
4842,"Plot276","f","Stratum-U16-2","U16","2",4,"Plot276_4","Stems 2.5-10 cm DBH","Paliurus spina-christi",3.5,9.621127501618741e-4
832,"Plot276","f","Stratum-U16-2","U16","3",3,"Plot276_3","Stems 2.5-10 cm DBH","Paliurus spina-christi",3.5,9.621127501618741e-4
4301,"Plot276","f","Stratum-U16-2","U16","1",7,"Plot276_7","Stems 2.5-10 cm DBH","Paliurus spina-christi",3.5,9.621127501618741e-4
4810,"Plot276","f","Stratum-U16-2","U16","2",5,"Plot276_5","Stems 2.5-10 cm DBH","Paliurus spina-christi",2.5,4.908738521234052e-4
4811,"Plot276","f","Stratum-U16-2","U16","1",7,"Plot276_7","Stems 2.5-10 cm DBH","Paliurus spina-christi",2.5,4.908738521234052e-4
3680,"Plot276","f","Stratum-U16-2","U16","3",3,"Plot276_3","Stems 2.5-10 cm DBH","Paliurus spina-christi",4.5,0.0015904312808798326
833,"Plot276","f","Stratum-U16-2","U16","2",4,"Plot276_4","Stems 2.5-10 cm DBH","Paliurus spina-christi",3.5,9.621127501618741e-4
3682,"Plot276","f","Stratum-U16-2","U16","2",5,"Plot276_5","Stems 2.5-10 cm DBH","Paliurus spina-christi",3.5,9.621127501618741e-4
830,"Plot276","f","Stratum-U16-2","U16","3",1,"Plot276_1","Stems 2.5-10 cm DBH","Paliurus spina-christi",2.5,4.908738521234052e-4
831,"Plot276","f","Stratum-U16-2","U16","3",2,"Plot276_2","Stems 2.5-10 cm DBH","Paliurus spina-christi",2.5,4.908738521234052e-4
3681,"Plot276","f","Stratum-U16-2","U16","2",4,"Plot276_4","Stems 2.5-10 cm DBH","Paliurus spina-christi",2.5,4.908738521234052e-4
4812,"Plot276","f","Stratum-U16-2","U16","1",8,"Plot276_8","Stems 2.5-10 cm DBH","Paliurus spina-christi",4,0.0012566370614359172
841,"Plot313","f","Stratum-W12-1","W12","1",4,"Plot313_4","Stems >=10 cm DBH","Quercus cerris",26,0.053092915845667506
842,"Plot313","f","Stratum-W12-1","W12","1",5,"Plot313_5","Stems >=10 cm DBH","Quercus cerris",32,0.0804247719318987
840,"Plot313","f","Stratum-W12-1","W12","1",3,"Plot313_3","Stems >=10 cm DBH","Quercus cerris",30,0.07068583470577035
853,"Plot313","f","Stratum-W12-1","W12","3",16,"Plot313_16","Stems >=10 cm DBH","Quercus cerris",10,0.007853981633974483
852,"Plot313","f","Stratum-W12-1","W12","3",15,"Plot313_15","Stems >=10 cm DBH","Quercus cerris",23,0.04154756284372501
839,"Plot313","f","Stratum-W12-1","W12","3",2,"Plot313_2","Stems >=10 cm DBH","Quercus cerris",27,0.05725552611167398
3685,"Plot313","f","Stratum-W12-1","W12","3",1,"Plot313_1","Stems >=10 cm DBH","Quercus cerris",12,0.011309733552923255
854,"Plot313","f","Stratum-W12-1","W12","3",17,"Plot313_17","Stems >=10 cm DBH","Quercus cerris",17,0.022698006922186254
3687,"Plot313","f","Stratum-W12-1","W12","3",17,"Plot313_17","Stems 2.5-10 cm DBH","Quercus cerris",7.5,0.004417864669110647
4605,"Plot313","f","Stratum-W12-1","W12","3",16,"Plot313_16","Stems 2.5-10 cm DBH","Quercus cerris",5,0.001963495408493621
4303,"Plot313","f","Stratum-W12-1","W12","3",16,"Plot313_16","Stems 2.5-10 cm DBH","Quercus cerris",5.5,0.002375829444277281
3686,"Plot313","f","Stratum-W12-1","W12","3",16,"Plot313_16","Stems >=10 cm DBH","Quercus cerris",11.5,0.010386890710931252
844,"Plot313","f","Stratum-W12-1","W12","1",7,"Plot313_7","Stems >=10 cm DBH","Quercus cerris",10,0.007853981633974483
845,"Plot313","f","Stratum-W12-1","W12","1",8,"Plot313_8","Stems >=10 cm DBH","Quercus cerris",26,0.053092915845667506
846,"Plot313","f","Stratum-W12-1","W12","1",9,"Plot313_9","Stems >=10 cm DBH","Quercus cerris",20,0.031415926535897934
838,"Plot313","f","Stratum-W12-1","W12","3",1,"Plot313_1","Stems >=10 cm DBH","Quercus cerris",17,0.022698006922186254
848,"Plot313","f","Stratum-W12-1","W12","1",11,"Plot313_11","Stems >=10 cm DBH","Quercus cerris",32.5,0.08295768100885548
849,"Plot313","f","Stratum-W12-1","W12","2",12,"Plot313_12","Stems >=10 cm DBH","Quercus cerris",21,0.03463605900582747
851,"Plot313","f","Stratum-W12-1","W12","2",14,"Plot313_14","Stems >=10 cm DBH","Quercus cerris",14,0.015393804002589986
847,"Plot313","f","Stratum-W12-1","W12","1",10,"Plot313_10","Stems >=10 cm DBH","Quercus cerris",19,0.02835287369864788
843,"Plot313","f","Stratum-W12-1","W12","1",6,"Plot313_6","Stems >=10 cm DBH","Quercus cerris",15.5,0.018869190875623696
850,"Plot313","f","Stratum-W12-1","W12","2",13,"Plot313_13","Stems >=10 cm DBH","Quercus cerris",28.5,0.06379396582195773
3691,"Plot314","f","Stratum-W12-1","W12","3",12,"Plot314_12","Stems 2.5-10 cm DBH","Fagus sylvatica",8,0.005026548245743669
856,"Plot314","f","Stratum-W12-1","W12","1",2,"Plot314_2","Stems >=10 cm DBH","Fagus sylvatica",11,0.009503317777109124
857,"Plot314","f","Stratum-W12-1","W12","1",3,"Plot314_3","Stems >=10 cm DBH","Fagus sylvatica",13,0.013273228961416876
858,"Plot314","f","Stratum-W12-1","W12","2",4,"Plot314_4","Stems >=10 cm DBH","Fagus sylvatica",11.5,0.010386890710931252
863,"Plot314","f","Stratum-W12-1","W12","2",9,"Plot314_9","Stems >=10 cm DBH","Fagus sylvatica",48,0.18095573684677208
855,"Plot314","f","Stratum-W12-1","W12","1",1,"Plot314_1","Stems >=10 cm DBH","Fagus sylvatica",16,0.020106192982974676
861,"Plot314","f","Stratum-W12-1","W12","2",7,"Plot314_7","Stems 2.5-10 cm DBH","Fagus sylvatica",2.5,4.908738521234052e-4
866,"Plot314","f","Stratum-W12-1","W12","3",12,"Plot314_12","Stems 2.5-10 cm DBH","Fagus sylvatica",2.5,4.908738521234052e-4
867,"Plot314","f","Stratum-W12-1","W12","3",13,"Plot314_13","Stems >=10 cm DBH","Fagus sylvatica",21.5,0.036305030103047045
859,"Plot314","f","Stratum-W12-1","W12","2",5,"Plot314_5","Stems >=10 cm DBH","Fagus sylvatica",10,0.007853981633974483
865,"Plot314","f","Stratum-W12-1","W12","3",11,"Plot314_11","Stems >=10 cm DBH","Fagus sylvatica",28.5,0.06379396582195773
3690,"Plot314","f","Stratum-W12-1","W12","3",11,"Plot314_11","Stems 2.5-10 cm DBH","Fagus sylvatica",5,0.001963495408493621
862,"Plot314","f","Stratum-W12-1","W12","2",8,"Plot314_8","Stems >=10 cm DBH","Fagus sylvatica",38,0.11341149479459152
864,"Plot314","f","Stratum-W12-1","W12","3",10,"Plot314_10","Stems >=10 cm DBH","Fagus sylvatica",21.5,0.036305030103047045
3688,"Plot314","f","Stratum-W12-1","W12","2",6,"Plot314_6","Stems >=10 cm DBH","Fagus sylvatica",10,0.007853981633974483
860,"Plot314","f","Stratum-W12-1","W12","2",6,"Plot314_6","Stems >=10 cm DBH","Fagus sylvatica",59,0.27339710067865175
3689,"Plot314","f","Stratum-W12-1","W12","3",10,"Plot314_10","Stems >=10 cm DBH","Fagus sylvatica",20,0.031415926535897934
4305,"Plot314","f","Stratum-W12-1","W12","3",10,"Plot314_10","Stems >=10 cm DBH","Fagus sylvatica",14.5,0.01651299638543135
4304,"Plot314","f","Stratum-W12-1","W12","2",6,"Plot314_6","Stems >=10 cm DBH","Fagus sylvatica",10,0.007853981633974483
874,"Plot315","f","Stratum-W12-1","W12","2",7,"Plot315_7","Stems >=10 cm DBH","Fagus sylvatica",13,0.013273228961416876
869,"Plot315","f","Stratum-W12-1","W12","1",2,"Plot315_2","Stems 2.5-10 cm DBH","Fagus sylvatica",6.2,0.0030190705400997917
870,"Plot315","f","Stratum-W12-1","W12","1",3,"Plot315_3","Stems 2.5-10 cm DBH","Fagus sylvatica",3.8,0.0011341149479459152
878,"Plot315","f","Stratum-W12-1","W12","3",11,"Plot315_11","Stems >=10 cm DBH","Fagus sylvatica",29,0.0660519855417254
875,"Plot315","f","Stratum-W12-1","W12","2",8,"Plot315_8","Stems 2.5-10 cm DBH","Fagus sylvatica",8,0.005026548245743669
876,"Plot315","f","Stratum-W12-1","W12","3",9,"Plot315_9","Stems >=10 cm DBH","Fagus sylvatica",12,0.011309733552923255
877,"Plot315","f","Stratum-W12-1","W12","3",10,"Plot315_10","Stems >=10 cm DBH","Fagus sylvatica",38.5,0.11641564276958677
873,"Plot315","f","Stratum-W12-1","W12","2",6,"Plot315_6","Stems >=10 cm DBH","Fagus sylvatica",16.5,0.02138246499849553
868,"Plot315","f","Stratum-W12-1","W12","1",1,"Plot315_1","Stems 2.5-10 cm DBH","Fagus sylvatica",8.4,0.005541769440932395
871,"Plot315","f","Stratum-W12-1","W12","1",4,"Plot315_4","Stems >=10 cm DBH","Fagus sylvatica",53,0.22061834409834324
3692,"Plot315","f","Stratum-W12-1","W12","1",2,"Plot315_2","Stems 2.5-10 cm DBH","Fagus sylvatica",4.3,0.0014522012041218817
872,"Plot315","f","Stratum-W12-1","W12","2",5,"Plot315_5","Stems >=10 cm DBH","Fagus sylvatica",25,0.04908738521234052
884,"Plot316","f","Stratum-W12-1","W12","2",6,"Plot316_6","Stems >=10 cm DBH","Fagus sylvatica",16.1,0.02035830579342526
883,"Plot316","f","Stratum-W12-1","W12","2",5,"Plot316_5","Stems >=10 cm DBH","Fagus sylvatica",36.5,0.10463467031862506
882,"Plot316","f","Stratum-W12-1","W12","2",4,"Plot316_4","Stems >=10 cm DBH","Fagus sylvatica",33.5,0.08814130888727864
885,"Plot316","f","Stratum-W12-1","W12","2",7,"Plot316_7","Stems >=10 cm DBH","Fagus sylvatica",15.4,0.018626502843133885
3696,"Plot316","f","Stratum-W12-1","W12","2",7,"Plot316_7","Stems >=10 cm DBH","Fagus sylvatica",30.5,0.07306166415004763
3697,"Plot316","f","Stratum-W12-1","W12","3",15,"Plot316_15","Stems >=10 cm DBH","Fagus sylvatica",21,0.03463605900582747
889,"Plot316","f","Stratum-W12-1","W12","3",11,"Plot316_11","Stems 2.5-10 cm DBH","Fagus sylvatica",4,0.0012566370614359172
890,"Plot316","f","Stratum-W12-1","W12","3",12,"Plot316_12","Stems 2.5-10 cm DBH","Fagus sylvatica",8.5,0.0056745017305465635
891,"Plot316","f","Stratum-W12-1","W12","3",13,"Plot316_13","Stems >=10 cm DBH","Fagus sylvatica",24,0.04523893421169302
892,"Plot316","f","Stratum-W12-1","W12","3",14,"Plot316_14","Stems >=10 cm DBH","Fagus sylvatica",10,0.007853981633974483
893,"Plot316","f","Stratum-W12-1","W12","3",15,"Plot316_15","Stems >=10 cm DBH","Fagus sylvatica",16.5,0.02138246499849553
881,"Plot316","f","Stratum-W12-1","W12","1",3,"Plot316_3","Stems >=10 cm DBH","Fagus sylvatica",13,0.013273228961416876
3693,"Plot316","f","Stratum-W12-1","W12","1",2,"Plot316_2","Stems >=10 cm DBH","Fagus sylvatica",30,0.07068583470577035
3694,"Plot316","f","Stratum-W12-1","W12","2",5,"Plot316_5","Stems >=10 cm DBH","Fagus sylvatica",48,0.18095573684677208
3695,"Plot316","f","Stratum-W12-1","W12","2",6,"Plot316_6","Stems >=10 cm DBH","Fagus sylvatica",23,0.04154756284372501
880,"Plot316","f","Stratum-W12-1","W12","1",2,"Plot316_2","Stems >=10 cm DBH","Fagus sylvatica",19.2,0.028952917895483536
886,"Plot316","f","Stratum-W12-1","W12","2",8,"Plot316_8","Stems >=10 cm DBH","Fagus sylvatica",24,0.04523893421169302
879,"Plot316","f","Stratum-W12-1","W12","1",1,"Plot316_1","Stems >=10 cm DBH","Fagus sylvatica",19.1,0.02865211039890232
888,"Plot316","f","Stratum-W12-1","W12","3",10,"Plot316_10","Stems >=10 cm DBH","Fagus sylvatica",27.5,0.05939573610693203
887,"Plot316","f","Stratum-W12-1","W12","3",9,"Plot316_9","Stems >=10 cm DBH","Fagus sylvatica",28.5,0.06379396582195773
897,"Plot317","f","Stratum-W12-1","W12","1",4,"Plot317_4","Stems >=10 cm DBH","Fagus sylvatica",11.5,0.010386890710931252
921,"Plot317","f","Stratum-W12-1","W12","3",28,"Plot317_28","Stems >=10 cm DBH","Quercus petraea",11.5,0.010386890710931252
922,"Plot317","f","Stratum-W12-1","W12","3",29,"Plot317_29","Stems 2.5-10 cm DBH","Fagus sylvatica",6.5,0.003318307240354219
896,"Plot317","f","Stratum-W12-1","W12","1",3,"Plot317_3","Stems >=10 cm DBH","Fagus sylvatica",12,0.011309733552923255
3699,"Plot317","f","Stratum-W12-1","W12","1",15,"Plot317_15","Stems >=10 cm DBH","Fagus sylvatica",10,0.007853981633974483
3700,"Plot317","f","Stratum-W12-1","W12","2",16,"Plot317_16","Stems 2.5-10 cm DBH","Fagus sylvatica",3,7.068583470577034e-4
898,"Plot317","f","Stratum-W12-1","W12","1",5,"Plot317_5","Stems 2.5-10 cm DBH","Fagus sylvatica",6,0.0028274333882308137
3698,"Plot317","f","Stratum-W12-1","W12","1",2,"Plot317_2","Stems >=10 cm DBH","Fagus sylvatica",13,0.013273228961416876
895,"Plot317","f","Stratum-W12-1","W12","1",2,"Plot317_2","Stems >=10 cm DBH","Fagus sylvatica",11,0.009503317777109124
3701,"Plot317","f","Stratum-W12-1","W12","3",29,"Plot317_29","Stems 2.5-10 cm DBH","Fagus sylvatica",5.5,0.002375829444277281
909,"Plot317","f","Stratum-W12-1","W12","2",16,"Plot317_16","Stems 2.5-10 cm DBH","Fagus sylvatica",5,0.001963495408493621
923,"Plot317","f","Stratum-W12-1","W12","3",30,"Plot317_30","Stems >=10 cm DBH","Quercus petraea",12.5,0.01227184630308513
4306,"Plot317","f","Stratum-W12-1","W12","1",2,"Plot317_2","Stems >=10 cm DBH","Fagus sylvatica",17,0.022698006922186254
4307,"Plot317","f","Stratum-W12-1","W12","1",15,"Plot317_15","Stems >=10 cm DBH","Fagus sylvatica",11,0.009503317777109124
905,"Plot317","f","Stratum-W12-1","W12","1",12,"Plot317_12","Stems >=10 cm DBH","Fagus sylvatica",16,0.020106192982974676
906,"Plot317","f","Stratum-W12-1","W12","1",13,"Plot317_13","Stems >=10 cm DBH","Fagus sylvatica",13.5,0.014313881527918494
907,"Plot317","f","Stratum-W12-1","W12","1",14,"Plot317_14","Stems >=10 cm DBH","Fagus sylvatica",19.5,0.029864765163187968
894,"Plot317","f","Stratum-W12-1","W12","1",1,"Plot317_1","Stems >=10 cm DBH","Fagus sylvatica",16,0.020106192982974676
920,"Plot317","f","Stratum-W12-1","W12","3",27,"Plot317_27","Stems 2.5-10 cm DBH","Quercus petraea",7.5,0.004417864669110647
899,"Plot317","f","Stratum-W12-1","W12","1",6,"Plot317_6","Stems >=10 cm DBH","Fagus sylvatica",10,0.007853981633974483
908,"Plot317","f","Stratum-W12-1","W12","1",15,"Plot317_15","Stems >=10 cm DBH","Fagus sylvatica",21,0.03463605900582747
901,"Plot317","f","Stratum-W12-1","W12","1",8,"Plot317_8","Stems 2.5-10 cm DBH","Fagus sylvatica",5,0.001963495408493621
924,"Plot317","f","Stratum-W12-1","W12","3",31,"Plot317_31","Stems >=10 cm DBH","Fagus sylvatica",19,0.02835287369864788
903,"Plot317","f","Stratum-W12-1","W12","1",10,"Plot317_10","Stems >=10 cm DBH","Fagus sylvatica",13,0.013273228961416876
900,"Plot317","f","Stratum-W12-1","W12","1",7,"Plot317_7","Stems 2.5-10 cm DBH","Fagus sylvatica",3,7.068583470577034e-4
917,"Plot317","f","Stratum-W12-1","W12","3",24,"Plot317_24","Stems >=10 cm DBH","Fagus sylvatica",12,0.011309733552923255
902,"Plot317","f","Stratum-W12-1","W12","1",9,"Plot317_9","Stems >=10 cm DBH","Fagus sylvatica",12,0.011309733552923255
919,"Plot317","f","Stratum-W12-1","W12","3",26,"Plot317_26","Stems >=10 cm DBH","Quercus petraea",10.5,0.008659014751456867
904,"Plot317","f","Stratum-W12-1","W12","1",11,"Plot317_11","Stems >=10 cm DBH","Fagus sylvatica",10.5,0.008659014751456867
912,"Plot317","f","Stratum-W12-1","W12","2",19,"Plot317_19","Stems >=10 cm DBH","Fagus sylvatica",12,0.011309733552923255
918,"Plot317","f","Stratum-W12-1","W12","3",25,"Plot317_25","Stems >=10 cm DBH","Fagus sylvatica",18,0.025446900494077322
910,"Plot317","f","Stratum-W12-1","W12","2",17,"Plot317_17","Stems >=10 cm DBH","Fagus sylvatica",16.5,0.02138246499849553
925,"Plot317","f","Stratum-W12-1","W12","3",32,"Plot317_32","Stems >=10 cm DBH","Fagus sylvatica",31,0.07547676350249478
916,"Plot317","f","Stratum-W12-1","W12","2",23,"Plot317_23","Stems >=10 cm DBH","Acer campestre",22,0.0380132711084365
913,"Plot317","f","Stratum-W12-1","W12","2",20,"Plot317_20","Stems >=10 cm DBH","Fagus sylvatica",20.5,0.033006357816777764
914,"Plot317","f","Stratum-W12-1","W12","2",21,"Plot317_21","Stems >=10 cm DBH","Fagus sylvatica",12,0.011309733552923255
915,"Plot317","f","Stratum-W12-1","W12","2",22,"Plot317_22","Stems >=10 cm DBH","Fagus sylvatica",15.5,0.018869190875623696
911,"Plot317","f","Stratum-W12-1","W12","2",18,"Plot317_18","Stems >=10 cm DBH","Fagus sylvatica",11,0.009503317777109124
3702,"Plot318","f","Stratum-W12-1","W12","1",6,"Plot318_6","Stems 2.5-10 cm DBH","Fagus sylvatica",6,0.0028274333882308137
4606,"Plot318","f","Stratum-W12-1","W12","1",6,"Plot318_6","Stems 2.5-10 cm DBH","Fagus sylvatica",3.5,9.621127501618741e-4
935,"Plot318","f","Stratum-W12-1","W12","2",10,"Plot318_10","Stems >=10 cm DBH","Fagus sylvatica",13,0.013273228961416876
937,"Plot318","f","Stratum-W12-1","W12","2",12,"Plot318_12","Stems >=10 cm DBH","Fagus sylvatica",31,0.07547676350249478
4308,"Plot318","f","Stratum-W12-1","W12","1",6,"Plot318_6","Stems 2.5-10 cm DBH","Fagus sylvatica",8,0.005026548245743669
946,"Plot318","f","Stratum-W12-1","W12","3",21,"Plot318_21","Stems >=10 cm DBH","Fagus sylvatica",16,0.020106192982974676
938,"Plot318","f","Stratum-W12-1","W12","3",13,"Plot318_13","Stems >=10 cm DBH","Fagus sylvatica",14,0.015393804002589986
936,"Plot318","f","Stratum-W12-1","W12","2",11,"Plot318_11","Stems >=10 cm DBH","Fagus sylvatica",10,0.007853981633974483
927,"Plot318","f","Stratum-W12-1","W12","1",2,"Plot318_2","Stems >=10 cm DBH","Fagus sylvatica",28.5,0.06379396582195773
928,"Plot318","f","Stratum-W12-1","W12","1",3,"Plot318_3","Stems >=10 cm DBH","Fagus sylvatica",34,0.09079202768874502
929,"Plot318","f","Stratum-W12-1","W12","1",4,"Plot318_4","Stems >=10 cm DBH","Fagus sylvatica",21,0.03463605900582747
930,"Plot318","f","Stratum-W12-1","W12","1",5,"Plot318_5","Stems >=10 cm DBH","Fagus sylvatica",10,0.007853981633974483
931,"Plot318","f","Stratum-W12-1","W12","1",6,"Plot318_6","Stems >=10 cm DBH","Fagus sylvatica",47.5,0.17720546061654927
932,"Plot318","f","Stratum-W12-1","W12","1",7,"Plot318_7","Stems 2.5-10 cm DBH","Fagus sylvatica",6,0.0028274333882308137
933,"Plot318","f","Stratum-W12-1","W12","1",8,"Plot318_8","Stems >=10 cm DBH","Fagus sylvatica",12,0.011309733552923255
934,"Plot318","f","Stratum-W12-1","W12","1",9,"Plot318_9","Stems >=10 cm DBH","Fagus sylvatica",13,0.013273228961416876
942,"Plot318","f","Stratum-W12-1","W12","3",17,"Plot318_17","Stems 2.5-10 cm DBH","Fagus sylvatica",3.5,9.621127501618741e-4
939,"Plot318","f","Stratum-W12-1","W12","3",14,"Plot318_14","Stems 2.5-10 cm DBH","Fagus sylvatica",2.5,4.908738521234052e-4
940,"Plot318","f","Stratum-W12-1","W12","3",15,"Plot318_15","Stems 2.5-10 cm DBH","Fagus sylvatica",3,7.068583470577034e-4
941,"Plot318","f","Stratum-W12-1","W12","3",16,"Plot318_16","Stems 2.5-10 cm DBH","Fagus sylvatica",5.5,0.002375829444277281
3704,"Plot318","f","Stratum-W12-1","W12","3",17,"Plot318_17","Stems 2.5-10 cm DBH","Fagus sylvatica",4.5,0.0015904312808798326
943,"Plot318","f","Stratum-W12-1","W12","3",18,"Plot318_18","Stems >=10 cm DBH","Fagus sylvatica",18.5,0.02688025214227767
944,"Plot318","f","Stratum-W12-1","W12","3",19,"Plot318_19","Stems >=10 cm DBH","Fagus sylvatica",10,0.007853981633974483
945,"Plot318","f","Stratum-W12-1","W12","3",20,"Plot318_20","Stems >=10 cm DBH","Fagus sylvatica",18,0.025446900494077322
926,"Plot318","f","Stratum-W12-1","W12","1",1,"Plot318_1","Stems >=10 cm DBH","Fagus sylvatica",31.5,0.07793113276311181
3703,"Plot318","f","Stratum-W12-1","W12","3",14,"Plot318_14","Stems 2.5-10 cm DBH","Fagus sylvatica",3,7.068583470577034e-4
949,"Plot319","f","Stratum-W12-1","W12","1",3,"Plot319_3","Stems >=10 cm DBH","Fagus sylvatica",11.5,0.010386890710931252
947,"Plot319","f","Stratum-W12-1","W12","1",1,"Plot319_1","Stems >=10 cm DBH","Fagus sylvatica",25,0.04908738521234052
957,"Plot319","f","Stratum-W12-1","W12","3",11,"Plot319_11","Stems >=10 cm DBH","Fagus sylvatica",24.5,0.047143524757931835
953,"Plot319","f","Stratum-W12-1","W12","2",7,"Plot319_7","Stems >=10 cm DBH","Fagus sylvatica",23,0.04154756284372501
959,"Plot319","f","Stratum-W12-1","W12","3",13,"Plot319_13","Stems >=10 cm DBH","Fagus sylvatica",19.5,0.029864765163187968
958,"Plot319","f","Stratum-W12-1","W12","3",12,"Plot319_12","Stems >=10 cm DBH","Fagus sylvatica",16,0.020106192982974676
956,"Plot319","f","Stratum-W12-1","W12","3",10,"Plot319_10","Stems >=10 cm DBH","Fagus sylvatica",28.5,0.06379396582195773
951,"Plot319","f","Stratum-W12-1","W12","2",5,"Plot319_5","Stems >=10 cm DBH","Fagus sylvatica",12.5,0.01227184630308513
954,"Plot319","f","Stratum-W12-1","W12","2",8,"Plot319_8","Stems 2.5-10 cm DBH","Fagus sylvatica",8,0.005026548245743669
948,"Plot319","f","Stratum-W12-1","W12","1",2,"Plot319_2","Stems >=10 cm DBH","Fagus sylvatica",21,0.03463605900582747
952,"Plot319","f","Stratum-W12-1","W12","2",6,"Plot319_6","Stems >=10 cm DBH","Fagus sylvatica",25,0.04908738521234052
955,"Plot319","f","Stratum-W12-1","W12","3",9,"Plot319_9","Stems >=10 cm DBH","Fagus sylvatica",18.5,0.02688025214227767
950,"Plot319","f","Stratum-W12-1","W12","1",4,"Plot319_4","Stems >=10 cm DBH","Fagus sylvatica",30.5,0.07306166415004763
964,"Plot320","f","Stratum-W12-1","W12","1",5,"Plot320_5","Stems 2.5-10 cm DBH","Fagus sylvatica",6,0.0028274333882308137
976,"Plot320","f","Stratum-W12-1","W12","2",17,"Plot320_17","Stems >=10 cm DBH","Fagus sylvatica",14,0.015393804002589986
978,"Plot320","f","Stratum-W12-1","W12","2",19,"Plot320_19","Stems >=10 cm DBH","Fagus sylvatica",10.5,0.008659014751456867
977,"Plot320","f","Stratum-W12-1","W12","2",18,"Plot320_18","Stems >=10 cm DBH","Fagus sylvatica",11,0.009503317777109124
965,"Plot320","f","Stratum-W12-1","W12","1",6,"Plot320_6","Stems 2.5-10 cm DBH","Fagus sylvatica",6.5,0.003318307240354219
980,"Plot320","f","Stratum-W12-1","W12","2",21,"Plot320_21","Stems >=10 cm DBH","Fagus sylvatica",17,0.022698006922186254
981,"Plot320","f","Stratum-W12-1","W12","2",22,"Plot320_22","Stems >=10 cm DBH","Fagus sylvatica",10,0.007853981633974483
961,"Plot320","f","Stratum-W12-1","W12","1",2,"Plot320_2","Stems >=10 cm DBH","Fagus sylvatica",14.5,0.01651299638543135
979,"Plot320","f","Stratum-W12-1","W12","2",20,"Plot320_20","Stems >=10 cm DBH","Fagus sylvatica",13,0.013273228961416876
962,"Plot320","f","Stratum-W12-1","W12","1",3,"Plot320_3","Stems >=10 cm DBH","Fagus sylvatica",15.5,0.018869190875623696
989,"Plot320","f","Stratum-W12-1","W12","3",30,"Plot320_30","Stems >=10 cm DBH","Fagus sylvatica",17,0.022698006922186254
990,"Plot320","f","Stratum-W12-1","W12","3",31,"Plot320_31","Stems >=10 cm DBH","Fagus sylvatica",17,0.022698006922186254
975,"Plot320","f","Stratum-W12-1","W12","2",16,"Plot320_16","Stems >=10 cm DBH","Fagus sylvatica",13,0.013273228961416876
967,"Plot320","f","Stratum-W12-1","W12","1",8,"Plot320_8","Stems 2.5-10 cm DBH","Fagus sylvatica",4.5,0.0015904312808798326
963,"Plot320","f","Stratum-W12-1","W12","1",4,"Plot320_4","Stems 2.5-10 cm DBH","Fagus sylvatica",5,0.001963495408493621
992,"Plot320","f","Stratum-W12-1","W12","3",33,"Plot320_33","Stems 2.5-10 cm DBH","Fagus sylvatica",4.5,0.0015904312808798326
970,"Plot320","f","Stratum-W12-1","W12","1",11,"Plot320_11","Stems >=10 cm DBH","Fagus sylvatica",14,0.015393804002589986
971,"Plot320","f","Stratum-W12-1","W12","1",12,"Plot320_12","Stems >=10 cm DBH","Fagus sylvatica",14,0.015393804002589986
972,"Plot320","f","Stratum-W12-1","W12","1",13,"Plot320_13","Stems >=10 cm DBH","Fagus sylvatica",14.5,0.01651299638543135
973,"Plot320","f","Stratum-W12-1","W12","1",14,"Plot320_14","Stems >=10 cm DBH","Fagus sylvatica",12.5,0.01227184630308513
974,"Plot320","f","Stratum-W12-1","W12","2",15,"Plot320_15","Stems >=10 cm DBH","Fagus sylvatica",10,0.007853981633974483
960,"Plot320","f","Stratum-W12-1","W12","1",1,"Plot320_1","Stems >=10 cm DBH","Fagus sylvatica",22.5,0.039760782021995816
982,"Plot320","f","Stratum-W12-1","W12","2",23,"Plot320_23","Stems >=10 cm DBH","Fagus sylvatica",14.5,0.01651299638543135
991,"Plot320","f","Stratum-W12-1","W12","3",32,"Plot320_32","Stems 2.5-10 cm DBH","Fagus sylvatica",3.5,9.621127501618741e-4
969,"Plot320","f","Stratum-W12-1","W12","1",10,"Plot320_10","Stems >=10 cm DBH","Fagus sylvatica",14.5,0.01651299638543135
993,"Plot320","f","Stratum-W12-1","W12","3",34,"Plot320_34","Stems 2.5-10 cm DBH","Fagus sylvatica",5.5,0.002375829444277281
986,"Plot320","f","Stratum-W12-1","W12","3",27,"Plot320_27","Stems >=10 cm DBH","Fagus sylvatica",17.5,0.024052818754046853
968,"Plot320","f","Stratum-W12-1","W12","1",9,"Plot320_9","Stems >=10 cm DBH","Fagus sylvatica",17.5,0.024052818754046853
988,"Plot320","f","Stratum-W12-1","W12","3",29,"Plot320_29","Stems >=10 cm DBH","Quercus petraea",19,0.02835287369864788
985,"Plot320","f","Stratum-W12-1","W12","3",26,"Plot320_26","Stems >=10 cm DBH","Fagus sylvatica",15,0.017671458676442587
3705,"Plot320","f","Stratum-W12-1","W12","2",23,"Plot320_23","Stems >=10 cm DBH","Fagus sylvatica",14,0.015393804002589986
987,"Plot320","f","Stratum-W12-1","W12","3",28,"Plot320_28","Stems >=10 cm DBH","Fagus sylvatica",10,0.007853981633974483
983,"Plot320","f","Stratum-W12-1","W12","3",24,"Plot320_24","Stems >=10 cm DBH","Fagus sylvatica",13,0.013273228961416876
984,"Plot320","f","Stratum-W12-1","W12","3",25,"Plot320_25","Stems >=10 cm DBH","Fagus sylvatica",27.5,0.05939573610693203
966,"Plot320","f","Stratum-W12-1","W12","1",7,"Plot320_7","Stems >=10 cm DBH","Fagus sylvatica",16.5,0.02138246499849553
3706,"Plot320","f","Stratum-W12-1","W12","3",27,"Plot320_27","Stems >=10 cm DBH","Fagus sylvatica",26.5,0.05515458602458581
995,"Plot321","f","Stratum-W12-1","W12","1",2,"Plot321_2","Stems >=10 cm DBH","Fagus sylvatica",23,0.04154756284372501
999,"Plot321","f","Stratum-W12-1","W12","3",6,"Plot321_6","Stems >=10 cm DBH","Fagus sylvatica",12,0.011309733552923255
1000,"Plot321","f","Stratum-W12-1","W12","3",7,"Plot321_7","Stems >=10 cm DBH","Fagus sylvatica",29,0.0660519855417254
994,"Plot321","f","Stratum-W12-1","W12","1",1,"Plot321_1","Stems >=10 cm DBH","Fagus sylvatica",32,0.0804247719318987
998,"Plot321","f","Stratum-W12-1","W12","2",5,"Plot321_5","Stems >=10 cm DBH","Fagus sylvatica",28,0.061575216010359944
996,"Plot321","f","Stratum-W12-1","W12","1",3,"Plot321_3","Stems >=10 cm DBH","Fagus sylvatica",10,0.007853981633974483
997,"Plot321","f","Stratum-W12-1","W12","2",4,"Plot321_4","Stems >=10 cm DBH","Fagus sylvatica",35,0.09621127501618741
1004,"Plot322","f","Stratum-W12-1","W12","2",4,"Plot322_4","Stems >=10 cm DBH","Fagus sylvatica",22,0.0380132711084365
1015,"Plot322","f","Stratum-W12-1","W12","3",15,"Plot322_15","Stems >=10 cm DBH","Fagus sylvatica",15.5,0.018869190875623696
1014,"Plot322","f","Stratum-W12-1","W12","3",14,"Plot322_14","Stems >=10 cm DBH","Fagus sylvatica",14,0.015393804002589986
1001,"Plot322","f","Stratum-W12-1","W12","1",1,"Plot322_1","Stems >=10 cm DBH","Fagus sylvatica",21,0.03463605900582747
1003,"Plot322","f","Stratum-W12-1","W12","1",3,"Plot322_3","Stems >=10 cm DBH","Fagus sylvatica",15,0.017671458676442587
1007,"Plot322","f","Stratum-W12-1","W12","2",7,"Plot322_7","Stems >=10 cm DBH","Fagus sylvatica",20,0.031415926535897934
1006,"Plot322","f","Stratum-W12-1","W12","2",6,"Plot322_6","Stems >=10 cm DBH","Fagus sylvatica",22,0.0380132711084365
1013,"Plot322","f","Stratum-W12-1","W12","3",13,"Plot322_13","Stems >=10 cm DBH","Fagus sylvatica",30,0.07068583470577035
1002,"Plot322","f","Stratum-W12-1","W12","1",2,"Plot322_2","Stems >=10 cm DBH","Fagus sylvatica",21.5,0.036305030103047045
1005,"Plot322","f","Stratum-W12-1","W12","2",5,"Plot322_5","Stems >=10 cm DBH","Fagus sylvatica",12,0.011309733552923255
1008,"Plot322","f","Stratum-W12-1","W12","3",8,"Plot322_8","Stems >=10 cm DBH","Fagus sylvatica",10,0.007853981633974483
1012,"Plot322","f","Stratum-W12-1","W12","3",12,"Plot322_12","Stems >=10 cm DBH","Fagus sylvatica",11,0.009503317777109124
3708,"Plot322","f","Stratum-W12-1","W12","3",14,"Plot322_14","Stems >=10 cm DBH","Fagus sylvatica",10,0.007853981633974483
1010,"Plot322","f","Stratum-W12-1","W12","3",10,"Plot322_10","Stems 2.5-10 cm DBH","Fagus sylvatica",4,0.0012566370614359172
1011,"Plot322","f","Stratum-W12-1","W12","3",11,"Plot322_11","Stems >=10 cm DBH","Fagus sylvatica",21,0.03463605900582747
1009,"Plot322","f","Stratum-W12-1","W12","3",9,"Plot322_9","Stems >=10 cm DBH","Fagus sylvatica",19,0.02835287369864788
3707,"Plot322","f","Stratum-W12-1","W12","3",11,"Plot322_11","Stems 2.5-10 cm DBH","Fagus sylvatica",9.5,0.00708821842466197
1020,"Plot323","f","Stratum-W12-1","W12","1",5,"Plot323_5","Stems 2.5-10 cm DBH","Fagus sylvatica",6,0.0028274333882308137
1017,"Plot323","f","Stratum-W12-1","W12","1",2,"Plot323_2","Stems >=10 cm DBH","Fagus sylvatica",13,0.013273228961416876
1018,"Plot323","f","Stratum-W12-1","W12","1",3,"Plot323_3","Stems >=10 cm DBH","Fagus sylvatica",16,0.020106192982974676
1019,"Plot323","f","Stratum-W12-1","W12","1",4,"Plot323_4","Stems >=10 cm DBH","Fagus sylvatica",11.5,0.010386890710931252
1031,"Plot323","f","Stratum-W12-1","W12","2",16,"Plot323_16","Stems >=10 cm DBH","Fagus sylvatica",16,0.020106192982974676
1016,"Plot323","f","Stratum-W12-1","W12","1",1,"Plot323_1","Stems >=10 cm DBH","Fagus sylvatica",22,0.0380132711084365
1033,"Plot323","f","Stratum-W12-1","W12","3",18,"Plot323_18","Stems >=10 cm DBH","Fagus sylvatica",10,0.007853981633974483
1029,"Plot323","f","Stratum-W12-1","W12","2",14,"Plot323_14","Stems 2.5-10 cm DBH","Fagus sylvatica",8,0.005026548245743669
1030,"Plot323","f","Stratum-W12-1","W12","2",15,"Plot323_15","Stems >=10 cm DBH","Fagus sylvatica",17,0.022698006922186254
1032,"Plot323","f","Stratum-W12-1","W12","2",17,"Plot323_17","Stems >=10 cm DBH","Fagus sylvatica",12,0.011309733552923255
1028,"Plot323","f","Stratum-W12-1","W12","2",13,"Plot323_13","Stems 2.5-10 cm DBH","Fagus sylvatica",6,0.0028274333882308137
1024,"Plot323","f","Stratum-W12-1","W12","1",9,"Plot323_9","Stems >=10 cm DBH","Fagus sylvatica",17.5,0.024052818754046853
1021,"Plot323","f","Stratum-W12-1","W12","1",6,"Plot323_6","Stems 2.5-10 cm DBH","Fagus sylvatica",6,0.0028274333882308137
1027,"Plot323","f","Stratum-W12-1","W12","2",12,"Plot323_12","Stems >=10 cm DBH","Fagus sylvatica",16.5,0.02138246499849553
1023,"Plot323","f","Stratum-W12-1","W12","1",8,"Plot323_8","Stems >=10 cm DBH","Fagus sylvatica",10,0.007853981633974483
1034,"Plot323","f","Stratum-W12-1","W12","3",19,"Plot323_19","Stems 2.5-10 cm DBH","Fagus sylvatica",7.5,0.004417864669110647
1025,"Plot323","f","Stratum-W12-1","W12","1",10,"Plot323_10","Stems >=10 cm DBH","Fagus sylvatica",24,0.04523893421169302
1022,"Plot323","f","Stratum-W12-1","W12","1",7,"Plot323_7","Stems >=10 cm DBH","Fagus sylvatica",11.5,0.010386890710931252
3709,"Plot323","f","Stratum-W12-1","W12","1",6,"Plot323_6","Stems 2.5-10 cm DBH","Fagus sylvatica",9.5,0.00708821842466197
1035,"Plot323","f","Stratum-W12-1","W12","3",20,"Plot323_20","Stems 2.5-10 cm DBH","Fagus sylvatica",4,0.0012566370614359172
1026,"Plot323","f","Stratum-W12-1","W12","2",11,"Plot323_11","Stems >=10 cm DBH","Fagus sylvatica",21,0.03463605900582747
1037,"Plot323","f","Stratum-W12-1","W12","3",22,"Plot323_22","Stems >=10 cm DBH","Fagus sylvatica",31,0.07547676350249478
1036,"Plot323","f","Stratum-W12-1","W12","3",21,"Plot323_21","Stems >=10 cm DBH","Fagus sylvatica",10.5,0.008659014751456867
1046,"Plot324","f","Stratum-W12-1","W12","2",9,"Plot324_9","Stems 2.5-10 cm DBH","Fagus sylvatica",9,0.0063617251235193305
1042,"Plot324","f","Stratum-W12-1","W12","1",5,"Plot324_5","Stems >=10 cm DBH","Fagus sylvatica",16,0.020106192982974676
1045,"Plot324","f","Stratum-W12-1","W12","2",8,"Plot324_8","Stems >=10 cm DBH","Fagus sylvatica",36,0.10178760197630929
1043,"Plot324","f","Stratum-W12-1","W12","2",6,"Plot324_6","Stems 2.5-10 cm DBH","Fagus sylvatica",3,7.068583470577034e-4
1047,"Plot324","f","Stratum-W12-1","W12","3",10,"Plot324_10","Stems >=10 cm DBH","Fagus sylvatica",18,0.025446900494077322
1044,"Plot324","f","Stratum-W12-1","W12","2",7,"Plot324_7","Stems 2.5-10 cm DBH","Fagus sylvatica",2.5,4.908738521234052e-4
3710,"Plot324","f","Stratum-W12-1","W12","3",14,"Plot324_14","Stems 2.5-10 cm DBH","Fagus sylvatica",4,0.0012566370614359172
1050,"Plot324","f","Stratum-W12-1","W12","3",13,"Plot324_13","Stems 2.5-10 cm DBH","Fagus sylvatica",6,0.0028274333882308137
1041,"Plot324","f","Stratum-W12-1","W12","1",4,"Plot324_4","Stems >=10 cm DBH","Fagus sylvatica",15,0.017671458676442587
1040,"Plot324","f","Stratum-W12-1","W12","1",3,"Plot324_3","Stems >=10 cm DBH","Fagus sylvatica",30,0.07068583470577035
1049,"Plot324","f","Stratum-W12-1","W12","3",12,"Plot324_12","Stems >=10 cm DBH","Fagus sylvatica",39,0.11945906065275187
1038,"Plot324","f","Stratum-W12-1","W12","1",1,"Plot324_1","Stems >=10 cm DBH","Fagus sylvatica",11,0.009503317777109124
1039,"Plot324","f","Stratum-W12-1","W12","1",2,"Plot324_2","Stems >=10 cm DBH","Fagus sylvatica",16,0.020106192982974676
1048,"Plot324","f","Stratum-W12-1","W12","3",11,"Plot324_11","Stems >=10 cm DBH","Fagus sylvatica",14.5,0.01651299638543135
1051,"Plot324","f","Stratum-W12-1","W12","3",14,"Plot324_14","Stems 2.5-10 cm DBH","Fagus sylvatica",2.5,4.908738521234052e-4
1060,"Plot337","f","Stratum-W18-1","W18","2",9,"Plot337_9","Stems >=10 cm DBH","Pinus brutia",31,0.07547676350249478
1059,"Plot337","f","Stratum-W18-1","W18","2",8,"Plot337_8","Stems >=10 cm DBH","Pinus brutia",19,0.02835287369864788
1053,"Plot337","f","Stratum-W18-1","W18","2",2,"Plot337_2","Stems >=10 cm DBH","Pinus brutia",22,0.0380132711084365
1058,"Plot337","f","Stratum-W18-1","W18","3",7,"Plot337_7","Stems >=10 cm DBH","Pinus brutia",35,0.09621127501618741
1057,"Plot337","f","Stratum-W18-1","W18","3",6,"Plot337_6","Stems >=10 cm DBH","Pinus brutia",25,0.04908738521234052
1054,"Plot337","f","Stratum-W18-1","W18","3",3,"Plot337_3","Stems >=10 cm DBH","Pinus brutia",29,0.0660519855417254
1061,"Plot337","f","Stratum-W18-1","W18","2",10,"Plot337_10","Stems >=10 cm DBH","Pinus brutia",27,0.05725552611167398
1052,"Plot337","f","Stratum-W18-1","W18","1",1,"Plot337_1","Stems >=10 cm DBH","Pinus brutia",35,0.09621127501618741
1055,"Plot337","f","Stratum-W18-1","W18","3",4,"Plot337_4","Stems >=10 cm DBH","Quercus cerris",13,0.013273228961416876
1056,"Plot337","f","Stratum-W18-1","W18","3",5,"Plot337_5","Stems >=10 cm DBH","Pinus brutia",34,0.09079202768874502
1062,"Plot337","f","Stratum-W18-1","W18","1",11,"Plot337_11","Stems >=10 cm DBH","Pinus brutia",22.5,0.039760782021995816
1063,"Plot337","f","Stratum-W18-1","W18","1",12,"Plot337_12","Stems >=10 cm DBH","Pinus brutia",23.5,0.043373613573624084
1070,"Plot338","f","Stratum-W18-1","W18","2",7,"Plot338_7","Stems >=10 cm DBH","Pinus brutia",21,0.03463605900582747
3713,"Plot338","f","Stratum-W18-1","W18","3",12,"Plot338_12","Stems >=10 cm DBH","Quercus cerris",13,0.013273228961416876
1083,"Plot338","f","Stratum-W18-1","W18","2",20,"Plot338_20","Stems >=10 cm DBH","Pinus brutia",19,0.02835287369864788
1084,"Plot338","f","Stratum-W18-1","W18","2",21,"Plot338_21","Stems >=10 cm DBH","Pinus brutia",24.5,0.047143524757931835
1072,"Plot338","f","Stratum-W18-1","W18","3",9,"Plot338_9","Stems 2.5-10 cm DBH","Quercus cerris",5,0.001963495408493621
1080,"Plot338","f","Stratum-W18-1","W18","2",17,"Plot338_17","Stems >=10 cm DBH","Quercus cerris",15,0.017671458676442587
3712,"Plot338","f","Stratum-W18-1","W18","3",9,"Plot338_9","Stems 2.5-10 cm DBH","Quercus cerris",5,0.001963495408493621
1071,"Plot338","f","Stratum-W18-1","W18","2",8,"Plot338_8","Stems >=10 cm DBH","Pinus brutia",23,0.04154756284372501
1064,"Plot338","f","Stratum-W18-1","W18","1",1,"Plot338_1","Stems >=10 cm DBH","Pinus brutia",53,0.22061834409834324
1065,"Plot338","f","Stratum-W18-1","W18","1",2,"Plot338_2","Stems 2.5-10 cm DBH","Quercus cerris",5,0.001963495408493621
3711,"Plot338","f","Stratum-W18-1","W18","1",2,"Plot338_2","Stems 2.5-10 cm DBH","Quercus cerris",3.5,9.621127501618741e-4
1082,"Plot338","f","Stratum-W18-1","W18","2",19,"Plot338_19","Stems >=10 cm DBH","Pinus brutia",23,0.04154756284372501
1068,"Plot338","f","Stratum-W18-1","W18","1",5,"Plot338_5","Stems >=10 cm DBH","Quercus cerris",10,0.007853981633974483
1069,"Plot338","f","Stratum-W18-1","W18","1",6,"Plot338_6","Stems >=10 cm DBH","Quercus cerris",11.5,0.010386890710931252
1066,"Plot338","f","Stratum-W18-1","W18","1",3,"Plot338_3","Stems 2.5-10 cm DBH","Quercus cerris",5,0.001963495408493621
1067,"Plot338","f","Stratum-W18-1","W18","1",4,"Plot338_4","Stems >=10 cm DBH","Quercus cerris",14.5,0.01651299638543135
1077,"Plot338","f","Stratum-W18-1","W18","3",14,"Plot338_14","Stems >=10 cm DBH","Quercus cerris",14.5,0.01651299638543135
1074,"Plot338","f","Stratum-W18-1","W18","3",11,"Plot338_11","Stems >=10 cm DBH","Quercus cerris",16.5,0.02138246499849553
1075,"Plot338","f","Stratum-W18-1","W18","3",12,"Plot338_12","Stems >=10 cm DBH","Quercus cerris",16.5,0.02138246499849553
1081,"Plot338","f","Stratum-W18-1","W18","2",18,"Plot338_18","Stems 2.5-10 cm DBH","Quercus cerris",8,0.005026548245743669
1078,"Plot338","f","Stratum-W18-1","W18","3",15,"Plot338_15","Stems >=10 cm DBH","Pinus brutia",23,0.04154756284372501
1079,"Plot338","f","Stratum-W18-1","W18","2",16,"Plot338_16","Stems >=10 cm DBH","Pinus brutia",22,0.0380132711084365
1073,"Plot338","f","Stratum-W18-1","W18","3",10,"Plot338_10","Stems >=10 cm DBH","Pinus brutia",31,0.07547676350249478
1076,"Plot338","f","Stratum-W18-1","W18","3",13,"Plot338_13","Stems >=10 cm DBH","Pinus brutia",18,0.025446900494077322
1086,"Plot339","f","Stratum-W18-1","W18","1",2,"Plot339_2","Stems >=10 cm DBH","Quercus cerris",16,0.020106192982974676
1087,"Plot339","f","Stratum-W18-1","W18","1",3,"Plot339_3","Stems >=10 cm DBH","Pinus brutia",12,0.011309733552923255
1085,"Plot339","f","Stratum-W18-1","W18","1",1,"Plot339_1","Stems 2.5-10 cm DBH","Quercus frainetto",4,0.0012566370614359172
1098,"Plot339","f","Stratum-W18-1","W18","3",14,"Plot339_14","Stems >=10 cm DBH","Pinus brutia",14,0.015393804002589986
1089,"Plot339","f","Stratum-W18-1","W18","1",5,"Plot339_5","Stems >=10 cm DBH","Quercus cerris",18.5,0.02688025214227767
1088,"Plot339","f","Stratum-W18-1","W18","1",4,"Plot339_4","Stems >=10 cm DBH","Pinus brutia",18.5,0.02688025214227767
1090,"Plot339","f","Stratum-W18-1","W18","2",6,"Plot339_6","Stems >=10 cm DBH","Pinus brutia",26.5,0.05515458602458581
1099,"Plot339","f","Stratum-W18-1","W18","3",15,"Plot339_15","Stems >=10 cm DBH","Quercus cerris",10,0.007853981633974483
1097,"Plot339","f","Stratum-W18-1","W18","3",13,"Plot339_13","Stems >=10 cm DBH","Pinus brutia",18.5,0.02688025214227767
1093,"Plot339","f","Stratum-W18-1","W18","2",9,"Plot339_9","Stems >=10 cm DBH","Pinus brutia",21.5,0.036305030103047045
1094,"Plot339","f","Stratum-W18-1","W18","3",10,"Plot339_10","Stems >=10 cm DBH","Pinus brutia",14.5,0.01651299638543135
1091,"Plot339","f","Stratum-W18-1","W18","2",7,"Plot339_7","Stems >=10 cm DBH","Pinus brutia",24,0.04523893421169302
1092,"Plot339","f","Stratum-W18-1","W18","2",8,"Plot339_8","Stems >=10 cm DBH","Pinus brutia",12,0.011309733552923255
1095,"Plot339","f","Stratum-W18-1","W18","3",11,"Plot339_11","Stems >=10 cm DBH","Pinus brutia",10,0.007853981633974483
1096,"Plot339","f","Stratum-W18-1","W18","3",12,"Plot339_12","Stems 2.5-10 cm DBH","Quercus cerris",5,0.001963495408493621
1104,"Plot340","f","Stratum-W18-1","W18","1",5,"Plot340_5","Stems >=10 cm DBH","Quercus cerris",65,0.3318307240354219
3715,"Plot340","f","Stratum-W18-1","W18","3",10,"Plot340_10","Stems >=10 cm DBH","Pinus brutia",22,0.0380132711084365
1102,"Plot340","f","Stratum-W18-1","W18","1",3,"Plot340_3","Stems >=10 cm DBH","Pinus brutia",13,0.013273228961416876
1103,"Plot340","f","Stratum-W18-1","W18","1",4,"Plot340_4","Stems >=10 cm DBH","Pinus brutia",13,0.013273228961416876
3714,"Plot340","f","Stratum-W18-1","W18","2",6,"Plot340_6","Stems >=10 cm DBH","Pinus brutia",13,0.013273228961416876
1107,"Plot340","f","Stratum-W18-1","W18","2",8,"Plot340_8","Stems >=10 cm DBH","Pinus brutia",37,0.10752100856911068
1101,"Plot340","f","Stratum-W18-1","W18","1",2,"Plot340_2","Stems >=10 cm DBH","Pinus brutia",21,0.03463605900582747
1100,"Plot340","f","Stratum-W18-1","W18","1",1,"Plot340_1","Stems >=10 cm DBH","Pinus brutia",13,0.013273228961416876
1106,"Plot340","f","Stratum-W18-1","W18","2",7,"Plot340_7","Stems 2.5-10 cm DBH","Quercus frainetto",9.5,0.00708821842466197
1108,"Plot340","f","Stratum-W18-1","W18","3",9,"Plot340_9","Stems >=10 cm DBH","Pinus brutia",10.5,0.008659014751456867
1105,"Plot340","f","Stratum-W18-1","W18","2",6,"Plot340_6","Stems >=10 cm DBH","Pinus brutia",15.5,0.018869190875623696
1110,"Plot340","f","Stratum-W18-1","W18","3",11,"Plot340_11","Stems >=10 cm DBH","Pinus brutia",16,0.020106192982974676
1109,"Plot340","f","Stratum-W18-1","W18","3",10,"Plot340_10","Stems >=10 cm DBH","Pinus brutia",22,0.0380132711084365
1116,"Plot341","f","Stratum-W18-1","W18","2",6,"Plot341_6","Stems >=10 cm DBH","Pinus brutia",16,0.020106192982974676
1115,"Plot341","f","Stratum-W18-1","W18","2",5,"Plot341_5","Stems >=10 cm DBH","Pinus brutia",15,0.017671458676442587
1112,"Plot341","f","Stratum-W18-1","W18","1",2,"Plot341_2","Stems >=10 cm DBH","Pinus brutia",22,0.0380132711084365
1114,"Plot341","f","Stratum-W18-1","W18","2",4,"Plot341_4","Stems >=10 cm DBH","Pinus brutia",17,0.022698006922186254
1111,"Plot341","f","Stratum-W18-1","W18","1",1,"Plot341_1","Stems >=10 cm DBH","Pinus brutia",28,0.061575216010359944
1118,"Plot341","f","Stratum-W18-1","W18","2",8,"Plot341_8","Stems >=10 cm DBH","Pinus brutia",20,0.031415926535897934
1113,"Plot341","f","Stratum-W18-1","W18","1",3,"Plot341_3","Stems >=10 cm DBH","Pinus brutia",24,0.04523893421169302
1117,"Plot341","f","Stratum-W18-1","W18","2",7,"Plot341_7","Stems 2.5-10 cm DBH","Pinus brutia",8,0.005026548245743669
3716,"Plot341","f","Stratum-W18-1","W18","3",9,"Plot341_9","Stems >=10 cm DBH","Pinus brutia",12,0.011309733552923255
1122,"Plot341","f","Stratum-W18-1","W18","3",12,"Plot341_12","Stems >=10 cm DBH","Pinus brutia",14,0.015393804002589986
1119,"Plot341","f","Stratum-W18-1","W18","3",9,"Plot341_9","Stems >=10 cm DBH","Pinus brutia",16,0.020106192982974676
1120,"Plot341","f","Stratum-W18-1","W18","3",10,"Plot341_10","Stems >=10 cm DBH","Pinus brutia",22,0.0380132711084365
1121,"Plot341","f","Stratum-W18-1","W18","3",11,"Plot341_11","Stems >=10 cm DBH","Pinus brutia",24,0.04523893421169302
1130,"Plot342","f","Stratum-W18-1","W18","3",8,"Plot342_8","Stems >=10 cm DBH","Pinus nigra",31,0.07547676350249478
1129,"Plot342","f","Stratum-W18-1","W18","2",7,"Plot342_7","Stems >=10 cm DBH","Pinus brutia",27,0.05725552611167398
1127,"Plot342","f","Stratum-W18-1","W18","1",5,"Plot342_5","Stems >=10 cm DBH","Pinus brutia",20,0.031415926535897934
1126,"Plot342","f","Stratum-W18-1","W18","1",4,"Plot342_4","Stems >=10 cm DBH","Pinus nigra",36,0.10178760197630929
1128,"Plot342","f","Stratum-W18-1","W18","1",6,"Plot342_6","Stems >=10 cm DBH","Pinus brutia",22.5,0.039760782021995816
1123,"Plot342","f","Stratum-W18-1","W18","1",1,"Plot342_1","Stems 2.5-10 cm DBH","Pinus brutia",9,0.0063617251235193305
1124,"Plot342","f","Stratum-W18-1","W18","1",2,"Plot342_2","Stems >=10 cm DBH","Pinus nigra",42.5,0.1418625432636641
1125,"Plot342","f","Stratum-W18-1","W18","1",3,"Plot342_3","Stems >=10 cm DBH","Pinus brutia",28,0.061575216010359944
3717,"Plot342","f","Stratum-W18-1","W18","3",10,"Plot342_10","Stems 2.5-10 cm DBH","Quercus frainetto",7,0.0038484510006474965
1131,"Plot342","f","Stratum-W18-1","W18","3",9,"Plot342_9","Stems >=10 cm DBH","Pinus nigra",41,0.13202543126711105
1132,"Plot342","f","Stratum-W18-1","W18","3",10,"Plot342_10","Stems >=10 cm DBH","Quercus frainetto",12,0.011309733552923255
1133,"Plot342","f","Stratum-W18-1","W18","3",11,"Plot342_11","Stems >=10 cm DBH","Pinus brutia",25,0.04908738521234052
1134,"Plot342","f","Stratum-W18-1","W18","3",12,"Plot342_12","Stems >=10 cm DBH","Pinus brutia",29,0.0660519855417254
1141,"Plot343","f","Stratum-W18-1","W18","3",7,"Plot343_7","Stems >=10 cm DBH","Pinus brutia",22,0.0380132711084365
1142,"Plot343","f","Stratum-W18-1","W18","3",8,"Plot343_8","Stems >=10 cm DBH","Pinus brutia",43,0.14522012041218818
1137,"Plot343","f","Stratum-W18-1","W18","2",3,"Plot343_3","Stems >=10 cm DBH","Pinus brutia",31.5,0.07793113276311181
1140,"Plot343","f","Stratum-W18-1","W18","2",6,"Plot343_6","Stems >=10 cm DBH","Pinus brutia",22.5,0.039760782021995816
1135,"Plot343","f","Stratum-W18-1","W18","1",1,"Plot343_1","Stems >=10 cm DBH","Pinus brutia",32.5,0.08295768100885548
1136,"Plot343","f","Stratum-W18-1","W18","1",2,"Plot343_2","Stems >=10 cm DBH","Pinus brutia",19,0.02835287369864788
1138,"Plot343","f","Stratum-W18-1","W18","2",4,"Plot343_4","Stems >=10 cm DBH","Quercus cerris",10,0.007853981633974483
1139,"Plot343","f","Stratum-W18-1","W18","2",5,"Plot343_5","Stems 2.5-10 cm DBH","Sorbus domestica",6,0.0028274333882308137
1143,"Plot343","f","Stratum-W18-1","W18","3",9,"Plot343_9","Stems >=10 cm DBH","Pinus brutia",30,0.07068583470577035
4607,"Plot344","f","Stratum-W18-1","W18","2",3,"Plot344_3","Stems >=10 cm DBH","Quercus cerris",11,0.009503317777109124
1149,"Plot344","f","Stratum-W18-1","W18","3",6,"Plot344_6","Stems >=10 cm DBH","Quercus cerris",10,0.007853981633974483
3719,"Plot344","f","Stratum-W18-1","W18","2",3,"Plot344_3","Stems 2.5-10 cm DBH","Quercus cerris",8,0.005026548245743669
1144,"Plot344","f","Stratum-W18-1","W18","2",1,"Plot344_1","Stems 2.5-10 cm DBH","Quercus cerris",9,0.0063617251235193305
3720,"Plot344","f","Stratum-W18-1","W18","3",4,"Plot344_4","Stems >=10 cm DBH","Quercus cerris",11,0.009503317777109124
1146,"Plot344","f","Stratum-W18-1","W18","2",3,"Plot344_3","Stems >=10 cm DBH","Quercus cerris",15,0.017671458676442587
1147,"Plot344","f","Stratum-W18-1","W18","3",4,"Plot344_4","Stems >=10 cm DBH","Quercus cerris",12,0.011309733552923255
1148,"Plot344","f","Stratum-W18-1","W18","3",5,"Plot344_5","Stems 2.5-10 cm DBH","Pinus brutia",9,0.0063617251235193305
1145,"Plot344","f","Stratum-W18-1","W18","2",2,"Plot344_2","Stems >=10 cm DBH","Quercus cerris",10,0.007853981633974483
3718,"Plot344","f","Stratum-W18-1","W18","2",1,"Plot344_1","Stems 2.5-10 cm DBH","Quercus cerris",4,0.0012566370614359172
4309,"Plot344","f","Stratum-W18-1","W18","2",3,"Plot344_3","Stems >=10 cm DBH","Quercus cerris",11.5,0.010386890710931252
1150,"Plot345","f","Stratum-W18-1","W18","1",1,"Plot345_1","Stems >=10 cm DBH","Quercus cerris",12,0.011309733552923255
1151,"Plot345","f","Stratum-W18-1","W18","1",2,"Plot345_2","Stems 2.5-10 cm DBH","Quercus cerris",5,0.001963495408493621
1178,"Plot345","f","Stratum-W18-1","W18","2",29,"Plot345_29","Stems >=10 cm DBH","Pinus brutia",25.5,0.051070515574919075
1161,"Plot345","f","Stratum-W18-1","W18","2",12,"Plot345_12","Stems >=10 cm DBH","Pinus brutia",17,0.022698006922186254
1152,"Plot345","f","Stratum-W18-1","W18","1",3,"Plot345_3","Stems >=10 cm DBH","Pinus brutia",16.5,0.02138246499849553
1163,"Plot345","f","Stratum-W18-1","W18","2",14,"Plot345_14","Stems >=10 cm DBH","Pinus brutia",29,0.0660519855417254
1164,"Plot345","f","Stratum-W18-1","W18","2",15,"Plot345_15","Stems >=10 cm DBH","Pinus brutia",20.5,0.033006357816777764
1165,"Plot345","f","Stratum-W18-1","W18","2",16,"Plot345_16","Stems >=10 cm DBH","Pinus brutia",18,0.025446900494077322
1162,"Plot345","f","Stratum-W18-1","W18","2",13,"Plot345_13","Stems >=10 cm DBH","Quercus frainetto",10,0.007853981633974483
1172,"Plot345","f","Stratum-W18-1","W18","3",23,"Plot345_23","Stems >=10 cm DBH","Pinus brutia",13,0.013273228961416876
1173,"Plot345","f","Stratum-W18-1","W18","3",24,"Plot345_24","Stems >=10 cm DBH","Pinus brutia",20,0.031415926535897934
1174,"Plot345","f","Stratum-W18-1","W18","3",25,"Plot345_25","Stems 2.5-10 cm DBH","Quercus cerris",6,0.0028274333882308137
1175,"Plot345","f","Stratum-W18-1","W18","3",26,"Plot345_26","Stems 2.5-10 cm DBH","Quercus cerris",5.5,0.002375829444277281
1176,"Plot345","f","Stratum-W18-1","W18","3",27,"Plot345_27","Stems >=10 cm DBH","Pinus brutia",24.5,0.047143524757931835
1177,"Plot345","f","Stratum-W18-1","W18","2",28,"Plot345_28","Stems >=10 cm DBH","Pinus brutia",20.5,0.033006357816777764
1160,"Plot345","f","Stratum-W18-1","W18","2",11,"Plot345_11","Stems >=10 cm DBH","Pinus brutia",24,0.04523893421169302
1171,"Plot345","f","Stratum-W18-1","W18","3",22,"Plot345_22","Stems >=10 cm DBH","Pinus brutia",21,0.03463605900582747
3722,"Plot345","f","Stratum-W18-1","W18","3",26,"Plot345_26","Stems 2.5-10 cm DBH","Quercus cerris",6.5,0.003318307240354219
3721,"Plot345","f","Stratum-W18-1","W18","2",21,"Plot345_21","Stems 2.5-10 cm DBH","Quercus cerris",6,0.0028274333882308137
1170,"Plot345","f","Stratum-W18-1","W18","2",21,"Plot345_21","Stems 2.5-10 cm DBH","Quercus cerris",9,0.0063617251235193305
1159,"Plot345","f","Stratum-W18-1","W18","1",10,"Plot345_10","Stems >=10 cm DBH","Pinus brutia",11,0.009503317777109124
1156,"Plot345","f","Stratum-W18-1","W18","1",7,"Plot345_7","Stems >=10 cm DBH","Quercus frainetto",10.5,0.008659014751456867
1157,"Plot345","f","Stratum-W18-1","W18","1",8,"Plot345_8","Stems 2.5-10 cm DBH","Quercus cerris",7,0.0038484510006474965
1158,"Plot345","f","Stratum-W18-1","W18","1",9,"Plot345_9","Stems >=10 cm DBH","Pinus brutia",18,0.025446900494077322
1154,"Plot345","f","Stratum-W18-1","W18","1",5,"Plot345_5","Stems >=10 cm DBH","Pinus brutia",14,0.015393804002589986
1155,"Plot345","f","Stratum-W18-1","W18","1",6,"Plot345_6","Stems >=10 cm DBH","Quercus cerris",10.5,0.008659014751456867
1169,"Plot345","f","Stratum-W18-1","W18","2",20,"Plot345_20","Stems >=10 cm DBH","Pinus brutia",24.5,0.047143524757931835
1153,"Plot345","f","Stratum-W18-1","W18","1",4,"Plot345_4","Stems >=10 cm DBH","Pinus brutia",20,0.031415926535897934
1166,"Plot345","f","Stratum-W18-1","W18","2",17,"Plot345_17","Stems >=10 cm DBH","Pinus brutia",11,0.009503317777109124
1167,"Plot345","f","Stratum-W18-1","W18","2",18,"Plot345_18","Stems >=10 cm DBH","Pinus brutia",22.5,0.039760782021995816
1168,"Plot345","f","Stratum-W18-1","W18","2",19,"Plot345_19","Stems >=10 cm DBH","Pinus brutia",17,0.022698006922186254
1181,"Plot346","f","Stratum-W18-1","W18","1",3,"Plot346_3","Stems >=10 cm DBH","Quercus cerris",10,0.007853981633974483
1182,"Plot346","f","Stratum-W18-1","W18","1",4,"Plot346_4","Stems >=10 cm DBH","Pinus brutia",18,0.025446900494077322
1179,"Plot346","f","Stratum-W18-1","W18","1",1,"Plot346_1","Stems >=10 cm DBH","Pinus brutia",18,0.025446900494077322
1180,"Plot346","f","Stratum-W18-1","W18","1",2,"Plot346_2","Stems >=10 cm DBH","Pinus brutia",18,0.025446900494077322
1187,"Plot346","f","Stratum-W18-1","W18","2",9,"Plot346_9","Stems >=10 cm DBH","Pinus brutia",24,0.04523893421169302
1189,"Plot346","f","Stratum-W18-1","W18","3",11,"Plot346_11","Stems >=10 cm DBH","Pinus brutia",24.5,0.047143524757931835
1190,"Plot346","f","Stratum-W18-1","W18","3",12,"Plot346_12","Stems >=10 cm DBH","Quercus frainetto",12,0.011309733552923255
1184,"Plot346","f","Stratum-W18-1","W18","1",6,"Plot346_6","Stems >=10 cm DBH","Pinus brutia",15,0.017671458676442587
1186,"Plot346","f","Stratum-W18-1","W18","2",8,"Plot346_8","Stems >=10 cm DBH","Quercus frainetto",10.5,0.008659014751456867
1188,"Plot346","f","Stratum-W18-1","W18","3",10,"Plot346_10","Stems >=10 cm DBH","Pinus brutia",23,0.04154756284372501
1183,"Plot346","f","Stratum-W18-1","W18","1",5,"Plot346_5","Stems 2.5-10 cm DBH","Quercus cerris",4,0.0012566370614359172
1185,"Plot346","f","Stratum-W18-1","W18","1",7,"Plot346_7","Stems >=10 cm DBH","Quercus frainetto",10.5,0.008659014751456867
1202,"Plot347","f","Stratum-W18-1","W18","3",12,"Plot347_12","Stems >=10 cm DBH","Pinus brutia",20,0.031415926535897934
1201,"Plot347","f","Stratum-W18-1","W18","3",11,"Plot347_11","Stems >=10 cm DBH","Quercus cerris",10.5,0.008659014751456867
1198,"Plot347","f","Stratum-W18-1","W18","2",8,"Plot347_8","Stems >=10 cm DBH","Pinus brutia",30.5,0.07306166415004763
1191,"Plot347","f","Stratum-W18-1","W18","1",1,"Plot347_1","Stems >=10 cm DBH","Pinus brutia",20,0.031415926535897934
1203,"Plot347","f","Stratum-W18-1","W18","2",13,"Plot347_13","Stems >=10 cm DBH","Pinus brutia",28.5,0.06379396582195773
1200,"Plot347","f","Stratum-W18-1","W18","3",10,"Plot347_10","Stems >=10 cm DBH","Pinus brutia",15,0.017671458676442587
1197,"Plot347","f","Stratum-W18-1","W18","2",7,"Plot347_7","Stems >=10 cm DBH","Pinus brutia",33.5,0.08814130888727864
1199,"Plot347","f","Stratum-W18-1","W18","3",9,"Plot347_9","Stems >=10 cm DBH","Pinus brutia",27,0.05725552611167398
3724,"Plot347","f","Stratum-W18-1","W18","2",5,"Plot347_5","Stems >=10 cm DBH","Quercus cerris",12,0.011309733552923255
1196,"Plot347","f","Stratum-W18-1","W18","2",6,"Plot347_6","Stems >=10 cm DBH","Pinus brutia",25,0.04908738521234052
1192,"Plot347","f","Stratum-W18-1","W18","1",2,"Plot347_2","Stems 2.5-10 cm DBH","Pinus brutia",4.5,0.0015904312808798326
3723,"Plot347","f","Stratum-W18-1","W18","1",1,"Plot347_1","Stems >=10 cm DBH","Pinus brutia",21.5,0.036305030103047045
1195,"Plot347","f","Stratum-W18-1","W18","2",5,"Plot347_5","Stems >=10 cm DBH","Quercus cerris",10.5,0.008659014751456867
1193,"Plot347","f","Stratum-W18-1","W18","1",3,"Plot347_3","Stems 2.5-10 cm DBH","Phillyrea latifolia",2.5,4.908738521234052e-4
1194,"Plot347","f","Stratum-W18-1","W18","1",4,"Plot347_4","Stems >=10 cm DBH","Pinus brutia",10,0.007853981633974483
1205,"Plot348","f","Stratum-W18-1","W18","2",2,"Plot348_2","Stems 2.5-10 cm DBH","Quercus trojana",6,0.0028274333882308137
3726,"Plot348","f","Stratum-W18-1","W18","3",6,"Plot348_6","Stems 2.5-10 cm DBH","Quercus trojana",3,7.068583470577034e-4
3725,"Plot348","f","Stratum-W18-1","W18","1",1,"Plot348_1","Stems >=10 cm DBH","Quercus trojana",10.5,0.008659014751456867
4608,"Plot348","f","Stratum-W18-1","W18","1",1,"Plot348_1","Stems 2.5-10 cm DBH","Quercus trojana",8,0.005026548245743669
1209,"Plot348","f","Stratum-W18-1","W18","3",6,"Plot348_6","Stems 2.5-10 cm DBH","Quercus trojana",2.5,4.908738521234052e-4
4310,"Plot348","f","Stratum-W18-1","W18","1",1,"Plot348_1","Stems 2.5-10 cm DBH","Quercus trojana",8,0.005026548245743669
1204,"Plot348","f","Stratum-W18-1","W18","1",1,"Plot348_1","Stems 2.5-10 cm DBH","Quercus trojana",6.5,0.003318307240354219
1208,"Plot348","f","Stratum-W18-1","W18","3",5,"Plot348_5","Stems 2.5-10 cm DBH","Quercus trojana",2.5,4.908738521234052e-4
1206,"Plot348","f","Stratum-W18-1","W18","2",3,"Plot348_3","Stems 2.5-10 cm DBH","Quercus trojana",3.5,9.621127501618741e-4
1207,"Plot348","f","Stratum-W18-1","W18","3",4,"Plot348_4","Stems 2.5-10 cm DBH","Quercus trojana",2.5,4.908738521234052e-4
1217,"Plot361","f","Stratum-W16-1","W16","2",8,"Plot361_8","Stems >=10 cm DBH","Quercus frainetto",19,0.02835287369864788
1222,"Plot361","f","Stratum-W16-1","W16","3",13,"Plot361_13","Stems 2.5-10 cm DBH","Quercus frainetto",7.5,0.004417864669110647
1219,"Plot361","f","Stratum-W16-1","W16","2",10,"Plot361_10","Stems >=10 cm DBH","Quercus frainetto",28,0.061575216010359944
1218,"Plot361","f","Stratum-W16-1","W16","2",9,"Plot361_9","Stems >=10 cm DBH","Quercus frainetto",31,0.07547676350249478
1216,"Plot361","f","Stratum-W16-1","W16","2",7,"Plot361_7","Stems 2.5-10 cm DBH","Arbutus andrachne",3,7.068583470577034e-4
1220,"Plot361","f","Stratum-W16-1","W16","3",11,"Plot361_11","Stems 2.5-10 cm DBH","Quercus frainetto",4.5,0.0015904312808798326
1221,"Plot361","f","Stratum-W16-1","W16","3",12,"Plot361_12","Stems 2.5-10 cm DBH","Quercus frainetto",6,0.0028274333882308137
1211,"Plot361","f","Stratum-W16-1","W16","1",2,"Plot361_2","Stems >=10 cm DBH","Quercus frainetto",22,0.0380132711084365
3727,"Plot361","f","Stratum-W16-1","W16","2",7,"Plot361_7","Stems 2.5-10 cm DBH","Arbutus andrachne",2.5,4.908738521234052e-4
3728,"Plot361","f","Stratum-W16-1","W16","3",11,"Plot361_11","Stems 2.5-10 cm DBH","Quercus frainetto",3,7.068583470577034e-4
1215,"Plot361","f","Stratum-W16-1","W16","2",6,"Plot361_6","Stems >=10 cm DBH","Quercus frainetto",10,0.007853981633974483
1227,"Plot361","f","Stratum-W16-1","W16","3",18,"Plot361_18","Stems >=10 cm DBH","Quercus frainetto",11,0.009503317777109124
1212,"Plot361","f","Stratum-W16-1","W16","1",3,"Plot361_3","Stems >=10 cm DBH","Quercus frainetto",14,0.015393804002589986
1223,"Plot361","f","Stratum-W16-1","W16","3",14,"Plot361_14","Stems >=10 cm DBH","Quercus frainetto",12,0.011309733552923255
4311,"Plot361","f","Stratum-W16-1","W16","2",7,"Plot361_7","Stems 2.5-10 cm DBH","Arbutus andrachne",2.5,4.908738521234052e-4
1226,"Plot361","f","Stratum-W16-1","W16","3",17,"Plot361_17","Stems >=10 cm DBH","Quercus frainetto",20,0.031415926535897934
1210,"Plot361","f","Stratum-W16-1","W16","1",1,"Plot361_1","Stems >=10 cm DBH","Pinus radiata",45,0.15904312808798327
1213,"Plot361","f","Stratum-W16-1","W16","1",4,"Plot361_4","Stems >=10 cm DBH","Quercus frainetto",23,0.04154756284372501
1214,"Plot361","f","Stratum-W16-1","W16","1",5,"Plot361_5","Stems >=10 cm DBH","Quercus frainetto",13,0.013273228961416876
1224,"Plot361","f","Stratum-W16-1","W16","3",15,"Plot361_15","Stems >=10 cm DBH","Quercus frainetto",10,0.007853981633974483
1225,"Plot361","f","Stratum-W16-1","W16","3",16,"Plot361_16","Stems >=10 cm DBH","Quercus frainetto",23,0.04154756284372501
3729,"Plot362","f","Stratum-W16-1","W16","1",2,"Plot362_2","Stems 2.5-10 cm DBH","Phillyrea latifolia",3,7.068583470577034e-4
1233,"Plot362","f","Stratum-W16-1","W16","1",6,"Plot362_6","Stems >=10 cm DBH","Pinus radiata",18,0.025446900494077322
4742,"Plot362","f","Stratum-W16-1","W16","2",7,"Plot362_7","Stems 2.5-10 cm DBH","Phillyrea latifolia",7,0.0038484510006474965
1244,"Plot362","f","Stratum-W16-1","W16","3",17,"Plot362_17","Stems >=10 cm DBH","Quercus frainetto",15,0.017671458676442587
1229,"Plot362","f","Stratum-W16-1","W16","1",2,"Plot362_2","Stems 2.5-10 cm DBH","Phillyrea latifolia",4.5,0.0015904312808798326
1230,"Plot362","f","Stratum-W16-1","W16","1",3,"Plot362_3","Stems 2.5-10 cm DBH","Phillyrea latifolia",3,7.068583470577034e-4
3730,"Plot362","f","Stratum-W16-1","W16","1",3,"Plot362_3","Stems 2.5-10 cm DBH","Phillyrea latifolia",5.5,0.002375829444277281
1228,"Plot362","f","Stratum-W16-1","W16","1",1,"Plot362_1","Stems >=10 cm DBH","Pinus radiata",36,0.10178760197630929
3734,"Plot362","f","Stratum-W16-1","W16","3",16,"Plot362_16","Stems >=10 cm DBH","Arbutus andrachne",10.5,0.008659014751456867
3735,"Plot362","f","Stratum-W16-1","W16","3",17,"Plot362_17","Stems >=10 cm DBH","Quercus frainetto",14,0.015393804002589986
1231,"Plot362","f","Stratum-W16-1","W16","2",4,"Plot362_4","Stems >=10 cm DBH","Pinus radiata",45,0.15904312808798327
1232,"Plot362","f","Stratum-W16-1","W16","1",5,"Plot362_5","Stems >=10 cm DBH","Arbutus andrachne",12,0.011309733552923255
1243,"Plot362","f","Stratum-W16-1","W16","3",16,"Plot362_16","Stems >=10 cm DBH","Arbutus andrachne",10,0.007853981633974483
1235,"Plot362","f","Stratum-W16-1","W16","2",8,"Plot362_8","Stems >=10 cm DBH","Pinus radiata",31,0.07547676350249478
1241,"Plot362","f","Stratum-W16-1","W16","3",14,"Plot362_14","Stems >=10 cm DBH","Pinus radiata",38,0.11341149479459152
1234,"Plot362","f","Stratum-W16-1","W16","2",7,"Plot362_7","Stems 2.5-10 cm DBH","Phillyrea latifolia",7,0.0038484510006474965
3733,"Plot362","f","Stratum-W16-1","W16","3",12,"Plot362_12","Stems >=10 cm DBH","Quercus cerris",15,0.017671458676442587
1239,"Plot362","f","Stratum-W16-1","W16","3",12,"Plot362_12","Stems >=10 cm DBH","Quercus cerris",11,0.009503317777109124
3731,"Plot362","f","Stratum-W16-1","W16","1",5,"Plot362_5","Stems 2.5-10 cm DBH","Arbutus andrachne",8,0.005026548245743669
1242,"Plot362","f","Stratum-W16-1","W16","3",15,"Plot362_15","Stems >=10 cm DBH","Pinus radiata",27,0.05725552611167398
1237,"Plot362","f","Stratum-W16-1","W16","3",10,"Plot362_10","Stems >=10 cm DBH","Pinus radiata",21,0.03463605900582747
1238,"Plot362","f","Stratum-W16-1","W16","3",11,"Plot362_11","Stems >=10 cm DBH","Pinus radiata",29,0.0660519855417254
1240,"Plot362","f","Stratum-W16-1","W16","3",13,"Plot362_13","Stems >=10 cm DBH","Pinus radiata",33,0.08552985999398212
3732,"Plot362","f","Stratum-W16-1","W16","2",7,"Plot362_7","Stems 2.5-10 cm DBH","Phillyrea latifolia",5,0.001963495408493621
4609,"Plot362","f","Stratum-W16-1","W16","1",2,"Plot362_2","Stems 2.5-10 cm DBH","Phillyrea latifolia",3,7.068583470577034e-4
4313,"Plot362","f","Stratum-W16-1","W16","1",3,"Plot362_3","Stems 2.5-10 cm DBH","Phillyrea latifolia",7,0.0038484510006474965
1236,"Plot362","f","Stratum-W16-1","W16","2",9,"Plot362_9","Stems >=10 cm DBH","Pinus radiata",14,0.015393804002589986
4610,"Plot362","f","Stratum-W16-1","W16","2",7,"Plot362_7","Stems 2.5-10 cm DBH","Phillyrea latifolia",8,0.005026548245743669
4314,"Plot362","f","Stratum-W16-1","W16","2",7,"Plot362_7","Stems 2.5-10 cm DBH","Phillyrea latifolia",2.5,4.908738521234052e-4
4312,"Plot362","f","Stratum-W16-1","W16","1",2,"Plot362_2","Stems 2.5-10 cm DBH","Phillyrea latifolia",8,0.005026548245743669
4744,"Plot363","f","Stratum-W16-1","W16","1",2,"Plot363_2","Stems 2.5-10 cm DBH","Arbutus andrachne",4,0.0012566370614359172
4743,"Plot363","f","Stratum-W16-1","W16","1",1,"Plot363_1","Stems 2.5-10 cm DBH","Arbutus andrachne",2.5,4.908738521234052e-4
4745,"Plot363","f","Stratum-W16-1","W16","2",11,"Plot363_11","Stems 2.5-10 cm DBH","Arbutus andrachne",4.5,0.0015904312808798326
1261,"Plot363","f","Stratum-W16-1","W16","3",17,"Plot363_17","Stems 2.5-10 cm DBH","Arbutus andrachne",6,0.0028274333882308137
1259,"Plot363","f","Stratum-W16-1","W16","3",15,"Plot363_15","Stems >=10 cm DBH","Pinus radiata",13,0.013273228961416876
1260,"Plot363","f","Stratum-W16-1","W16","3",16,"Plot363_16","Stems >=10 cm DBH","Pinus radiata",30,0.07068583470577035
3737,"Plot363","f","Stratum-W16-1","W16","1",2,"Plot363_2","Stems 2.5-10 cm DBH","Arbutus andrachne",2.5,4.908738521234052e-4
3739,"Plot363","f","Stratum-W16-1","W16","2",12,"Plot363_12","Stems 2.5-10 cm DBH","Quercus cerris",9,0.0063617251235193305
1246,"Plot363","f","Stratum-W16-1","W16","1",2,"Plot363_2","Stems 2.5-10 cm DBH","Arbutus andrachne",5,0.001963495408493621
1247,"Plot363","f","Stratum-W16-1","W16","1",3,"Plot363_3","Stems 2.5-10 cm DBH","Juniperus oxycedrus",8,0.005026548245743669
4847,"Plot363","f","Stratum-W16-1","W16","2",11,"Plot363_11","Stems 2.5-10 cm DBH","Arbutus andrachne",4,0.0012566370614359172
3738,"Plot363","f","Stratum-W16-1","W16","2",11,"Plot363_11","Stems 2.5-10 cm DBH","Arbutus andrachne",6,0.0028274333882308137
1245,"Plot363","f","Stratum-W16-1","W16","1",1,"Plot363_1","Stems 2.5-10 cm DBH","Arbutus andrachne",7,0.0038484510006474965
3736,"Plot363","f","Stratum-W16-1","W16","1",1,"Plot363_1","Stems 2.5-10 cm DBH","Arbutus andrachne",3,7.068583470577034e-4
1254,"Plot363","f","Stratum-W16-1","W16","2",10,"Plot363_10","Stems 2.5-10 cm DBH","Juniperus oxycedrus",6,0.0028274333882308137
1248,"Plot363","f","Stratum-W16-1","W16","1",4,"Plot363_4","Stems >=10 cm DBH","Quercus cerris",14,0.015393804002589986
1262,"Plot363","f","Stratum-W16-1","W16","3",18,"Plot363_18","Stems >=10 cm DBH","Quercus cerris",11,0.009503317777109124
1258,"Plot363","f","Stratum-W16-1","W16","2",14,"Plot363_14","Stems >=10 cm DBH","Pinus radiata",28,0.061575216010359944
4846,"Plot363","f","Stratum-W16-1","W16","1",2,"Plot363_2","Stems 2.5-10 cm DBH","Arbutus andrachne",3,7.068583470577034e-4
1255,"Plot363","f","Stratum-W16-1","W16","2",11,"Plot363_11","Stems 2.5-10 cm DBH","Arbutus andrachne",6,0.0028274333882308137
1256,"Plot363","f","Stratum-W16-1","W16","2",12,"Plot363_12","Stems >=10 cm DBH","Quercus cerris",11,0.009503317777109124
1257,"Plot363","f","Stratum-W16-1","W16","2",13,"Plot363_13","Stems >=10 cm DBH","Pinus radiata",14,0.015393804002589986
3740,"Plot363","f","Stratum-W16-1","W16","3",17,"Plot363_17","Stems 2.5-10 cm DBH","Arbutus andrachne",2.5,4.908738521234052e-4
4814,"Plot363","f","Stratum-W16-1","W16","1",2,"Plot363_2","Stems 2.5-10 cm DBH","Arbutus andrachne",2.5,4.908738521234052e-4
4815,"Plot363","f","Stratum-W16-1","W16","2",11,"Plot363_11","Stems 2.5-10 cm DBH","Arbutus andrachne",3,7.068583470577034e-4
1252,"Plot363","f","Stratum-W16-1","W16","2",8,"Plot363_8","Stems >=10 cm DBH","Pinus radiata",18,0.025446900494077322
1253,"Plot363","f","Stratum-W16-1","W16","2",9,"Plot363_9","Stems >=10 cm DBH","Pinus radiata",17,0.022698006922186254
1265,"Plot363","f","Stratum-W16-1","W16","3",21,"Plot363_21","Stems >=10 cm DBH","Pinus radiata",27,0.05725552611167398
4315,"Plot363","f","Stratum-W16-1","W16","1",1,"Plot363_1","Stems 2.5-10 cm DBH","Arbutus andrachne",2.5,4.908738521234052e-4
4317,"Plot363","f","Stratum-W16-1","W16","2",11,"Plot363_11","Stems 2.5-10 cm DBH","Arbutus andrachne",4,0.0012566370614359172
4318,"Plot363","f","Stratum-W16-1","W16","3",17,"Plot363_17","Stems 2.5-10 cm DBH","Arbutus andrachne",3,7.068583470577034e-4
1251,"Plot363","f","Stratum-W16-1","W16","2",7,"Plot363_7","Stems >=10 cm DBH","Pinus radiata",27,0.05725552611167398
4813,"Plot363","f","Stratum-W16-1","W16","1",1,"Plot363_1","Stems 2.5-10 cm DBH","Arbutus andrachne",3,7.068583470577034e-4
4316,"Plot363","f","Stratum-W16-1","W16","1",2,"Plot363_2","Stems 2.5-10 cm DBH","Arbutus andrachne",3,7.068583470577034e-4
1264,"Plot363","f","Stratum-W16-1","W16","3",20,"Plot363_20","Stems >=10 cm DBH","Pinus radiata",11,0.009503317777109124
1249,"Plot363","f","Stratum-W16-1","W16","1",5,"Plot363_5","Stems >=10 cm DBH","Pinus radiata",29,0.0660519855417254
1250,"Plot363","f","Stratum-W16-1","W16","1",6,"Plot363_6","Stems >=10 cm DBH","Pinus radiata",22,0.0380132711084365
4612,"Plot363","f","Stratum-W16-1","W16","1",2,"Plot363_2","Stems 2.5-10 cm DBH","Arbutus andrachne",4,0.0012566370614359172
1263,"Plot363","f","Stratum-W16-1","W16","3",19,"Plot363_19","Stems >=10 cm DBH","Pinus radiata",16,0.020106192982974676
4611,"Plot363","f","Stratum-W16-1","W16","1",1,"Plot363_1","Stems 2.5-10 cm DBH","Arbutus andrachne",2.5,4.908738521234052e-4
4613,"Plot363","f","Stratum-W16-1","W16","2",11,"Plot363_11","Stems 2.5-10 cm DBH","Arbutus andrachne",5,0.001963495408493621
1271,"Plot364","f","Stratum-W16-1","W16","2",6,"Plot364_6","Stems >=10 cm DBH","Pinus radiata",16,0.020106192982974676
1280,"Plot364","f","Stratum-W16-1","W16","3",15,"Plot364_15","Stems >=10 cm DBH","Pinus radiata",28,0.061575216010359944
1270,"Plot364","f","Stratum-W16-1","W16","1",5,"Plot364_5","Stems >=10 cm DBH","Pinus radiata",25,0.04908738521234052
1273,"Plot364","f","Stratum-W16-1","W16","2",8,"Plot364_8","Stems >=10 cm DBH","Pinus radiata",21,0.03463605900582747
1272,"Plot364","f","Stratum-W16-1","W16","2",7,"Plot364_7","Stems >=10 cm DBH","Pinus radiata",23,0.04154756284372501
1268,"Plot364","f","Stratum-W16-1","W16","1",3,"Plot364_3","Stems >=10 cm DBH","Pinus radiata",24,0.04523893421169302
1269,"Plot364","f","Stratum-W16-1","W16","1",4,"Plot364_4","Stems >=10 cm DBH","Pinus radiata",28,0.061575216010359944
1281,"Plot364","f","Stratum-W16-1","W16","3",16,"Plot364_16","Stems >=10 cm DBH","Pinus radiata",16,0.020106192982974676
1279,"Plot364","f","Stratum-W16-1","W16","3",14,"Plot364_14","Stems >=10 cm DBH","Pinus radiata",43,0.14522012041218818
1266,"Plot364","f","Stratum-W16-1","W16","1",1,"Plot364_1","Stems >=10 cm DBH","Pinus radiata",14,0.015393804002589986
1277,"Plot364","f","Stratum-W16-1","W16","3",12,"Plot364_12","Stems >=10 cm DBH","Pinus radiata",35,0.09621127501618741
1278,"Plot364","f","Stratum-W16-1","W16","3",13,"Plot364_13","Stems >=10 cm DBH","Pinus radiata",26,0.053092915845667506
1274,"Plot364","f","Stratum-W16-1","W16","3",9,"Plot364_9","Stems >=10 cm DBH","Pinus radiata",14,0.015393804002589986
1267,"Plot364","f","Stratum-W16-1","W16","1",2,"Plot364_2","Stems >=10 cm DBH","Pinus radiata",18,0.025446900494077322
1276,"Plot364","f","Stratum-W16-1","W16","3",11,"Plot364_11","Stems >=10 cm DBH","Pinus radiata",22,0.0380132711084365
1275,"Plot364","f","Stratum-W16-1","W16","3",10,"Plot364_10","Stems >=10 cm DBH","Pinus radiata",28,0.061575216010359944
1300,"Plot365","f","Stratum-W16-1","W16","1",19,"Plot365_19","Stems >=10 cm DBH","Quercus frainetto",13,0.013273228961416876
4322,"Plot365","f","Stratum-W16-1","W16","1",30,"Plot365_30","Stems 2.5-10 cm DBH","Erica arborea",2.5,4.908738521234052e-4
1285,"Plot365","f","Stratum-W16-1","W16","2",4,"Plot365_4","Stems >=10 cm DBH","Pinus radiata",35,0.09621127501618741
1299,"Plot365","f","Stratum-W16-1","W16","3",18,"Plot365_18","Stems >=10 cm DBH","Pinus radiata",12,0.011309733552923255
1298,"Plot365","f","Stratum-W16-1","W16","3",17,"Plot365_17","Stems >=10 cm DBH","Pinus radiata",18,0.025446900494077322
1310,"Plot365","f","Stratum-W16-1","W16","1",29,"Plot365_29","Stems 2.5-10 cm DBH","Erica arborea",4,0.0012566370614359172
1286,"Plot365","f","Stratum-W16-1","W16","2",5,"Plot365_5","Stems >=10 cm DBH","Pinus radiata",22,0.0380132711084365
1284,"Plot365","f","Stratum-W16-1","W16","2",3,"Plot365_3","Stems >=10 cm DBH","Pinus radiata",21,0.03463605900582747
1295,"Plot365","f","Stratum-W16-1","W16","3",14,"Plot365_14","Stems >=10 cm DBH","Pinus radiata",13,0.013273228961416876
1297,"Plot365","f","Stratum-W16-1","W16","3",16,"Plot365_16","Stems >=10 cm DBH","Pinus radiata",14,0.015393804002589986
1311,"Plot365","f","Stratum-W16-1","W16","1",30,"Plot365_30","Stems 2.5-10 cm DBH","Erica arborea",3,7.068583470577034e-4
1283,"Plot365","f","Stratum-W16-1","W16","2",2,"Plot365_2","Stems >=10 cm DBH","Juniperus oxycedrus",12,0.011309733552923255
1282,"Plot365","f","Stratum-W16-1","W16","2",1,"Plot365_1","Stems 2.5-10 cm DBH","Quercus frainetto",7,0.0038484510006474965
1301,"Plot365","f","Stratum-W16-1","W16","1",20,"Plot365_20","Stems >=10 cm DBH","Quercus frainetto",14,0.015393804002589986
4321,"Plot365","f","Stratum-W16-1","W16","1",29,"Plot365_29","Stems 2.5-10 cm DBH","Erica arborea",2.5,4.908738521234052e-4
1294,"Plot365","f","Stratum-W16-1","W16","3",13,"Plot365_13","Stems >=10 cm DBH","Pinus radiata",11,0.009503317777109124
1302,"Plot365","f","Stratum-W16-1","W16","1",21,"Plot365_21","Stems >=10 cm DBH","Quercus frainetto",12,0.011309733552923255
1296,"Plot365","f","Stratum-W16-1","W16","3",15,"Plot365_15","Stems >=10 cm DBH","Pinus radiata",17,0.022698006922186254
1309,"Plot365","f","Stratum-W16-1","W16","1",28,"Plot365_28","Stems 2.5-10 cm DBH","Sorbus torminalis",3,7.068583470577034e-4
4319,"Plot365","f","Stratum-W16-1","W16","1",27,"Plot365_27","Stems 2.5-10 cm DBH","Arbutus unedo",4,0.0012566370614359172
1306,"Plot365","f","Stratum-W16-1","W16","1",25,"Plot365_25","Stems >=10 cm DBH","Quercus frainetto",16,0.020106192982974676
1307,"Plot365","f","Stratum-W16-1","W16","1",26,"Plot365_26","Stems 2.5-10 cm DBH","Quercus frainetto",7,0.0038484510006474965
1308,"Plot365","f","Stratum-W16-1","W16","1",27,"Plot365_27","Stems 2.5-10 cm DBH","Arbutus unedo",6,0.0028274333882308137
1313,"Plot365","f","Stratum-W16-1","W16","1",32,"Plot365_32","Stems >=10 cm DBH","Arbutus unedo",11,0.009503317777109124
1305,"Plot365","f","Stratum-W16-1","W16","1",24,"Plot365_24","Stems >=10 cm DBH","Quercus frainetto",22,0.0380132711084365
3742,"Plot365","f","Stratum-W16-1","W16","1",24,"Plot365_24","Stems 2.5-10 cm DBH","Quercus frainetto",8,0.005026548245743669
1303,"Plot365","f","Stratum-W16-1","W16","1",22,"Plot365_22","Stems >=10 cm DBH","Quercus frainetto",16,0.020106192982974676
4320,"Plot365","f","Stratum-W16-1","W16","1",28,"Plot365_28","Stems 2.5-10 cm DBH","Sorbus torminalis",2.5,4.908738521234052e-4
1289,"Plot365","f","Stratum-W16-1","W16","2",8,"Plot365_8","Stems >=10 cm DBH","Pinus radiata",15,0.017671458676442587
4614,"Plot365","f","Stratum-W16-1","W16","1",28,"Plot365_28","Stems 2.5-10 cm DBH","Sorbus torminalis",2.5,4.908738521234052e-4
4615,"Plot365","f","Stratum-W16-1","W16","1",29,"Plot365_29","Stems 2.5-10 cm DBH","Erica arborea",3,7.068583470577034e-4
1304,"Plot365","f","Stratum-W16-1","W16","1",23,"Plot365_23","Stems >=10 cm DBH","Quercus frainetto",23,0.04154756284372501
3747,"Plot365","f","Stratum-W16-1","W16","1",32,"Plot365_32","Stems >=10 cm DBH","Arbutus unedo",10,0.007853981633974483
1290,"Plot365","f","Stratum-W16-1","W16","3",9,"Plot365_9","Stems >=10 cm DBH","Pinus radiata",21,0.03463605900582747
1287,"Plot365","f","Stratum-W16-1","W16","2",6,"Plot365_6","Stems 2.5-10 cm DBH","Arbutus unedo",4,0.0012566370614359172
1293,"Plot365","f","Stratum-W16-1","W16","3",12,"Plot365_12","Stems >=10 cm DBH","Pinus radiata",12,0.011309733552923255
3741,"Plot365","f","Stratum-W16-1","W16","2",6,"Plot365_6","Stems 2.5-10 cm DBH","Arbutus unedo",2.5,4.908738521234052e-4
3743,"Plot365","f","Stratum-W16-1","W16","1",27,"Plot365_27","Stems 2.5-10 cm DBH","Arbutus unedo",3,7.068583470577034e-4
1291,"Plot365","f","Stratum-W16-1","W16","3",10,"Plot365_10","Stems >=10 cm DBH","Pinus radiata",19,0.02835287369864788
1288,"Plot365","f","Stratum-W16-1","W16","2",7,"Plot365_7","Stems >=10 cm DBH","Pinus radiata",14,0.015393804002589986
3746,"Plot365","f","Stratum-W16-1","W16","1",30,"Plot365_30","Stems 2.5-10 cm DBH","Erica arborea",2.5,4.908738521234052e-4
3744,"Plot365","f","Stratum-W16-1","W16","1",28,"Plot365_28","Stems 2.5-10 cm DBH","Sorbus torminalis",2.5,4.908738521234052e-4
1292,"Plot365","f","Stratum-W16-1","W16","3",11,"Plot365_11","Stems >=10 cm DBH","Pinus radiata",11,0.009503317777109124
1312,"Plot365","f","Stratum-W16-1","W16","1",31,"Plot365_31","Stems >=10 cm DBH","Pinus radiata",38,0.11341149479459152
3745,"Plot365","f","Stratum-W16-1","W16","1",29,"Plot365_29","Stems 2.5-10 cm DBH","Erica arborea",2.5,4.908738521234052e-4
1323,"Plot366","f","Stratum-W16-1","W16","2",10,"Plot366_10","Stems >=10 cm DBH","Pinus radiata",34,0.09079202768874502
1325,"Plot366","f","Stratum-W16-1","W16","2",12,"Plot366_12","Stems >=10 cm DBH","Quercus frainetto",12,0.011309733552923255
1336,"Plot366","f","Stratum-W16-1","W16","3",23,"Plot366_23","Stems >=10 cm DBH","Pinus radiata",19,0.02835287369864788
1327,"Plot366","f","Stratum-W16-1","W16","2",14,"Plot366_14","Stems >=10 cm DBH","Quercus frainetto",10,0.007853981633974483
1339,"Plot366","f","Stratum-W16-1","W16","3",26,"Plot366_26","Stems >=10 cm DBH","Quercus frainetto",17,0.022698006922186254
1335,"Plot366","f","Stratum-W16-1","W16","3",22,"Plot366_22","Stems >=10 cm DBH","Quercus frainetto",10,0.007853981633974483
1322,"Plot366","f","Stratum-W16-1","W16","2",9,"Plot366_9","Stems >=10 cm DBH","Quercus frainetto",14,0.015393804002589986
1338,"Plot366","f","Stratum-W16-1","W16","3",25,"Plot366_25","Stems >=10 cm DBH","Quercus frainetto",12,0.011309733552923255
1334,"Plot366","f","Stratum-W16-1","W16","3",21,"Plot366_21","Stems >=10 cm DBH","Quercus frainetto",14,0.015393804002589986
1321,"Plot366","f","Stratum-W16-1","W16","2",8,"Plot366_8","Stems >=10 cm DBH","Quercus frainetto",13,0.013273228961416876
1326,"Plot366","f","Stratum-W16-1","W16","2",13,"Plot366_13","Stems >=10 cm DBH","Quercus frainetto",10,0.007853981633974483
1324,"Plot366","f","Stratum-W16-1","W16","2",11,"Plot366_11","Stems >=10 cm DBH","Quercus frainetto",14,0.015393804002589986
1337,"Plot366","f","Stratum-W16-1","W16","3",24,"Plot366_24","Stems >=10 cm DBH","Pinus radiata",28,0.061575216010359944
1320,"Plot366","f","Stratum-W16-1","W16","1",7,"Plot366_7","Stems >=10 cm DBH","Quercus frainetto",10,0.007853981633974483
3748,"Plot366","f","Stratum-W16-1","W16","1",3,"Plot366_3","Stems >=10 cm DBH","Quercus frainetto",11,0.009503317777109124
1330,"Plot366","f","Stratum-W16-1","W16","3",17,"Plot366_17","Stems >=10 cm DBH","Pinus radiata",34,0.09079202768874502
1331,"Plot366","f","Stratum-W16-1","W16","3",18,"Plot366_18","Stems >=10 cm DBH","Quercus frainetto",12,0.011309733552923255
1328,"Plot366","f","Stratum-W16-1","W16","2",15,"Plot366_15","Stems >=10 cm DBH","Pinus radiata",30,0.07068583470577035
1319,"Plot366","f","Stratum-W16-1","W16","1",6,"Plot366_6","Stems >=10 cm DBH","Quercus frainetto",21,0.03463605900582747
1314,"Plot366","f","Stratum-W16-1","W16","1",1,"Plot366_1","Stems >=10 cm DBH","Quercus frainetto",12,0.011309733552923255
1315,"Plot366","f","Stratum-W16-1","W16","1",2,"Plot366_2","Stems >=10 cm DBH","Quercus frainetto",19,0.02835287369864788
1332,"Plot366","f","Stratum-W16-1","W16","3",19,"Plot366_19","Stems >=10 cm DBH","Quercus frainetto",10,0.007853981633974483
1329,"Plot366","f","Stratum-W16-1","W16","2",16,"Plot366_16","Stems >=10 cm DBH","Pinus radiata",31,0.07547676350249478
1318,"Plot366","f","Stratum-W16-1","W16","1",5,"Plot366_5","Stems >=10 cm DBH","Quercus frainetto",16,0.020106192982974676
1316,"Plot366","f","Stratum-W16-1","W16","1",3,"Plot366_3","Stems >=10 cm DBH","Quercus frainetto",10,0.007853981633974483
1333,"Plot366","f","Stratum-W16-1","W16","3",20,"Plot366_20","Stems >=10 cm DBH","Quercus frainetto",11,0.009503317777109124
1317,"Plot366","f","Stratum-W16-1","W16","1",4,"Plot366_4","Stems >=10 cm DBH","Quercus frainetto",13,0.013273228961416876
4323,"Plot367","f","Stratum-W16-1","W16","3",20,"Plot367_20","Stems 2.5-10 cm DBH","Quercus frainetto",6,0.0028274333882308137
1346,"Plot367","f","Stratum-W16-1","W16","1",7,"Plot367_7","Stems >=10 cm DBH","Quercus frainetto",24,0.04523893421169302
1344,"Plot367","f","Stratum-W16-1","W16","1",5,"Plot367_5","Stems 2.5-10 cm DBH","Quercus frainetto",8,0.005026548245743669
4746,"Plot367","f","Stratum-W16-1","W16","3",20,"Plot367_20","Stems 2.5-10 cm DBH","Quercus frainetto",2.5,4.908738521234052e-4
4617,"Plot367","f","Stratum-W16-1","W16","3",23,"Plot367_23","Stems 2.5-10 cm DBH","Quercus frainetto",7,0.0038484510006474965
1356,"Plot367","f","Stratum-W16-1","W16","2",17,"Plot367_17","Stems >=10 cm DBH","Quercus frainetto",19,0.02835287369864788
1357,"Plot367","f","Stratum-W16-1","W16","2",18,"Plot367_18","Stems >=10 cm DBH","Quercus frainetto",25,0.04908738521234052
1343,"Plot367","f","Stratum-W16-1","W16","1",4,"Plot367_4","Stems >=10 cm DBH","Quercus frainetto",12,0.011309733552923255
1342,"Plot367","f","Stratum-W16-1","W16","1",3,"Plot367_3","Stems >=10 cm DBH","Quercus frainetto",12,0.011309733552923255
1347,"Plot367","f","Stratum-W16-1","W16","1",8,"Plot367_8","Stems >=10 cm DBH","Quercus frainetto",19,0.02835287369864788
3750,"Plot367","f","Stratum-W16-1","W16","3",23,"Plot367_23","Stems 2.5-10 cm DBH","Quercus frainetto",5,0.001963495408493621
3751,"Plot367","f","Stratum-W16-1","W16","3",24,"Plot367_24","Stems 2.5-10 cm DBH","Quercus frainetto",4,0.0012566370614359172
1345,"Plot367","f","Stratum-W16-1","W16","1",6,"Plot367_6","Stems >=10 cm DBH","Quercus frainetto",13,0.013273228961416876
1340,"Plot367","f","Stratum-W16-1","W16","1",1,"Plot367_1","Stems >=10 cm DBH","Quercus frainetto",17,0.022698006922186254
4616,"Plot367","f","Stratum-W16-1","W16","3",20,"Plot367_20","Stems 2.5-10 cm DBH","Quercus frainetto",4,0.0012566370614359172
1348,"Plot367","f","Stratum-W16-1","W16","1",9,"Plot367_9","Stems >=10 cm DBH","Quercus frainetto",20,0.031415926535897934
1341,"Plot367","f","Stratum-W16-1","W16","1",2,"Plot367_2","Stems >=10 cm DBH","Quercus frainetto",14,0.015393804002589986
1354,"Plot367","f","Stratum-W16-1","W16","2",15,"Plot367_15","Stems >=10 cm DBH","Quercus frainetto",11,0.009503317777109124
4324,"Plot367","f","Stratum-W16-1","W16","3",23,"Plot367_23","Stems 2.5-10 cm DBH","Quercus frainetto",3,7.068583470577034e-4
3749,"Plot367","f","Stratum-W16-1","W16","3",20,"Plot367_20","Stems 2.5-10 cm DBH","Quercus frainetto",3,7.068583470577034e-4
1359,"Plot367","f","Stratum-W16-1","W16","3",20,"Plot367_20","Stems 2.5-10 cm DBH","Quercus frainetto",4,0.0012566370614359172
1349,"Plot367","f","Stratum-W16-1","W16","1",10,"Plot367_10","Stems >=10 cm DBH","Quercus frainetto",12,0.011309733552923255
1355,"Plot367","f","Stratum-W16-1","W16","2",16,"Plot367_16","Stems >=10 cm DBH","Quercus frainetto",23,0.04154756284372501
1358,"Plot367","f","Stratum-W16-1","W16","3",19,"Plot367_19","Stems 2.5-10 cm DBH","Crataegus monogyna",2.5,4.908738521234052e-4
1352,"Plot367","f","Stratum-W16-1","W16","2",13,"Plot367_13","Stems >=10 cm DBH","Quercus frainetto",18,0.025446900494077322
1353,"Plot367","f","Stratum-W16-1","W16","2",14,"Plot367_14","Stems >=10 cm DBH","Quercus frainetto",16,0.020106192982974676
1350,"Plot367","f","Stratum-W16-1","W16","2",11,"Plot367_11","Stems >=10 cm DBH","Quercus frainetto",18,0.025446900494077322
1351,"Plot367","f","Stratum-W16-1","W16","2",12,"Plot367_12","Stems >=10 cm DBH","Quercus frainetto",16,0.020106192982974676
1361,"Plot367","f","Stratum-W16-1","W16","3",22,"Plot367_22","Stems >=10 cm DBH","Quercus frainetto",13,0.013273228961416876
1362,"Plot367","f","Stratum-W16-1","W16","3",23,"Plot367_23","Stems 2.5-10 cm DBH","Quercus frainetto",4,0.0012566370614359172
4325,"Plot367","f","Stratum-W16-1","W16","3",24,"Plot367_24","Stems 2.5-10 cm DBH","Quercus frainetto",6,0.0028274333882308137
1360,"Plot367","f","Stratum-W16-1","W16","3",21,"Plot367_21","Stems >=10 cm DBH","Quercus frainetto",16,0.020106192982974676
1363,"Plot367","f","Stratum-W16-1","W16","3",24,"Plot367_24","Stems 2.5-10 cm DBH","Quercus frainetto",6,0.0028274333882308137
1370,"Plot368","f","Stratum-W16-1","W16","2",7,"Plot368_7","Stems >=10 cm DBH","Quercus frainetto",16,0.020106192982974676
1371,"Plot368","f","Stratum-W16-1","W16","2",8,"Plot368_8","Stems >=10 cm DBH","Quercus frainetto",14,0.015393804002589986
1367,"Plot368","f","Stratum-W16-1","W16","1",4,"Plot368_4","Stems >=10 cm DBH","Quercus frainetto",20,0.031415926535897934
1366,"Plot368","f","Stratum-W16-1","W16","1",3,"Plot368_3","Stems 2.5-10 cm DBH","Juniperus oxycedrus",9,0.0063617251235193305
1368,"Plot368","f","Stratum-W16-1","W16","2",5,"Plot368_5","Stems >=10 cm DBH","Quercus frainetto",29,0.0660519855417254
1369,"Plot368","f","Stratum-W16-1","W16","2",6,"Plot368_6","Stems >=10 cm DBH","Quercus frainetto",13,0.013273228961416876
1365,"Plot368","f","Stratum-W16-1","W16","1",2,"Plot368_2","Stems >=10 cm DBH","Quercus frainetto",13,0.013273228961416876
1373,"Plot368","f","Stratum-W16-1","W16","3",10,"Plot368_10","Stems >=10 cm DBH","Quercus frainetto",26,0.053092915845667506
1374,"Plot368","f","Stratum-W16-1","W16","3",11,"Plot368_11","Stems 2.5-10 cm DBH","Quercus frainetto",8,0.005026548245743669
1377,"Plot368","f","Stratum-W16-1","W16","3",14,"Plot368_14","Stems >=10 cm DBH","Quercus frainetto",15,0.017671458676442587
1364,"Plot368","f","Stratum-W16-1","W16","3",1,"Plot368_1","Stems >=10 cm DBH","Quercus frainetto",12,0.011309733552923255
1372,"Plot368","f","Stratum-W16-1","W16","3",9,"Plot368_9","Stems >=10 cm DBH","Quercus frainetto",18,0.025446900494077322
1375,"Plot368","f","Stratum-W16-1","W16","3",12,"Plot368_12","Stems 2.5-10 cm DBH","Juniperus oxycedrus",6,0.0028274333882308137
1376,"Plot368","f","Stratum-W16-1","W16","3",13,"Plot368_13","Stems >=10 cm DBH","Quercus frainetto",13,0.013273228961416876
1383,"Plot369","f","Stratum-W16-1","W16","1",6,"Plot369_6","Stems >=10 cm DBH","Quercus frainetto",13,0.013273228961416876
1385,"Plot369","f","Stratum-W16-1","W16","1",8,"Plot369_8","Stems >=10 cm DBH","Quercus frainetto",10,0.007853981633974483
1382,"Plot369","f","Stratum-W16-1","W16","1",5,"Plot369_5","Stems >=10 cm DBH","Quercus frainetto",13,0.013273228961416876
1384,"Plot369","f","Stratum-W16-1","W16","1",7,"Plot369_7","Stems >=10 cm DBH","Quercus frainetto",12,0.011309733552923255
1386,"Plot369","f","Stratum-W16-1","W16","1",9,"Plot369_9","Stems >=10 cm DBH","Quercus frainetto",16,0.020106192982974676
1392,"Plot369","f","Stratum-W16-1","W16","2",15,"Plot369_15","Stems >=10 cm DBH","Quercus frainetto",21,0.03463605900582747
1393,"Plot369","f","Stratum-W16-1","W16","2",16,"Plot369_16","Stems >=10 cm DBH","Quercus frainetto",18,0.025446900494077322
1394,"Plot369","f","Stratum-W16-1","W16","3",17,"Plot369_17","Stems >=10 cm DBH","Quercus frainetto",23,0.04154756284372501
1381,"Plot369","f","Stratum-W16-1","W16","1",4,"Plot369_4","Stems >=10 cm DBH","Quercus frainetto",11,0.009503317777109124
1391,"Plot369","f","Stratum-W16-1","W16","2",14,"Plot369_14","Stems >=10 cm DBH","Quercus frainetto",19,0.02835287369864788
1379,"Plot369","f","Stratum-W16-1","W16","1",2,"Plot369_2","Stems >=10 cm DBH","Quercus frainetto",15,0.017671458676442587
1380,"Plot369","f","Stratum-W16-1","W16","1",3,"Plot369_3","Stems 2.5-10 cm DBH","Quercus frainetto",7,0.0038484510006474965
1389,"Plot369","f","Stratum-W16-1","W16","2",12,"Plot369_12","Stems >=10 cm DBH","Quercus frainetto",17,0.022698006922186254
1390,"Plot369","f","Stratum-W16-1","W16","2",13,"Plot369_13","Stems >=10 cm DBH","Quercus frainetto",14,0.015393804002589986
1378,"Plot369","f","Stratum-W16-1","W16","1",1,"Plot369_1","Stems >=10 cm DBH","Quercus frainetto",12,0.011309733552923255
1388,"Plot369","f","Stratum-W16-1","W16","2",11,"Plot369_11","Stems >=10 cm DBH","Quercus frainetto",15,0.017671458676442587
1399,"Plot369","f","Stratum-W16-1","W16","3",22,"Plot369_22","Stems >=10 cm DBH","Quercus frainetto",28,0.061575216010359944
1400,"Plot369","f","Stratum-W16-1","W16","3",23,"Plot369_23","Stems >=10 cm DBH","Quercus frainetto",16,0.020106192982974676
1396,"Plot369","f","Stratum-W16-1","W16","2",19,"Plot369_19","Stems >=10 cm DBH","Quercus frainetto",20,0.031415926535897934
1398,"Plot369","f","Stratum-W16-1","W16","3",21,"Plot369_21","Stems >=10 cm DBH","Quercus frainetto",16,0.020106192982974676
1395,"Plot369","f","Stratum-W16-1","W16","3",18,"Plot369_18","Stems >=10 cm DBH","Quercus frainetto",18,0.025446900494077322
1387,"Plot369","f","Stratum-W16-1","W16","1",10,"Plot369_10","Stems >=10 cm DBH","Quercus frainetto",13,0.013273228961416876
1397,"Plot369","f","Stratum-W16-1","W16","3",20,"Plot369_20","Stems >=10 cm DBH","Quercus frainetto",18,0.025446900494077322
3753,"Plot370","f","Stratum-W16-1","W16","2",5,"Plot370_5","Stems 2.5-10 cm DBH","Crataegus monogyna",4,0.0012566370614359172
1406,"Plot370","f","Stratum-W16-1","W16","2",6,"Plot370_6","Stems >=10 cm DBH","Quercus petraea",14,0.015393804002589986
1401,"Plot370","f","Stratum-W16-1","W16","1",1,"Plot370_1","Stems >=10 cm DBH","Quercus ithaburensis subsp. macrolepis",35,0.09621127501618741
1402,"Plot370","f","Stratum-W16-1","W16","1",2,"Plot370_2","Stems >=10 cm DBH","Quercus petraea",37,0.10752100856911068
1405,"Plot370","f","Stratum-W16-1","W16","2",5,"Plot370_5","Stems 2.5-10 cm DBH","Crataegus monogyna",7,0.0038484510006474965
1403,"Plot370","f","Stratum-W16-1","W16","2",3,"Plot370_3","Stems >=10 cm DBH","Quercus petraea",17,0.022698006922186254
1407,"Plot370","f","Stratum-W16-1","W16","2",7,"Plot370_7","Stems >=10 cm DBH","Quercus petraea",14,0.015393804002589986
1411,"Plot370","f","Stratum-W16-1","W16","3",11,"Plot370_11","Stems >=10 cm DBH","Quercus petraea",17,0.022698006922186254
1404,"Plot370","f","Stratum-W16-1","W16","2",4,"Plot370_4","Stems >=10 cm DBH","Quercus petraea",38,0.11341149479459152
4326,"Plot370","f","Stratum-W16-1","W16","2",5,"Plot370_5","Stems 2.5-10 cm DBH","Crataegus monogyna",4.5,0.0015904312808798326
1410,"Plot370","f","Stratum-W16-1","W16","3",10,"Plot370_10","Stems >=10 cm DBH","Quercus petraea",18,0.025446900494077322
3752,"Plot370","f","Stratum-W16-1","W16","1",2,"Plot370_2","Stems >=10 cm DBH","Quercus petraea",28,0.061575216010359944
1413,"Plot370","f","Stratum-W16-1","W16","3",13,"Plot370_13","Stems >=10 cm DBH","Quercus petraea",19,0.02835287369864788
1412,"Plot370","f","Stratum-W16-1","W16","3",12,"Plot370_12","Stems >=10 cm DBH","Quercus petraea",33,0.08552985999398212
1409,"Plot370","f","Stratum-W16-1","W16","3",9,"Plot370_9","Stems 2.5-10 cm DBH","Quercus petraea",9,0.0063617251235193305
1408,"Plot370","f","Stratum-W16-1","W16","2",8,"Plot370_8","Stems >=10 cm DBH","Quercus petraea",17,0.022698006922186254
1422,"Plot371","f","Stratum-W16-1","W16","3",9,"Plot371_9","Stems >=10 cm DBH","Quercus petraea",51,0.2042820622996763
1421,"Plot371","f","Stratum-W16-1","W16","3",8,"Plot371_8","Stems >=10 cm DBH","Quercus ithaburensis subsp. macrolepis",68,0.36316811075498007
4618,"Plot371","f","Stratum-W16-1","W16","1",5,"Plot371_5","Stems >=10 cm DBH","Quercus ithaburensis subsp. macrolepis",16,0.020106192982974676
1423,"Plot371","f","Stratum-W16-1","W16","3",10,"Plot371_10","Stems >=10 cm DBH","Pyrus spinosa",10,0.007853981633974483
3754,"Plot371","f","Stratum-W16-1","W16","1",1,"Plot371_1","Stems 2.5-10 cm DBH","Pyrus spinosa",2.5,4.908738521234052e-4
4747,"Plot371","f","Stratum-W16-1","W16","1",5,"Plot371_5","Stems >=10 cm DBH","Quercus ithaburensis subsp. macrolepis",12,0.011309733552923255
3756,"Plot371","f","Stratum-W16-1","W16","2",11,"Plot371_11","Stems 2.5-10 cm DBH","Crataegus monogyna",2.5,4.908738521234052e-4
1418,"Plot371","f","Stratum-W16-1","W16","1",5,"Plot371_5","Stems >=10 cm DBH","Quercus ithaburensis subsp. macrolepis",58,0.2642079421669016
1420,"Plot371","f","Stratum-W16-1","W16","3",7,"Plot371_7","Stems >=10 cm DBH","Crataegus monogyna",10,0.007853981633974483
1416,"Plot371","f","Stratum-W16-1","W16","1",3,"Plot371_3","Stems >=10 cm DBH","Quercus petraea",19,0.02835287369864788
1417,"Plot371","f","Stratum-W16-1","W16","1",4,"Plot371_4","Stems >=10 cm DBH","Pyrus spinosa",30,0.07068583470577035
1415,"Plot371","f","Stratum-W16-1","W16","1",2,"Plot371_2","Stems >=10 cm DBH","Quercus petraea",23,0.04154756284372501
1419,"Plot371","f","Stratum-W16-1","W16","3",6,"Plot371_6","Stems >=10 cm DBH","Quercus ithaburensis subsp. macrolepis",46,0.16619025137490004
1424,"Plot371","f","Stratum-W16-1","W16","2",11,"Plot371_11","Stems 2.5-10 cm DBH","Crataegus monogyna",2.5,4.908738521234052e-4
1414,"Plot371","f","Stratum-W16-1","W16","1",1,"Plot371_1","Stems >=10 cm DBH","Pyrus spinosa",13,0.013273228961416876
4327,"Plot371","f","Stratum-W16-1","W16","1",5,"Plot371_5","Stems >=10 cm DBH","Quercus ithaburensis subsp. macrolepis",18,0.025446900494077322
3755,"Plot371","f","Stratum-W16-1","W16","1",5,"Plot371_5","Stems >=10 cm DBH","Quercus ithaburensis subsp. macrolepis",32,0.0804247719318987
4328,"Plot372","f","Stratum-W16-1","W16","1",2,"Plot372_2","Stems 2.5-10 cm DBH","Pyrus spinosa",2.5,4.908738521234052e-4
3757,"Plot372","f","Stratum-W16-1","W16","1",1,"Plot372_1","Stems 2.5-10 cm DBH","Pyrus spinosa",7,0.0038484510006474965
1425,"Plot372","f","Stratum-W16-1","W16","1",1,"Plot372_1","Stems >=10 cm DBH","Pyrus spinosa",11,0.009503317777109124
1431,"Plot372","f","Stratum-W16-1","W16","3",7,"Plot372_7","Stems >=10 cm DBH","Quercus petraea",16,0.020106192982974676
1426,"Plot372","f","Stratum-W16-1","W16","1",2,"Plot372_2","Stems 2.5-10 cm DBH","Pyrus spinosa",4,0.0012566370614359172
1427,"Plot372","f","Stratum-W16-1","W16","1",3,"Plot372_3","Stems 2.5-10 cm DBH","Crataegus monogyna",2.5,4.908738521234052e-4
1428,"Plot372","f","Stratum-W16-1","W16","1",4,"Plot372_4","Stems >=10 cm DBH","Pyrus spinosa",12,0.011309733552923255
1430,"Plot372","f","Stratum-W16-1","W16","3",6,"Plot372_6","Stems >=10 cm DBH","Quercus petraea",26,0.053092915845667506
3760,"Plot372","f","Stratum-W16-1","W16","3",6,"Plot372_6","Stems >=10 cm DBH","Quercus petraea",28,0.061575216010359944
3759,"Plot372","f","Stratum-W16-1","W16","2",5,"Plot372_5","Stems >=10 cm DBH","Quercus ithaburensis subsp. macrolepis",15,0.017671458676442587
1429,"Plot372","f","Stratum-W16-1","W16","2",5,"Plot372_5","Stems >=10 cm DBH","Quercus ithaburensis subsp. macrolepis",23,0.04154756284372501
3758,"Plot372","f","Stratum-W16-1","W16","1",2,"Plot372_2","Stems 2.5-10 cm DBH","Pyrus spinosa",3.5,9.621127501618741e-4
1444,"Plot73","f","Stratum-W11-1","W11","2",13,"Plot73_13","Stems 2.5-10 cm DBH","Pinus nigra",7,0.0038484510006474965
1443,"Plot73","f","Stratum-W11-1","W11","2",12,"Plot73_12","Stems >=10 cm DBH","Quercus frainetto",12,0.011309733552923255
1446,"Plot73","f","Stratum-W11-1","W11","2",15,"Plot73_15","Stems >=10 cm DBH","Quercus frainetto",14,0.015393804002589986
1435,"Plot73","f","Stratum-W11-1","W11","1",4,"Plot73_4","Stems >=10 cm DBH","Pinus nigra",14,0.015393804002589986
1433,"Plot73","f","Stratum-W11-1","W11","1",2,"Plot73_2","Stems 2.5-10 cm DBH","Arbutus andrachne",3,7.068583470577034e-4
1442,"Plot73","f","Stratum-W11-1","W11","2",11,"Plot73_11","Stems >=10 cm DBH","Quercus frainetto",10.5,0.008659014751456867
1441,"Plot73","f","Stratum-W11-1","W11","2",10,"Plot73_10","Stems 2.5-10 cm DBH","Pinus nigra",9,0.0063617251235193305
1437,"Plot73","f","Stratum-W11-1","W11","1",6,"Plot73_6","Stems >=10 cm DBH","Quercus frainetto",15,0.017671458676442587
1432,"Plot73","f","Stratum-W11-1","W11","1",1,"Plot73_1","Stems >=10 cm DBH","Quercus frainetto",12,0.011309733552923255
1457,"Plot73","f","Stratum-W11-1","W11","3",26,"Plot73_26","Stems >=10 cm DBH","Pinus nigra",19,0.02835287369864788
1436,"Plot73","f","Stratum-W11-1","W11","1",5,"Plot73_5","Stems >=10 cm DBH","Quercus frainetto",21,0.03463605900582747
1454,"Plot73","f","Stratum-W11-1","W11","3",23,"Plot73_23","Stems >=10 cm DBH","Quercus frainetto",11,0.009503317777109124
1434,"Plot73","f","Stratum-W11-1","W11","1",3,"Plot73_3","Stems 2.5-10 cm DBH","Quercus frainetto",4,0.0012566370614359172
1445,"Plot73","f","Stratum-W11-1","W11","2",14,"Plot73_14","Stems >=10 cm DBH","Quercus frainetto",12,0.011309733552923255
1455,"Plot73","f","Stratum-W11-1","W11","3",24,"Plot73_24","Stems >=10 cm DBH","Quercus frainetto",15,0.017671458676442587
1450,"Plot73","f","Stratum-W11-1","W11","3",19,"Plot73_19","Stems >=10 cm DBH","Quercus frainetto",12,0.011309733552923255
1447,"Plot73","f","Stratum-W11-1","W11","2",16,"Plot73_16","Stems >=10 cm DBH","Pinus nigra",16,0.020106192982974676
1456,"Plot73","f","Stratum-W11-1","W11","3",25,"Plot73_25","Stems >=10 cm DBH","Quercus frainetto",10,0.007853981633974483
1439,"Plot73","f","Stratum-W11-1","W11","2",8,"Plot73_8","Stems >=10 cm DBH","Quercus frainetto",12,0.011309733552923255
1440,"Plot73","f","Stratum-W11-1","W11","2",9,"Plot73_9","Stems >=10 cm DBH","Quercus frainetto",12,0.011309733552923255
1451,"Plot73","f","Stratum-W11-1","W11","3",20,"Plot73_20","Stems 2.5-10 cm DBH","Arbutus andrachne",3.5,9.621127501618741e-4
1449,"Plot73","f","Stratum-W11-1","W11","3",18,"Plot73_18","Stems >=10 cm DBH","Quercus frainetto",14,0.015393804002589986
1453,"Plot73","f","Stratum-W11-1","W11","3",22,"Plot73_22","Stems >=10 cm DBH","Quercus frainetto",14,0.015393804002589986
1438,"Plot73","f","Stratum-W11-1","W11","2",7,"Plot73_7","Stems >=10 cm DBH","Quercus frainetto",13,0.013273228961416876
1448,"Plot73","f","Stratum-W11-1","W11","3",17,"Plot73_17","Stems >=10 cm DBH","Pinus nigra",26,0.053092915845667506
1452,"Plot73","f","Stratum-W11-1","W11","3",21,"Plot73_21","Stems >=10 cm DBH","Quercus frainetto",11,0.009503317777109124
1463,"Plot74","f","Stratum-W11-1","W11","2",6,"Plot74_6","Stems 2.5-10 cm DBH","Phillyrea latifolia",3,7.068583470577034e-4
1464,"Plot74","f","Stratum-W11-1","W11","2",7,"Plot74_7","Stems 2.5-10 cm DBH","Phillyrea latifolia",7,0.0038484510006474965
1462,"Plot74","f","Stratum-W11-1","W11","2",5,"Plot74_5","Stems >=10 cm DBH","Phillyrea latifolia",10,0.007853981633974483
1461,"Plot74","f","Stratum-W11-1","W11","2",4,"Plot74_4","Stems >=10 cm DBH","Phillyrea latifolia",12,0.011309733552923255
1460,"Plot74","f","Stratum-W11-1","W11","1",3,"Plot74_3","Stems >=10 cm DBH","Quercus cerris",13,0.013273228961416876
4620,"Plot74","f","Stratum-W11-1","W11","1",2,"Plot74_2","Stems 2.5-10 cm DBH","Phillyrea latifolia",3,7.068583470577034e-4
4333,"Plot74","f","Stratum-W11-1","W11","2",7,"Plot74_7","Stems 2.5-10 cm DBH","Phillyrea latifolia",6,0.0028274333882308137
1458,"Plot74","f","Stratum-W11-1","W11","1",1,"Plot74_1","Stems 2.5-10 cm DBH","Phillyrea latifolia",4.5,0.0015904312808798326
3764,"Plot74","f","Stratum-W11-1","W11","2",5,"Plot74_5","Stems >=10 cm DBH","Phillyrea latifolia",10,0.007853981633974483
1465,"Plot74","f","Stratum-W11-1","W11","2",8,"Plot74_8","Stems 2.5-10 cm DBH","Phillyrea latifolia",9,0.0063617251235193305
4619,"Plot74","f","Stratum-W11-1","W11","1",1,"Plot74_1","Stems 2.5-10 cm DBH","Phillyrea latifolia",2.5,4.908738521234052e-4
1469,"Plot74","f","Stratum-W11-1","W11","2",12,"Plot74_12","Stems >=10 cm DBH","Juniperus oxycedrus",11,0.009503317777109124
1470,"Plot74","f","Stratum-W11-1","W11","3",13,"Plot74_13","Stems 2.5-10 cm DBH","Quercus cerris",8,0.005026548245743669
3767,"Plot74","f","Stratum-W11-1","W11","3",15,"Plot74_15","Stems 2.5-10 cm DBH","Arbutus andrachne",2.5,4.908738521234052e-4
1459,"Plot74","f","Stratum-W11-1","W11","1",2,"Plot74_2","Stems 2.5-10 cm DBH","Phillyrea latifolia",4,0.0012566370614359172
4330,"Plot74","f","Stratum-W11-1","W11","1",2,"Plot74_2","Stems 2.5-10 cm DBH","Phillyrea latifolia",6,0.0028274333882308137
4816,"Plot74","f","Stratum-W11-1","W11","1",1,"Plot74_1","Stems 2.5-10 cm DBH","Phillyrea latifolia",3,7.068583470577034e-4
3763,"Plot74","f","Stratum-W11-1","W11","2",4,"Plot74_4","Stems >=10 cm DBH","Phillyrea latifolia",10,0.007853981633974483
4332,"Plot74","f","Stratum-W11-1","W11","2",6,"Plot74_6","Stems 2.5-10 cm DBH","Phillyrea latifolia",2.5,4.908738521234052e-4
1472,"Plot74","f","Stratum-W11-1","W11","3",15,"Plot74_15","Stems 2.5-10 cm DBH","Arbutus andrachne",5,0.001963495408493621
4621,"Plot74","f","Stratum-W11-1","W11","2",7,"Plot74_7","Stems 2.5-10 cm DBH","Phillyrea latifolia",4,0.0012566370614359172
1466,"Plot74","f","Stratum-W11-1","W11","2",9,"Plot74_9","Stems >=10 cm DBH","Quercus cerris",12,0.011309733552923255
3766,"Plot74","f","Stratum-W11-1","W11","2",7,"Plot74_7","Stems 2.5-10 cm DBH","Phillyrea latifolia",6,0.0028274333882308137
4331,"Plot74","f","Stratum-W11-1","W11","2",5,"Plot74_5","Stems >=10 cm DBH","Phillyrea latifolia",11,0.009503317777109124
1473,"Plot74","f","Stratum-W11-1","W11","3",16,"Plot74_16","Stems >=10 cm DBH","Quercus cerris",14,0.015393804002589986
1474,"Plot74","f","Stratum-W11-1","W11","3",17,"Plot74_17","Stems >=10 cm DBH","Quercus cerris",12,0.011309733552923255
3765,"Plot74","f","Stratum-W11-1","W11","2",6,"Plot74_6","Stems 2.5-10 cm DBH","Phillyrea latifolia",2.5,4.908738521234052e-4
1471,"Plot74","f","Stratum-W11-1","W11","3",14,"Plot74_14","Stems 2.5-10 cm DBH","Quercus cerris",6,0.0028274333882308137
4329,"Plot74","f","Stratum-W11-1","W11","1",1,"Plot74_1","Stems 2.5-10 cm DBH","Phillyrea latifolia",3,7.068583470577034e-4
3761,"Plot74","f","Stratum-W11-1","W11","1",1,"Plot74_1","Stems 2.5-10 cm DBH","Phillyrea latifolia",5,0.001963495408493621
3762,"Plot74","f","Stratum-W11-1","W11","1",2,"Plot74_2","Stems 2.5-10 cm DBH","Phillyrea latifolia",5,0.001963495408493621
1468,"Plot74","f","Stratum-W11-1","W11","2",11,"Plot74_11","Stems >=10 cm DBH","Quercus cerris",22,0.0380132711084365
4748,"Plot74","f","Stratum-W11-1","W11","1",1,"Plot74_1","Stems 2.5-10 cm DBH","Phillyrea latifolia",2.5,4.908738521234052e-4
4749,"Plot74","f","Stratum-W11-1","W11","2",7,"Plot74_7","Stems 2.5-10 cm DBH","Phillyrea latifolia",2.5,4.908738521234052e-4
1467,"Plot74","f","Stratum-W11-1","W11","2",10,"Plot74_10","Stems >=10 cm DBH","Quercus cerris",25,0.04908738521234052
4337,"Plot75","f","Stratum-W11-1","W11","2",13,"Plot75_13","Stems 2.5-10 cm DBH","Phillyrea latifolia",3,7.068583470577034e-4
4334,"Plot75","f","Stratum-W11-1","W11","1",10,"Plot75_10","Stems 2.5-10 cm DBH","Arbutus andrachne",2.5,4.908738521234052e-4
3770,"Plot75","f","Stratum-W11-1","W11","2",12,"Plot75_12","Stems 2.5-10 cm DBH","Phillyrea latifolia",6,0.0028274333882308137
3771,"Plot75","f","Stratum-W11-1","W11","2",13,"Plot75_13","Stems 2.5-10 cm DBH","Phillyrea latifolia",3,7.068583470577034e-4
1475,"Plot75","f","Stratum-W11-1","W11","1",1,"Plot75_1","Stems >=10 cm DBH","Pinus radiata",18,0.025446900494077322
1480,"Plot75","f","Stratum-W11-1","W11","1",6,"Plot75_6","Stems >=10 cm DBH","Pinus radiata",20,0.031415926535897934
1477,"Plot75","f","Stratum-W11-1","W11","1",3,"Plot75_3","Stems >=10 cm DBH","Pinus radiata",29,0.0660519855417254
1478,"Plot75","f","Stratum-W11-1","W11","1",4,"Plot75_4","Stems >=10 cm DBH","Pinus radiata",17,0.022698006922186254
1479,"Plot75","f","Stratum-W11-1","W11","1",5,"Plot75_5","Stems >=10 cm DBH","Pinus radiata",22,0.0380132711084365
1476,"Plot75","f","Stratum-W11-1","W11","1",2,"Plot75_2","Stems >=10 cm DBH","Pinus radiata",17,0.022698006922186254
4335,"Plot75","f","Stratum-W11-1","W11","1",11,"Plot75_11","Stems 2.5-10 cm DBH","Phillyrea latifolia",3,7.068583470577034e-4
4336,"Plot75","f","Stratum-W11-1","W11","2",12,"Plot75_12","Stems 2.5-10 cm DBH","Phillyrea latifolia",2.5,4.908738521234052e-4
1481,"Plot75","f","Stratum-W11-1","W11","1",7,"Plot75_7","Stems >=10 cm DBH","Pinus radiata",15,0.017671458676442587
1490,"Plot75","f","Stratum-W11-1","W11","3",16,"Plot75_16","Stems >=10 cm DBH","Pinus radiata",12,0.011309733552923255
4623,"Plot75","f","Stratum-W11-1","W11","2",13,"Plot75_13","Stems 2.5-10 cm DBH","Phillyrea latifolia",2.5,4.908738521234052e-4
1483,"Plot75","f","Stratum-W11-1","W11","1",9,"Plot75_9","Stems >=10 cm DBH","Pinus radiata",18,0.025446900494077322
1484,"Plot75","f","Stratum-W11-1","W11","1",10,"Plot75_10","Stems 2.5-10 cm DBH","Arbutus andrachne",6,0.0028274333882308137
1485,"Plot75","f","Stratum-W11-1","W11","1",11,"Plot75_11","Stems 2.5-10 cm DBH","Phillyrea latifolia",7,0.0038484510006474965
1486,"Plot75","f","Stratum-W11-1","W11","2",12,"Plot75_12","Stems 2.5-10 cm DBH","Phillyrea latifolia",4,0.0012566370614359172
1487,"Plot75","f","Stratum-W11-1","W11","2",13,"Plot75_13","Stems 2.5-10 cm DBH","Phillyrea latifolia",6,0.0028274333882308137
1488,"Plot75","f","Stratum-W11-1","W11","2",14,"Plot75_14","Stems >=10 cm DBH","Pinus radiata",18,0.025446900494077322
1489,"Plot75","f","Stratum-W11-1","W11","2",15,"Plot75_15","Stems >=10 cm DBH","Pinus radiata",14,0.015393804002589986
4622,"Plot75","f","Stratum-W11-1","W11","1",11,"Plot75_11","Stems 2.5-10 cm DBH","Phillyrea latifolia",2.5,4.908738521234052e-4
1491,"Plot75","f","Stratum-W11-1","W11","3",17,"Plot75_17","Stems >=10 cm DBH","Pinus radiata",33,0.08552985999398212
1492,"Plot75","f","Stratum-W11-1","W11","3",18,"Plot75_18","Stems >=10 cm DBH","Pinus radiata",25,0.04908738521234052
3769,"Plot75","f","Stratum-W11-1","W11","1",11,"Plot75_11","Stems 2.5-10 cm DBH","Phillyrea latifolia",2.5,4.908738521234052e-4
1493,"Plot75","f","Stratum-W11-1","W11","3",19,"Plot75_19","Stems >=10 cm DBH","Pinus radiata",21,0.03463605900582747
1482,"Plot75","f","Stratum-W11-1","W11","1",8,"Plot75_8","Stems >=10 cm DBH","Pinus radiata",20,0.031415926535897934
1496,"Plot75","f","Stratum-W11-1","W11","3",22,"Plot75_22","Stems >=10 cm DBH","Pinus radiata",14,0.015393804002589986
1494,"Plot75","f","Stratum-W11-1","W11","3",20,"Plot75_20","Stems >=10 cm DBH","Pinus radiata",16,0.020106192982974676
1495,"Plot75","f","Stratum-W11-1","W11","3",21,"Plot75_21","Stems >=10 cm DBH","Pinus radiata",12,0.011309733552923255
1497,"Plot75","f","Stratum-W11-1","W11","3",23,"Plot75_23","Stems >=10 cm DBH","Pinus radiata",16,0.020106192982974676
3768,"Plot75","f","Stratum-W11-1","W11","1",10,"Plot75_10","Stems 2.5-10 cm DBH","Arbutus andrachne",4,0.0012566370614359172
1514,"Plot76","f","Stratum-W11-1","W11","3",17,"Plot76_17","Stems >=10 cm DBH","Pinus brutia",18,0.025446900494077322
4624,"Plot76","f","Stratum-W11-1","W11","2",12,"Plot76_12","Stems 2.5-10 cm DBH","Arbutus andrachne",3,7.068583470577034e-4
1509,"Plot76","f","Stratum-W11-1","W11","2",12,"Plot76_12","Stems 2.5-10 cm DBH","Arbutus andrachne",4,0.0012566370614359172
1501,"Plot76","f","Stratum-W11-1","W11","1",4,"Plot76_4","Stems >=10 cm DBH","Pinus brutia",18,0.025446900494077322
1515,"Plot76","f","Stratum-W11-1","W11","3",18,"Plot76_18","Stems >=10 cm DBH","Pinus brutia",28,0.061575216010359944
1513,"Plot76","f","Stratum-W11-1","W11","3",16,"Plot76_16","Stems >=10 cm DBH","Pinus brutia",24,0.04523893421169302
1500,"Plot76","f","Stratum-W11-1","W11","1",3,"Plot76_3","Stems >=10 cm DBH","Pinus brutia",16,0.020106192982974676
3772,"Plot76","f","Stratum-W11-1","W11","2",12,"Plot76_12","Stems 2.5-10 cm DBH","Arbutus andrachne",3,7.068583470577034e-4
3773,"Plot76","f","Stratum-W11-1","W11","3",23,"Plot76_23","Stems 2.5-10 cm DBH","Arbutus andrachne",4,0.0012566370614359172
1507,"Plot76","f","Stratum-W11-1","W11","2",10,"Plot76_10","Stems >=10 cm DBH","Pinus brutia",16,0.020106192982974676
1508,"Plot76","f","Stratum-W11-1","W11","2",11,"Plot76_11","Stems >=10 cm DBH","Pinus brutia",17,0.022698006922186254
1510,"Plot76","f","Stratum-W11-1","W11","2",13,"Plot76_13","Stems >=10 cm DBH","Pinus brutia",22,0.0380132711084365
1511,"Plot76","f","Stratum-W11-1","W11","2",14,"Plot76_14","Stems >=10 cm DBH","Pinus brutia",19,0.02835287369864788
1512,"Plot76","f","Stratum-W11-1","W11","2",15,"Plot76_15","Stems >=10 cm DBH","Pinus brutia",23,0.04154756284372501
1520,"Plot76","f","Stratum-W11-1","W11","3",23,"Plot76_23","Stems 2.5-10 cm DBH","Arbutus andrachne",3,7.068583470577034e-4
1499,"Plot76","f","Stratum-W11-1","W11","1",2,"Plot76_2","Stems >=10 cm DBH","Pinus brutia",17,0.022698006922186254
1505,"Plot76","f","Stratum-W11-1","W11","1",8,"Plot76_8","Stems >=10 cm DBH","Pinus brutia",18,0.025446900494077322
1502,"Plot76","f","Stratum-W11-1","W11","1",5,"Plot76_5","Stems >=10 cm DBH","Pinus brutia",16,0.020106192982974676
1503,"Plot76","f","Stratum-W11-1","W11","1",6,"Plot76_6","Stems >=10 cm DBH","Pinus brutia",23,0.04154756284372501
1504,"Plot76","f","Stratum-W11-1","W11","1",7,"Plot76_7","Stems >=10 cm DBH","Pinus brutia",27,0.05725552611167398
1517,"Plot76","f","Stratum-W11-1","W11","3",20,"Plot76_20","Stems 2.5-10 cm DBH","Phillyrea latifolia",4,0.0012566370614359172
4338,"Plot76","f","Stratum-W11-1","W11","2",12,"Plot76_12","Stems 2.5-10 cm DBH","Arbutus andrachne",2.5,4.908738521234052e-4
1506,"Plot76","f","Stratum-W11-1","W11","2",9,"Plot76_9","Stems >=10 cm DBH","Pinus brutia",18,0.025446900494077322
1516,"Plot76","f","Stratum-W11-1","W11","3",19,"Plot76_19","Stems >=10 cm DBH","Pinus brutia",21,0.03463605900582747
1518,"Plot76","f","Stratum-W11-1","W11","3",21,"Plot76_21","Stems >=10 cm DBH","Pinus brutia",11,0.009503317777109124
1519,"Plot76","f","Stratum-W11-1","W11","3",22,"Plot76_22","Stems >=10 cm DBH","Pinus brutia",17,0.022698006922186254
1498,"Plot76","f","Stratum-W11-1","W11","1",1,"Plot76_1","Stems >=10 cm DBH","Quercus cerris",14,0.015393804002589986
4339,"Plot76","f","Stratum-W11-1","W11","3",23,"Plot76_23","Stems 2.5-10 cm DBH","Arbutus andrachne",2.5,4.908738521234052e-4
1552,"Plot77","f","Stratum-W11-1","W11","3",32,"Plot77_32","Stems >=10 cm DBH","Pinus brutia",19,0.02835287369864788
1551,"Plot77","f","Stratum-W11-1","W11","3",31,"Plot77_31","Stems >=10 cm DBH","Pinus brutia",16,0.020106192982974676
1522,"Plot77","f","Stratum-W11-1","W11","1",2,"Plot77_2","Stems >=10 cm DBH","Pinus brutia",14,0.015393804002589986
1523,"Plot77","f","Stratum-W11-1","W11","1",3,"Plot77_3","Stems >=10 cm DBH","Pinus brutia",14,0.015393804002589986
1525,"Plot77","f","Stratum-W11-1","W11","1",5,"Plot77_5","Stems >=10 cm DBH","Pinus brutia",24,0.04523893421169302
1527,"Plot77","f","Stratum-W11-1","W11","1",7,"Plot77_7","Stems >=10 cm DBH","Pinus brutia",24,0.04523893421169302
1528,"Plot77","f","Stratum-W11-1","W11","1",8,"Plot77_8","Stems >=10 cm DBH","Pinus brutia",27,0.05725552611167398
1524,"Plot77","f","Stratum-W11-1","W11","1",4,"Plot77_4","Stems >=10 cm DBH","Quercus cerris",12,0.011309733552923255
1545,"Plot77","f","Stratum-W11-1","W11","3",25,"Plot77_25","Stems >=10 cm DBH","Pinus brutia",18,0.025446900494077322
1547,"Plot77","f","Stratum-W11-1","W11","3",27,"Plot77_27","Stems 2.5-10 cm DBH","Pinus brutia",9,0.0063617251235193305
1548,"Plot77","f","Stratum-W11-1","W11","3",28,"Plot77_28","Stems >=10 cm DBH","Pinus brutia",18,0.025446900494077322
1549,"Plot77","f","Stratum-W11-1","W11","3",29,"Plot77_29","Stems >=10 cm DBH","Pinus brutia",10,0.007853981633974483
1550,"Plot77","f","Stratum-W11-1","W11","3",30,"Plot77_30","Stems >=10 cm DBH","Pinus brutia",12,0.011309733552923255
1521,"Plot77","f","Stratum-W11-1","W11","1",1,"Plot77_1","Stems >=10 cm DBH","Pinus brutia",13,0.013273228961416876
1538,"Plot77","f","Stratum-W11-1","W11","2",18,"Plot77_18","Stems 2.5-10 cm DBH","Arbutus andrachne",3,7.068583470577034e-4
1539,"Plot77","f","Stratum-W11-1","W11","2",19,"Plot77_19","Stems >=10 cm DBH","Pinus brutia",19,0.02835287369864788
1540,"Plot77","f","Stratum-W11-1","W11","2",20,"Plot77_20","Stems >=10 cm DBH","Pinus brutia",17,0.022698006922186254
1541,"Plot77","f","Stratum-W11-1","W11","2",21,"Plot77_21","Stems >=10 cm DBH","Pinus brutia",13,0.013273228961416876
1526,"Plot77","f","Stratum-W11-1","W11","1",6,"Plot77_6","Stems >=10 cm DBH","Pinus brutia",15,0.017671458676442587
1543,"Plot77","f","Stratum-W11-1","W11","3",23,"Plot77_23","Stems >=10 cm DBH","Pinus brutia",12,0.011309733552923255
1531,"Plot77","f","Stratum-W11-1","W11","2",11,"Plot77_11","Stems >=10 cm DBH","Pinus brutia",13,0.013273228961416876
3774,"Plot77","f","Stratum-W11-1","W11","2",17,"Plot77_17","Stems 2.5-10 cm DBH","Arbutus andrachne",2.5,4.908738521234052e-4
1546,"Plot77","f","Stratum-W11-1","W11","3",26,"Plot77_26","Stems >=10 cm DBH","Pinus brutia",13,0.013273228961416876
1530,"Plot77","f","Stratum-W11-1","W11","2",10,"Plot77_10","Stems >=10 cm DBH","Pinus brutia",18,0.025446900494077322
1535,"Plot77","f","Stratum-W11-1","W11","2",15,"Plot77_15","Stems >=10 cm DBH","Pinus brutia",17,0.022698006922186254
1532,"Plot77","f","Stratum-W11-1","W11","2",12,"Plot77_12","Stems >=10 cm DBH","Pinus brutia",27,0.05725552611167398
1533,"Plot77","f","Stratum-W11-1","W11","2",13,"Plot77_13","Stems >=10 cm DBH","Pinus brutia",14,0.015393804002589986
1534,"Plot77","f","Stratum-W11-1","W11","2",14,"Plot77_14","Stems >=10 cm DBH","Pinus brutia",19,0.02835287369864788
4340,"Plot77","f","Stratum-W11-1","W11","2",17,"Plot77_17","Stems 2.5-10 cm DBH","Arbutus andrachne",2.5,4.908738521234052e-4
1536,"Plot77","f","Stratum-W11-1","W11","2",16,"Plot77_16","Stems >=10 cm DBH","Pinus brutia",15,0.017671458676442587
1537,"Plot77","f","Stratum-W11-1","W11","2",17,"Plot77_17","Stems 2.5-10 cm DBH","Arbutus andrachne",5,0.001963495408493621
1542,"Plot77","f","Stratum-W11-1","W11","3",22,"Plot77_22","Stems >=10 cm DBH","Pinus brutia",18,0.025446900494077322
1529,"Plot77","f","Stratum-W11-1","W11","1",9,"Plot77_9","Stems >=10 cm DBH","Pinus brutia",21,0.03463605900582747
1544,"Plot77","f","Stratum-W11-1","W11","3",24,"Plot77_24","Stems >=10 cm DBH","Pinus brutia",13,0.013273228961416876
1554,"Plot78","f","Stratum-W11-1","W11","1",2,"Plot78_2","Stems >=10 cm DBH","Pinus radiata",26,0.053092915845667506
4751,"Plot78","f","Stratum-W11-1","W11","1",6,"Plot78_6","Stems 2.5-10 cm DBH","Phillyrea latifolia",5,0.001963495408493621
1553,"Plot78","f","Stratum-W11-1","W11","1",1,"Plot78_1","Stems >=10 cm DBH","Pinus radiata",24,0.04523893421169302
1561,"Plot78","f","Stratum-W11-1","W11","1",9,"Plot78_9","Stems >=10 cm DBH","Quercus cerris",14,0.015393804002589986
4343,"Plot78","f","Stratum-W11-1","W11","1",7,"Plot78_7","Stems 2.5-10 cm DBH","Arbutus andrachne",3,7.068583470577034e-4
1559,"Plot78","f","Stratum-W11-1","W11","1",7,"Plot78_7","Stems 2.5-10 cm DBH","Arbutus andrachne",3,7.068583470577034e-4
4750,"Plot78","f","Stratum-W11-1","W11","1",5,"Plot78_5","Stems 2.5-10 cm DBH","Phillyrea latifolia",4,0.0012566370614359172
4848,"Plot78","f","Stratum-W11-1","W11","1",6,"Plot78_6","Stems 2.5-10 cm DBH","Phillyrea latifolia",7,0.0038484510006474965
1562,"Plot78","f","Stratum-W11-1","W11","1",10,"Plot78_10","Stems >=10 cm DBH","Juniperus oxycedrus",11,0.009503317777109124
1563,"Plot78","f","Stratum-W11-1","W11","3",11,"Plot78_11","Stems >=10 cm DBH","Quercus cerris",16,0.020106192982974676
1560,"Plot78","f","Stratum-W11-1","W11","1",8,"Plot78_8","Stems 2.5-10 cm DBH","Quercus cerris",8,0.005026548245743669
4626,"Plot78","f","Stratum-W11-1","W11","1",6,"Plot78_6","Stems 2.5-10 cm DBH","Phillyrea latifolia",6,0.0028274333882308137
3777,"Plot78","f","Stratum-W11-1","W11","1",7,"Plot78_7","Stems 2.5-10 cm DBH","Arbutus andrachne",2.5,4.908738521234052e-4
4342,"Plot78","f","Stratum-W11-1","W11","1",6,"Plot78_6","Stems 2.5-10 cm DBH","Phillyrea latifolia",3,7.068583470577034e-4
1564,"Plot78","f","Stratum-W11-1","W11","3",12,"Plot78_12","Stems >=10 cm DBH","Quercus cerris",14,0.015393804002589986
4817,"Plot78","f","Stratum-W11-1","W11","1",6,"Plot78_6","Stems 2.5-10 cm DBH","Phillyrea latifolia",4,0.0012566370614359172
1565,"Plot78","f","Stratum-W11-1","W11","3",13,"Plot78_13","Stems 2.5-10 cm DBH","Arbutus andrachne",3,7.068583470577034e-4
3776,"Plot78","f","Stratum-W11-1","W11","1",6,"Plot78_6","Stems 2.5-10 cm DBH","Phillyrea latifolia",2.5,4.908738521234052e-4
1558,"Plot78","f","Stratum-W11-1","W11","1",6,"Plot78_6","Stems 2.5-10 cm DBH","Phillyrea latifolia",4,0.0012566370614359172
1555,"Plot78","f","Stratum-W11-1","W11","1",3,"Plot78_3","Stems >=10 cm DBH","Pinus radiata",23,0.04154756284372501
4625,"Plot78","f","Stratum-W11-1","W11","1",5,"Plot78_5","Stems 2.5-10 cm DBH","Phillyrea latifolia",3,7.068583470577034e-4
1556,"Plot78","f","Stratum-W11-1","W11","1",4,"Plot78_4","Stems >=10 cm DBH","Pinus radiata",16,0.020106192982974676
1557,"Plot78","f","Stratum-W11-1","W11","1",5,"Plot78_5","Stems 2.5-10 cm DBH","Phillyrea latifolia",7,0.0038484510006474965
4341,"Plot78","f","Stratum-W11-1","W11","1",5,"Plot78_5","Stems 2.5-10 cm DBH","Phillyrea latifolia",6,0.0028274333882308137
3775,"Plot78","f","Stratum-W11-1","W11","1",5,"Plot78_5","Stems 2.5-10 cm DBH","Phillyrea latifolia",8,0.005026548245743669
1583,"Plot79","f","Stratum-W11-1","W11","3",18,"Plot79_18","Stems >=10 cm DBH","Quercus frainetto",15,0.017671458676442587
1584,"Plot79","f","Stratum-W11-1","W11","3",19,"Plot79_19","Stems >=10 cm DBH","Quercus frainetto",18,0.025446900494077322
1591,"Plot79","f","Stratum-W11-1","W11","2",26,"Plot79_26","Stems 2.5-10 cm DBH","Phillyrea latifolia",3.5,9.621127501618741e-4
1573,"Plot79","f","Stratum-W11-1","W11","1",8,"Plot79_8","Stems >=10 cm DBH","Quercus frainetto",12,0.011309733552923255
1574,"Plot79","f","Stratum-W11-1","W11","1",9,"Plot79_9","Stems 2.5-10 cm DBH","Quercus cerris",8,0.005026548245743669
1575,"Plot79","f","Stratum-W11-1","W11","2",10,"Plot79_10","Stems >=10 cm DBH","Quercus cerris",11,0.009503317777109124
1570,"Plot79","f","Stratum-W11-1","W11","1",5,"Plot79_5","Stems 2.5-10 cm DBH","Arbutus unedo",6,0.0028274333882308137
1572,"Plot79","f","Stratum-W11-1","W11","1",7,"Plot79_7","Stems >=10 cm DBH","Quercus frainetto",14,0.015393804002589986
1566,"Plot79","f","Stratum-W11-1","W11","1",1,"Plot79_1","Stems >=10 cm DBH","Quercus cerris",11,0.009503317777109124
1567,"Plot79","f","Stratum-W11-1","W11","1",2,"Plot79_2","Stems >=10 cm DBH","Quercus frainetto",19,0.02835287369864788
1590,"Plot79","f","Stratum-W11-1","W11","2",25,"Plot79_25","Stems 2.5-10 cm DBH","Quercus frainetto",8,0.005026548245743669
1576,"Plot79","f","Stratum-W11-1","W11","2",11,"Plot79_11","Stems >=10 cm DBH","Quercus frainetto",16,0.020106192982974676
1589,"Plot79","f","Stratum-W11-1","W11","2",24,"Plot79_24","Stems 2.5-10 cm DBH","Quercus cerris",9,0.0063617251235193305
1579,"Plot79","f","Stratum-W11-1","W11","3",14,"Plot79_14","Stems >=10 cm DBH","Quercus frainetto",14,0.015393804002589986
1592,"Plot79","f","Stratum-W11-1","W11","2",27,"Plot79_27","Stems >=10 cm DBH","Pinus radiata",24,0.04523893421169302
1571,"Plot79","f","Stratum-W11-1","W11","1",6,"Plot79_6","Stems 2.5-10 cm DBH","Quercus cerris",9,0.0063617251235193305
1578,"Plot79","f","Stratum-W11-1","W11","3",13,"Plot79_13","Stems >=10 cm DBH","Quercus frainetto",12,0.011309733552923255
1577,"Plot79","f","Stratum-W11-1","W11","2",12,"Plot79_12","Stems >=10 cm DBH","Pinus radiata",28,0.061575216010359944
1580,"Plot79","f","Stratum-W11-1","W11","3",15,"Plot79_15","Stems >=10 cm DBH","Quercus cerris",12,0.011309733552923255
1587,"Plot79","f","Stratum-W11-1","W11","2",22,"Plot79_22","Stems >=10 cm DBH","Quercus cerris",12,0.011309733552923255
1588,"Plot79","f","Stratum-W11-1","W11","2",23,"Plot79_23","Stems >=10 cm DBH","Quercus frainetto",17,0.022698006922186254
1585,"Plot79","f","Stratum-W11-1","W11","3",20,"Plot79_20","Stems >=10 cm DBH","Quercus cerris",10,0.007853981633974483
1568,"Plot79","f","Stratum-W11-1","W11","1",3,"Plot79_3","Stems >=10 cm DBH","Quercus cerris",12,0.011309733552923255
1586,"Plot79","f","Stratum-W11-1","W11","2",21,"Plot79_21","Stems >=10 cm DBH","Quercus frainetto",16,0.020106192982974676
1581,"Plot79","f","Stratum-W11-1","W11","3",16,"Plot79_16","Stems >=10 cm DBH","Quercus cerris",13,0.013273228961416876
1569,"Plot79","f","Stratum-W11-1","W11","1",4,"Plot79_4","Stems >=10 cm DBH","Quercus cerris",11,0.009503317777109124
1582,"Plot79","f","Stratum-W11-1","W11","3",17,"Plot79_17","Stems 2.5-10 cm DBH","Quercus frainetto",6,0.0028274333882308137
1599,"Plot80","f","Stratum-W11-1","W11","1",7,"Plot80_7","Stems >=10 cm DBH","Quercus cerris",18,0.025446900494077322
1600,"Plot80","f","Stratum-W11-1","W11","1",8,"Plot80_8","Stems >=10 cm DBH","Quercus cerris",21,0.03463605900582747
1598,"Plot80","f","Stratum-W11-1","W11","1",6,"Plot80_6","Stems 2.5-10 cm DBH","Quercus cerris",7,0.0038484510006474965
3781,"Plot80","f","Stratum-W11-1","W11","2",13,"Plot80_13","Stems 2.5-10 cm DBH","Phillyrea latifolia",2.5,4.908738521234052e-4
3782,"Plot80","f","Stratum-W11-1","W11","2",14,"Plot80_14","Stems 2.5-10 cm DBH","Arbutus unedo",5,0.001963495408493621
3783,"Plot80","f","Stratum-W11-1","W11","2",16,"Plot80_16","Stems 2.5-10 cm DBH","Arbutus unedo",4,0.0012566370614359172
1597,"Plot80","f","Stratum-W11-1","W11","3",5,"Plot80_5","Stems >=10 cm DBH","Quercus cerris",13,0.013273228961416876
1601,"Plot80","f","Stratum-W11-1","W11","1",9,"Plot80_9","Stems >=10 cm DBH","Quercus cerris",17,0.022698006922186254
1602,"Plot80","f","Stratum-W11-1","W11","1",10,"Plot80_10","Stems 2.5-10 cm DBH","Quercus cerris",8,0.005026548245743669
1596,"Plot80","f","Stratum-W11-1","W11","3",4,"Plot80_4","Stems >=10 cm DBH","Pinus radiata",25,0.04908738521234052
1611,"Plot80","f","Stratum-W11-1","W11","3",19,"Plot80_19","Stems 2.5-10 cm DBH","Arbutus unedo",4,0.0012566370614359172
3780,"Plot80","f","Stratum-W11-1","W11","1",12,"Plot80_12","Stems 2.5-10 cm DBH","Phillyrea latifolia",2.5,4.908738521234052e-4
4346,"Plot80","f","Stratum-W11-1","W11","2",14,"Plot80_14","Stems 2.5-10 cm DBH","Arbutus unedo",3,7.068583470577034e-4
4347,"Plot80","f","Stratum-W11-1","W11","3",19,"Plot80_19","Stems 2.5-10 cm DBH","Arbutus unedo",3,7.068583470577034e-4
1615,"Plot80","f","Stratum-W11-1","W11","2",23,"Plot80_23","Stems >=10 cm DBH","Quercus cerris",15,0.017671458676442587
1612,"Plot80","f","Stratum-W11-1","W11","1",20,"Plot80_20","Stems >=10 cm DBH","Quercus cerris",28,0.061575216010359944
1613,"Plot80","f","Stratum-W11-1","W11","1",21,"Plot80_21","Stems >=10 cm DBH","Quercus cerris",20,0.031415926535897934
3784,"Plot80","f","Stratum-W11-1","W11","3",19,"Plot80_19","Stems 2.5-10 cm DBH","Arbutus unedo",2.5,4.908738521234052e-4
1594,"Plot80","f","Stratum-W11-1","W11","2",2,"Plot80_2","Stems >=10 cm DBH","Quercus cerris",13,0.013273228961416876
3779,"Plot80","f","Stratum-W11-1","W11","1",7,"Plot80_7","Stems 2.5-10 cm DBH","Quercus cerris",9,0.0063617251235193305
3778,"Plot80","f","Stratum-W11-1","W11","1",6,"Plot80_6","Stems >=10 cm DBH","Quercus cerris",11,0.009503317777109124
1595,"Plot80","f","Stratum-W11-1","W11","2",3,"Plot80_3","Stems >=10 cm DBH","Juniperus oxycedrus",11,0.009503317777109124
1610,"Plot80","f","Stratum-W11-1","W11","3",18,"Plot80_18","Stems 2.5-10 cm DBH","Juniperus oxycedrus",5,0.001963495408493621
1606,"Plot80","f","Stratum-W11-1","W11","2",14,"Plot80_14","Stems 2.5-10 cm DBH","Arbutus unedo",7,0.0038484510006474965
1603,"Plot80","f","Stratum-W11-1","W11","1",11,"Plot80_11","Stems 2.5-10 cm DBH","Arbutus unedo",6,0.0028274333882308137
1593,"Plot80","f","Stratum-W11-1","W11","1",1,"Plot80_1","Stems >=10 cm DBH","Quercus cerris",17,0.022698006922186254
1614,"Plot80","f","Stratum-W11-1","W11","2",22,"Plot80_22","Stems >=10 cm DBH","Quercus cerris",22,0.0380132711084365
4345,"Plot80","f","Stratum-W11-1","W11","2",13,"Plot80_13","Stems 2.5-10 cm DBH","Phillyrea latifolia",4,0.0012566370614359172
4628,"Plot80","f","Stratum-W11-1","W11","2",14,"Plot80_14","Stems 2.5-10 cm DBH","Arbutus unedo",3,7.068583470577034e-4
4627,"Plot80","f","Stratum-W11-1","W11","2",13,"Plot80_13","Stems 2.5-10 cm DBH","Phillyrea latifolia",3,7.068583470577034e-4
1605,"Plot80","f","Stratum-W11-1","W11","2",13,"Plot80_13","Stems 2.5-10 cm DBH","Phillyrea latifolia",3,7.068583470577034e-4
1617,"Plot80","f","Stratum-W11-1","W11","3",25,"Plot80_25","Stems >=10 cm DBH","Quercus cerris",14,0.015393804002589986
1616,"Plot80","f","Stratum-W11-1","W11","3",24,"Plot80_24","Stems >=10 cm DBH","Quercus cerris",12,0.011309733552923255
1607,"Plot80","f","Stratum-W11-1","W11","2",15,"Plot80_15","Stems 2.5-10 cm DBH","Juniperus oxycedrus",6,0.0028274333882308137
1609,"Plot80","f","Stratum-W11-1","W11","3",17,"Plot80_17","Stems >=10 cm DBH","Quercus cerris",21,0.03463605900582747
4344,"Plot80","f","Stratum-W11-1","W11","1",12,"Plot80_12","Stems 2.5-10 cm DBH","Phillyrea latifolia",6,0.0028274333882308137
1604,"Plot80","f","Stratum-W11-1","W11","1",12,"Plot80_12","Stems 2.5-10 cm DBH","Phillyrea latifolia",5,0.001963495408493621
1608,"Plot80","f","Stratum-W11-1","W11","2",16,"Plot80_16","Stems 2.5-10 cm DBH","Arbutus unedo",3,7.068583470577034e-4
1638,"Plot81","f","Stratum-W11-1","W11","2",21,"Plot81_21","Stems >=10 cm DBH","Arbutus unedo",10,0.007853981633974483
4349,"Plot81","f","Stratum-W11-1","W11","3",9,"Plot81_9","Stems 2.5-10 cm DBH","Arbutus unedo",3,7.068583470577034e-4
1637,"Plot81","f","Stratum-W11-1","W11","1",20,"Plot81_20","Stems >=10 cm DBH","Quercus cerris",14,0.015393804002589986
1636,"Plot81","f","Stratum-W11-1","W11","1",19,"Plot81_19","Stems >=10 cm DBH","Quercus cerris",12,0.011309733552923255
4348,"Plot81","f","Stratum-W11-1","W11","2",6,"Plot81_6","Stems 2.5-10 cm DBH","Phillyrea latifolia",2.5,4.908738521234052e-4
3785,"Plot81","f","Stratum-W11-1","W11","1",1,"Plot81_1","Stems 2.5-10 cm DBH","Quercus cerris",3,7.068583470577034e-4
1627,"Plot81","f","Stratum-W11-1","W11","1",10,"Plot81_10","Stems >=10 cm DBH","Quercus cerris",12,0.011309733552923255
1628,"Plot81","f","Stratum-W11-1","W11","1",11,"Plot81_11","Stems >=10 cm DBH","Quercus cerris",19,0.02835287369864788
1625,"Plot81","f","Stratum-W11-1","W11","3",8,"Plot81_8","Stems >=10 cm DBH","Quercus cerris",16,0.020106192982974676
1626,"Plot81","f","Stratum-W11-1","W11","3",9,"Plot81_9","Stems 2.5-10 cm DBH","Arbutus unedo",6,0.0028274333882308137
1618,"Plot81","f","Stratum-W11-1","W11","1",1,"Plot81_1","Stems 2.5-10 cm DBH","Quercus cerris",4.5,0.0015904312808798326
1635,"Plot81","f","Stratum-W11-1","W11","1",18,"Plot81_18","Stems >=10 cm DBH","Quercus cerris",21,0.03463605900582747
4630,"Plot81","f","Stratum-W11-1","W11","3",9,"Plot81_9","Stems 2.5-10 cm DBH","Arbutus unedo",2.5,4.908738521234052e-4
1624,"Plot81","f","Stratum-W11-1","W11","3",7,"Plot81_7","Stems >=10 cm DBH","Quercus cerris",18,0.025446900494077322
4752,"Plot81","f","Stratum-W11-1","W11","2",6,"Plot81_6","Stems 2.5-10 cm DBH","Phillyrea latifolia",2.5,4.908738521234052e-4
3788,"Plot81","f","Stratum-W11-1","W11","3",9,"Plot81_9","Stems 2.5-10 cm DBH","Arbutus unedo",4,0.0012566370614359172
1639,"Plot81","f","Stratum-W11-1","W11","2",22,"Plot81_22","Stems >=10 cm DBH","Quercus cerris",14,0.015393804002589986
3786,"Plot81","f","Stratum-W11-1","W11","1",2,"Plot81_2","Stems 2.5-10 cm DBH","Phillyrea latifolia",2.5,4.908738521234052e-4
1620,"Plot81","f","Stratum-W11-1","W11","1",3,"Plot81_3","Stems >=10 cm DBH","Quercus cerris",17,0.022698006922186254
1621,"Plot81","f","Stratum-W11-1","W11","2",4,"Plot81_4","Stems >=10 cm DBH","Quercus cerris",14,0.015393804002589986
3789,"Plot81","f","Stratum-W11-1","W11","2",21,"Plot81_21","Stems >=10 cm DBH","Arbutus unedo",12,0.011309733552923255
1619,"Plot81","f","Stratum-W11-1","W11","1",2,"Plot81_2","Stems 2.5-10 cm DBH","Phillyrea latifolia",2.5,4.908738521234052e-4
1631,"Plot81","f","Stratum-W11-1","W11","2",14,"Plot81_14","Stems >=10 cm DBH","Quercus cerris",10,0.007853981633974483
3787,"Plot81","f","Stratum-W11-1","W11","2",6,"Plot81_6","Stems 2.5-10 cm DBH","Phillyrea latifolia",3,7.068583470577034e-4
1622,"Plot81","f","Stratum-W11-1","W11","2",5,"Plot81_5","Stems 2.5-10 cm DBH","Juniperus oxycedrus",3.5,9.621127501618741e-4
1623,"Plot81","f","Stratum-W11-1","W11","2",6,"Plot81_6","Stems 2.5-10 cm DBH","Phillyrea latifolia",3,7.068583470577034e-4
4629,"Plot81","f","Stratum-W11-1","W11","2",6,"Plot81_6","Stems 2.5-10 cm DBH","Phillyrea latifolia",2.5,4.908738521234052e-4
1632,"Plot81","f","Stratum-W11-1","W11","2",15,"Plot81_15","Stems >=10 cm DBH","Quercus cerris",10.5,0.008659014751456867
1629,"Plot81","f","Stratum-W11-1","W11","1",12,"Plot81_12","Stems >=10 cm DBH","Quercus cerris",10,0.007853981633974483
1630,"Plot81","f","Stratum-W11-1","W11","2",13,"Plot81_13","Stems >=10 cm DBH","Quercus cerris",11,0.009503317777109124
1641,"Plot81","f","Stratum-W11-1","W11","3",24,"Plot81_24","Stems >=10 cm DBH","Quercus cerris",12,0.011309733552923255
1642,"Plot81","f","Stratum-W11-1","W11","3",25,"Plot81_25","Stems >=10 cm DBH","Quercus cerris",22,0.0380132711084365
1633,"Plot81","f","Stratum-W11-1","W11","3",16,"Plot81_16","Stems >=10 cm DBH","Quercus cerris",15,0.017671458676442587
1634,"Plot81","f","Stratum-W11-1","W11","3",17,"Plot81_17","Stems >=10 cm DBH","Quercus cerris",18,0.025446900494077322
1640,"Plot81","f","Stratum-W11-1","W11","3",23,"Plot81_23","Stems >=10 cm DBH","Quercus cerris",11,0.009503317777109124
1649,"Plot82","f","Stratum-W11-1","W11","2",7,"Plot82_7","Stems >=10 cm DBH","Quercus cerris",12,0.011309733552923255
1650,"Plot82","f","Stratum-W11-1","W11","2",8,"Plot82_8","Stems >=10 cm DBH","Pinus radiata",26,0.053092915845667506
3791,"Plot82","f","Stratum-W11-1","W11","2",13,"Plot82_13","Stems 2.5-10 cm DBH","Arbutus unedo",2.5,4.908738521234052e-4
1648,"Plot82","f","Stratum-W11-1","W11","2",6,"Plot82_6","Stems >=10 cm DBH","Quercus cerris",17,0.022698006922186254
4350,"Plot82","f","Stratum-W11-1","W11","2",13,"Plot82_13","Stems 2.5-10 cm DBH","Arbutus unedo",2.5,4.908738521234052e-4
3790,"Plot82","f","Stratum-W11-1","W11","1",4,"Plot82_4","Stems 2.5-10 cm DBH","Arbutus unedo",2.5,4.908738521234052e-4
1651,"Plot82","f","Stratum-W11-1","W11","3",9,"Plot82_9","Stems >=10 cm DBH","Quercus cerris",16,0.020106192982974676
1652,"Plot82","f","Stratum-W11-1","W11","2",10,"Plot82_10","Stems >=10 cm DBH","Quercus cerris",12,0.011309733552923255
1647,"Plot82","f","Stratum-W11-1","W11","1",5,"Plot82_5","Stems 2.5-10 cm DBH","Phillyrea latifolia",2.5,4.908738521234052e-4
3792,"Plot82","f","Stratum-W11-1","W11","2",14,"Plot82_14","Stems 2.5-10 cm DBH","Phillyrea latifolia",3,7.068583470577034e-4
1646,"Plot82","f","Stratum-W11-1","W11","1",4,"Plot82_4","Stems 2.5-10 cm DBH","Arbutus unedo",2.5,4.908738521234052e-4
1655,"Plot82","f","Stratum-W11-1","W11","2",13,"Plot82_13","Stems 2.5-10 cm DBH","Arbutus unedo",3.5,9.621127501618741e-4
1643,"Plot82","f","Stratum-W11-1","W11","1",1,"Plot82_1","Stems >=10 cm DBH","Pinus radiata",26,0.053092915845667506
1654,"Plot82","f","Stratum-W11-1","W11","3",12,"Plot82_12","Stems >=10 cm DBH","Pinus radiata",30,0.07068583470577035
1645,"Plot82","f","Stratum-W11-1","W11","1",3,"Plot82_3","Stems >=10 cm DBH","Pinus radiata",26,0.053092915845667506
1644,"Plot82","f","Stratum-W11-1","W11","1",2,"Plot82_2","Stems >=10 cm DBH","Pinus radiata",27,0.05725552611167398
1653,"Plot82","f","Stratum-W11-1","W11","3",11,"Plot82_11","Stems >=10 cm DBH","Pinus radiata",24,0.04523893421169302
1656,"Plot82","f","Stratum-W11-1","W11","2",14,"Plot82_14","Stems 2.5-10 cm DBH","Phillyrea latifolia",3,7.068583470577034e-4
1677,"Plot83","f","Stratum-W11-1","W11","3",21,"Plot83_21","Stems >=10 cm DBH","Quercus coccifera",12,0.011309733552923255
1663,"Plot83","f","Stratum-W11-1","W11","2",7,"Plot83_7","Stems >=10 cm DBH","Quercus cerris",12,0.011309733552923255
1667,"Plot83","f","Stratum-W11-1","W11","2",11,"Plot83_11","Stems >=10 cm DBH","Pinus radiata",10,0.007853981633974483
1664,"Plot83","f","Stratum-W11-1","W11","2",8,"Plot83_8","Stems 2.5-10 cm DBH","Phillyrea latifolia",5,0.001963495408493621
4631,"Plot83","f","Stratum-W11-1","W11","2",8,"Plot83_8","Stems 2.5-10 cm DBH","Phillyrea latifolia",4,0.0012566370614359172
3795,"Plot83","f","Stratum-W11-1","W11","3",19,"Plot83_19","Stems 2.5-10 cm DBH","Phillyrea latifolia",3,7.068583470577034e-4
1676,"Plot83","f","Stratum-W11-1","W11","3",20,"Plot83_20","Stems 2.5-10 cm DBH","Phillyrea latifolia",2.5,4.908738521234052e-4
1666,"Plot83","f","Stratum-W11-1","W11","2",10,"Plot83_10","Stems >=10 cm DBH","Pinus radiata",11,0.009503317777109124
4351,"Plot83","f","Stratum-W11-1","W11","2",8,"Plot83_8","Stems 2.5-10 cm DBH","Phillyrea latifolia",3,7.068583470577034e-4
1665,"Plot83","f","Stratum-W11-1","W11","2",9,"Plot83_9","Stems >=10 cm DBH","Pinus radiata",36,0.10178760197630929
1675,"Plot83","f","Stratum-W11-1","W11","3",19,"Plot83_19","Stems 2.5-10 cm DBH","Phillyrea latifolia",4,0.0012566370614359172
3793,"Plot83","f","Stratum-W11-1","W11","2",6,"Plot83_6","Stems 2.5-10 cm DBH","Phillyrea latifolia",2.5,4.908738521234052e-4
3794,"Plot83","f","Stratum-W11-1","W11","2",8,"Plot83_8","Stems 2.5-10 cm DBH","Phillyrea latifolia",3,7.068583470577034e-4
3796,"Plot83","f","Stratum-W11-1","W11","3",20,"Plot83_20","Stems 2.5-10 cm DBH","Phillyrea latifolia",3,7.068583470577034e-4
1662,"Plot83","f","Stratum-W11-1","W11","2",6,"Plot83_6","Stems 2.5-10 cm DBH","Phillyrea latifolia",3,7.068583470577034e-4
4352,"Plot83","f","Stratum-W11-1","W11","3",20,"Plot83_20","Stems 2.5-10 cm DBH","Phillyrea latifolia",3,7.068583470577034e-4
1668,"Plot83","f","Stratum-W11-1","W11","2",12,"Plot83_12","Stems 2.5-10 cm DBH","Quercus cerris",4,0.0012566370614359172
1661,"Plot83","f","Stratum-W11-1","W11","1",5,"Plot83_5","Stems >=10 cm DBH","Quercus cerris",16,0.020106192982974676
1657,"Plot83","f","Stratum-W11-1","W11","1",1,"Plot83_1","Stems >=10 cm DBH","Pinus radiata",33,0.08552985999398212
1658,"Plot83","f","Stratum-W11-1","W11","1",2,"Plot83_2","Stems 2.5-10 cm DBH","Phillyrea latifolia",2.5,4.908738521234052e-4
1659,"Plot83","f","Stratum-W11-1","W11","1",3,"Plot83_3","Stems >=10 cm DBH","Quercus cerris",19,0.02835287369864788
1660,"Plot83","f","Stratum-W11-1","W11","1",4,"Plot83_4","Stems >=10 cm DBH","Quercus cerris",11,0.009503317777109124
1674,"Plot83","f","Stratum-W11-1","W11","3",18,"Plot83_18","Stems 2.5-10 cm DBH","Quercus cerris",6,0.0028274333882308137
1678,"Plot83","f","Stratum-W11-1","W11","3",22,"Plot83_22","Stems >=10 cm DBH","Quercus coccifera",14,0.015393804002589986
1671,"Plot83","f","Stratum-W11-1","W11","3",15,"Plot83_15","Stems >=10 cm DBH","Pinus radiata",24,0.04523893421169302
1672,"Plot83","f","Stratum-W11-1","W11","3",16,"Plot83_16","Stems >=10 cm DBH","Quercus cerris",13,0.013273228961416876
1669,"Plot83","f","Stratum-W11-1","W11","2",13,"Plot83_13","Stems 2.5-10 cm DBH","Quercus cerris",5,0.001963495408493621
1670,"Plot83","f","Stratum-W11-1","W11","2",14,"Plot83_14","Stems 2.5-10 cm DBH","Phillyrea latifolia",3,7.068583470577034e-4
1673,"Plot83","f","Stratum-W11-1","W11","3",17,"Plot83_17","Stems 2.5-10 cm DBH","Quercus cerris",7,0.0038484510006474965
3798,"Plot84","f","Stratum-W11-1","W11","1",6,"Plot84_6","Stems 2.5-10 cm DBH","Phillyrea latifolia",4,0.0012566370614359172
3799,"Plot84","f","Stratum-W11-1","W11","2",12,"Plot84_12","Stems 2.5-10 cm DBH","Phillyrea latifolia",2.5,4.908738521234052e-4
1689,"Plot84","f","Stratum-W11-1","W11","2",11,"Plot84_11","Stems >=10 cm DBH","Pinus brutia",18,0.025446900494077322
1702,"Plot84","f","Stratum-W11-1","W11","3",24,"Plot84_24","Stems >=10 cm DBH","Pinus brutia",20,0.031415926535897934
1690,"Plot84","f","Stratum-W11-1","W11","2",12,"Plot84_12","Stems 2.5-10 cm DBH","Phillyrea latifolia",4,0.0012566370614359172
3797,"Plot84","f","Stratum-W11-1","W11","1",5,"Plot84_5","Stems 2.5-10 cm DBH","Phillyrea latifolia",3,7.068583470577034e-4
4633,"Plot84","f","Stratum-W11-1","W11","2",13,"Plot84_13","Stems 2.5-10 cm DBH","Phillyrea latifolia",3,7.068583470577034e-4
3800,"Plot84","f","Stratum-W11-1","W11","2",13,"Plot84_13","Stems 2.5-10 cm DBH","Phillyrea latifolia",2.5,4.908738521234052e-4
3801,"Plot84","f","Stratum-W11-1","W11","3",20,"Plot84_20","Stems 2.5-10 cm DBH","Phillyrea latifolia",3,7.068583470577034e-4
1691,"Plot84","f","Stratum-W11-1","W11","2",13,"Plot84_13","Stems 2.5-10 cm DBH","Phillyrea latifolia",8.5,0.0056745017305465635
4632,"Plot84","f","Stratum-W11-1","W11","1",6,"Plot84_6","Stems >=10 cm DBH","Phillyrea latifolia",33,0.08552985999398212
1688,"Plot84","f","Stratum-W11-1","W11","2",10,"Plot84_10","Stems >=10 cm DBH","Pinus brutia",19,0.02835287369864788
1693,"Plot84","f","Stratum-W11-1","W11","2",15,"Plot84_15","Stems >=10 cm DBH","Pinus brutia",12,0.011309733552923255
4353,"Plot84","f","Stratum-W11-1","W11","1",5,"Plot84_5","Stems 2.5-10 cm DBH","Phillyrea latifolia",4,0.0012566370614359172
4354,"Plot84","f","Stratum-W11-1","W11","1",6,"Plot84_6","Stems 2.5-10 cm DBH","Phillyrea latifolia",2.5,4.908738521234052e-4
1692,"Plot84","f","Stratum-W11-1","W11","2",14,"Plot84_14","Stems >=10 cm DBH","Pinus brutia",16,0.020106192982974676
4356,"Plot84","f","Stratum-W11-1","W11","3",20,"Plot84_20","Stems 2.5-10 cm DBH","Phillyrea latifolia",2.5,4.908738521234052e-4
1685,"Plot84","f","Stratum-W11-1","W11","1",7,"Plot84_7","Stems >=10 cm DBH","Pinus brutia",12,0.011309733552923255
1686,"Plot84","f","Stratum-W11-1","W11","1",8,"Plot84_8","Stems >=10 cm DBH","Pinus brutia",18,0.025446900494077322
4355,"Plot84","f","Stratum-W11-1","W11","2",13,"Plot84_13","Stems 2.5-10 cm DBH","Phillyrea latifolia",7.5,0.004417864669110647
1701,"Plot84","f","Stratum-W11-1","W11","3",23,"Plot84_23","Stems >=10 cm DBH","Pinus brutia",14,0.015393804002589986
1697,"Plot84","f","Stratum-W11-1","W11","3",19,"Plot84_19","Stems >=10 cm DBH","Pinus brutia",12,0.011309733552923255
1695,"Plot84","f","Stratum-W11-1","W11","3",17,"Plot84_17","Stems >=10 cm DBH","Pinus brutia",16,0.020106192982974676
1687,"Plot84","f","Stratum-W11-1","W11","2",9,"Plot84_9","Stems >=10 cm DBH","Pinus brutia",18,0.025446900494077322
1681,"Plot84","f","Stratum-W11-1","W11","1",3,"Plot84_3","Stems >=10 cm DBH","Quercus cerris",13,0.013273228961416876
1694,"Plot84","f","Stratum-W11-1","W11","3",16,"Plot84_16","Stems >=10 cm DBH","Pinus brutia",14,0.015393804002589986
1698,"Plot84","f","Stratum-W11-1","W11","3",20,"Plot84_20","Stems 2.5-10 cm DBH","Phillyrea latifolia",4,0.0012566370614359172
1696,"Plot84","f","Stratum-W11-1","W11","3",18,"Plot84_18","Stems >=10 cm DBH","Pinus brutia",14,0.015393804002589986
1700,"Plot84","f","Stratum-W11-1","W11","3",22,"Plot84_22","Stems >=10 cm DBH","Pinus brutia",19,0.02835287369864788
1682,"Plot84","f","Stratum-W11-1","W11","1",4,"Plot84_4","Stems >=10 cm DBH","Quercus cerris",12,0.011309733552923255
1699,"Plot84","f","Stratum-W11-1","W11","3",21,"Plot84_21","Stems >=10 cm DBH","Phillyrea latifolia",25,0.04908738521234052
1680,"Plot84","f","Stratum-W11-1","W11","1",2,"Plot84_2","Stems >=10 cm DBH","Pinus brutia",28,0.061575216010359944
1679,"Plot84","f","Stratum-W11-1","W11","1",1,"Plot84_1","Stems >=10 cm DBH","Pinus brutia",32,0.0804247719318987
1684,"Plot84","f","Stratum-W11-1","W11","1",6,"Plot84_6","Stems 2.5-10 cm DBH","Phillyrea latifolia",3,7.068583470577034e-4
1683,"Plot84","f","Stratum-W11-1","W11","1",5,"Plot84_5","Stems 2.5-10 cm DBH","Phillyrea latifolia",8,0.005026548245743669
1704,"Plot97","f","Stratum-W11-2","W11","1",2,"Plot97_2","Stems 2.5-10 cm DBH","Fagus sylvatica",2.5,4.908738521234052e-4
1703,"Plot97","f","Stratum-W11-2","W11","1",1,"Plot97_1","Stems 2.5-10 cm DBH","Fagus sylvatica",2.5,4.908738521234052e-4
1705,"Plot97","f","Stratum-W11-2","W11","1",3,"Plot97_3","Stems 2.5-10 cm DBH","Fagus sylvatica",2.5,4.908738521234052e-4
1708,"Plot97","f","Stratum-W11-2","W11","2",6,"Plot97_6","Stems 2.5-10 cm DBH","Quercus cerris",5,0.001963495408493621
1716,"Plot97","f","Stratum-W11-2","W11","3",14,"Plot97_14","Stems 2.5-10 cm DBH","Fagus sylvatica",5,0.001963495408493621
4634,"Plot97","f","Stratum-W11-2","W11","3",14,"Plot97_14","Stems 2.5-10 cm DBH","Fagus sylvatica",3,7.068583470577034e-4
1717,"Plot97","f","Stratum-W11-2","W11","3",15,"Plot97_15","Stems 2.5-10 cm DBH","Fagus sylvatica",5,0.001963495408493621
1715,"Plot97","f","Stratum-W11-2","W11","3",13,"Plot97_13","Stems 2.5-10 cm DBH","Fagus sylvatica",4.5,0.0015904312808798326
1711,"Plot97","f","Stratum-W11-2","W11","2",9,"Plot97_9","Stems 2.5-10 cm DBH","Fagus sylvatica",2.5,4.908738521234052e-4
1706,"Plot97","f","Stratum-W11-2","W11","1",4,"Plot97_4","Stems 2.5-10 cm DBH","Fagus sylvatica",2.5,4.908738521234052e-4
3802,"Plot97","f","Stratum-W11-2","W11","3",13,"Plot97_13","Stems 2.5-10 cm DBH","Fagus sylvatica",2.5,4.908738521234052e-4
1710,"Plot97","f","Stratum-W11-2","W11","2",8,"Plot97_8","Stems 2.5-10 cm DBH","Fagus sylvatica",2.5,4.908738521234052e-4
1707,"Plot97","f","Stratum-W11-2","W11","1",5,"Plot97_5","Stems >=10 cm DBH","Fagus sylvatica",53,0.22061834409834324
1714,"Plot97","f","Stratum-W11-2","W11","3",12,"Plot97_12","Stems 2.5-10 cm DBH","Fagus sylvatica",3,7.068583470577034e-4
4357,"Plot97","f","Stratum-W11-2","W11","3",14,"Plot97_14","Stems 2.5-10 cm DBH","Fagus sylvatica",3,7.068583470577034e-4
1712,"Plot97","f","Stratum-W11-2","W11","2",10,"Plot97_10","Stems 2.5-10 cm DBH","Fagus sylvatica",2.5,4.908738521234052e-4
1713,"Plot97","f","Stratum-W11-2","W11","3",11,"Plot97_11","Stems 2.5-10 cm DBH","Juniperus oxycedrus",4,0.0012566370614359172
1709,"Plot97","f","Stratum-W11-2","W11","2",7,"Plot97_7","Stems 2.5-10 cm DBH","Quercus cerris",7,0.0038484510006474965
3803,"Plot97","f","Stratum-W11-2","W11","3",14,"Plot97_14","Stems 2.5-10 cm DBH","Fagus sylvatica",3.5,9.621127501618741e-4
1722,"Plot98","f","Stratum-W11-2","W11","2",5,"Plot98_5","Stems 2.5-10 cm DBH","Carpinus orientalis",3,7.068583470577034e-4
4360,"Plot98","f","Stratum-W11-2","W11","3",8,"Plot98_8","Stems 2.5-10 cm DBH","Carpinus orientalis",2.5,4.908738521234052e-4
1718,"Plot98","f","Stratum-W11-2","W11","1",1,"Plot98_1","Stems >=10 cm DBH","Carpinus orientalis",10,0.007853981633974483
3808,"Plot98","f","Stratum-W11-2","W11","3",8,"Plot98_8","Stems 2.5-10 cm DBH","Carpinus orientalis",3,7.068583470577034e-4
1719,"Plot98","f","Stratum-W11-2","W11","1",2,"Plot98_2","Stems 2.5-10 cm DBH","Carpinus orientalis",2.5,4.908738521234052e-4
4358,"Plot98","f","Stratum-W11-2","W11","2",4,"Plot98_4","Stems 2.5-10 cm DBH","Carpinus orientalis",5,0.001963495408493621
4359,"Plot98","f","Stratum-W11-2","W11","2",5,"Plot98_5","Stems 2.5-10 cm DBH","Carpinus orientalis",2.5,4.908738521234052e-4
1720,"Plot98","f","Stratum-W11-2","W11","1",3,"Plot98_3","Stems 2.5-10 cm DBH","Carpinus orientalis",3,7.068583470577034e-4
1723,"Plot98","f","Stratum-W11-2","W11","3",6,"Plot98_6","Stems >=10 cm DBH","Carpinus orientalis",12,0.011309733552923255
1725,"Plot98","f","Stratum-W11-2","W11","3",8,"Plot98_8","Stems 2.5-10 cm DBH","Carpinus orientalis",3,7.068583470577034e-4
3806,"Plot98","f","Stratum-W11-2","W11","2",4,"Plot98_4","Stems 2.5-10 cm DBH","Carpinus orientalis",2.5,4.908738521234052e-4
1721,"Plot98","f","Stratum-W11-2","W11","2",4,"Plot98_4","Stems 2.5-10 cm DBH","Carpinus orientalis",2.5,4.908738521234052e-4
3804,"Plot98","f","Stratum-W11-2","W11","1",2,"Plot98_2","Stems 2.5-10 cm DBH","Carpinus orientalis",2.5,4.908738521234052e-4
3805,"Plot98","f","Stratum-W11-2","W11","1",3,"Plot98_3","Stems 2.5-10 cm DBH","Carpinus orientalis",2.5,4.908738521234052e-4
4635,"Plot98","f","Stratum-W11-2","W11","2",4,"Plot98_4","Stems 2.5-10 cm DBH","Carpinus orientalis",3,7.068583470577034e-4
3807,"Plot98","f","Stratum-W11-2","W11","2",5,"Plot98_5","Stems 2.5-10 cm DBH","Carpinus orientalis",2.5,4.908738521234052e-4
1724,"Plot98","f","Stratum-W11-2","W11","3",7,"Plot98_7","Stems 2.5-10 cm DBH","Quercus petraea",6,0.0028274333882308137
1735,"Plot99","f","Stratum-W11-2","W11","3",10,"Plot99_10","Stems >=10 cm DBH","Quercus cerris",18.5,0.02688025214227767
3810,"Plot99","f","Stratum-W11-2","W11","2",8,"Plot99_8","Stems >=10 cm DBH","Pyrus spinosa",14,0.015393804002589986
1734,"Plot99","f","Stratum-W11-2","W11","3",9,"Plot99_9","Stems >=10 cm DBH","Quercus cerris",16,0.020106192982974676
1733,"Plot99","f","Stratum-W11-2","W11","2",8,"Plot99_8","Stems >=10 cm DBH","Pyrus spinosa",16,0.020106192982974676
1736,"Plot99","f","Stratum-W11-2","W11","3",11,"Plot99_11","Stems 2.5-10 cm DBH","Quercus cerris",4,0.0012566370614359172
1726,"Plot99","f","Stratum-W11-2","W11","1",1,"Plot99_1","Stems >=10 cm DBH","Pyrus spinosa",10.5,0.008659014751456867
3809,"Plot99","f","Stratum-W11-2","W11","1",3,"Plot99_3","Stems 2.5-10 cm DBH","Quercus cerris",3,7.068583470577034e-4
1732,"Plot99","f","Stratum-W11-2","W11","2",7,"Plot99_7","Stems >=10 cm DBH","Quercus cerris",18,0.025446900494077322
4361,"Plot99","f","Stratum-W11-2","W11","1",3,"Plot99_3","Stems 2.5-10 cm DBH","Quercus cerris",2.5,4.908738521234052e-4
1729,"Plot99","f","Stratum-W11-2","W11","2",4,"Plot99_4","Stems >=10 cm DBH","Quercus cerris",14,0.015393804002589986
1730,"Plot99","f","Stratum-W11-2","W11","2",5,"Plot99_5","Stems >=10 cm DBH","Quercus cerris",11,0.009503317777109124
1737,"Plot99","f","Stratum-W11-2","W11","3",12,"Plot99_12","Stems 2.5-10 cm DBH","Quercus cerris",3,7.068583470577034e-4
1728,"Plot99","f","Stratum-W11-2","W11","1",3,"Plot99_3","Stems 2.5-10 cm DBH","Quercus cerris",3,7.068583470577034e-4
1738,"Plot99","f","Stratum-W11-2","W11","3",13,"Plot99_13","Stems >=10 cm DBH","Quercus frainetto",28,0.061575216010359944
1727,"Plot99","f","Stratum-W11-2","W11","1",2,"Plot99_2","Stems >=10 cm DBH","Quercus cerris",12,0.011309733552923255
1731,"Plot99","f","Stratum-W11-2","W11","2",6,"Plot99_6","Stems 2.5-10 cm DBH","Pyrus spinosa",4.5,0.0015904312808798326
1740,"PlotBm100","b","W17","W17","2",2,"PlotBm100_2","Stems >=10 cm DBH","Carpinus orientalis",17,0.022698006922186254
1744,"PlotBm100","b","W17","W17","3",6,"PlotBm100_6","Stems >=10 cm DBH","Carpinus orientalis",14,0.015393804002589986
1739,"PlotBm100","b","W17","W17","1",1,"PlotBm100_1","Stems >=10 cm DBH","Quercus pubescens",30,0.07068583470577035
1743,"PlotBm100","b","W17","W17","3",5,"PlotBm100_5","Stems >=10 cm DBH","Quercus pubescens",52,0.21237166338267002
1741,"PlotBm100","b","W17","W17","2",3,"PlotBm100_3","Stems >=10 cm DBH","Carpinus orientalis",18,0.025446900494077322
1742,"PlotBm100","b","W17","W17","3",4,"PlotBm100_4","Stems >=10 cm DBH","Quercus pubescens",46,0.16619025137490004
1750,"PlotBm101","b","W17","W17","3",6,"PlotBm101_6","Stems >=10 cm DBH","Quercus pubescens",42,0.13854423602330987
1749,"PlotBm101","b","W17","W17","2",5,"PlotBm101_5","Stems >=10 cm DBH","Ostrya carpinifolia",18,0.025446900494077322
1746,"PlotBm101","b","W17","W17","1",2,"PlotBm101_2","Stems >=10 cm DBH","Quercus pubescens",33,0.08552985999398212
1745,"PlotBm101","b","W17","W17","1",1,"PlotBm101_1","Stems >=10 cm DBH","Quercus pubescens",26,0.053092915845667506
1748,"PlotBm101","b","W17","W17","2",4,"PlotBm101_4","Stems >=10 cm DBH","Quercus pubescens",27,0.05725552611167398
4362,"PlotBm101","b","W17","W17","3",8,"PlotBm101_8","Stems 2.5-10 cm DBH","Cornus mas",7,0.0038484510006474965
3811,"PlotBm101","b","W17","W17","3",8,"PlotBm101_8","Stems 2.5-10 cm DBH","Cornus mas",6,0.0028274333882308137
1747,"PlotBm101","b","W17","W17","2",3,"PlotBm101_3","Stems >=10 cm DBH","Quercus pubescens",25,0.04908738521234052
1752,"PlotBm101","b","W17","W17","3",8,"PlotBm101_8","Stems 2.5-10 cm DBH","Cornus mas",4,0.0012566370614359172
1753,"PlotBm101","b","W17","W17","3",9,"PlotBm101_9","Stems >=10 cm DBH","Quercus pubescens",26,0.053092915845667506
1751,"PlotBm101","b","W17","W17","3",7,"PlotBm101_7","Stems >=10 cm DBH","Quercus pubescens",24,0.04523893421169302
4636,"PlotBm101","b","W17","W17","3",8,"PlotBm101_8","Stems 2.5-10 cm DBH","Cornus mas",6,0.0028274333882308137
3812,"PlotBm102","b","W17","W17","2",2,"PlotBm102_2","Stems 2.5-10 cm DBH","Paliurus spina-christi",5,0.001963495408493621
1759,"PlotBm102","b","W17","W17","3",6,"PlotBm102_6","Stems >=10 cm DBH","Quercus pubescens",42,0.13854423602330987
1760,"PlotBm102","b","W17","W17","3",7,"PlotBm102_7","Stems >=10 cm DBH","Juniperus oxycedrus",14,0.015393804002589986
4363,"PlotBm102","b","W17","W17","2",2,"PlotBm102_2","Stems 2.5-10 cm DBH","Paliurus spina-christi",4,0.0012566370614359172
1754,"PlotBm102","b","W17","W17","1",1,"PlotBm102_1","Stems >=10 cm DBH","Quercus pubescens",33,0.08552985999398212
1755,"PlotBm102","b","W17","W17","2",2,"PlotBm102_2","Stems 2.5-10 cm DBH","Paliurus spina-christi",3,7.068583470577034e-4
1756,"PlotBm102","b","W17","W17","3",3,"PlotBm102_3","Stems >=10 cm DBH","Quercus pubescens",32,0.0804247719318987
4637,"PlotBm102","b","W17","W17","2",2,"PlotBm102_2","Stems 2.5-10 cm DBH","Paliurus spina-christi",3,7.068583470577034e-4
1758,"PlotBm102","b","W17","W17","3",5,"PlotBm102_5","Stems >=10 cm DBH","Quercus pubescens",18,0.025446900494077322
1757,"PlotBm102","b","W17","W17","3",4,"PlotBm102_4","Stems >=10 cm DBH","Quercus pubescens",24,0.04523893421169302
1768,"PlotBm103","b","W17","W17","3",8,"PlotBm103_8","Stems >=10 cm DBH","Cercis siliquastrum",17,0.022698006922186254
1764,"PlotBm103","b","W17","W17","1",4,"PlotBm103_4","Stems 2.5-10 cm DBH","Juniperus oxycedrus",8,0.005026548245743669
4364,"PlotBm103","b","W17","W17","1",6,"PlotBm103_6","Stems >=10 cm DBH","Quercus pubescens",11,0.009503317777109124
3814,"PlotBm103","b","W17","W17","1",7,"PlotBm103_7","Stems >=10 cm DBH","Carpinus orientalis",19,0.02835287369864788
1763,"PlotBm103","b","W17","W17","1",3,"PlotBm103_3","Stems 2.5-10 cm DBH","Juniperus oxycedrus",9,0.0063617251235193305
1765,"PlotBm103","b","W17","W17","1",5,"PlotBm103_5","Stems 2.5-10 cm DBH","Carpinus orientalis",4,0.0012566370614359172
3813,"PlotBm103","b","W17","W17","1",6,"PlotBm103_6","Stems >=10 cm DBH","Quercus pubescens",31,0.07547676350249478
1767,"PlotBm103","b","W17","W17","1",7,"PlotBm103_7","Stems >=10 cm DBH","Carpinus orientalis",22,0.0380132711084365
1762,"PlotBm103","b","W17","W17","1",2,"PlotBm103_2","Stems >=10 cm DBH","Quercus pubescens",43,0.14522012041218818
1766,"PlotBm103","b","W17","W17","1",6,"PlotBm103_6","Stems >=10 cm DBH","Quercus pubescens",22,0.0380132711084365
1761,"PlotBm103","b","W17","W17","1",1,"PlotBm103_1","Stems >=10 cm DBH","Quercus pubescens",14,0.015393804002589986
1770,"PlotBm104","b","W17","W17","1",2,"PlotBm104_2","Stems >=10 cm DBH","Juniperus oxycedrus",12,0.011309733552923255
3815,"PlotBm104","b","W17","W17","1",2,"PlotBm104_2","Stems >=10 cm DBH","Juniperus oxycedrus",13,0.013273228961416876
1771,"PlotBm104","b","W17","W17","2",3,"PlotBm104_3","Stems >=10 cm DBH","Juniperus oxycedrus",10,0.007853981633974483
1769,"PlotBm104","b","W17","W17","1",1,"PlotBm104_1","Stems >=10 cm DBH","Quercus pubescens",33,0.08552985999398212
1772,"PlotBm104","b","W17","W17","3",4,"PlotBm104_4","Stems >=10 cm DBH","Quercus pubescens",47,0.17349445429449634
1774,"PlotBm105","b","W17","W17","1",2,"PlotBm105_2","Stems >=10 cm DBH","Quercus pubescens",47,0.17349445429449634
1776,"PlotBm105","b","W17","W17","2",4,"PlotBm105_4","Stems >=10 cm DBH","Juniperus oxycedrus",21,0.03463605900582747
1775,"PlotBm105","b","W17","W17","1",3,"PlotBm105_3","Stems >=10 cm DBH","Carpinus orientalis",22,0.0380132711084365
4365,"PlotBm105","b","W17","W17","2",6,"PlotBm105_6","Stems 2.5-10 cm DBH","Juniperus oxycedrus",7,0.0038484510006474965
1773,"PlotBm105","b","W17","W17","1",1,"PlotBm105_1","Stems >=10 cm DBH","Quercus pubescens",42,0.13854423602330987
3816,"PlotBm105","b","W17","W17","2",4,"PlotBm105_4","Stems 2.5-10 cm DBH","Juniperus oxycedrus",9,0.0063617251235193305
3817,"PlotBm105","b","W17","W17","2",6,"PlotBm105_6","Stems 2.5-10 cm DBH","Juniperus oxycedrus",5,0.001963495408493621
1777,"PlotBm105","b","W17","W17","2",5,"PlotBm105_5","Stems >=10 cm DBH","Juniperus oxycedrus",19,0.02835287369864788
1778,"PlotBm105","b","W17","W17","2",6,"PlotBm105_6","Stems >=10 cm DBH","Juniperus oxycedrus",12,0.011309733552923255
1784,"PlotBm106","b","W17","W17","2",6,"PlotBm106_6","Stems >=10 cm DBH","Quercus pubescens",26,0.053092915845667506
1781,"PlotBm106","b","W17","W17","2",3,"PlotBm106_3","Stems >=10 cm DBH","Carpinus orientalis",14,0.015393804002589986
1785,"PlotBm106","b","W17","W17","2",7,"PlotBm106_7","Stems >=10 cm DBH","Quercus pubescens",25,0.04908738521234052
1787,"PlotBm106","b","W17","W17","3",9,"PlotBm106_9","Stems >=10 cm DBH","Carpinus orientalis",22,0.0380132711084365
1782,"PlotBm106","b","W17","W17","2",4,"PlotBm106_4","Stems >=10 cm DBH","Carpinus orientalis",17,0.022698006922186254
1783,"PlotBm106","b","W17","W17","2",5,"PlotBm106_5","Stems >=10 cm DBH","Quercus pubescens",24,0.04523893421169302
1786,"PlotBm106","b","W17","W17","3",8,"PlotBm106_8","Stems >=10 cm DBH","Quercus pubescens",22,0.0380132711084365
3818,"PlotBm106","b","W17","W17","3",10,"PlotBm106_10","Stems 2.5-10 cm DBH","Juniperus oxycedrus",7,0.0038484510006474965
1780,"PlotBm106","b","W17","W17","1",2,"PlotBm106_2","Stems >=10 cm DBH","Quercus pubescens",20,0.031415926535897934
1788,"PlotBm106","b","W17","W17","3",10,"PlotBm106_10","Stems 2.5-10 cm DBH","Juniperus oxycedrus",8,0.005026548245743669
1779,"PlotBm106","b","W17","W17","1",1,"PlotBm106_1","Stems >=10 cm DBH","Quercus pubescens",28,0.061575216010359944
1790,"PlotBm107","b","W17","W17","2",2,"PlotBm107_2","Stems >=10 cm DBH","Quercus pubescens",11,0.009503317777109124
3819,"PlotBm107","b","W17","W17","3",5,"PlotBm107_5","Stems >=10 cm DBH","Quercus pubescens",14,0.015393804002589986
1789,"PlotBm107","b","W17","W17","1",1,"PlotBm107_1","Stems >=10 cm DBH","Quercus pubescens",17,0.022698006922186254
1791,"PlotBm107","b","W17","W17","3",3,"PlotBm107_3","Stems >=10 cm DBH","Quercus pubescens",16,0.020106192982974676
4366,"PlotBm107","b","W17","W17","3",5,"PlotBm107_5","Stems >=10 cm DBH","Quercus pubescens",18,0.025446900494077322
1793,"PlotBm107","b","W17","W17","3",5,"PlotBm107_5","Stems >=10 cm DBH","Quercus pubescens",11,0.009503317777109124
1792,"PlotBm107","b","W17","W17","3",4,"PlotBm107_4","Stems >=10 cm DBH","Quercus pubescens",21,0.03463605900582747
1798,"PlotBm108","b","W17","W17","3",5,"PlotBm108_5","Stems >=10 cm DBH","Quercus pubescens",17,0.022698006922186254
1795,"PlotBm108","b","W17","W17","1",2,"PlotBm108_2","Stems >=10 cm DBH","Quercus pubescens",22,0.0380132711084365
1797,"PlotBm108","b","W17","W17","3",4,"PlotBm108_4","Stems >=10 cm DBH","Quercus pubescens",11,0.009503317777109124
1794,"PlotBm108","b","W17","W17","1",1,"PlotBm108_1","Stems >=10 cm DBH","Quercus pubescens",10,0.007853981633974483
1796,"PlotBm108","b","W17","W17","2",3,"PlotBm108_3","Stems >=10 cm DBH","Quercus pubescens",12,0.011309733552923255
3822,"PlotBm109","b","W11","W11","3",21,"PlotBm109_21","Stems >=10 cm DBH","Quercus petraea",19,0.02835287369864788
3821,"PlotBm109","b","W11","W11","2",13,"PlotBm109_13","Stems >=10 cm DBH","Quercus petraea",17,0.022698006922186254
1810,"PlotBm109","b","W11","W11","2",12,"PlotBm109_12","Stems >=10 cm DBH","Quercus petraea",14,0.015393804002589986
1799,"PlotBm109","b","W11","W11","1",1,"PlotBm109_1","Stems >=10 cm DBH","Quercus petraea",12,0.011309733552923255
1812,"PlotBm109","b","W11","W11","2",14,"PlotBm109_14","Stems >=10 cm DBH","Quercus petraea",19,0.02835287369864788
1809,"PlotBm109","b","W11","W11","2",11,"PlotBm109_11","Stems >=10 cm DBH","Quercus petraea",16,0.020106192982974676
1824,"PlotBm109","b","W11","W11","3",26,"PlotBm109_26","Stems >=10 cm DBH","Quercus petraea",42,0.13854423602330987
1811,"PlotBm109","b","W11","W11","2",13,"PlotBm109_13","Stems 2.5-10 cm DBH","Quercus petraea",9,0.0063617251235193305
3820,"PlotBm109","b","W11","W11","1",7,"PlotBm109_7","Stems >=10 cm DBH","Quercus petraea",11,0.009503317777109124
1808,"PlotBm109","b","W11","W11","2",10,"PlotBm109_10","Stems >=10 cm DBH","Quercus petraea",21,0.03463605900582747
1813,"PlotBm109","b","W11","W11","2",15,"PlotBm109_15","Stems >=10 cm DBH","Quercus petraea",11,0.009503317777109124
1818,"PlotBm109","b","W11","W11","2",20,"PlotBm109_20","Stems >=10 cm DBH","Quercus petraea",28,0.061575216010359944
1802,"PlotBm109","b","W11","W11","1",4,"PlotBm109_4","Stems >=10 cm DBH","Quercus petraea",15,0.017671458676442587
1803,"PlotBm109","b","W11","W11","1",5,"PlotBm109_5","Stems >=10 cm DBH","Quercus petraea",19,0.02835287369864788
1804,"PlotBm109","b","W11","W11","1",6,"PlotBm109_6","Stems >=10 cm DBH","Quercus petraea",22,0.0380132711084365
1805,"PlotBm109","b","W11","W11","1",7,"PlotBm109_7","Stems >=10 cm DBH","Quercus petraea",15,0.017671458676442587
1806,"PlotBm109","b","W11","W11","1",8,"PlotBm109_8","Stems >=10 cm DBH","Quercus petraea",25,0.04908738521234052
1807,"PlotBm109","b","W11","W11","1",9,"PlotBm109_9","Stems >=10 cm DBH","Quercus petraea",32,0.0804247719318987
1823,"PlotBm109","b","W11","W11","3",25,"PlotBm109_25","Stems >=10 cm DBH","Quercus petraea",33,0.08552985999398212
1819,"PlotBm109","b","W11","W11","3",21,"PlotBm109_21","Stems >=10 cm DBH","Quercus petraea",11,0.009503317777109124
1817,"PlotBm109","b","W11","W11","2",19,"PlotBm109_19","Stems >=10 cm DBH","Quercus petraea",28,0.061575216010359944
1816,"PlotBm109","b","W11","W11","2",18,"PlotBm109_18","Stems >=10 cm DBH","Quercus petraea",37,0.10752100856911068
1815,"PlotBm109","b","W11","W11","2",17,"PlotBm109_17","Stems >=10 cm DBH","Quercus petraea",33,0.08552985999398212
1814,"PlotBm109","b","W11","W11","2",16,"PlotBm109_16","Stems >=10 cm DBH","Quercus petraea",32,0.0804247719318987
1820,"PlotBm109","b","W11","W11","3",22,"PlotBm109_22","Stems >=10 cm DBH","Quercus petraea",21,0.03463605900582747
1821,"PlotBm109","b","W11","W11","3",23,"PlotBm109_23","Stems >=10 cm DBH","Quercus petraea",19,0.02835287369864788
1822,"PlotBm109","b","W11","W11","3",24,"PlotBm109_24","Stems >=10 cm DBH","Quercus petraea",21,0.03463605900582747
1800,"PlotBm109","b","W11","W11","1",2,"PlotBm109_2","Stems >=10 cm DBH","Quercus petraea",10,0.007853981633974483
1801,"PlotBm109","b","W11","W11","1",3,"PlotBm109_3","Stems >=10 cm DBH","Quercus petraea",17,0.022698006922186254
1825,"PlotBm110","b","W11","W11","1",1,"PlotBm110_1","Stems >=10 cm DBH","Quercus pubescens",30,0.07068583470577035
1827,"PlotBm110","b","W11","W11","2",3,"PlotBm110_3","Stems >=10 cm DBH","Carpinus orientalis",21,0.03463605900582747
1829,"PlotBm110","b","W11","W11","2",5,"PlotBm110_5","Stems >=10 cm DBH","Quercus pubescens",28,0.061575216010359944
1833,"PlotBm110","b","W11","W11","3",9,"PlotBm110_9","Stems >=10 cm DBH","Quercus pubescens",28,0.061575216010359944
1830,"PlotBm110","b","W11","W11","2",6,"PlotBm110_6","Stems 2.5-10 cm DBH","Carpinus orientalis",7,0.0038484510006474965
1826,"PlotBm110","b","W11","W11","1",2,"PlotBm110_2","Stems >=10 cm DBH","Carpinus orientalis",15,0.017671458676442587
1838,"PlotBm110","b","W11","W11","3",14,"PlotBm110_14","Stems >=10 cm DBH","Quercus pubescens",17,0.022698006922186254
1837,"PlotBm110","b","W11","W11","3",13,"PlotBm110_13","Stems >=10 cm DBH","Quercus pubescens",42,0.13854423602330987
1834,"PlotBm110","b","W11","W11","3",10,"PlotBm110_10","Stems >=10 cm DBH","Quercus pubescens",35,0.09621127501618741
1828,"PlotBm110","b","W11","W11","2",4,"PlotBm110_4","Stems >=10 cm DBH","Quercus pubescens",23,0.04154756284372501
1832,"PlotBm110","b","W11","W11","2",8,"PlotBm110_8","Stems >=10 cm DBH","Carpinus orientalis",17,0.022698006922186254
1831,"PlotBm110","b","W11","W11","2",7,"PlotBm110_7","Stems >=10 cm DBH","Quercus pubescens",46,0.16619025137490004
1835,"PlotBm110","b","W11","W11","3",11,"PlotBm110_11","Stems >=10 cm DBH","Carpinus orientalis",18,0.025446900494077322
1836,"PlotBm110","b","W11","W11","3",12,"PlotBm110_12","Stems >=10 cm DBH","Quercus pubescens",28,0.061575216010359944
1839,"PlotBm111","b","W11","W11","1",1,"PlotBm111_1","Stems >=10 cm DBH","Carpinus orientalis",17,0.022698006922186254
1842,"PlotBm111","b","W11","W11","1",4,"PlotBm111_4","Stems >=10 cm DBH","Quercus pubescens",29,0.0660519855417254
1840,"PlotBm111","b","W11","W11","1",2,"PlotBm111_2","Stems >=10 cm DBH","Carpinus orientalis",13,0.013273228961416876
1850,"PlotBm111","b","W11","W11","3",12,"PlotBm111_12","Stems >=10 cm DBH","Quercus pubescens",28,0.061575216010359944
1843,"PlotBm111","b","W11","W11","2",5,"PlotBm111_5","Stems >=10 cm DBH","Quercus pubescens",30,0.07068583470577035
1841,"PlotBm111","b","W11","W11","1",3,"PlotBm111_3","Stems 2.5-10 cm DBH","Carpinus orientalis",8,0.005026548245743669
1849,"PlotBm111","b","W11","W11","3",11,"PlotBm111_11","Stems >=10 cm DBH","Quercus pubescens",24,0.04523893421169302
1847,"PlotBm111","b","W11","W11","2",9,"PlotBm111_9","Stems >=10 cm DBH","Quercus pubescens",22,0.0380132711084365
1851,"PlotBm111","b","W11","W11","3",13,"PlotBm111_13","Stems >=10 cm DBH","Quercus pubescens",19,0.02835287369864788
1844,"PlotBm111","b","W11","W11","2",6,"PlotBm111_6","Stems >=10 cm DBH","Quercus pubescens",32,0.0804247719318987
1853,"PlotBm111","b","W11","W11","3",15,"PlotBm111_15","Stems >=10 cm DBH","Carpinus orientalis",10,0.007853981633974483
1848,"PlotBm111","b","W11","W11","3",10,"PlotBm111_10","Stems >=10 cm DBH","Quercus pubescens",16,0.020106192982974676
1846,"PlotBm111","b","W11","W11","2",8,"PlotBm111_8","Stems >=10 cm DBH","Carpinus orientalis",17,0.022698006922186254
1852,"PlotBm111","b","W11","W11","3",14,"PlotBm111_14","Stems >=10 cm DBH","Quercus pubescens",37,0.10752100856911068
1845,"PlotBm111","b","W11","W11","2",7,"PlotBm111_7","Stems >=10 cm DBH","Carpinus orientalis",12,0.011309733552923255
1868,"PlotBm112","b","W11","W11","2",15,"PlotBm112_15","Stems >=10 cm DBH","Quercus petraea",13,0.013273228961416876
1869,"PlotBm112","b","W11","W11","2",16,"PlotBm112_16","Stems >=10 cm DBH","Quercus petraea",16,0.020106192982974676
1867,"PlotBm112","b","W11","W11","2",14,"PlotBm112_14","Stems >=10 cm DBH","Quercus petraea",14,0.015393804002589986
1879,"PlotBm112","b","W11","W11","3",26,"PlotBm112_26","Stems >=10 cm DBH","Quercus petraea",22,0.0380132711084365
1871,"PlotBm112","b","W11","W11","2",18,"PlotBm112_18","Stems >=10 cm DBH","Quercus petraea",13,0.013273228961416876
1855,"PlotBm112","b","W11","W11","1",2,"PlotBm112_2","Stems >=10 cm DBH","Quercus petraea",22,0.0380132711084365
1880,"PlotBm112","b","W11","W11","3",27,"PlotBm112_27","Stems >=10 cm DBH","Quercus petraea",22,0.0380132711084365
1881,"PlotBm112","b","W11","W11","3",28,"PlotBm112_28","Stems >=10 cm DBH","Quercus petraea",53,0.22061834409834324
1854,"PlotBm112","b","W11","W11","1",1,"PlotBm112_1","Stems >=10 cm DBH","Quercus petraea",20,0.031415926535897934
1859,"PlotBm112","b","W11","W11","1",6,"PlotBm112_6","Stems >=10 cm DBH","Quercus petraea",19,0.02835287369864788
1856,"PlotBm112","b","W11","W11","1",3,"PlotBm112_3","Stems >=10 cm DBH","Quercus petraea",28,0.061575216010359944
1870,"PlotBm112","b","W11","W11","2",17,"PlotBm112_17","Stems >=10 cm DBH","Quercus petraea",18,0.025446900494077322
1858,"PlotBm112","b","W11","W11","1",5,"PlotBm112_5","Stems >=10 cm DBH","Quercus petraea",19,0.02835287369864788
1861,"PlotBm112","b","W11","W11","1",8,"PlotBm112_8","Stems >=10 cm DBH","Quercus petraea",17,0.022698006922186254
1862,"PlotBm112","b","W11","W11","1",9,"PlotBm112_9","Stems >=10 cm DBH","Quercus petraea",23,0.04154756284372501
1857,"PlotBm112","b","W11","W11","1",4,"PlotBm112_4","Stems >=10 cm DBH","Quercus petraea",20,0.031415926535897934
1864,"PlotBm112","b","W11","W11","1",11,"PlotBm112_11","Stems >=10 cm DBH","Quercus petraea",14,0.015393804002589986
1865,"PlotBm112","b","W11","W11","1",12,"PlotBm112_12","Stems 2.5-10 cm DBH","Quercus petraea",8,0.005026548245743669
1866,"PlotBm112","b","W11","W11","2",13,"PlotBm112_13","Stems >=10 cm DBH","Quercus petraea",17,0.022698006922186254
1863,"PlotBm112","b","W11","W11","1",10,"PlotBm112_10","Stems >=10 cm DBH","Quercus petraea",10,0.007853981633974483
1860,"PlotBm112","b","W11","W11","1",7,"PlotBm112_7","Stems >=10 cm DBH","Quercus petraea",18,0.025446900494077322
1875,"PlotBm112","b","W11","W11","3",22,"PlotBm112_22","Stems >=10 cm DBH","Quercus petraea",13,0.013273228961416876
1872,"PlotBm112","b","W11","W11","2",19,"PlotBm112_19","Stems >=10 cm DBH","Quercus petraea",12,0.011309733552923255
1878,"PlotBm112","b","W11","W11","3",25,"PlotBm112_25","Stems >=10 cm DBH","Quercus petraea",11,0.009503317777109124
1874,"PlotBm112","b","W11","W11","3",21,"PlotBm112_21","Stems >=10 cm DBH","Quercus petraea",13,0.013273228961416876
1884,"PlotBm112","b","W11","W11","3",31,"PlotBm112_31","Stems >=10 cm DBH","Quercus petraea",37,0.10752100856911068
1876,"PlotBm112","b","W11","W11","3",23,"PlotBm112_23","Stems >=10 cm DBH","Quercus petraea",14,0.015393804002589986
1873,"PlotBm112","b","W11","W11","2",20,"PlotBm112_20","Stems >=10 cm DBH","Quercus petraea",13,0.013273228961416876
1883,"PlotBm112","b","W11","W11","3",30,"PlotBm112_30","Stems >=10 cm DBH","Quercus petraea",14,0.015393804002589986
1877,"PlotBm112","b","W11","W11","3",24,"PlotBm112_24","Stems >=10 cm DBH","Quercus petraea",12,0.011309733552923255
1882,"PlotBm112","b","W11","W11","3",29,"PlotBm112_29","Stems >=10 cm DBH","Quercus petraea",28,0.061575216010359944
1906,"PlotBm113","b","W11","W11","3",22,"PlotBm113_22","Stems >=10 cm DBH","Quercus petraea",39,0.11945906065275187
1907,"PlotBm113","b","W11","W11","3",23,"PlotBm113_23","Stems >=10 cm DBH","Quercus petraea",16,0.020106192982974676
1905,"PlotBm113","b","W11","W11","3",21,"PlotBm113_21","Stems >=10 cm DBH","Quercus petraea",26,0.053092915845667506
4367,"PlotBm113","b","W11","W11","2",13,"PlotBm113_13","Stems >=10 cm DBH","Quercus petraea",23,0.04154756284372501
1890,"PlotBm113","b","W11","W11","1",6,"PlotBm113_6","Stems >=10 cm DBH","Quercus petraea",18,0.025446900494077322
1904,"PlotBm113","b","W11","W11","3",20,"PlotBm113_20","Stems >=10 cm DBH","Quercus petraea",24,0.04523893421169302
1889,"PlotBm113","b","W11","W11","1",5,"PlotBm113_5","Stems >=10 cm DBH","Quercus petraea",21,0.03463605900582747
1894,"PlotBm113","b","W11","W11","2",10,"PlotBm113_10","Stems >=10 cm DBH","Quercus petraea",11,0.009503317777109124
3823,"PlotBm113","b","W11","W11","1",9,"PlotBm113_9","Stems >=10 cm DBH","Quercus petraea",26,0.053092915845667506
1908,"PlotBm113","b","W11","W11","3",24,"PlotBm113_24","Stems >=10 cm DBH","Quercus petraea",11,0.009503317777109124
1893,"PlotBm113","b","W11","W11","1",9,"PlotBm113_9","Stems >=10 cm DBH","Quercus petraea",14,0.015393804002589986
1885,"PlotBm113","b","W11","W11","1",1,"PlotBm113_1","Stems >=10 cm DBH","Quercus petraea",10,0.007853981633974483
1886,"PlotBm113","b","W11","W11","1",2,"PlotBm113_2","Stems >=10 cm DBH","Quercus petraea",20,0.031415926535897934
1887,"PlotBm113","b","W11","W11","1",3,"PlotBm113_3","Stems >=10 cm DBH","Quercus petraea",10,0.007853981633974483
1888,"PlotBm113","b","W11","W11","1",4,"PlotBm113_4","Stems >=10 cm DBH","Quercus petraea",22,0.0380132711084365
1902,"PlotBm113","b","W11","W11","2",18,"PlotBm113_18","Stems >=10 cm DBH","Quercus petraea",27,0.05725552611167398
1903,"PlotBm113","b","W11","W11","3",19,"PlotBm113_19","Stems >=10 cm DBH","Quercus petraea",13,0.013273228961416876
1891,"PlotBm113","b","W11","W11","1",7,"PlotBm113_7","Stems >=10 cm DBH","Quercus petraea",23,0.04154756284372501
1892,"PlotBm113","b","W11","W11","1",8,"PlotBm113_8","Stems >=10 cm DBH","Quercus petraea",14,0.015393804002589986
1897,"PlotBm113","b","W11","W11","2",13,"PlotBm113_13","Stems >=10 cm DBH","Quercus petraea",19,0.02835287369864788
3824,"PlotBm113","b","W11","W11","2",13,"PlotBm113_13","Stems >=10 cm DBH","Quercus petraea",22,0.0380132711084365
1895,"PlotBm113","b","W11","W11","2",11,"PlotBm113_11","Stems >=10 cm DBH","Quercus petraea",13,0.013273228961416876
1896,"PlotBm113","b","W11","W11","2",12,"PlotBm113_12","Stems >=10 cm DBH","Quercus petraea",11,0.009503317777109124
1901,"PlotBm113","b","W11","W11","2",17,"PlotBm113_17","Stems >=10 cm DBH","Quercus petraea",25,0.04908738521234052
1898,"PlotBm113","b","W11","W11","2",14,"PlotBm113_14","Stems >=10 cm DBH","Quercus petraea",29,0.0660519855417254
1899,"PlotBm113","b","W11","W11","2",15,"PlotBm113_15","Stems >=10 cm DBH","Quercus petraea",14,0.015393804002589986
1900,"PlotBm113","b","W11","W11","2",16,"PlotBm113_16","Stems >=10 cm DBH","Quercus petraea",21,0.03463605900582747
1909,"PlotBm113","b","W11","W11","3",25,"PlotBm113_25","Stems >=10 cm DBH","Quercus petraea",18,0.025446900494077322
1910,"PlotBm113","b","W11","W11","3",26,"PlotBm113_26","Stems >=10 cm DBH","Quercus petraea",11,0.009503317777109124
1911,"PlotBm113","b","W11","W11","3",27,"PlotBm113_27","Stems >=10 cm DBH","Quercus petraea",11,0.009503317777109124
3825,"PlotBm113","b","W11","W11","3",25,"PlotBm113_25","Stems >=10 cm DBH","Quercus petraea",21,0.03463605900582747
4368,"PlotBm113","b","W11","W11","3",25,"PlotBm113_25","Stems >=10 cm DBH","Quercus petraea",13,0.013273228961416876
1930,"PlotBm114","b","W11","W11","3",19,"PlotBm114_19","Stems >=10 cm DBH","Quercus petraea",17,0.022698006922186254
1916,"PlotBm114","b","W11","W11","1",5,"PlotBm114_5","Stems >=10 cm DBH","Quercus petraea",14,0.015393804002589986
1917,"PlotBm114","b","W11","W11","1",6,"PlotBm114_6","Stems >=10 cm DBH","Quercus petraea",37,0.10752100856911068
1929,"PlotBm114","b","W11","W11","3",18,"PlotBm114_18","Stems >=10 cm DBH","Quercus petraea",19,0.02835287369864788
1914,"PlotBm114","b","W11","W11","1",3,"PlotBm114_3","Stems >=10 cm DBH","Quercus petraea",21,0.03463605900582747
1931,"PlotBm114","b","W11","W11","3",20,"PlotBm114_20","Stems >=10 cm DBH","Quercus petraea",13,0.013273228961416876
1928,"PlotBm114","b","W11","W11","3",17,"PlotBm114_17","Stems >=10 cm DBH","Quercus petraea",39,0.11945906065275187
1913,"PlotBm114","b","W11","W11","1",2,"PlotBm114_2","Stems >=10 cm DBH","Quercus petraea",17,0.022698006922186254
1920,"PlotBm114","b","W11","W11","2",9,"PlotBm114_9","Stems >=10 cm DBH","Quercus petraea",17,0.022698006922186254
1915,"PlotBm114","b","W11","W11","1",4,"PlotBm114_4","Stems >=10 cm DBH","Quercus petraea",18,0.025446900494077322
1912,"PlotBm114","b","W11","W11","1",1,"PlotBm114_1","Stems >=10 cm DBH","Quercus petraea",16,0.020106192982974676
1918,"PlotBm114","b","W11","W11","2",7,"PlotBm114_7","Stems >=10 cm DBH","Quercus petraea",15,0.017671458676442587
1924,"PlotBm114","b","W11","W11","3",13,"PlotBm114_13","Stems >=10 cm DBH","Quercus petraea",26,0.053092915845667506
1921,"PlotBm114","b","W11","W11","2",10,"PlotBm114_10","Stems >=10 cm DBH","Quercus petraea",19,0.02835287369864788
1927,"PlotBm114","b","W11","W11","3",16,"PlotBm114_16","Stems >=10 cm DBH","Quercus petraea",19,0.02835287369864788
1923,"PlotBm114","b","W11","W11","2",12,"PlotBm114_12","Stems >=10 cm DBH","Quercus petraea",15,0.017671458676442587
1925,"PlotBm114","b","W11","W11","3",14,"PlotBm114_14","Stems >=10 cm DBH","Quercus petraea",29,0.0660519855417254
1926,"PlotBm114","b","W11","W11","3",15,"PlotBm114_15","Stems >=10 cm DBH","Quercus petraea",16,0.020106192982974676
1922,"PlotBm114","b","W11","W11","2",11,"PlotBm114_11","Stems >=10 cm DBH","Quercus petraea",12,0.011309733552923255
1919,"PlotBm114","b","W11","W11","2",8,"PlotBm114_8","Stems >=10 cm DBH","Quercus petraea",32,0.0804247719318987
1948,"PlotBm115","b","W11","W11","2",17,"PlotBm115_17","Stems >=10 cm DBH","Quercus cerris",11,0.009503317777109124
1944,"PlotBm115","b","W11","W11","2",13,"PlotBm115_13","Stems 2.5-10 cm DBH","Quercus cerris",8,0.005026548245743669
1949,"PlotBm115","b","W11","W11","3",18,"PlotBm115_18","Stems >=10 cm DBH","Quercus cerris",16,0.020106192982974676
1943,"PlotBm115","b","W11","W11","2",12,"PlotBm115_12","Stems >=10 cm DBH","Quercus cerris",21,0.03463605900582747
1942,"PlotBm115","b","W11","W11","2",11,"PlotBm115_11","Stems >=10 cm DBH","Quercus cerris",11,0.009503317777109124
1945,"PlotBm115","b","W11","W11","2",14,"PlotBm115_14","Stems >=10 cm DBH","Quercus cerris",14,0.015393804002589986
1936,"PlotBm115","b","W11","W11","1",5,"PlotBm115_5","Stems >=10 cm DBH","Quercus cerris",37,0.10752100856911068
1941,"PlotBm115","b","W11","W11","2",10,"PlotBm115_10","Stems >=10 cm DBH","Quercus cerris",39,0.11945906065275187
1947,"PlotBm115","b","W11","W11","2",16,"PlotBm115_16","Stems >=10 cm DBH","Quercus cerris",15,0.017671458676442587
1938,"PlotBm115","b","W11","W11","2",7,"PlotBm115_7","Stems >=10 cm DBH","Quercus cerris",26,0.053092915845667506
1939,"PlotBm115","b","W11","W11","2",8,"PlotBm115_8","Stems >=10 cm DBH","Quercus cerris",38,0.11341149479459152
1946,"PlotBm115","b","W11","W11","2",15,"PlotBm115_15","Stems >=10 cm DBH","Quercus cerris",16,0.020106192982974676
1937,"PlotBm115","b","W11","W11","2",6,"PlotBm115_6","Stems >=10 cm DBH","Quercus cerris",41,0.13202543126711105
1932,"PlotBm115","b","W11","W11","1",1,"PlotBm115_1","Stems >=10 cm DBH","Quercus cerris",19,0.02835287369864788
1935,"PlotBm115","b","W11","W11","1",4,"PlotBm115_4","Stems >=10 cm DBH","Quercus cerris",10,0.007853981633974483
1940,"PlotBm115","b","W11","W11","2",9,"PlotBm115_9","Stems >=10 cm DBH","Quercus cerris",16,0.020106192982974676
1951,"PlotBm115","b","W11","W11","3",20,"PlotBm115_20","Stems >=10 cm DBH","Quercus cerris",24,0.04523893421169302
1952,"PlotBm115","b","W11","W11","3",21,"PlotBm115_21","Stems >=10 cm DBH","Quercus cerris",25,0.04908738521234052
1953,"PlotBm115","b","W11","W11","3",22,"PlotBm115_22","Stems >=10 cm DBH","Quercus cerris",13,0.013273228961416876
1950,"PlotBm115","b","W11","W11","3",19,"PlotBm115_19","Stems >=10 cm DBH","Quercus cerris",19,0.02835287369864788
1933,"PlotBm115","b","W11","W11","1",2,"PlotBm115_2","Stems >=10 cm DBH","Quercus cerris",17,0.022698006922186254
1934,"PlotBm115","b","W11","W11","1",3,"PlotBm115_3","Stems >=10 cm DBH","Quercus cerris",11,0.009503317777109124
1961,"PlotBm116","b","W11","W11","2",8,"PlotBm116_8","Stems >=10 cm DBH","Quercus frainetto",13,0.013273228961416876
1954,"PlotBm116","b","W11","W11","1",1,"PlotBm116_1","Stems >=10 cm DBH","Quercus frainetto",17,0.022698006922186254
1958,"PlotBm116","b","W11","W11","1",5,"PlotBm116_5","Stems >=10 cm DBH","Quercus frainetto",10,0.007853981633974483
1960,"PlotBm116","b","W11","W11","2",7,"PlotBm116_7","Stems >=10 cm DBH","Quercus frainetto",13,0.013273228961416876
1957,"PlotBm116","b","W11","W11","1",4,"PlotBm116_4","Stems >=10 cm DBH","Quercus frainetto",22,0.0380132711084365
1962,"PlotBm116","b","W11","W11","2",9,"PlotBm116_9","Stems >=10 cm DBH","Quercus frainetto",23,0.04154756284372501
1955,"PlotBm116","b","W11","W11","1",2,"PlotBm116_2","Stems >=10 cm DBH","Quercus frainetto",19,0.02835287369864788
1959,"PlotBm116","b","W11","W11","2",6,"PlotBm116_6","Stems 2.5-10 cm DBH","Quercus frainetto",5,0.001963495408493621
1967,"PlotBm116","b","W11","W11","3",14,"PlotBm116_14","Stems >=10 cm DBH","Quercus frainetto",16,0.020106192982974676
1968,"PlotBm116","b","W11","W11","3",15,"PlotBm116_15","Stems >=10 cm DBH","Quercus frainetto",37,0.10752100856911068
1969,"PlotBm116","b","W11","W11","3",16,"PlotBm116_16","Stems >=10 cm DBH","Quercus frainetto",35,0.09621127501618741
1956,"PlotBm116","b","W11","W11","1",3,"PlotBm116_3","Stems >=10 cm DBH","Quercus frainetto",15,0.017671458676442587
1966,"PlotBm116","b","W11","W11","3",13,"PlotBm116_13","Stems >=10 cm DBH","Quercus frainetto",28,0.061575216010359944
3826,"PlotBm116","b","W11","W11","1",4,"PlotBm116_4","Stems >=10 cm DBH","Quercus frainetto",27,0.05725552611167398
3827,"PlotBm116","b","W11","W11","3",12,"PlotBm116_12","Stems >=10 cm DBH","Quercus frainetto",10,0.007853981633974483
1965,"PlotBm116","b","W11","W11","3",12,"PlotBm116_12","Stems >=10 cm DBH","Quercus frainetto",13,0.013273228961416876
1963,"PlotBm116","b","W11","W11","2",10,"PlotBm116_10","Stems >=10 cm DBH","Quercus frainetto",25,0.04908738521234052
1964,"PlotBm116","b","W11","W11","3",11,"PlotBm116_11","Stems >=10 cm DBH","Quercus frainetto",26,0.053092915845667506
1988,"PlotBm117","b","W11","W11","3",19,"PlotBm117_19","Stems 2.5-10 cm DBH","Quercus frainetto",6,0.0028274333882308137
1975,"PlotBm117","b","W11","W11","1",6,"PlotBm117_6","Stems 2.5-10 cm DBH","Quercus frainetto",9,0.0063617251235193305
1986,"PlotBm117","b","W11","W11","3",17,"PlotBm117_17","Stems 2.5-10 cm DBH","Quercus frainetto",9,0.0063617251235193305
1987,"PlotBm117","b","W11","W11","3",18,"PlotBm117_18","Stems >=10 cm DBH","Quercus frainetto",14,0.015393804002589986
1974,"PlotBm117","b","W11","W11","1",5,"PlotBm117_5","Stems >=10 cm DBH","Quercus frainetto",16,0.020106192982974676
1970,"PlotBm117","b","W11","W11","1",1,"PlotBm117_1","Stems >=10 cm DBH","Quercus frainetto",21,0.03463605900582747
1989,"PlotBm117","b","W11","W11","3",20,"PlotBm117_20","Stems >=10 cm DBH","Quercus frainetto",15,0.017671458676442587
1973,"PlotBm117","b","W11","W11","1",4,"PlotBm117_4","Stems >=10 cm DBH","Quercus frainetto",19,0.02835287369864788
1985,"PlotBm117","b","W11","W11","3",16,"PlotBm117_16","Stems >=10 cm DBH","Quercus frainetto",15,0.017671458676442587
1981,"PlotBm117","b","W11","W11","2",12,"PlotBm117_12","Stems >=10 cm DBH","Quercus frainetto",21,0.03463605900582747
1971,"PlotBm117","b","W11","W11","1",2,"PlotBm117_2","Stems >=10 cm DBH","Quercus frainetto",18,0.025446900494077322
1972,"PlotBm117","b","W11","W11","1",3,"PlotBm117_3","Stems >=10 cm DBH","Quercus frainetto",26,0.053092915845667506
1990,"PlotBm117","b","W11","W11","3",21,"PlotBm117_21","Stems >=10 cm DBH","Quercus frainetto",22,0.0380132711084365
1977,"PlotBm117","b","W11","W11","2",8,"PlotBm117_8","Stems >=10 cm DBH","Quercus frainetto",14,0.015393804002589986
1982,"PlotBm117","b","W11","W11","3",13,"PlotBm117_13","Stems >=10 cm DBH","Quercus frainetto",18,0.025446900494077322
1976,"PlotBm117","b","W11","W11","1",7,"PlotBm117_7","Stems >=10 cm DBH","Quercus frainetto",31,0.07547676350249478
1984,"PlotBm117","b","W11","W11","3",15,"PlotBm117_15","Stems >=10 cm DBH","Quercus frainetto",26,0.053092915845667506
1980,"PlotBm117","b","W11","W11","2",11,"PlotBm117_11","Stems >=10 cm DBH","Quercus frainetto",12,0.011309733552923255
3828,"PlotBm117","b","W11","W11","1",4,"PlotBm117_4","Stems >=10 cm DBH","Quercus frainetto",14,0.015393804002589986
1983,"PlotBm117","b","W11","W11","3",14,"PlotBm117_14","Stems >=10 cm DBH","Quercus frainetto",11,0.009503317777109124
1979,"PlotBm117","b","W11","W11","2",10,"PlotBm117_10","Stems 2.5-10 cm DBH","Quercus frainetto",4,0.0012566370614359172
3831,"PlotBm117","b","W11","W11","2",11,"PlotBm117_11","Stems >=10 cm DBH","Quercus frainetto",11,0.009503317777109124
1978,"PlotBm117","b","W11","W11","2",9,"PlotBm117_9","Stems >=10 cm DBH","Quercus frainetto",33,0.08552985999398212
3829,"PlotBm117","b","W11","W11","1",6,"PlotBm117_6","Stems 2.5-10 cm DBH","Quercus frainetto",8,0.005026548245743669
3830,"PlotBm117","b","W11","W11","2",8,"PlotBm117_8","Stems >=10 cm DBH","Quercus frainetto",13,0.013273228961416876
1991,"PlotBm117","b","W11","W11","3",22,"PlotBm117_22","Stems >=10 cm DBH","Quercus frainetto",21,0.03463605900582747
2000,"PlotBm118","b","W11","W11","2",9,"PlotBm118_9","Stems >=10 cm DBH","Quercus pubescens",17,0.022698006922186254
2012,"PlotBm118","b","W11","W11","3",21,"PlotBm118_21","Stems >=10 cm DBH","Quercus pubescens",19,0.02835287369864788
2013,"PlotBm118","b","W11","W11","3",22,"PlotBm118_22","Stems 2.5-10 cm DBH","Quercus pubescens",8,0.005026548245743669
1999,"PlotBm118","b","W11","W11","2",8,"PlotBm118_8","Stems >=10 cm DBH","Quercus pubescens",14,0.015393804002589986
3833,"PlotBm118","b","W11","W11","3",29,"PlotBm118_29","Stems >=10 cm DBH","Quercus pubescens",11,0.009503317777109124
2008,"PlotBm118","b","W11","W11","3",17,"PlotBm118_17","Stems >=10 cm DBH","Quercus pubescens",16,0.020106192982974676
2009,"PlotBm118","b","W11","W11","3",18,"PlotBm118_18","Stems >=10 cm DBH","Quercus pubescens",11,0.009503317777109124
1998,"PlotBm118","b","W11","W11","1",7,"PlotBm118_7","Stems >=10 cm DBH","Quercus pubescens",28,0.061575216010359944
1997,"PlotBm118","b","W11","W11","1",6,"PlotBm118_6","Stems >=10 cm DBH","Quercus pubescens",22,0.0380132711084365
2015,"PlotBm118","b","W11","W11","3",24,"PlotBm118_24","Stems >=10 cm DBH","Quercus pubescens",22,0.0380132711084365
2016,"PlotBm118","b","W11","W11","3",25,"PlotBm118_25","Stems >=10 cm DBH","Quercus pubescens",15,0.017671458676442587
2010,"PlotBm118","b","W11","W11","3",19,"PlotBm118_19","Stems >=10 cm DBH","Quercus pubescens",17,0.022698006922186254
2014,"PlotBm118","b","W11","W11","3",23,"PlotBm118_23","Stems 2.5-10 cm DBH","Quercus pubescens",6,0.0028274333882308137
1993,"PlotBm118","b","W11","W11","1",2,"PlotBm118_2","Stems 2.5-10 cm DBH","Quercus pubescens",7,0.0038484510006474965
1994,"PlotBm118","b","W11","W11","1",3,"PlotBm118_3","Stems >=10 cm DBH","Quercus pubescens",31,0.07547676350249478
1995,"PlotBm118","b","W11","W11","1",4,"PlotBm118_4","Stems >=10 cm DBH","Quercus pubescens",37,0.10752100856911068
1992,"PlotBm118","b","W11","W11","1",1,"PlotBm118_1","Stems >=10 cm DBH","Quercus ilex",17,0.022698006922186254
3832,"PlotBm118","b","W11","W11","1",1,"PlotBm118_1","Stems >=10 cm DBH","Quercus ilex",29,0.0660519855417254
2019,"PlotBm118","b","W11","W11","3",28,"PlotBm118_28","Stems >=10 cm DBH","Quercus pubescens",13,0.013273228961416876
2001,"PlotBm118","b","W11","W11","2",10,"PlotBm118_10","Stems >=10 cm DBH","Quercus pubescens",23,0.04154756284372501
1996,"PlotBm118","b","W11","W11","1",5,"PlotBm118_5","Stems >=10 cm DBH","Quercus pubescens",24,0.04523893421169302
2011,"PlotBm118","b","W11","W11","3",20,"PlotBm118_20","Stems >=10 cm DBH","Quercus pubescens",21,0.03463605900582747
2007,"PlotBm118","b","W11","W11","2",16,"PlotBm118_16","Stems >=10 cm DBH","Quercus pubescens",23,0.04154756284372501
2020,"PlotBm118","b","W11","W11","3",29,"PlotBm118_29","Stems >=10 cm DBH","Quercus pubescens",11,0.009503317777109124
2005,"PlotBm118","b","W11","W11","2",14,"PlotBm118_14","Stems >=10 cm DBH","Quercus pubescens",23,0.04154756284372501
2018,"PlotBm118","b","W11","W11","3",27,"PlotBm118_27","Stems >=10 cm DBH","Quercus pubescens",24,0.04523893421169302
4638,"PlotBm118","b","W11","W11","1",1,"PlotBm118_1","Stems >=10 cm DBH","Quercus ilex",10,0.007853981633974483
2003,"PlotBm118","b","W11","W11","2",12,"PlotBm118_12","Stems >=10 cm DBH","Quercus pubescens",16,0.020106192982974676
2004,"PlotBm118","b","W11","W11","2",13,"PlotBm118_13","Stems >=10 cm DBH","Quercus pubescens",16,0.020106192982974676
2006,"PlotBm118","b","W11","W11","2",15,"PlotBm118_15","Stems >=10 cm DBH","Quercus pubescens",16,0.020106192982974676
2017,"PlotBm118","b","W11","W11","3",26,"PlotBm118_26","Stems >=10 cm DBH","Quercus pubescens",17,0.022698006922186254
2002,"PlotBm118","b","W11","W11","2",11,"PlotBm118_11","Stems >=10 cm DBH","Quercus pubescens",14,0.015393804002589986
4369,"PlotBm118","b","W11","W11","1",1,"PlotBm118_1","Stems >=10 cm DBH","Quercus ilex",11,0.009503317777109124
2026,"PlotBm119","b","W11","W11","1",6,"PlotBm119_6","Stems >=10 cm DBH","Quercus frainetto",24,0.04523893421169302
2028,"PlotBm119","b","W11","W11","1",8,"PlotBm119_8","Stems >=10 cm DBH","Quercus frainetto",13,0.013273228961416876
2030,"PlotBm119","b","W11","W11","1",10,"PlotBm119_10","Stems >=10 cm DBH","Quercus frainetto",24,0.04523893421169302
2027,"PlotBm119","b","W11","W11","1",7,"PlotBm119_7","Stems >=10 cm DBH","Quercus frainetto",16,0.020106192982974676
2039,"PlotBm119","b","W11","W11","2",19,"PlotBm119_19","Stems >=10 cm DBH","Quercus frainetto",17,0.022698006922186254
2029,"PlotBm119","b","W11","W11","1",9,"PlotBm119_9","Stems >=10 cm DBH","Quercus frainetto",22,0.0380132711084365
2038,"PlotBm119","b","W11","W11","2",18,"PlotBm119_18","Stems >=10 cm DBH","Quercus frainetto",16,0.020106192982974676
2024,"PlotBm119","b","W11","W11","1",4,"PlotBm119_4","Stems >=10 cm DBH","Quercus frainetto",23,0.04154756284372501
2040,"PlotBm119","b","W11","W11","3",20,"PlotBm119_20","Stems >=10 cm DBH","Quercus frainetto",24,0.04523893421169302
2022,"PlotBm119","b","W11","W11","1",2,"PlotBm119_2","Stems >=10 cm DBH","Quercus frainetto",11,0.009503317777109124
3834,"PlotBm119","b","W11","W11","2",17,"PlotBm119_17","Stems 2.5-10 cm DBH","Quercus frainetto",4,0.0012566370614359172
2032,"PlotBm119","b","W11","W11","1",12,"PlotBm119_12","Stems >=10 cm DBH","Quercus frainetto",27,0.05725552611167398
2025,"PlotBm119","b","W11","W11","1",5,"PlotBm119_5","Stems >=10 cm DBH","Quercus frainetto",22,0.0380132711084365
2041,"PlotBm119","b","W11","W11","3",21,"PlotBm119_21","Stems >=10 cm DBH","Quercus frainetto",16,0.020106192982974676
2023,"PlotBm119","b","W11","W11","1",3,"PlotBm119_3","Stems >=10 cm DBH","Quercus frainetto",26,0.053092915845667506
2036,"PlotBm119","b","W11","W11","2",16,"PlotBm119_16","Stems >=10 cm DBH","Quercus frainetto",23,0.04154756284372501
2033,"PlotBm119","b","W11","W11","2",13,"PlotBm119_13","Stems >=10 cm DBH","Quercus frainetto",19,0.02835287369864788
2021,"PlotBm119","b","W11","W11","1",1,"PlotBm119_1","Stems >=10 cm DBH","Quercus frainetto",21,0.03463605900582747
2035,"PlotBm119","b","W11","W11","2",15,"PlotBm119_15","Stems >=10 cm DBH","Quercus frainetto",16,0.020106192982974676
2031,"PlotBm119","b","W11","W11","1",11,"PlotBm119_11","Stems >=10 cm DBH","Quercus frainetto",23,0.04154756284372501
2037,"PlotBm119","b","W11","W11","2",17,"PlotBm119_17","Stems 2.5-10 cm DBH","Quercus frainetto",4,0.0012566370614359172
2044,"PlotBm119","b","W11","W11","3",24,"PlotBm119_24","Stems 2.5-10 cm DBH","Quercus frainetto",4,0.0012566370614359172
2034,"PlotBm119","b","W11","W11","2",14,"PlotBm119_14","Stems >=10 cm DBH","Quercus frainetto",16,0.020106192982974676
2046,"PlotBm119","b","W11","W11","3",26,"PlotBm119_26","Stems >=10 cm DBH","Quercus frainetto",31,0.07547676350249478
2043,"PlotBm119","b","W11","W11","3",23,"PlotBm119_23","Stems >=10 cm DBH","Quercus frainetto",29,0.0660519855417254
2048,"PlotBm119","b","W11","W11","3",28,"PlotBm119_28","Stems >=10 cm DBH","Quercus frainetto",19,0.02835287369864788
2045,"PlotBm119","b","W11","W11","3",25,"PlotBm119_25","Stems >=10 cm DBH","Quercus frainetto",15,0.017671458676442587
2047,"PlotBm119","b","W11","W11","3",27,"PlotBm119_27","Stems >=10 cm DBH","Quercus frainetto",23,0.04154756284372501
2042,"PlotBm119","b","W11","W11","3",22,"PlotBm119_22","Stems >=10 cm DBH","Quercus frainetto",14,0.015393804002589986
2067,"PlotBm120","b","W11","W11","3",19,"PlotBm120_19","Stems >=10 cm DBH","Quercus frainetto",42,0.13854423602330987
2066,"PlotBm120","b","W11","W11","3",18,"PlotBm120_18","Stems >=10 cm DBH","Quercus frainetto",38,0.11341149479459152
2065,"PlotBm120","b","W11","W11","3",17,"PlotBm120_17","Stems >=10 cm DBH","Quercus frainetto",41,0.13202543126711105
2054,"PlotBm120","b","W11","W11","1",6,"PlotBm120_6","Stems >=10 cm DBH","Quercus frainetto",35,0.09621127501618741
2064,"PlotBm120","b","W11","W11","3",16,"PlotBm120_16","Stems >=10 cm DBH","Quercus frainetto",47,0.17349445429449634
2055,"PlotBm120","b","W11","W11","1",7,"PlotBm120_7","Stems >=10 cm DBH","Quercus frainetto",17,0.022698006922186254
2052,"PlotBm120","b","W11","W11","1",4,"PlotBm120_4","Stems >=10 cm DBH","Quercus frainetto",29,0.0660519855417254
2053,"PlotBm120","b","W11","W11","1",5,"PlotBm120_5","Stems >=10 cm DBH","Quercus frainetto",26,0.053092915845667506
2058,"PlotBm120","b","W11","W11","2",10,"PlotBm120_10","Stems >=10 cm DBH","Quercus frainetto",11,0.009503317777109124
2049,"PlotBm120","b","W11","W11","1",1,"PlotBm120_1","Stems >=10 cm DBH","Quercus frainetto",42,0.13854423602330987
2051,"PlotBm120","b","W11","W11","1",3,"PlotBm120_3","Stems 2.5-10 cm DBH","Quercus frainetto",5,0.001963495408493621
2061,"PlotBm120","b","W11","W11","3",13,"PlotBm120_13","Stems >=10 cm DBH","Quercus frainetto",42,0.13854423602330987
2062,"PlotBm120","b","W11","W11","3",14,"PlotBm120_14","Stems >=10 cm DBH","Quercus frainetto",10,0.007853981633974483
2059,"PlotBm120","b","W11","W11","2",11,"PlotBm120_11","Stems >=10 cm DBH","Quercus frainetto",29,0.0660519855417254
2050,"PlotBm120","b","W11","W11","1",2,"PlotBm120_2","Stems >=10 cm DBH","Quercus frainetto",24,0.04523893421169302
2063,"PlotBm120","b","W11","W11","3",15,"PlotBm120_15","Stems >=10 cm DBH","Quercus frainetto",37,0.10752100856911068
2057,"PlotBm120","b","W11","W11","2",9,"PlotBm120_9","Stems >=10 cm DBH","Quercus frainetto",26,0.053092915845667506
2056,"PlotBm120","b","W11","W11","1",8,"PlotBm120_8","Stems >=10 cm DBH","Quercus frainetto",21,0.03463605900582747
2060,"PlotBm120","b","W11","W11","2",12,"PlotBm120_12","Stems >=10 cm DBH","Quercus frainetto",37,0.10752100856911068
2068,"PlotBm121","b","W10","W10","1",1,"PlotBm121_1","Stems >=10 cm DBH","Quercus pubescens",17,0.022698006922186254
2071,"PlotBm121","b","W10","W10","1",4,"PlotBm121_4","Stems >=10 cm DBH","Quercus pubescens",18,0.025446900494077322
2082,"PlotBm121","b","W10","W10","1",15,"PlotBm121_15","Stems >=10 cm DBH","Quercus trojana",17,0.022698006922186254
2083,"PlotBm121","b","W10","W10","1",16,"PlotBm121_16","Stems 2.5-10 cm DBH","Quercus trojana",9,0.0063617251235193305
2070,"PlotBm121","b","W10","W10","1",3,"PlotBm121_3","Stems >=10 cm DBH","Quercus pubescens",21,0.03463605900582747
2081,"PlotBm121","b","W10","W10","1",14,"PlotBm121_14","Stems >=10 cm DBH","Quercus trojana",18,0.025446900494077322
2095,"PlotBm121","b","W10","W10","3",28,"PlotBm121_28","Stems 2.5-10 cm DBH","Quercus pubescens",6,0.0028274333882308137
2080,"PlotBm121","b","W10","W10","1",13,"PlotBm121_13","Stems >=10 cm DBH","Quercus trojana",19,0.02835287369864788
2099,"PlotBm121","b","W10","W10","3",32,"PlotBm121_32","Stems >=10 cm DBH","Quercus pubescens",39,0.11945906065275187
2100,"PlotBm121","b","W10","W10","3",33,"PlotBm121_33","Stems >=10 cm DBH","Quercus pubescens",25,0.04908738521234052
2069,"PlotBm121","b","W10","W10","1",2,"PlotBm121_2","Stems >=10 cm DBH","Quercus pubescens",25,0.04908738521234052
2097,"PlotBm121","b","W10","W10","3",30,"PlotBm121_30","Stems 2.5-10 cm DBH","Quercus pubescens",6,0.0028274333882308137
2074,"PlotBm121","b","W10","W10","1",7,"PlotBm121_7","Stems 2.5-10 cm DBH","Quercus pubescens",9,0.0063617251235193305
2075,"PlotBm121","b","W10","W10","1",8,"PlotBm121_8","Stems 2.5-10 cm DBH","Quercus pubescens",7,0.0038484510006474965
2096,"PlotBm121","b","W10","W10","3",29,"PlotBm121_29","Stems >=10 cm DBH","Quercus pubescens",25,0.04908738521234052
2077,"PlotBm121","b","W10","W10","1",10,"PlotBm121_10","Stems >=10 cm DBH","Quercus pubescens",26,0.053092915845667506
2078,"PlotBm121","b","W10","W10","1",11,"PlotBm121_11","Stems >=10 cm DBH","Quercus pubescens",18,0.025446900494077322
2079,"PlotBm121","b","W10","W10","1",12,"PlotBm121_12","Stems >=10 cm DBH","Quercus trojana",24,0.04523893421169302
2084,"PlotBm121","b","W10","W10","1",17,"PlotBm121_17","Stems >=10 cm DBH","Quercus trojana",14,0.015393804002589986
2072,"PlotBm121","b","W10","W10","1",5,"PlotBm121_5","Stems >=10 cm DBH","Quercus pubescens",26,0.053092915845667506
2073,"PlotBm121","b","W10","W10","1",6,"PlotBm121_6","Stems >=10 cm DBH","Quercus pubescens",14,0.015393804002589986
2098,"PlotBm121","b","W10","W10","3",31,"PlotBm121_31","Stems 2.5-10 cm DBH","Quercus pubescens",6,0.0028274333882308137
2103,"PlotBm121","b","W10","W10","3",36,"PlotBm121_36","Stems >=10 cm DBH","Quercus trojana",46,0.16619025137490004
2076,"PlotBm121","b","W10","W10","1",9,"PlotBm121_9","Stems >=10 cm DBH","Quercus pubescens",24,0.04523893421169302
2092,"PlotBm121","b","W10","W10","2",25,"PlotBm121_25","Stems >=10 cm DBH","Quercus pubescens",40,0.12566370614359174
2102,"PlotBm121","b","W10","W10","3",35,"PlotBm121_35","Stems >=10 cm DBH","Quercus trojana",31,0.07547676350249478
2094,"PlotBm121","b","W10","W10","2",27,"PlotBm121_27","Stems >=10 cm DBH","Quercus pubescens",22,0.0380132711084365
3835,"PlotBm121","b","W10","W10","2",22,"PlotBm121_22","Stems >=10 cm DBH","Quercus trojana",13,0.013273228961416876
2085,"PlotBm121","b","W10","W10","1",18,"PlotBm121_18","Stems >=10 cm DBH","Quercus trojana",26,0.053092915845667506
2093,"PlotBm121","b","W10","W10","2",26,"PlotBm121_26","Stems >=10 cm DBH","Quercus pubescens",22,0.0380132711084365
2089,"PlotBm121","b","W10","W10","2",22,"PlotBm121_22","Stems >=10 cm DBH","Quercus trojana",21,0.03463605900582747
2090,"PlotBm121","b","W10","W10","2",23,"PlotBm121_23","Stems >=10 cm DBH","Quercus pubescens",25,0.04908738521234052
2091,"PlotBm121","b","W10","W10","2",24,"PlotBm121_24","Stems >=10 cm DBH","Quercus pubescens",30,0.07068583470577035
2086,"PlotBm121","b","W10","W10","1",19,"PlotBm121_19","Stems >=10 cm DBH","Quercus trojana",12,0.011309733552923255
2101,"PlotBm121","b","W10","W10","3",34,"PlotBm121_34","Stems >=10 cm DBH","Quercus trojana",42,0.13854423602330987
2087,"PlotBm121","b","W10","W10","2",20,"PlotBm121_20","Stems >=10 cm DBH","Quercus trojana",23,0.04154756284372501
2104,"PlotBm121","b","W10","W10","3",37,"PlotBm121_37","Stems 2.5-10 cm DBH","Quercus trojana",3,7.068583470577034e-4
3836,"PlotBm121","b","W10","W10","2",25,"PlotBm121_25","Stems >=10 cm DBH","Quercus pubescens",38,0.11341149479459152
2088,"PlotBm121","b","W10","W10","2",21,"PlotBm121_21","Stems >=10 cm DBH","Quercus trojana",18,0.025446900494077322
2109,"PlotBm122","b","W10","W10","1",5,"PlotBm122_5","Stems >=10 cm DBH","Quercus trojana",11,0.009503317777109124
2112,"PlotBm122","b","W10","W10","1",8,"PlotBm122_8","Stems >=10 cm DBH","Quercus trojana",32,0.0804247719318987
2110,"PlotBm122","b","W10","W10","1",6,"PlotBm122_6","Stems >=10 cm DBH","Quercus trojana",14,0.015393804002589986
2111,"PlotBm122","b","W10","W10","1",7,"PlotBm122_7","Stems >=10 cm DBH","Quercus trojana",15,0.017671458676442587
2106,"PlotBm122","b","W10","W10","1",2,"PlotBm122_2","Stems >=10 cm DBH","Quercus trojana",21,0.03463605900582747
2121,"PlotBm122","b","W10","W10","2",17,"PlotBm122_17","Stems >=10 cm DBH","Quercus trojana",11,0.009503317777109124
2122,"PlotBm122","b","W10","W10","2",18,"PlotBm122_18","Stems >=10 cm DBH","Quercus trojana",24,0.04523893421169302
2131,"PlotBm122","b","W10","W10","3",27,"PlotBm122_27","Stems >=10 cm DBH","Quercus trojana",12,0.011309733552923255
2107,"PlotBm122","b","W10","W10","1",3,"PlotBm122_3","Stems >=10 cm DBH","Quercus trojana",17,0.022698006922186254
2108,"PlotBm122","b","W10","W10","1",4,"PlotBm122_4","Stems 2.5-10 cm DBH","Quercus trojana",7,0.0038484510006474965
2123,"PlotBm122","b","W10","W10","2",19,"PlotBm122_19","Stems >=10 cm DBH","Quercus trojana",20,0.031415926535897934
2137,"PlotBm122","b","W10","W10","3",33,"PlotBm122_33","Stems >=10 cm DBH","Quercus trojana",12,0.011309733552923255
2132,"PlotBm122","b","W10","W10","3",28,"PlotBm122_28","Stems >=10 cm DBH","Quercus trojana",15,0.017671458676442587
2113,"PlotBm122","b","W10","W10","2",9,"PlotBm122_9","Stems >=10 cm DBH","Quercus trojana",17,0.022698006922186254
2130,"PlotBm122","b","W10","W10","3",26,"PlotBm122_26","Stems >=10 cm DBH","Quercus trojana",11,0.009503317777109124
2105,"PlotBm122","b","W10","W10","1",1,"PlotBm122_1","Stems >=10 cm DBH","Quercus trojana",11,0.009503317777109124
2118,"PlotBm122","b","W10","W10","2",14,"PlotBm122_14","Stems >=10 cm DBH","Quercus trojana",19,0.02835287369864788
2119,"PlotBm122","b","W10","W10","2",15,"PlotBm122_15","Stems >=10 cm DBH","Quercus trojana",15,0.017671458676442587
2120,"PlotBm122","b","W10","W10","2",16,"PlotBm122_16","Stems >=10 cm DBH","Quercus trojana",23,0.04154756284372501
2134,"PlotBm122","b","W10","W10","3",30,"PlotBm122_30","Stems >=10 cm DBH","Quercus trojana",14,0.015393804002589986
2135,"PlotBm122","b","W10","W10","3",31,"PlotBm122_31","Stems >=10 cm DBH","Quercus trojana",48,0.18095573684677208
2114,"PlotBm122","b","W10","W10","2",10,"PlotBm122_10","Stems >=10 cm DBH","Quercus trojana",14,0.015393804002589986
2133,"PlotBm122","b","W10","W10","3",29,"PlotBm122_29","Stems >=10 cm DBH","Quercus trojana",17,0.022698006922186254
2116,"PlotBm122","b","W10","W10","2",12,"PlotBm122_12","Stems >=10 cm DBH","Quercus trojana",41,0.13202543126711105
2117,"PlotBm122","b","W10","W10","2",13,"PlotBm122_13","Stems >=10 cm DBH","Quercus trojana",17,0.022698006922186254
2127,"PlotBm122","b","W10","W10","3",23,"PlotBm122_23","Stems >=10 cm DBH","Quercus trojana",19,0.02835287369864788
2115,"PlotBm122","b","W10","W10","2",11,"PlotBm122_11","Stems >=10 cm DBH","Quercus trojana",11,0.009503317777109124
2129,"PlotBm122","b","W10","W10","3",25,"PlotBm122_25","Stems 2.5-10 cm DBH","Quercus trojana",9,0.0063617251235193305
3839,"PlotBm122","b","W10","W10","3",35,"PlotBm122_35","Stems >=10 cm DBH","Quercus trojana",35,0.09621127501618741
2126,"PlotBm122","b","W10","W10","3",22,"PlotBm122_22","Stems >=10 cm DBH","Quercus trojana",18,0.025446900494077322
2128,"PlotBm122","b","W10","W10","3",24,"PlotBm122_24","Stems >=10 cm DBH","Quercus trojana",17,0.022698006922186254
2139,"PlotBm122","b","W10","W10","3",35,"PlotBm122_35","Stems >=10 cm DBH","Quercus trojana",29,0.0660519855417254
2138,"PlotBm122","b","W10","W10","3",34,"PlotBm122_34","Stems >=10 cm DBH","Quercus trojana",16,0.020106192982974676
3838,"PlotBm122","b","W10","W10","1",7,"PlotBm122_7","Stems >=10 cm DBH","Quercus trojana",17,0.022698006922186254
2124,"PlotBm122","b","W10","W10","3",20,"PlotBm122_20","Stems >=10 cm DBH","Quercus trojana",33,0.08552985999398212
2136,"PlotBm122","b","W10","W10","3",32,"PlotBm122_32","Stems >=10 cm DBH","Quercus trojana",23,0.04154756284372501
2125,"PlotBm122","b","W10","W10","3",21,"PlotBm122_21","Stems >=10 cm DBH","Quercus trojana",16,0.020106192982974676
3837,"PlotBm122","b","W10","W10","1",3,"PlotBm122_3","Stems >=10 cm DBH","Quercus trojana",16,0.020106192982974676
2148,"PlotBm123","b","W10","W10","1",9,"PlotBm123_9","Stems >=10 cm DBH","Quercus trojana",11,0.009503317777109124
2149,"PlotBm123","b","W10","W10","1",10,"PlotBm123_10","Stems >=10 cm DBH","Quercus trojana",10,0.007853981633974483
2147,"PlotBm123","b","W10","W10","1",8,"PlotBm123_8","Stems >=10 cm DBH","Quercus trojana",14,0.015393804002589986
2159,"PlotBm123","b","W10","W10","2",20,"PlotBm123_20","Stems 2.5-10 cm DBH","Quercus trojana",6,0.0028274333882308137
2160,"PlotBm123","b","W10","W10","2",21,"PlotBm123_21","Stems >=10 cm DBH","Quercus trojana",18,0.025446900494077322
2150,"PlotBm123","b","W10","W10","1",11,"PlotBm123_11","Stems >=10 cm DBH","Quercus trojana",11,0.009503317777109124
2151,"PlotBm123","b","W10","W10","1",12,"PlotBm123_12","Stems >=10 cm DBH","Quercus trojana",13,0.013273228961416876
2162,"PlotBm123","b","W10","W10","2",23,"PlotBm123_23","Stems >=10 cm DBH","Quercus trojana",23,0.04154756284372501
2161,"PlotBm123","b","W10","W10","2",22,"PlotBm123_22","Stems >=10 cm DBH","Quercus trojana",26,0.053092915845667506
2143,"PlotBm123","b","W10","W10","1",4,"PlotBm123_4","Stems >=10 cm DBH","Quercus trojana",10,0.007853981633974483
2144,"PlotBm123","b","W10","W10","1",5,"PlotBm123_5","Stems >=10 cm DBH","Quercus trojana",12,0.011309733552923255
2145,"PlotBm123","b","W10","W10","1",6,"PlotBm123_6","Stems >=10 cm DBH","Quercus trojana",10,0.007853981633974483
2142,"PlotBm123","b","W10","W10","1",3,"PlotBm123_3","Stems >=10 cm DBH","Quercus trojana",10,0.007853981633974483
2171,"PlotBm123","b","W10","W10","3",32,"PlotBm123_32","Stems >=10 cm DBH","Quercus trojana",14,0.015393804002589986
2172,"PlotBm123","b","W10","W10","3",33,"PlotBm123_33","Stems >=10 cm DBH","Quercus trojana",22,0.0380132711084365
2173,"PlotBm123","b","W10","W10","3",34,"PlotBm123_34","Stems >=10 cm DBH","Quercus trojana",16,0.020106192982974676
2146,"PlotBm123","b","W10","W10","1",7,"PlotBm123_7","Stems >=10 cm DBH","Quercus trojana",14,0.015393804002589986
2155,"PlotBm123","b","W10","W10","2",16,"PlotBm123_16","Stems >=10 cm DBH","Quercus trojana",17,0.022698006922186254
2156,"PlotBm123","b","W10","W10","2",17,"PlotBm123_17","Stems >=10 cm DBH","Quercus trojana",14,0.015393804002589986
2157,"PlotBm123","b","W10","W10","2",18,"PlotBm123_18","Stems >=10 cm DBH","Quercus trojana",12,0.011309733552923255
2158,"PlotBm123","b","W10","W10","2",19,"PlotBm123_19","Stems >=10 cm DBH","Quercus trojana",14,0.015393804002589986
2170,"PlotBm123","b","W10","W10","3",31,"PlotBm123_31","Stems >=10 cm DBH","Quercus trojana",15,0.017671458676442587
2141,"PlotBm123","b","W10","W10","1",2,"PlotBm123_2","Stems >=10 cm DBH","Quercus trojana",15,0.017671458676442587
2152,"PlotBm123","b","W10","W10","2",13,"PlotBm123_13","Stems >=10 cm DBH","Quercus trojana",15,0.017671458676442587
2168,"PlotBm123","b","W10","W10","3",29,"PlotBm123_29","Stems >=10 cm DBH","Quercus trojana",23,0.04154756284372501
2154,"PlotBm123","b","W10","W10","2",15,"PlotBm123_15","Stems >=10 cm DBH","Quercus trojana",13,0.013273228961416876
2140,"PlotBm123","b","W10","W10","1",1,"PlotBm123_1","Stems >=10 cm DBH","Quercus trojana",14,0.015393804002589986
2167,"PlotBm123","b","W10","W10","3",28,"PlotBm123_28","Stems >=10 cm DBH","Quercus trojana",14,0.015393804002589986
2163,"PlotBm123","b","W10","W10","2",24,"PlotBm123_24","Stems >=10 cm DBH","Quercus trojana",12,0.011309733552923255
2169,"PlotBm123","b","W10","W10","3",30,"PlotBm123_30","Stems >=10 cm DBH","Quercus trojana",25,0.04908738521234052
2164,"PlotBm123","b","W10","W10","2",25,"PlotBm123_25","Stems >=10 cm DBH","Quercus trojana",17,0.022698006922186254
2166,"PlotBm123","b","W10","W10","3",27,"PlotBm123_27","Stems >=10 cm DBH","Quercus trojana",19,0.02835287369864788
3840,"PlotBm123","b","W10","W10","2",14,"PlotBm123_14","Stems >=10 cm DBH","Quercus trojana",14,0.015393804002589986
2153,"PlotBm123","b","W10","W10","2",14,"PlotBm123_14","Stems >=10 cm DBH","Quercus trojana",14,0.015393804002589986
2165,"PlotBm123","b","W10","W10","2",26,"PlotBm123_26","Stems >=10 cm DBH","Quercus trojana",19,0.02835287369864788
2189,"PlotBm124","b","W10","W10","2",16,"PlotBm124_16","Stems >=10 cm DBH","Quercus trojana",27,0.05725552611167398
2190,"PlotBm124","b","W10","W10","2",17,"PlotBm124_17","Stems >=10 cm DBH","Quercus trojana",16,0.020106192982974676
2192,"PlotBm124","b","W10","W10","2",19,"PlotBm124_19","Stems >=10 cm DBH","Quercus trojana",23,0.04154756284372501
2193,"PlotBm124","b","W10","W10","2",20,"PlotBm124_20","Stems >=10 cm DBH","Quercus trojana",43,0.14522012041218818
2205,"PlotBm124","b","W10","W10","3",32,"PlotBm124_32","Stems >=10 cm DBH","Quercus trojana",13,0.013273228961416876
2194,"PlotBm124","b","W10","W10","2",21,"PlotBm124_21","Stems >=10 cm DBH","Quercus trojana",10,0.007853981633974483
2207,"PlotBm124","b","W10","W10","3",34,"PlotBm124_34","Stems >=10 cm DBH","Quercus trojana",23,0.04154756284372501
2204,"PlotBm124","b","W10","W10","3",31,"PlotBm124_31","Stems >=10 cm DBH","Quercus trojana",22,0.0380132711084365
2208,"PlotBm124","b","W10","W10","3",35,"PlotBm124_35","Stems >=10 cm DBH","Quercus trojana",14,0.015393804002589986
2191,"PlotBm124","b","W10","W10","2",18,"PlotBm124_18","Stems >=10 cm DBH","Quercus trojana",18,0.025446900494077322
2185,"PlotBm124","b","W10","W10","2",12,"PlotBm124_12","Stems >=10 cm DBH","Quercus trojana",11,0.009503317777109124
2174,"PlotBm124","b","W10","W10","1",1,"PlotBm124_1","Stems >=10 cm DBH","Quercus trojana",41,0.13202543126711105
2187,"PlotBm124","b","W10","W10","2",14,"PlotBm124_14","Stems >=10 cm DBH","Quercus trojana",16,0.020106192982974676
2206,"PlotBm124","b","W10","W10","3",33,"PlotBm124_33","Stems >=10 cm DBH","Quercus trojana",19,0.02835287369864788
2203,"PlotBm124","b","W10","W10","3",30,"PlotBm124_30","Stems >=10 cm DBH","Quercus trojana",16,0.020106192982974676
2186,"PlotBm124","b","W10","W10","2",13,"PlotBm124_13","Stems >=10 cm DBH","Quercus trojana",11,0.009503317777109124
2196,"PlotBm124","b","W10","W10","3",23,"PlotBm124_23","Stems >=10 cm DBH","Quercus trojana",10,0.007853981633974483
2188,"PlotBm124","b","W10","W10","2",15,"PlotBm124_15","Stems >=10 cm DBH","Quercus trojana",18,0.025446900494077322
2176,"PlotBm124","b","W10","W10","1",3,"PlotBm124_3","Stems >=10 cm DBH","Quercus trojana",11,0.009503317777109124
2199,"PlotBm124","b","W10","W10","3",26,"PlotBm124_26","Stems >=10 cm DBH","Quercus trojana",10,0.007853981633974483
2200,"PlotBm124","b","W10","W10","3",27,"PlotBm124_27","Stems >=10 cm DBH","Quercus trojana",10,0.007853981633974483
2175,"PlotBm124","b","W10","W10","1",2,"PlotBm124_2","Stems >=10 cm DBH","Quercus trojana",17,0.022698006922186254
2184,"PlotBm124","b","W10","W10","2",11,"PlotBm124_11","Stems >=10 cm DBH","Quercus trojana",27,0.05725552611167398
4371,"PlotBm124","b","W10","W10","2",21,"PlotBm124_21","Stems >=10 cm DBH","Quercus trojana",11,0.009503317777109124
2195,"PlotBm124","b","W10","W10","3",22,"PlotBm124_22","Stems >=10 cm DBH","Quercus trojana",15,0.017671458676442587
2201,"PlotBm124","b","W10","W10","3",28,"PlotBm124_28","Stems 2.5-10 cm DBH","Quercus trojana",5,0.001963495408493621
2202,"PlotBm124","b","W10","W10","3",29,"PlotBm124_29","Stems >=10 cm DBH","Quercus trojana",24,0.04523893421169302
2198,"PlotBm124","b","W10","W10","3",25,"PlotBm124_25","Stems >=10 cm DBH","Quercus trojana",33,0.08552985999398212
3841,"PlotBm124","b","W10","W10","1",3,"PlotBm124_3","Stems >=10 cm DBH","Quercus trojana",25,0.04908738521234052
2179,"PlotBm124","b","W10","W10","2",6,"PlotBm124_6","Stems >=10 cm DBH","Quercus trojana",26,0.053092915845667506
2197,"PlotBm124","b","W10","W10","3",24,"PlotBm124_24","Stems 2.5-10 cm DBH","Quercus trojana",9,0.0063617251235193305
4370,"PlotBm124","b","W10","W10","1",3,"PlotBm124_3","Stems >=10 cm DBH","Quercus trojana",24,0.04523893421169302
2183,"PlotBm124","b","W10","W10","2",10,"PlotBm124_10","Stems >=10 cm DBH","Quercus trojana",29,0.0660519855417254
3842,"PlotBm124","b","W10","W10","2",13,"PlotBm124_13","Stems >=10 cm DBH","Quercus trojana",15,0.017671458676442587
3843,"PlotBm124","b","W10","W10","2",21,"PlotBm124_21","Stems >=10 cm DBH","Quercus trojana",11,0.009503317777109124
2180,"PlotBm124","b","W10","W10","2",7,"PlotBm124_7","Stems >=10 cm DBH","Quercus trojana",16,0.020106192982974676
2178,"PlotBm124","b","W10","W10","2",5,"PlotBm124_5","Stems >=10 cm DBH","Quercus trojana",23,0.04154756284372501
2209,"PlotBm124","b","W10","W10","3",36,"PlotBm124_36","Stems >=10 cm DBH","Quercus trojana",27,0.05725552611167398
2177,"PlotBm124","b","W10","W10","2",4,"PlotBm124_4","Stems >=10 cm DBH","Quercus trojana",17,0.022698006922186254
2182,"PlotBm124","b","W10","W10","2",9,"PlotBm124_9","Stems >=10 cm DBH","Quercus trojana",14,0.015393804002589986
2181,"PlotBm124","b","W10","W10","2",8,"PlotBm124_8","Stems >=10 cm DBH","Quercus trojana",37,0.10752100856911068
2233,"PlotBm125","b","W10","W10","3",24,"PlotBm125_24","Stems >=10 cm DBH","Quercus pubescens",24,0.04523893421169302
2220,"PlotBm125","b","W10","W10","2",11,"PlotBm125_11","Stems >=10 cm DBH","Quercus pubescens",16,0.020106192982974676
2232,"PlotBm125","b","W10","W10","3",23,"PlotBm125_23","Stems >=10 cm DBH","Quercus pubescens",11,0.009503317777109124
4753,"PlotBm125","b","W10","W10","2",15,"PlotBm125_15","Stems >=10 cm DBH","Quercus pubescens",19,0.02835287369864788
4818,"PlotBm125","b","W10","W10","2",15,"PlotBm125_15","Stems >=10 cm DBH","Quercus pubescens",16,0.020106192982974676
2234,"PlotBm125","b","W10","W10","3",25,"PlotBm125_25","Stems >=10 cm DBH","Quercus pubescens",26,0.053092915845667506
2235,"PlotBm125","b","W10","W10","3",26,"PlotBm125_26","Stems >=10 cm DBH","Quercus pubescens",28,0.061575216010359944
2231,"PlotBm125","b","W10","W10","3",22,"PlotBm125_22","Stems >=10 cm DBH","Quercus pubescens",16,0.020106192982974676
2236,"PlotBm125","b","W10","W10","3",27,"PlotBm125_27","Stems >=10 cm DBH","Quercus pubescens",16,0.020106192982974676
4372,"PlotBm125","b","W10","W10","2",15,"PlotBm125_15","Stems >=10 cm DBH","Quercus pubescens",18,0.025446900494077322
2221,"PlotBm125","b","W10","W10","2",12,"PlotBm125_12","Stems >=10 cm DBH","Quercus pubescens",15,0.017671458676442587
2222,"PlotBm125","b","W10","W10","2",13,"PlotBm125_13","Stems >=10 cm DBH","Quercus pubescens",12,0.011309733552923255
2218,"PlotBm125","b","W10","W10","2",9,"PlotBm125_9","Stems >=10 cm DBH","Quercus pubescens",10,0.007853981633974483
2219,"PlotBm125","b","W10","W10","2",10,"PlotBm125_10","Stems >=10 cm DBH","Quercus pubescens",26,0.053092915845667506
3845,"PlotBm125","b","W10","W10","3",21,"PlotBm125_21","Stems >=10 cm DBH","Quercus pubescens",30,0.07068583470577035
2213,"PlotBm125","b","W10","W10","1",4,"PlotBm125_4","Stems >=10 cm DBH","Quercus pubescens",14,0.015393804002589986
2224,"PlotBm125","b","W10","W10","2",15,"PlotBm125_15","Stems >=10 cm DBH","Quercus pubescens",11,0.009503317777109124
2223,"PlotBm125","b","W10","W10","2",14,"PlotBm125_14","Stems >=10 cm DBH","Quercus pubescens",13,0.013273228961416876
2210,"PlotBm125","b","W10","W10","1",1,"PlotBm125_1","Stems >=10 cm DBH","Quercus pubescens",11,0.009503317777109124
2238,"PlotBm125","b","W10","W10","3",29,"PlotBm125_29","Stems >=10 cm DBH","Quercus pubescens",17,0.022698006922186254
2239,"PlotBm125","b","W10","W10","3",30,"PlotBm125_30","Stems >=10 cm DBH","Quercus pubescens",15,0.017671458676442587
2214,"PlotBm125","b","W10","W10","1",5,"PlotBm125_5","Stems >=10 cm DBH","Quercus pubescens",13,0.013273228961416876
2237,"PlotBm125","b","W10","W10","3",28,"PlotBm125_28","Stems >=10 cm DBH","Quercus pubescens",11,0.009503317777109124
2215,"PlotBm125","b","W10","W10","1",6,"PlotBm125_6","Stems >=10 cm DBH","Quercus pubescens",16,0.020106192982974676
2216,"PlotBm125","b","W10","W10","1",7,"PlotBm125_7","Stems >=10 cm DBH","Quercus pubescens",24,0.04523893421169302
2229,"PlotBm125","b","W10","W10","3",20,"PlotBm125_20","Stems >=10 cm DBH","Quercus pubescens",23,0.04154756284372501
2230,"PlotBm125","b","W10","W10","3",21,"PlotBm125_21","Stems >=10 cm DBH","Quercus pubescens",26,0.053092915845667506
3844,"PlotBm125","b","W10","W10","2",15,"PlotBm125_15","Stems >=10 cm DBH","Quercus pubescens",11,0.009503317777109124
4639,"PlotBm125","b","W10","W10","2",15,"PlotBm125_15","Stems >=10 cm DBH","Quercus pubescens",22,0.0380132711084365
2211,"PlotBm125","b","W10","W10","1",2,"PlotBm125_2","Stems >=10 cm DBH","Quercus pubescens",12,0.011309733552923255
2225,"PlotBm125","b","W10","W10","2",16,"PlotBm125_16","Stems >=10 cm DBH","Quercus pubescens",18,0.025446900494077322
2212,"PlotBm125","b","W10","W10","1",3,"PlotBm125_3","Stems >=10 cm DBH","Quercus pubescens",15,0.017671458676442587
2217,"PlotBm125","b","W10","W10","2",8,"PlotBm125_8","Stems >=10 cm DBH","Quercus pubescens",12,0.011309733552923255
2228,"PlotBm125","b","W10","W10","2",19,"PlotBm125_19","Stems >=10 cm DBH","Quercus pubescens",16,0.020106192982974676
2226,"PlotBm125","b","W10","W10","2",17,"PlotBm125_17","Stems >=10 cm DBH","Quercus pubescens",22,0.0380132711084365
2227,"PlotBm125","b","W10","W10","2",18,"PlotBm125_18","Stems >=10 cm DBH","Quercus pubescens",19,0.02835287369864788
2244,"PlotBm126","b","W10","W10","1",5,"PlotBm126_5","Stems >=10 cm DBH","Quercus trojana",17,0.022698006922186254
3849,"PlotBm126","b","W10","W10","2",14,"PlotBm126_14","Stems >=10 cm DBH","Quercus trojana",17,0.022698006922186254
3847,"PlotBm126","b","W10","W10","1",7,"PlotBm126_7","Stems >=10 cm DBH","Quercus trojana",29,0.0660519855417254
2243,"PlotBm126","b","W10","W10","1",4,"PlotBm126_4","Stems >=10 cm DBH","Quercus trojana",24,0.04523893421169302
2245,"PlotBm126","b","W10","W10","1",6,"PlotBm126_6","Stems >=10 cm DBH","Quercus trojana",15,0.017671458676442587
2253,"PlotBm126","b","W10","W10","2",14,"PlotBm126_14","Stems >=10 cm DBH","Quercus trojana",16,0.020106192982974676
2254,"PlotBm126","b","W10","W10","2",15,"PlotBm126_15","Stems >=10 cm DBH","Quercus trojana",46,0.16619025137490004
2255,"PlotBm126","b","W10","W10","2",16,"PlotBm126_16","Stems >=10 cm DBH","Quercus trojana",37,0.10752100856911068
3848,"PlotBm126","b","W10","W10","2",10,"PlotBm126_10","Stems >=10 cm DBH","Quercus trojana",23,0.04154756284372501
2252,"PlotBm126","b","W10","W10","2",13,"PlotBm126_13","Stems >=10 cm DBH","Quercus trojana",41,0.13202543126711105
2266,"PlotBm126","b","W10","W10","3",27,"PlotBm126_27","Stems >=10 cm DBH","Quercus trojana",27,0.05725552611167398
2240,"PlotBm126","b","W10","W10","2",1,"PlotBm126_1","Stems 2.5-10 cm DBH","Cornus mas",9,0.0063617251235193305
2241,"PlotBm126","b","W10","W10","2",2,"PlotBm126_2","Stems 2.5-10 cm DBH","Acer monspessulanum",8,0.005026548245743669
2256,"PlotBm126","b","W10","W10","3",17,"PlotBm126_17","Stems >=10 cm DBH","Quercus trojana",11,0.009503317777109124
2257,"PlotBm126","b","W10","W10","3",18,"PlotBm126_18","Stems >=10 cm DBH","Quercus trojana",31,0.07547676350249478
2265,"PlotBm126","b","W10","W10","3",26,"PlotBm126_26","Stems >=10 cm DBH","Quercus trojana",13,0.013273228961416876
2258,"PlotBm126","b","W10","W10","3",19,"PlotBm126_19","Stems >=10 cm DBH","Quercus trojana",31,0.07547676350249478
2242,"PlotBm126","b","W10","W10","3",3,"PlotBm126_3","Stems 2.5-10 cm DBH","Acer campestre",7,0.0038484510006474965
3846,"PlotBm126","b","W10","W10","3",3,"PlotBm126_3","Stems 2.5-10 cm DBH","Acer campestre",8,0.005026548245743669
2248,"PlotBm126","b","W10","W10","1",9,"PlotBm126_9","Stems >=10 cm DBH","Quercus trojana",16,0.020106192982974676
2249,"PlotBm126","b","W10","W10","2",10,"PlotBm126_10","Stems >=10 cm DBH","Quercus trojana",17,0.022698006922186254
2259,"PlotBm126","b","W10","W10","3",20,"PlotBm126_20","Stems >=10 cm DBH","Quercus trojana",11,0.009503317777109124
2247,"PlotBm126","b","W10","W10","1",8,"PlotBm126_8","Stems >=10 cm DBH","Quercus trojana",29,0.0660519855417254
2264,"PlotBm126","b","W10","W10","3",25,"PlotBm126_25","Stems >=10 cm DBH","Quercus trojana",24,0.04523893421169302
2260,"PlotBm126","b","W10","W10","3",21,"PlotBm126_21","Stems 2.5-10 cm DBH","Quercus trojana",9,0.0063617251235193305
2250,"PlotBm126","b","W10","W10","2",11,"PlotBm126_11","Stems >=10 cm DBH","Quercus trojana",46,0.16619025137490004
2251,"PlotBm126","b","W10","W10","2",12,"PlotBm126_12","Stems >=10 cm DBH","Quercus trojana",14,0.015393804002589986
2246,"PlotBm126","b","W10","W10","1",7,"PlotBm126_7","Stems >=10 cm DBH","Quercus trojana",25,0.04908738521234052
2261,"PlotBm126","b","W10","W10","3",22,"PlotBm126_22","Stems >=10 cm DBH","Quercus trojana",28,0.061575216010359944
2262,"PlotBm126","b","W10","W10","3",23,"PlotBm126_23","Stems >=10 cm DBH","Quercus trojana",31,0.07547676350249478
2263,"PlotBm126","b","W10","W10","3",24,"PlotBm126_24","Stems 2.5-10 cm DBH","Quercus trojana",9,0.0063617251235193305
3850,"PlotBm127","b","W10","W10","2",14,"PlotBm127_14","Stems >=10 cm DBH","Quercus pubescens",12,0.011309733552923255
2270,"PlotBm127","b","W10","W10","1",4,"PlotBm127_4","Stems >=10 cm DBH","Quercus pubescens",12,0.011309733552923255
2268,"PlotBm127","b","W10","W10","1",2,"PlotBm127_2","Stems >=10 cm DBH","Quercus pubescens",21,0.03463605900582747
2293,"PlotBm127","b","W10","W10","2",27,"PlotBm127_27","Stems >=10 cm DBH","Quercus pubescens",14,0.015393804002589986
2272,"PlotBm127","b","W10","W10","1",6,"PlotBm127_6","Stems >=10 cm DBH","Quercus pubescens",15,0.017671458676442587
2271,"PlotBm127","b","W10","W10","1",5,"PlotBm127_5","Stems >=10 cm DBH","Quercus pubescens",24,0.04523893421169302
2267,"PlotBm127","b","W10","W10","1",1,"PlotBm127_1","Stems >=10 cm DBH","Quercus pubescens",14,0.015393804002589986
2292,"PlotBm127","b","W10","W10","2",26,"PlotBm127_26","Stems >=10 cm DBH","Quercus pubescens",12,0.011309733552923255
2273,"PlotBm127","b","W10","W10","1",7,"PlotBm127_7","Stems >=10 cm DBH","Quercus pubescens",27,0.05725552611167398
2294,"PlotBm127","b","W10","W10","3",28,"PlotBm127_28","Stems >=10 cm DBH","Quercus pubescens",10,0.007853981633974483
2282,"PlotBm127","b","W10","W10","2",16,"PlotBm127_16","Stems >=10 cm DBH","Quercus pubescens",11,0.009503317777109124
2274,"PlotBm127","b","W10","W10","1",8,"PlotBm127_8","Stems >=10 cm DBH","Quercus pubescens",16,0.020106192982974676
2304,"PlotBm127","b","W10","W10","3",38,"PlotBm127_38","Stems >=10 cm DBH","Quercus pubescens",27,0.05725552611167398
4754,"PlotBm127","b","W10","W10","2",14,"PlotBm127_14","Stems >=10 cm DBH","Quercus pubescens",14,0.015393804002589986
2269,"PlotBm127","b","W10","W10","1",3,"PlotBm127_3","Stems >=10 cm DBH","Quercus pubescens",23,0.04154756284372501
2291,"PlotBm127","b","W10","W10","2",25,"PlotBm127_25","Stems >=10 cm DBH","Quercus pubescens",10,0.007853981633974483
2283,"PlotBm127","b","W10","W10","2",17,"PlotBm127_17","Stems >=10 cm DBH","Quercus pubescens",11,0.009503317777109124
2275,"PlotBm127","b","W10","W10","2",9,"PlotBm127_9","Stems >=10 cm DBH","Quercus pubescens",14,0.015393804002589986
2276,"PlotBm127","b","W10","W10","2",10,"PlotBm127_10","Stems >=10 cm DBH","Quercus pubescens",10,0.007853981633974483
2295,"PlotBm127","b","W10","W10","3",29,"PlotBm127_29","Stems >=10 cm DBH","Quercus pubescens",21,0.03463605900582747
2278,"PlotBm127","b","W10","W10","2",12,"PlotBm127_12","Stems >=10 cm DBH","Quercus pubescens",17,0.022698006922186254
2279,"PlotBm127","b","W10","W10","2",13,"PlotBm127_13","Stems >=10 cm DBH","Quercus pubescens",10,0.007853981633974483
2280,"PlotBm127","b","W10","W10","2",14,"PlotBm127_14","Stems >=10 cm DBH","Quercus pubescens",12,0.011309733552923255
2277,"PlotBm127","b","W10","W10","2",11,"PlotBm127_11","Stems >=10 cm DBH","Quercus pubescens",17,0.022698006922186254
4373,"PlotBm127","b","W10","W10","2",14,"PlotBm127_14","Stems >=10 cm DBH","Quercus pubescens",10,0.007853981633974483
2298,"PlotBm127","b","W10","W10","3",32,"PlotBm127_32","Stems >=10 cm DBH","Quercus pubescens",24,0.04523893421169302
2299,"PlotBm127","b","W10","W10","3",33,"PlotBm127_33","Stems 2.5-10 cm DBH","Quercus pubescens",9,0.0063617251235193305
2281,"PlotBm127","b","W10","W10","2",15,"PlotBm127_15","Stems >=10 cm DBH","Quercus pubescens",13,0.013273228961416876
2286,"PlotBm127","b","W10","W10","2",20,"PlotBm127_20","Stems >=10 cm DBH","Quercus pubescens",13,0.013273228961416876
2287,"PlotBm127","b","W10","W10","2",21,"PlotBm127_21","Stems >=10 cm DBH","Quercus pubescens",16,0.020106192982974676
2288,"PlotBm127","b","W10","W10","2",22,"PlotBm127_22","Stems >=10 cm DBH","Quercus pubescens",18,0.025446900494077322
4640,"PlotBm127","b","W10","W10","2",14,"PlotBm127_14","Stems >=10 cm DBH","Quercus pubescens",12,0.011309733552923255
2290,"PlotBm127","b","W10","W10","2",24,"PlotBm127_24","Stems >=10 cm DBH","Quercus pubescens",12,0.011309733552923255
2303,"PlotBm127","b","W10","W10","3",37,"PlotBm127_37","Stems >=10 cm DBH","Quercus pubescens",19,0.02835287369864788
2289,"PlotBm127","b","W10","W10","2",23,"PlotBm127_23","Stems >=10 cm DBH","Quercus pubescens",11,0.009503317777109124
2284,"PlotBm127","b","W10","W10","2",18,"PlotBm127_18","Stems >=10 cm DBH","Quercus pubescens",13,0.013273228961416876
2285,"PlotBm127","b","W10","W10","2",19,"PlotBm127_19","Stems >=10 cm DBH","Quercus pubescens",15,0.017671458676442587
2296,"PlotBm127","b","W10","W10","3",30,"PlotBm127_30","Stems >=10 cm DBH","Quercus pubescens",10,0.007853981633974483
2301,"PlotBm127","b","W10","W10","3",35,"PlotBm127_35","Stems >=10 cm DBH","Quercus pubescens",16,0.020106192982974676
2302,"PlotBm127","b","W10","W10","3",36,"PlotBm127_36","Stems >=10 cm DBH","Quercus pubescens",23,0.04154756284372501
2300,"PlotBm127","b","W10","W10","3",34,"PlotBm127_34","Stems 2.5-10 cm DBH","Quercus pubescens",8,0.005026548245743669
2297,"PlotBm127","b","W10","W10","3",31,"PlotBm127_31","Stems >=10 cm DBH","Quercus pubescens",11,0.009503317777109124
2310,"PlotBm128","b","W10","W10","1",6,"PlotBm128_6","Stems >=10 cm DBH","Quercus pubescens",13,0.013273228961416876
2308,"PlotBm128","b","W10","W10","1",4,"PlotBm128_4","Stems >=10 cm DBH","Quercus trojana",10,0.007853981633974483
2324,"PlotBm128","b","W10","W10","2",20,"PlotBm128_20","Stems >=10 cm DBH","Quercus trojana",14,0.015393804002589986
2312,"PlotBm128","b","W10","W10","1",8,"PlotBm128_8","Stems 2.5-10 cm DBH","Quercus trojana",2.5,4.908738521234052e-4
2326,"PlotBm128","b","W10","W10","3",22,"PlotBm128_22","Stems >=10 cm DBH","Quercus trojana",13,0.013273228961416876
2309,"PlotBm128","b","W10","W10","1",5,"PlotBm128_5","Stems >=10 cm DBH","Quercus trojana",15,0.017671458676442587
2313,"PlotBm128","b","W10","W10","1",9,"PlotBm128_9","Stems >=10 cm DBH","Quercus trojana",10,0.007853981633974483
3851,"PlotBm128","b","W10","W10","3",24,"PlotBm128_24","Stems 2.5-10 cm DBH","Juniperus oxycedrus",6,0.0028274333882308137
2317,"PlotBm128","b","W10","W10","2",13,"PlotBm128_13","Stems >=10 cm DBH","Quercus trojana",10,0.007853981633974483
2307,"PlotBm128","b","W10","W10","1",3,"PlotBm128_3","Stems >=10 cm DBH","Quercus trojana",13,0.013273228961416876
2325,"PlotBm128","b","W10","W10","3",21,"PlotBm128_21","Stems >=10 cm DBH","Quercus trojana",12,0.011309733552923255
2311,"PlotBm128","b","W10","W10","1",7,"PlotBm128_7","Stems 2.5-10 cm DBH","Quercus trojana",3,7.068583470577034e-4
2323,"PlotBm128","b","W10","W10","2",19,"PlotBm128_19","Stems >=10 cm DBH","Quercus trojana",11,0.009503317777109124
2322,"PlotBm128","b","W10","W10","2",18,"PlotBm128_18","Stems >=10 cm DBH","Quercus trojana",13,0.013273228961416876
2305,"PlotBm128","b","W10","W10","1",1,"PlotBm128_1","Stems >=10 cm DBH","Quercus pubescens",11,0.009503317777109124
2319,"PlotBm128","b","W10","W10","2",15,"PlotBm128_15","Stems 2.5-10 cm DBH","Juniperus oxycedrus",4,0.0012566370614359172
2316,"PlotBm128","b","W10","W10","1",12,"PlotBm128_12","Stems 2.5-10 cm DBH","Pistacia terebinthus",6,0.0028274333882308137
2330,"PlotBm128","b","W10","W10","3",26,"PlotBm128_26","Stems >=10 cm DBH","Quercus trojana",10,0.007853981633974483
2314,"PlotBm128","b","W10","W10","1",10,"PlotBm128_10","Stems >=10 cm DBH","Quercus pubescens",13,0.013273228961416876
2327,"PlotBm128","b","W10","W10","3",23,"PlotBm128_23","Stems >=10 cm DBH","Quercus pubescens",13,0.013273228961416876
2320,"PlotBm128","b","W10","W10","2",16,"PlotBm128_16","Stems 2.5-10 cm DBH","Quercus trojana",7,0.0038484510006474965
2321,"PlotBm128","b","W10","W10","2",17,"PlotBm128_17","Stems >=10 cm DBH","Quercus pubescens",16,0.020106192982974676
2318,"PlotBm128","b","W10","W10","2",14,"PlotBm128_14","Stems 2.5-10 cm DBH","Quercus trojana",8,0.005026548245743669
2315,"PlotBm128","b","W10","W10","1",11,"PlotBm128_11","Stems >=10 cm DBH","Quercus trojana",12,0.011309733552923255
2328,"PlotBm128","b","W10","W10","3",24,"PlotBm128_24","Stems 2.5-10 cm DBH","Juniperus oxycedrus",7,0.0038484510006474965
2306,"PlotBm128","b","W10","W10","1",2,"PlotBm128_2","Stems >=10 cm DBH","Quercus pubescens",13,0.013273228961416876
2329,"PlotBm128","b","W10","W10","3",25,"PlotBm128_25","Stems 2.5-10 cm DBH","Quercus trojana",8,0.005026548245743669
3852,"PlotBm129","b","W10","W10","1",4,"PlotBm129_4","Stems 2.5-10 cm DBH","Quercus trojana",7,0.0038484510006474965
2351,"PlotBm129","b","W10","W10","3",21,"PlotBm129_21","Stems >=10 cm DBH","Quercus trojana",12,0.011309733552923255
2352,"PlotBm129","b","W10","W10","3",22,"PlotBm129_22","Stems 2.5-10 cm DBH","Juniperus oxycedrus",3,7.068583470577034e-4
2340,"PlotBm129","b","W10","W10","1",10,"PlotBm129_10","Stems 2.5-10 cm DBH","Juniperus oxycedrus",3,7.068583470577034e-4
2337,"PlotBm129","b","W10","W10","1",7,"PlotBm129_7","Stems >=10 cm DBH","Quercus trojana",11,0.009503317777109124
2338,"PlotBm129","b","W10","W10","1",8,"PlotBm129_8","Stems 2.5-10 cm DBH","Quercus trojana",8,0.005026548245743669
2339,"PlotBm129","b","W10","W10","1",9,"PlotBm129_9","Stems 2.5-10 cm DBH","Quercus trojana",6,0.0028274333882308137
2335,"PlotBm129","b","W10","W10","1",5,"PlotBm129_5","Stems 2.5-10 cm DBH","Quercus trojana",6,0.0028274333882308137
3856,"PlotBm129","b","W10","W10","3",20,"PlotBm129_20","Stems >=10 cm DBH","Quercus trojana",13,0.013273228961416876
2333,"PlotBm129","b","W10","W10","1",3,"PlotBm129_3","Stems >=10 cm DBH","Quercus pubescens",18,0.025446900494077322
2334,"PlotBm129","b","W10","W10","1",4,"PlotBm129_4","Stems 2.5-10 cm DBH","Quercus trojana",8,0.005026548245743669
4375,"PlotBm129","b","W10","W10","1",5,"PlotBm129_5","Stems >=10 cm DBH","Quercus trojana",16,0.020106192982974676
2336,"PlotBm129","b","W10","W10","1",6,"PlotBm129_6","Stems 2.5-10 cm DBH","Quercus trojana",8,0.005026548245743669
2348,"PlotBm129","b","W10","W10","3",18,"PlotBm129_18","Stems >=10 cm DBH","Quercus trojana",12,0.011309733552923255
2350,"PlotBm129","b","W10","W10","3",20,"PlotBm129_20","Stems >=10 cm DBH","Quercus trojana",12,0.011309733552923255
3854,"PlotBm129","b","W10","W10","2",15,"PlotBm129_15","Stems 2.5-10 cm DBH","Quercus trojana",4,0.0012566370614359172
3855,"PlotBm129","b","W10","W10","3",18,"PlotBm129_18","Stems >=10 cm DBH","Quercus trojana",10,0.007853981633974483
2332,"PlotBm129","b","W10","W10","1",2,"PlotBm129_2","Stems >=10 cm DBH","Quercus trojana",16,0.020106192982974676
3853,"PlotBm129","b","W10","W10","1",5,"PlotBm129_5","Stems 2.5-10 cm DBH","Quercus trojana",8,0.005026548245743669
2345,"PlotBm129","b","W10","W10","2",15,"PlotBm129_15","Stems 2.5-10 cm DBH","Quercus trojana",5,0.001963495408493621
2346,"PlotBm129","b","W10","W10","2",16,"PlotBm129_16","Stems >=10 cm DBH","Quercus pubescens",13,0.013273228961416876
2347,"PlotBm129","b","W10","W10","2",17,"PlotBm129_17","Stems >=10 cm DBH","Quercus pubescens",16,0.020106192982974676
2344,"PlotBm129","b","W10","W10","2",14,"PlotBm129_14","Stems >=10 cm DBH","Quercus pubescens",16,0.020106192982974676
2349,"PlotBm129","b","W10","W10","3",19,"PlotBm129_19","Stems >=10 cm DBH","Quercus trojana",13,0.013273228961416876
4374,"PlotBm129","b","W10","W10","1",4,"PlotBm129_4","Stems >=10 cm DBH","Quercus trojana",14,0.015393804002589986
2343,"PlotBm129","b","W10","W10","2",13,"PlotBm129_13","Stems >=10 cm DBH","Quercus trojana",11,0.009503317777109124
2331,"PlotBm129","b","W10","W10","1",1,"PlotBm129_1","Stems >=10 cm DBH","Quercus trojana",13,0.013273228961416876
2342,"PlotBm129","b","W10","W10","2",12,"PlotBm129_12","Stems >=10 cm DBH","Quercus trojana",14,0.015393804002589986
2341,"PlotBm129","b","W10","W10","2",11,"PlotBm129_11","Stems >=10 cm DBH","Quercus trojana",21,0.03463605900582747
2354,"PlotBm13","b","W2","W2","1",2,"PlotBm13_2","Stems >=10 cm DBH","Quercus coccifera",11,0.009503317777109124
2363,"PlotBm13","b","W2","W2","3",11,"PlotBm13_11","Stems >=10 cm DBH","Quercus coccifera",14,0.015393804002589986
2365,"PlotBm13","b","W2","W2","3",13,"PlotBm13_13","Stems 2.5-10 cm DBH","Quercus coccifera",9,0.0063617251235193305
2353,"PlotBm13","b","W2","W2","1",1,"PlotBm13_1","Stems 2.5-10 cm DBH","Quercus coccifera",8,0.005026548245743669
4377,"PlotBm13","b","W2","W2","3",17,"PlotBm13_17","Stems 2.5-10 cm DBH","Quercus coccifera",5,0.001963495408493621
2364,"PlotBm13","b","W2","W2","3",12,"PlotBm13_12","Stems 2.5-10 cm DBH","Quercus coccifera",3,7.068583470577034e-4
2358,"PlotBm13","b","W2","W2","2",6,"PlotBm13_6","Stems >=10 cm DBH","Quercus coccifera",11,0.009503317777109124
2359,"PlotBm13","b","W2","W2","2",7,"PlotBm13_7","Stems 2.5-10 cm DBH","Quercus coccifera",3,7.068583470577034e-4
4376,"PlotBm13","b","W2","W2","2",10,"PlotBm13_10","Stems 2.5-10 cm DBH","Quercus coccifera",3,7.068583470577034e-4
2361,"PlotBm13","b","W2","W2","2",9,"PlotBm13_9","Stems 2.5-10 cm DBH","Quercus coccifera",3,7.068583470577034e-4
2362,"PlotBm13","b","W2","W2","2",10,"PlotBm13_10","Stems 2.5-10 cm DBH","Quercus coccifera",3,7.068583470577034e-4
3862,"PlotBm13","b","W2","W2","3",15,"PlotBm13_15","Stems 2.5-10 cm DBH","Quercus coccifera",3,7.068583470577034e-4
2360,"PlotBm13","b","W2","W2","2",8,"PlotBm13_8","Stems 2.5-10 cm DBH","Quercus coccifera",3,7.068583470577034e-4
2355,"PlotBm13","b","W2","W2","1",3,"PlotBm13_3","Stems 2.5-10 cm DBH","Quercus coccifera",7,0.0038484510006474965
2356,"PlotBm13","b","W2","W2","1",4,"PlotBm13_4","Stems 2.5-10 cm DBH","Quercus coccifera",4,0.0012566370614359172
2357,"PlotBm13","b","W2","W2","1",5,"PlotBm13_5","Stems 2.5-10 cm DBH","Quercus coccifera",3,7.068583470577034e-4
3863,"PlotBm13","b","W2","W2","3",17,"PlotBm13_17","Stems 2.5-10 cm DBH","Quercus coccifera",4,0.0012566370614359172
3858,"PlotBm13","b","W2","W2","1",5,"PlotBm13_5","Stems 2.5-10 cm DBH","Quercus coccifera",5,0.001963495408493621
3859,"PlotBm13","b","W2","W2","2",7,"PlotBm13_7","Stems 2.5-10 cm DBH","Quercus coccifera",3,7.068583470577034e-4
3860,"PlotBm13","b","W2","W2","2",10,"PlotBm13_10","Stems 2.5-10 cm DBH","Quercus coccifera",3,7.068583470577034e-4
3857,"PlotBm13","b","W2","W2","1",1,"PlotBm13_1","Stems 2.5-10 cm DBH","Quercus coccifera",7,0.0038484510006474965
3864,"PlotBm13","b","W2","W2","3",18,"PlotBm13_18","Stems >=10 cm DBH","Quercus coccifera",14,0.015393804002589986
2370,"PlotBm13","b","W2","W2","3",18,"PlotBm13_18","Stems >=10 cm DBH","Quercus coccifera",11,0.009503317777109124
2366,"PlotBm13","b","W2","W2","3",14,"PlotBm13_14","Stems 2.5-10 cm DBH","Quercus coccifera",7,0.0038484510006474965
3861,"PlotBm13","b","W2","W2","3",12,"PlotBm13_12","Stems 2.5-10 cm DBH","Quercus coccifera",3,7.068583470577034e-4
2369,"PlotBm13","b","W2","W2","3",17,"PlotBm13_17","Stems 2.5-10 cm DBH","Quercus coccifera",3,7.068583470577034e-4
2368,"PlotBm13","b","W2","W2","3",16,"PlotBm13_16","Stems >=10 cm DBH","Quercus coccifera",13,0.013273228961416876
2367,"PlotBm13","b","W2","W2","3",15,"PlotBm13_15","Stems 2.5-10 cm DBH","Quercus coccifera",3,7.068583470577034e-4
2392,"PlotBm130","b","W10","W10","3",22,"PlotBm130_22","Stems >=10 cm DBH","Quercus pubescens",13,0.013273228961416876
4378,"PlotBm130","b","W10","W10","3",24,"PlotBm130_24","Stems >=10 cm DBH","Quercus pubescens",14,0.015393804002589986
2389,"PlotBm130","b","W10","W10","2",19,"PlotBm130_19","Stems >=10 cm DBH","Quercus pubescens",13,0.013273228961416876
2376,"PlotBm130","b","W10","W10","1",6,"PlotBm130_6","Stems >=10 cm DBH","Quercus trojana",15,0.017671458676442587
2377,"PlotBm130","b","W10","W10","1",7,"PlotBm130_7","Stems 2.5-10 cm DBH","Quercus trojana",9,0.0063617251235193305
2375,"PlotBm130","b","W10","W10","1",5,"PlotBm130_5","Stems 2.5-10 cm DBH","Quercus pubescens",6,0.0028274333882308137
2379,"PlotBm130","b","W10","W10","1",9,"PlotBm130_9","Stems >=10 cm DBH","Quercus pubescens",11,0.009503317777109124
2371,"PlotBm130","b","W10","W10","1",1,"PlotBm130_1","Stems >=10 cm DBH","Quercus pubescens",12,0.011309733552923255
2372,"PlotBm130","b","W10","W10","1",2,"PlotBm130_2","Stems >=10 cm DBH","Quercus trojana",14,0.015393804002589986
2374,"PlotBm130","b","W10","W10","1",4,"PlotBm130_4","Stems >=10 cm DBH","Quercus trojana",16,0.020106192982974676
2386,"PlotBm130","b","W10","W10","2",16,"PlotBm130_16","Stems 2.5-10 cm DBH","Quercus trojana",5,0.001963495408493621
2387,"PlotBm130","b","W10","W10","2",17,"PlotBm130_17","Stems >=10 cm DBH","Quercus trojana",12,0.011309733552923255
2390,"PlotBm130","b","W10","W10","2",20,"PlotBm130_20","Stems >=10 cm DBH","Quercus trojana",10,0.007853981633974483
2373,"PlotBm130","b","W10","W10","1",3,"PlotBm130_3","Stems >=10 cm DBH","Quercus trojana",13,0.013273228961416876
2395,"PlotBm130","b","W10","W10","3",25,"PlotBm130_25","Stems >=10 cm DBH","Quercus pubescens",12,0.011309733552923255
3865,"PlotBm130","b","W10","W10","1",3,"PlotBm130_3","Stems >=10 cm DBH","Quercus trojana",16,0.020106192982974676
2380,"PlotBm130","b","W10","W10","1",10,"PlotBm130_10","Stems >=10 cm DBH","Quercus pubescens",11,0.009503317777109124
2391,"PlotBm130","b","W10","W10","2",21,"PlotBm130_21","Stems >=10 cm DBH","Quercus trojana",11,0.009503317777109124
2399,"PlotBm130","b","W10","W10","3",29,"PlotBm130_29","Stems >=10 cm DBH","Quercus pubescens",10,0.007853981633974483
2396,"PlotBm130","b","W10","W10","3",26,"PlotBm130_26","Stems >=10 cm DBH","Quercus pubescens",13,0.013273228961416876
2397,"PlotBm130","b","W10","W10","3",27,"PlotBm130_27","Stems >=10 cm DBH","Quercus trojana",15,0.017671458676442587
2398,"PlotBm130","b","W10","W10","3",28,"PlotBm130_28","Stems 2.5-10 cm DBH","Quercus trojana",8,0.005026548245743669
2394,"PlotBm130","b","W10","W10","3",24,"PlotBm130_24","Stems 2.5-10 cm DBH","Quercus pubescens",8,0.005026548245743669
2381,"PlotBm130","b","W10","W10","1",11,"PlotBm130_11","Stems >=10 cm DBH","Quercus pubescens",14,0.015393804002589986
2378,"PlotBm130","b","W10","W10","1",8,"PlotBm130_8","Stems >=10 cm DBH","Quercus trojana",12,0.011309733552923255
2388,"PlotBm130","b","W10","W10","2",18,"PlotBm130_18","Stems >=10 cm DBH","Quercus pubescens",11,0.009503317777109124
2384,"PlotBm130","b","W10","W10","2",14,"PlotBm130_14","Stems >=10 cm DBH","Quercus pubescens",12,0.011309733552923255
2385,"PlotBm130","b","W10","W10","2",15,"PlotBm130_15","Stems >=10 cm DBH","Quercus trojana",16,0.020106192982974676
2382,"PlotBm130","b","W10","W10","2",12,"PlotBm130_12","Stems >=10 cm DBH","Quercus trojana",19,0.02835287369864788
2393,"PlotBm130","b","W10","W10","3",23,"PlotBm130_23","Stems >=10 cm DBH","Quercus pubescens",18,0.025446900494077322
3866,"PlotBm130","b","W10","W10","2",13,"PlotBm130_13","Stems >=10 cm DBH","Quercus pubescens",12,0.011309733552923255
3867,"PlotBm130","b","W10","W10","3",24,"PlotBm130_24","Stems >=10 cm DBH","Quercus pubescens",16,0.020106192982974676
2383,"PlotBm130","b","W10","W10","2",13,"PlotBm130_13","Stems >=10 cm DBH","Quercus pubescens",18,0.025446900494077322
4380,"PlotBm131","b","W10","W10","2",20,"PlotBm131_20","Stems 2.5-10 cm DBH","Fraxinus ornus",4,0.0012566370614359172
2403,"PlotBm131","b","W10","W10","1",4,"PlotBm131_4","Stems 2.5-10 cm DBH","Quercus pubescens",8,0.005026548245743669
2401,"PlotBm131","b","W10","W10","1",2,"PlotBm131_2","Stems 2.5-10 cm DBH","Quercus pubescens",9,0.0063617251235193305
2402,"PlotBm131","b","W10","W10","1",3,"PlotBm131_3","Stems 2.5-10 cm DBH","Quercus pubescens",4,0.0012566370614359172
2415,"PlotBm131","b","W10","W10","2",16,"PlotBm131_16","Stems >=10 cm DBH","Quercus trojana",16,0.020106192982974676
2416,"PlotBm131","b","W10","W10","2",17,"PlotBm131_17","Stems 2.5-10 cm DBH","Quercus trojana",6,0.0028274333882308137
4379,"PlotBm131","b","W10","W10","1",2,"PlotBm131_2","Stems 2.5-10 cm DBH","Quercus pubescens",9,0.0063617251235193305
2400,"PlotBm131","b","W10","W10","1",1,"PlotBm131_1","Stems >=10 cm DBH","Quercus trojana",12,0.011309733552923255
3869,"PlotBm131","b","W10","W10","1",6,"PlotBm131_6","Stems >=10 cm DBH","Quercus pubescens",14,0.015393804002589986
2421,"PlotBm131","b","W10","W10","3",22,"PlotBm131_22","Stems >=10 cm DBH","Quercus trojana",14,0.015393804002589986
2417,"PlotBm131","b","W10","W10","2",18,"PlotBm131_18","Stems 2.5-10 cm DBH","Quercus frainetto",4,0.0012566370614359172
2418,"PlotBm131","b","W10","W10","2",19,"PlotBm131_19","Stems 2.5-10 cm DBH","Juniperus oxycedrus",3,7.068583470577034e-4
2414,"PlotBm131","b","W10","W10","2",15,"PlotBm131_15","Stems >=10 cm DBH","Quercus pubescens",18,0.025446900494077322
3870,"PlotBm131","b","W10","W10","2",20,"PlotBm131_20","Stems 2.5-10 cm DBH","Fraxinus ornus",3,7.068583470577034e-4
3871,"PlotBm131","b","W10","W10","3",29,"PlotBm131_29","Stems >=10 cm DBH","Quercus trojana",10,0.007853981633974483
2413,"PlotBm131","b","W10","W10","2",14,"PlotBm131_14","Stems >=10 cm DBH","Quercus pubescens",12,0.011309733552923255
3868,"PlotBm131","b","W10","W10","1",2,"PlotBm131_2","Stems >=10 cm DBH","Quercus pubescens",10,0.007853981633974483
2412,"PlotBm131","b","W10","W10","2",13,"PlotBm131_13","Stems >=10 cm DBH","Quercus frainetto",10,0.007853981633974483
2428,"PlotBm131","b","W10","W10","3",29,"PlotBm131_29","Stems >=10 cm DBH","Quercus trojana",11,0.009503317777109124
2430,"PlotBm131","b","W10","W10","3",31,"PlotBm131_31","Stems >=10 cm DBH","Quercus pubescens",11,0.009503317777109124
2410,"PlotBm131","b","W10","W10","2",11,"PlotBm131_11","Stems >=10 cm DBH","Quercus frainetto",12,0.011309733552923255
2407,"PlotBm131","b","W10","W10","1",8,"PlotBm131_8","Stems >=10 cm DBH","Quercus trojana",10,0.007853981633974483
2404,"PlotBm131","b","W10","W10","1",5,"PlotBm131_5","Stems 2.5-10 cm DBH","Quercus pubescens",7,0.0038484510006474965
2422,"PlotBm131","b","W10","W10","3",23,"PlotBm131_23","Stems >=10 cm DBH","Quercus trojana",17,0.022698006922186254
2429,"PlotBm131","b","W10","W10","3",30,"PlotBm131_30","Stems >=10 cm DBH","Quercus pubescens",10,0.007853981633974483
2411,"PlotBm131","b","W10","W10","2",12,"PlotBm131_12","Stems >=10 cm DBH","Quercus frainetto",10,0.007853981633974483
2408,"PlotBm131","b","W10","W10","1",9,"PlotBm131_9","Stems >=10 cm DBH","Quercus trojana",10,0.007853981633974483
2409,"PlotBm131","b","W10","W10","1",10,"PlotBm131_10","Stems >=10 cm DBH","Quercus pubescens",13,0.013273228961416876
2420,"PlotBm131","b","W10","W10","2",21,"PlotBm131_21","Stems >=10 cm DBH","Quercus pubescens",16,0.020106192982974676
2405,"PlotBm131","b","W10","W10","1",6,"PlotBm131_6","Stems >=10 cm DBH","Quercus pubescens",16,0.020106192982974676
2427,"PlotBm131","b","W10","W10","3",28,"PlotBm131_28","Stems >=10 cm DBH","Quercus frainetto",14,0.015393804002589986
2419,"PlotBm131","b","W10","W10","2",20,"PlotBm131_20","Stems 2.5-10 cm DBH","Fraxinus ornus",8,0.005026548245743669
2424,"PlotBm131","b","W10","W10","3",25,"PlotBm131_25","Stems >=10 cm DBH","Quercus pubescens",12,0.011309733552923255
2425,"PlotBm131","b","W10","W10","3",26,"PlotBm131_26","Stems >=10 cm DBH","Quercus pubescens",16,0.020106192982974676
2406,"PlotBm131","b","W10","W10","1",7,"PlotBm131_7","Stems >=10 cm DBH","Quercus trojana",14,0.015393804002589986
2423,"PlotBm131","b","W10","W10","3",24,"PlotBm131_24","Stems >=10 cm DBH","Quercus trojana",13,0.013273228961416876
2426,"PlotBm131","b","W10","W10","3",27,"PlotBm131_27","Stems 2.5-10 cm DBH","Quercus trojana",9,0.0063617251235193305
2434,"PlotBm132","b","W10","W10","1",4,"PlotBm132_4","Stems 2.5-10 cm DBH","Carpinus orientalis",3,7.068583470577034e-4
2432,"PlotBm132","b","W10","W10","1",2,"PlotBm132_2","Stems >=10 cm DBH","Quercus trojana",14,0.015393804002589986
2446,"PlotBm132","b","W10","W10","2",16,"PlotBm132_16","Stems >=10 cm DBH","Quercus trojana",12,0.011309733552923255
2431,"PlotBm132","b","W10","W10","1",1,"PlotBm132_1","Stems >=10 cm DBH","Quercus pubescens",16,0.020106192982974676
2447,"PlotBm132","b","W10","W10","2",17,"PlotBm132_17","Stems >=10 cm DBH","Quercus pubescens",12,0.011309733552923255
2448,"PlotBm132","b","W10","W10","2",18,"PlotBm132_18","Stems >=10 cm DBH","Quercus trojana",18,0.025446900494077322
4755,"PlotBm132","b","W10","W10","1",6,"PlotBm132_6","Stems 2.5-10 cm DBH","Carpinus orientalis",5,0.001963495408493621
2444,"PlotBm132","b","W10","W10","2",14,"PlotBm132_14","Stems >=10 cm DBH","Quercus trojana",11,0.009503317777109124
2445,"PlotBm132","b","W10","W10","2",15,"PlotBm132_15","Stems >=10 cm DBH","Quercus trojana",13,0.013273228961416876
2463,"PlotBm132","b","W10","W10","3",33,"PlotBm132_33","Stems >=10 cm DBH","Carpinus orientalis",10,0.007853981633974483
3875,"PlotBm132","b","W10","W10","1",6,"PlotBm132_6","Stems 2.5-10 cm DBH","Carpinus orientalis",8,0.005026548245743669
2433,"PlotBm132","b","W10","W10","1",3,"PlotBm132_3","Stems 2.5-10 cm DBH","Carpinus orientalis",3,7.068583470577034e-4
4381,"PlotBm132","b","W10","W10","1",5,"PlotBm132_5","Stems 2.5-10 cm DBH","Carpinus orientalis",4,0.0012566370614359172
4382,"PlotBm132","b","W10","W10","1",6,"PlotBm132_6","Stems 2.5-10 cm DBH","Carpinus orientalis",4,0.0012566370614359172
4383,"PlotBm132","b","W10","W10","1",7,"PlotBm132_7","Stems 2.5-10 cm DBH","Carpinus orientalis",6,0.0028274333882308137
4384,"PlotBm132","b","W10","W10","2",20,"PlotBm132_20","Stems 2.5-10 cm DBH","Carpinus orientalis",3,7.068583470577034e-4
2440,"PlotBm132","b","W10","W10","1",10,"PlotBm132_10","Stems >=10 cm DBH","Quercus trojana",14,0.015393804002589986
2441,"PlotBm132","b","W10","W10","1",11,"PlotBm132_11","Stems >=10 cm DBH","Quercus trojana",12,0.011309733552923255
2442,"PlotBm132","b","W10","W10","1",12,"PlotBm132_12","Stems >=10 cm DBH","Quercus trojana",14,0.015393804002589986
2443,"PlotBm132","b","W10","W10","2",13,"PlotBm132_13","Stems >=10 cm DBH","Quercus pubescens",14,0.015393804002589986
2461,"PlotBm132","b","W10","W10","3",31,"PlotBm132_31","Stems >=10 cm DBH","Quercus pubescens",12,0.011309733552923255
2462,"PlotBm132","b","W10","W10","3",32,"PlotBm132_32","Stems >=10 cm DBH","Quercus trojana",13,0.013273228961416876
3873,"PlotBm132","b","W10","W10","1",4,"PlotBm132_4","Stems 2.5-10 cm DBH","Carpinus orientalis",3,7.068583470577034e-4
3874,"PlotBm132","b","W10","W10","1",5,"PlotBm132_5","Stems 2.5-10 cm DBH","Carpinus orientalis",7,0.0038484510006474965
2437,"PlotBm132","b","W10","W10","1",7,"PlotBm132_7","Stems 2.5-10 cm DBH","Carpinus orientalis",3,7.068583470577034e-4
2449,"PlotBm132","b","W10","W10","2",19,"PlotBm132_19","Stems >=10 cm DBH","Quercus pubescens",17,0.022698006922186254
3879,"PlotBm132","b","W10","W10","3",22,"PlotBm132_22","Stems 2.5-10 cm DBH","Carpinus orientalis",5,0.001963495408493621
3880,"PlotBm132","b","W10","W10","3",23,"PlotBm132_23","Stems 2.5-10 cm DBH","Carpinus orientalis",4,0.0012566370614359172
2459,"PlotBm132","b","W10","W10","3",29,"PlotBm132_29","Stems >=10 cm DBH","Quercus trojana",17,0.022698006922186254
2438,"PlotBm132","b","W10","W10","1",8,"PlotBm132_8","Stems >=10 cm DBH","Quercus pubescens",13,0.013273228961416876
2439,"PlotBm132","b","W10","W10","1",9,"PlotBm132_9","Stems >=10 cm DBH","Quercus pubescens",11,0.009503317777109124
2458,"PlotBm132","b","W10","W10","3",28,"PlotBm132_28","Stems >=10 cm DBH","Quercus trojana",14,0.015393804002589986
2436,"PlotBm132","b","W10","W10","1",6,"PlotBm132_6","Stems 2.5-10 cm DBH","Carpinus orientalis",6,0.0028274333882308137
2460,"PlotBm132","b","W10","W10","3",30,"PlotBm132_30","Stems >=10 cm DBH","Quercus pubescens",12,0.011309733552923255
3872,"PlotBm132","b","W10","W10","1",3,"PlotBm132_3","Stems 2.5-10 cm DBH","Carpinus orientalis",5,0.001963495408493621
2435,"PlotBm132","b","W10","W10","1",5,"PlotBm132_5","Stems 2.5-10 cm DBH","Carpinus orientalis",5,0.001963495408493621
2454,"PlotBm132","b","W10","W10","3",24,"PlotBm132_24","Stems 2.5-10 cm DBH","Cornus mas",3,7.068583470577034e-4
2455,"PlotBm132","b","W10","W10","3",25,"PlotBm132_25","Stems >=10 cm DBH","Quercus trojana",12,0.011309733552923255
3876,"PlotBm132","b","W10","W10","1",7,"PlotBm132_7","Stems 2.5-10 cm DBH","Carpinus orientalis",4,0.0012566370614359172
2457,"PlotBm132","b","W10","W10","3",27,"PlotBm132_27","Stems >=10 cm DBH","Quercus trojana",12,0.011309733552923255
3877,"PlotBm132","b","W10","W10","1",11,"PlotBm132_11","Stems >=10 cm DBH","Quercus trojana",10,0.007853981633974483
4641,"PlotBm132","b","W10","W10","1",5,"PlotBm132_5","Stems 2.5-10 cm DBH","Carpinus orientalis",3,7.068583470577034e-4
2456,"PlotBm132","b","W10","W10","3",26,"PlotBm132_26","Stems >=10 cm DBH","Quercus trojana",14,0.015393804002589986
2452,"PlotBm132","b","W10","W10","3",22,"PlotBm132_22","Stems 2.5-10 cm DBH","Carpinus orientalis",6,0.0028274333882308137
3881,"PlotBm132","b","W10","W10","3",24,"PlotBm132_24","Stems 2.5-10 cm DBH","Cornus mas",3,7.068583470577034e-4
3878,"PlotBm132","b","W10","W10","2",20,"PlotBm132_20","Stems 2.5-10 cm DBH","Carpinus orientalis",5,0.001963495408493621
4642,"PlotBm132","b","W10","W10","1",6,"PlotBm132_6","Stems 2.5-10 cm DBH","Carpinus orientalis",4,0.0012566370614359172
2453,"PlotBm132","b","W10","W10","3",23,"PlotBm132_23","Stems 2.5-10 cm DBH","Carpinus orientalis",8,0.005026548245743669
2451,"PlotBm132","b","W10","W10","3",21,"PlotBm132_21","Stems 2.5-10 cm DBH","Carpinus orientalis",5,0.001963495408493621
2450,"PlotBm132","b","W10","W10","2",20,"PlotBm132_20","Stems 2.5-10 cm DBH","Carpinus orientalis",3,7.068583470577034e-4
2475,"PlotBm133","b","W10","W10","2",12,"PlotBm133_12","Stems >=10 cm DBH","Quercus pubescens",15,0.017671458676442587
2477,"PlotBm133","b","W10","W10","2",14,"PlotBm133_14","Stems >=10 cm DBH","Quercus pubescens",14,0.015393804002589986
2486,"PlotBm133","b","W10","W10","3",23,"PlotBm133_23","Stems >=10 cm DBH","Quercus pubescens",21,0.03463605900582747
2476,"PlotBm133","b","W10","W10","2",13,"PlotBm133_13","Stems >=10 cm DBH","Quercus pubescens",18,0.025446900494077322
2464,"PlotBm133","b","W10","W10","1",1,"PlotBm133_1","Stems >=10 cm DBH","Quercus pubescens",14,0.015393804002589986
2478,"PlotBm133","b","W10","W10","2",15,"PlotBm133_15","Stems >=10 cm DBH","Quercus trojana",32,0.0804247719318987
2474,"PlotBm133","b","W10","W10","2",11,"PlotBm133_11","Stems >=10 cm DBH","Quercus pubescens",17,0.022698006922186254
2483,"PlotBm133","b","W10","W10","3",20,"PlotBm133_20","Stems >=10 cm DBH","Quercus pubescens",19,0.02835287369864788
2484,"PlotBm133","b","W10","W10","3",21,"PlotBm133_21","Stems 2.5-10 cm DBH","Quercus pubescens",9,0.0063617251235193305
2485,"PlotBm133","b","W10","W10","3",22,"PlotBm133_22","Stems >=10 cm DBH","Acer monspessulanum",19,0.02835287369864788
2473,"PlotBm133","b","W10","W10","1",10,"PlotBm133_10","Stems >=10 cm DBH","Quercus pubescens",16,0.020106192982974676
3884,"PlotBm133","b","W10","W10","3",19,"PlotBm133_19","Stems >=10 cm DBH","Quercus trojana",14,0.015393804002589986
2470,"PlotBm133","b","W10","W10","1",7,"PlotBm133_7","Stems >=10 cm DBH","Quercus trojana",16,0.020106192982974676
2467,"PlotBm133","b","W10","W10","1",4,"PlotBm133_4","Stems >=10 cm DBH","Quercus pubescens",14,0.015393804002589986
2468,"PlotBm133","b","W10","W10","1",5,"PlotBm133_5","Stems >=10 cm DBH","Quercus trojana",18,0.025446900494077322
2480,"PlotBm133","b","W10","W10","2",17,"PlotBm133_17","Stems >=10 cm DBH","Carpinus orientalis",18,0.025446900494077322
2481,"PlotBm133","b","W10","W10","2",18,"PlotBm133_18","Stems >=10 cm DBH","Carpinus orientalis",11,0.009503317777109124
2471,"PlotBm133","b","W10","W10","1",8,"PlotBm133_8","Stems >=10 cm DBH","Quercus trojana",15,0.017671458676442587
2472,"PlotBm133","b","W10","W10","1",9,"PlotBm133_9","Stems >=10 cm DBH","Quercus trojana",17,0.022698006922186254
4386,"PlotBm133","b","W10","W10","3",19,"PlotBm133_19","Stems >=10 cm DBH","Quercus trojana",19,0.02835287369864788
3883,"PlotBm133","b","W10","W10","2",18,"PlotBm133_18","Stems >=10 cm DBH","Carpinus orientalis",10,0.007853981633974483
2465,"PlotBm133","b","W10","W10","1",2,"PlotBm133_2","Stems >=10 cm DBH","Quercus pubescens",11,0.009503317777109124
2479,"PlotBm133","b","W10","W10","2",16,"PlotBm133_16","Stems 2.5-10 cm DBH","Quercus pubescens",8,0.005026548245743669
2466,"PlotBm133","b","W10","W10","1",3,"PlotBm133_3","Stems >=10 cm DBH","Fraxinus ornus",10,0.007853981633974483
2482,"PlotBm133","b","W10","W10","3",19,"PlotBm133_19","Stems >=10 cm DBH","Quercus trojana",27,0.05725552611167398
4385,"PlotBm133","b","W10","W10","2",15,"PlotBm133_15","Stems >=10 cm DBH","Quercus trojana",13,0.013273228961416876
3882,"PlotBm133","b","W10","W10","2",15,"PlotBm133_15","Stems >=10 cm DBH","Quercus trojana",24,0.04523893421169302
2469,"PlotBm133","b","W10","W10","1",6,"PlotBm133_6","Stems >=10 cm DBH","Quercus pubescens",21,0.03463605900582747
2497,"PlotBm134","b","W16","W16","3",11,"PlotBm134_11","Stems 2.5-10 cm DBH","Fraxinus ornus",4,0.0012566370614359172
2495,"PlotBm134","b","W16","W16","3",9,"PlotBm134_9","Stems >=10 cm DBH","Pinus brutia",27,0.05725552611167398
3885,"PlotBm134","b","W16","W16","3",11,"PlotBm134_11","Stems 2.5-10 cm DBH","Fraxinus ornus",4,0.0012566370614359172
2496,"PlotBm134","b","W16","W16","3",10,"PlotBm134_10","Stems >=10 cm DBH","Fraxinus ornus",14,0.015393804002589986
4387,"PlotBm134","b","W16","W16","3",11,"PlotBm134_11","Stems 2.5-10 cm DBH","Fraxinus ornus",3,7.068583470577034e-4
2489,"PlotBm134","b","W16","W16","1",3,"PlotBm134_3","Stems >=10 cm DBH","Pinus brutia",62,0.30190705400997914
2498,"PlotBm134","b","W16","W16","3",12,"PlotBm134_12","Stems >=10 cm DBH","Quercus frainetto",17,0.022698006922186254
2487,"PlotBm134","b","W16","W16","1",1,"PlotBm134_1","Stems >=10 cm DBH","Pinus brutia",28,0.061575216010359944
2488,"PlotBm134","b","W16","W16","1",2,"PlotBm134_2","Stems >=10 cm DBH","Pinus brutia",63,0.31172453105244724
2494,"PlotBm134","b","W16","W16","2",8,"PlotBm134_8","Stems >=10 cm DBH","Quercus frainetto",12,0.011309733552923255
2493,"PlotBm134","b","W16","W16","2",7,"PlotBm134_7","Stems >=10 cm DBH","Pinus brutia",68,0.36316811075498007
2490,"PlotBm134","b","W16","W16","1",4,"PlotBm134_4","Stems >=10 cm DBH","Pinus brutia",65,0.3318307240354219
2491,"PlotBm134","b","W16","W16","1",5,"PlotBm134_5","Stems >=10 cm DBH","Quercus frainetto",45,0.15904312808798327
2492,"PlotBm134","b","W16","W16","1",6,"PlotBm134_6","Stems >=10 cm DBH","Quercus frainetto",28,0.061575216010359944
2507,"PlotBm135","b","W16","W16","3",9,"PlotBm135_9","Stems >=10 cm DBH","Quercus frainetto",38,0.11341149479459152
2499,"PlotBm135","b","W16","W16","1",1,"PlotBm135_1","Stems >=10 cm DBH","Quercus frainetto",44,0.152053084433746
2508,"PlotBm135","b","W16","W16","3",10,"PlotBm135_10","Stems >=10 cm DBH","Pinus brutia",28,0.061575216010359944
2502,"PlotBm135","b","W16","W16","2",4,"PlotBm135_4","Stems >=10 cm DBH","Pinus brutia",27,0.05725552611167398
2503,"PlotBm135","b","W16","W16","2",5,"PlotBm135_5","Stems >=10 cm DBH","Pinus brutia",19,0.02835287369864788
2506,"PlotBm135","b","W16","W16","3",8,"PlotBm135_8","Stems >=10 cm DBH","Quercus frainetto",36,0.10178760197630929
2500,"PlotBm135","b","W16","W16","1",2,"PlotBm135_2","Stems >=10 cm DBH","Pinus brutia",25,0.04908738521234052
2504,"PlotBm135","b","W16","W16","3",6,"PlotBm135_6","Stems >=10 cm DBH","Pinus brutia",23,0.04154756284372501
2501,"PlotBm135","b","W16","W16","2",3,"PlotBm135_3","Stems >=10 cm DBH","Pinus brutia",48,0.18095573684677208
2505,"PlotBm135","b","W16","W16","3",7,"PlotBm135_7","Stems >=10 cm DBH","Quercus frainetto",34,0.09079202768874502
2513,"PlotBm136","b","W16","W16","1",5,"PlotBm136_5","Stems >=10 cm DBH","Quercus frainetto",18,0.025446900494077322
2514,"PlotBm136","b","W16","W16","1",6,"PlotBm136_6","Stems >=10 cm DBH","Quercus pubescens",12,0.011309733552923255
2512,"PlotBm136","b","W16","W16","1",4,"PlotBm136_4","Stems >=10 cm DBH","Quercus frainetto",25,0.04908738521234052
2521,"PlotBm136","b","W16","W16","3",13,"PlotBm136_13","Stems >=10 cm DBH","Pinus brutia",26,0.053092915845667506
2517,"PlotBm136","b","W16","W16","2",9,"PlotBm136_9","Stems >=10 cm DBH","Pinus brutia",26,0.053092915845667506
2511,"PlotBm136","b","W16","W16","1",3,"PlotBm136_3","Stems >=10 cm DBH","Quercus frainetto",19,0.02835287369864788
2510,"PlotBm136","b","W16","W16","1",2,"PlotBm136_2","Stems >=10 cm DBH","Quercus frainetto",13,0.013273228961416876
2516,"PlotBm136","b","W16","W16","2",8,"PlotBm136_8","Stems >=10 cm DBH","Quercus frainetto",28,0.061575216010359944
2520,"PlotBm136","b","W16","W16","3",12,"PlotBm136_12","Stems >=10 cm DBH","Quercus frainetto",22,0.0380132711084365
2509,"PlotBm136","b","W16","W16","1",1,"PlotBm136_1","Stems >=10 cm DBH","Pinus brutia",56,0.24630086404143978
2515,"PlotBm136","b","W16","W16","2",7,"PlotBm136_7","Stems 2.5-10 cm DBH","Quercus pubescens",9,0.0063617251235193305
2518,"PlotBm136","b","W16","W16","2",10,"PlotBm136_10","Stems >=10 cm DBH","Pinus brutia",26,0.053092915845667506
2519,"PlotBm136","b","W16","W16","3",11,"PlotBm136_11","Stems >=10 cm DBH","Quercus frainetto",24,0.04523893421169302
3887,"PlotBm137","b","W16","W16","2",7,"PlotBm137_7","Stems 2.5-10 cm DBH","Quercus coccifera",3,7.068583470577034e-4
3888,"PlotBm137","b","W16","W16","2",8,"PlotBm137_8","Stems 2.5-10 cm DBH","Quercus coccifera",3,7.068583470577034e-4
3886,"PlotBm137","b","W16","W16","1",2,"PlotBm137_2","Stems >=10 cm DBH","Quercus frainetto",15,0.017671458676442587
2535,"PlotBm137","b","W16","W16","3",14,"PlotBm137_14","Stems >=10 cm DBH","Quercus frainetto",19,0.02835287369864788
2526,"PlotBm137","b","W16","W16","2",5,"PlotBm137_5","Stems >=10 cm DBH","Pinus brutia",47,0.17349445429449634
2534,"PlotBm137","b","W16","W16","3",13,"PlotBm137_13","Stems >=10 cm DBH","Quercus frainetto",10,0.007853981633974483
2525,"PlotBm137","b","W16","W16","1",4,"PlotBm137_4","Stems >=10 cm DBH","Pinus brutia",31,0.07547676350249478
2523,"PlotBm137","b","W16","W16","1",2,"PlotBm137_2","Stems >=10 cm DBH","Quercus frainetto",13,0.013273228961416876
2522,"PlotBm137","b","W16","W16","1",1,"PlotBm137_1","Stems >=10 cm DBH","Quercus frainetto",11,0.009503317777109124
2532,"PlotBm137","b","W16","W16","3",11,"PlotBm137_11","Stems >=10 cm DBH","Quercus frainetto",12,0.011309733552923255
2524,"PlotBm137","b","W16","W16","1",3,"PlotBm137_3","Stems >=10 cm DBH","Pinus brutia",37,0.10752100856911068
4388,"PlotBm137","b","W16","W16","2",8,"PlotBm137_8","Stems 2.5-10 cm DBH","Quercus coccifera",3,7.068583470577034e-4
2528,"PlotBm137","b","W16","W16","2",7,"PlotBm137_7","Stems 2.5-10 cm DBH","Quercus coccifera",3,7.068583470577034e-4
2529,"PlotBm137","b","W16","W16","2",8,"PlotBm137_8","Stems 2.5-10 cm DBH","Quercus coccifera",3,7.068583470577034e-4
2527,"PlotBm137","b","W16","W16","2",6,"PlotBm137_6","Stems >=10 cm DBH","Pinus brutia",45,0.15904312808798327
2533,"PlotBm137","b","W16","W16","3",12,"PlotBm137_12","Stems >=10 cm DBH","Quercus frainetto",18,0.025446900494077322
2530,"PlotBm137","b","W16","W16","3",9,"PlotBm137_9","Stems >=10 cm DBH","Pinus brutia",29,0.0660519855417254
2531,"PlotBm137","b","W16","W16","3",10,"PlotBm137_10","Stems >=10 cm DBH","Pinus brutia",17,0.022698006922186254
2553,"PlotBm138","b","W16","W16","3",18,"PlotBm138_18","Stems >=10 cm DBH","Pinus brutia",21,0.03463605900582747
2537,"PlotBm138","b","W16","W16","1",2,"PlotBm138_2","Stems >=10 cm DBH","Pinus brutia",44,0.152053084433746
2538,"PlotBm138","b","W16","W16","1",3,"PlotBm138_3","Stems >=10 cm DBH","Pinus brutia",38,0.11341149479459152
2536,"PlotBm138","b","W16","W16","1",1,"PlotBm138_1","Stems >=10 cm DBH","Quercus frainetto",10,0.007853981633974483
2550,"PlotBm138","b","W16","W16","3",15,"PlotBm138_15","Stems >=10 cm DBH","Pinus brutia",28,0.061575216010359944
2551,"PlotBm138","b","W16","W16","3",16,"PlotBm138_16","Stems >=10 cm DBH","Pinus brutia",37,0.10752100856911068
2552,"PlotBm138","b","W16","W16","3",17,"PlotBm138_17","Stems >=10 cm DBH","Pinus brutia",26,0.053092915845667506
2547,"PlotBm138","b","W16","W16","3",12,"PlotBm138_12","Stems >=10 cm DBH","Quercus frainetto",13,0.013273228961416876
2548,"PlotBm138","b","W16","W16","3",13,"PlotBm138_13","Stems >=10 cm DBH","Quercus frainetto",12,0.011309733552923255
2549,"PlotBm138","b","W16","W16","3",14,"PlotBm138_14","Stems >=10 cm DBH","Quercus frainetto",10,0.007853981633974483
2542,"PlotBm138","b","W16","W16","2",7,"PlotBm138_7","Stems >=10 cm DBH","Quercus frainetto",11,0.009503317777109124
2543,"PlotBm138","b","W16","W16","2",8,"PlotBm138_8","Stems >=10 cm DBH","Pinus brutia",27,0.05725552611167398
2546,"PlotBm138","b","W16","W16","2",11,"PlotBm138_11","Stems >=10 cm DBH","Quercus frainetto",10,0.007853981633974483
2539,"PlotBm138","b","W16","W16","1",4,"PlotBm138_4","Stems >=10 cm DBH","Quercus frainetto",11,0.009503317777109124
2540,"PlotBm138","b","W16","W16","1",5,"PlotBm138_5","Stems >=10 cm DBH","Quercus frainetto",12,0.011309733552923255
2541,"PlotBm138","b","W16","W16","1",6,"PlotBm138_6","Stems >=10 cm DBH","Quercus frainetto",14,0.015393804002589986
2544,"PlotBm138","b","W16","W16","2",9,"PlotBm138_9","Stems >=10 cm DBH","Pinus brutia",28,0.061575216010359944
2545,"PlotBm138","b","W16","W16","2",10,"PlotBm138_10","Stems >=10 cm DBH","Pinus brutia",31,0.07547676350249478
2555,"PlotBm139","b","W16","W16","1",2,"PlotBm139_2","Stems >=10 cm DBH","Quercus frainetto",10,0.007853981633974483
2569,"PlotBm139","b","W16","W16","3",16,"PlotBm139_16","Stems >=10 cm DBH","Quercus frainetto",21,0.03463605900582747
2567,"PlotBm139","b","W16","W16","3",14,"PlotBm139_14","Stems >=10 cm DBH","Pinus brutia",32,0.0804247719318987
4389,"PlotBm139","b","W16","W16","1",1,"PlotBm139_1","Stems >=10 cm DBH","Quercus frainetto",10,0.007853981633974483
4390,"PlotBm139","b","W16","W16","2",8,"PlotBm139_8","Stems >=10 cm DBH","Quercus frainetto",15,0.017671458676442587
2554,"PlotBm139","b","W16","W16","1",1,"PlotBm139_1","Stems >=10 cm DBH","Quercus frainetto",10,0.007853981633974483
2570,"PlotBm139","b","W16","W16","3",17,"PlotBm139_17","Stems >=10 cm DBH","Quercus frainetto",14,0.015393804002589986
2558,"PlotBm139","b","W16","W16","1",5,"PlotBm139_5","Stems >=10 cm DBH","Pinus brutia",55,0.23758294442772812
3890,"PlotBm139","b","W16","W16","1",6,"PlotBm139_6","Stems >=10 cm DBH","Quercus frainetto",14,0.015393804002589986
2566,"PlotBm139","b","W16","W16","2",13,"PlotBm139_13","Stems >=10 cm DBH","Pinus brutia",47,0.17349445429449634
3889,"PlotBm139","b","W16","W16","1",1,"PlotBm139_1","Stems >=10 cm DBH","Quercus frainetto",11,0.009503317777109124
2562,"PlotBm139","b","W16","W16","2",9,"PlotBm139_9","Stems >=10 cm DBH","Pinus brutia",26,0.053092915845667506
2559,"PlotBm139","b","W16","W16","1",6,"PlotBm139_6","Stems >=10 cm DBH","Quercus frainetto",16,0.020106192982974676
2568,"PlotBm139","b","W16","W16","3",15,"PlotBm139_15","Stems >=10 cm DBH","Quercus frainetto",14,0.015393804002589986
2565,"PlotBm139","b","W16","W16","2",12,"PlotBm139_12","Stems 2.5-10 cm DBH","Quercus frainetto",9,0.0063617251235193305
2557,"PlotBm139","b","W16","W16","1",4,"PlotBm139_4","Stems >=10 cm DBH","Pinus brutia",33,0.08552985999398212
2563,"PlotBm139","b","W16","W16","2",10,"PlotBm139_10","Stems >=10 cm DBH","Pinus brutia",18,0.025446900494077322
2564,"PlotBm139","b","W16","W16","2",11,"PlotBm139_11","Stems >=10 cm DBH","Quercus frainetto",17,0.022698006922186254
2556,"PlotBm139","b","W16","W16","1",3,"PlotBm139_3","Stems >=10 cm DBH","Quercus frainetto",13,0.013273228961416876
2561,"PlotBm139","b","W16","W16","2",8,"PlotBm139_8","Stems >=10 cm DBH","Quercus frainetto",12,0.011309733552923255
3893,"PlotBm139","b","W16","W16","2",11,"PlotBm139_11","Stems 2.5-10 cm DBH","Quercus frainetto",8,0.005026548245743669
3894,"PlotBm139","b","W16","W16","3",16,"PlotBm139_16","Stems >=10 cm DBH","Quercus frainetto",22,0.0380132711084365
2560,"PlotBm139","b","W16","W16","1",7,"PlotBm139_7","Stems >=10 cm DBH","Quercus frainetto",15,0.017671458676442587
3892,"PlotBm139","b","W16","W16","2",8,"PlotBm139_8","Stems >=10 cm DBH","Quercus frainetto",10,0.007853981633974483
3891,"PlotBm139","b","W16","W16","1",7,"PlotBm139_7","Stems >=10 cm DBH","Quercus frainetto",10,0.007853981633974483
2571,"PlotBm14","b","W2","W2","1",1,"PlotBm14_1","Stems >=10 cm DBH","Quercus coccifera",12,0.011309733552923255
2572,"PlotBm14","b","W2","W2","1",2,"PlotBm14_2","Stems 2.5-10 cm DBH","Quercus coccifera",6,0.0028274333882308137
2585,"PlotBm14","b","W2","W2","2",15,"PlotBm14_15","Stems 2.5-10 cm DBH","Quercus coccifera",3,7.068583470577034e-4
2586,"PlotBm14","b","W2","W2","2",16,"PlotBm14_16","Stems 2.5-10 cm DBH","Quercus coccifera",3,7.068583470577034e-4
2573,"PlotBm14","b","W2","W2","1",3,"PlotBm14_3","Stems 2.5-10 cm DBH","Quercus coccifera",4,0.0012566370614359172
2583,"PlotBm14","b","W2","W2","2",13,"PlotBm14_13","Stems 2.5-10 cm DBH","Quercus coccifera",3,7.068583470577034e-4
2584,"PlotBm14","b","W2","W2","2",14,"PlotBm14_14","Stems 2.5-10 cm DBH","Quercus coccifera",3,7.068583470577034e-4
2581,"PlotBm14","b","W2","W2","2",11,"PlotBm14_11","Stems 2.5-10 cm DBH","Quercus coccifera",4,0.0012566370614359172
2582,"PlotBm14","b","W2","W2","2",12,"PlotBm14_12","Stems 2.5-10 cm DBH","Quercus coccifera",6,0.0028274333882308137
2597,"PlotBm14","b","W2","W2","3",27,"PlotBm14_27","Stems >=10 cm DBH","Quercus coccifera",14,0.015393804002589986
2598,"PlotBm14","b","W2","W2","3",28,"PlotBm14_28","Stems 2.5-10 cm DBH","Quercus coccifera",3,7.068583470577034e-4
2595,"PlotBm14","b","W2","W2","3",25,"PlotBm14_25","Stems >=10 cm DBH","Quercus coccifera",12,0.011309733552923255
2596,"PlotBm14","b","W2","W2","3",26,"PlotBm14_26","Stems >=10 cm DBH","Quercus coccifera",12,0.011309733552923255
2588,"PlotBm14","b","W2","W2","2",18,"PlotBm14_18","Stems 2.5-10 cm DBH","Quercus coccifera",2.5,4.908738521234052e-4
2600,"PlotBm14","b","W2","W2","3",30,"PlotBm14_30","Stems 2.5-10 cm DBH","Quercus coccifera",5,0.001963495408493621
2601,"PlotBm14","b","W2","W2","3",31,"PlotBm14_31","Stems 2.5-10 cm DBH","Quercus coccifera",3,7.068583470577034e-4
2602,"PlotBm14","b","W2","W2","3",32,"PlotBm14_32","Stems 2.5-10 cm DBH","Quercus coccifera",8,0.005026548245743669
2603,"PlotBm14","b","W2","W2","3",33,"PlotBm14_33","Stems 2.5-10 cm DBH","Quercus coccifera",4,0.0012566370614359172
2604,"PlotBm14","b","W2","W2","3",34,"PlotBm14_34","Stems 2.5-10 cm DBH","Quercus coccifera",5,0.001963495408493621
2605,"PlotBm14","b","W2","W2","3",35,"PlotBm14_35","Stems 2.5-10 cm DBH","Quercus coccifera",4,0.0012566370614359172
2606,"PlotBm14","b","W2","W2","3",36,"PlotBm14_36","Stems 2.5-10 cm DBH","Quercus coccifera",5,0.001963495408493621
2607,"PlotBm14","b","W2","W2","3",37,"PlotBm14_37","Stems 2.5-10 cm DBH","Quercus coccifera",4,0.0012566370614359172
2608,"PlotBm14","b","W2","W2","3",38,"PlotBm14_38","Stems 2.5-10 cm DBH","Quercus coccifera",4,0.0012566370614359172
4392,"PlotBm14","b","W2","W2","3",34,"PlotBm14_34","Stems 2.5-10 cm DBH","Quercus coccifera",6,0.0028274333882308137
2574,"PlotBm14","b","W2","W2","1",4,"PlotBm14_4","Stems 2.5-10 cm DBH","Quercus coccifera",4,0.0012566370614359172
2587,"PlotBm14","b","W2","W2","2",17,"PlotBm14_17","Stems 2.5-10 cm DBH","Quercus coccifera",6,0.0028274333882308137
2576,"PlotBm14","b","W2","W2","1",6,"PlotBm14_6","Stems 2.5-10 cm DBH","Quercus coccifera",3,7.068583470577034e-4
2577,"PlotBm14","b","W2","W2","1",7,"PlotBm14_7","Stems 2.5-10 cm DBH","Quercus coccifera",3,7.068583470577034e-4
2578,"PlotBm14","b","W2","W2","1",8,"PlotBm14_8","Stems 2.5-10 cm DBH","Quercus coccifera",3,7.068583470577034e-4
2579,"PlotBm14","b","W2","W2","1",9,"PlotBm14_9","Stems >=10 cm DBH","Quercus coccifera",10,0.007853981633974483
2580,"PlotBm14","b","W2","W2","2",10,"PlotBm14_10","Stems >=10 cm DBH","Quercus coccifera",11,0.009503317777109124
2614,"PlotBm14","b","W2","W2","3",44,"PlotBm14_44","Stems >=10 cm DBH","Quercus coccifera",11,0.009503317777109124
2615,"PlotBm14","b","W2","W2","3",45,"PlotBm14_45","Stems >=10 cm DBH","Quercus coccifera",10,0.007853981633974483
2616,"PlotBm14","b","W2","W2","3",46,"PlotBm14_46","Stems >=10 cm DBH","Quercus coccifera",13,0.013273228961416876
2617,"PlotBm14","b","W2","W2","3",47,"PlotBm14_47","Stems >=10 cm DBH","Quercus coccifera",11,0.009503317777109124
3902,"PlotBm14","b","W2","W2","3",32,"PlotBm14_32","Stems 2.5-10 cm DBH","Quercus coccifera",9,0.0063617251235193305
3903,"PlotBm14","b","W2","W2","3",33,"PlotBm14_33","Stems 2.5-10 cm DBH","Quercus coccifera",3,7.068583470577034e-4
4391,"PlotBm14","b","W2","W2","3",33,"PlotBm14_33","Stems 2.5-10 cm DBH","Quercus coccifera",3,7.068583470577034e-4
2575,"PlotBm14","b","W2","W2","1",5,"PlotBm14_5","Stems 2.5-10 cm DBH","Quercus coccifera",5,0.001963495408493621
2591,"PlotBm14","b","W2","W2","3",21,"PlotBm14_21","Stems >=10 cm DBH","Quercus coccifera",11,0.009503317777109124
2599,"PlotBm14","b","W2","W2","3",29,"PlotBm14_29","Stems 2.5-10 cm DBH","Quercus coccifera",4,0.0012566370614359172
2589,"PlotBm14","b","W2","W2","2",19,"PlotBm14_19","Stems 2.5-10 cm DBH","Quercus coccifera",3,7.068583470577034e-4
2590,"PlotBm14","b","W2","W2","2",20,"PlotBm14_20","Stems 2.5-10 cm DBH","Quercus coccifera",4,0.0012566370614359172
3901,"PlotBm14","b","W2","W2","3",27,"PlotBm14_27","Stems >=10 cm DBH","Quercus coccifera",12,0.011309733552923255
2592,"PlotBm14","b","W2","W2","3",22,"PlotBm14_22","Stems >=10 cm DBH","Quercus coccifera",10,0.007853981633974483
2593,"PlotBm14","b","W2","W2","3",23,"PlotBm14_23","Stems >=10 cm DBH","Quercus coccifera",13,0.013273228961416876
2594,"PlotBm14","b","W2","W2","3",24,"PlotBm14_24","Stems >=10 cm DBH","Quercus coccifera",11,0.009503317777109124
3904,"PlotBm14","b","W2","W2","3",34,"PlotBm14_34","Stems 2.5-10 cm DBH","Quercus coccifera",7,0.0038484510006474965
3897,"PlotBm14","b","W2","W2","1",9,"PlotBm14_9","Stems >=10 cm DBH","Quercus coccifera",10,0.007853981633974483
2609,"PlotBm14","b","W2","W2","3",39,"PlotBm14_39","Stems 2.5-10 cm DBH","Quercus coccifera",4,0.0012566370614359172
3895,"PlotBm14","b","W2","W2","1",5,"PlotBm14_5","Stems 2.5-10 cm DBH","Quercus coccifera",3,7.068583470577034e-4
3896,"PlotBm14","b","W2","W2","1",8,"PlotBm14_8","Stems 2.5-10 cm DBH","Quercus coccifera",3,7.068583470577034e-4
2611,"PlotBm14","b","W2","W2","3",41,"PlotBm14_41","Stems 2.5-10 cm DBH","Quercus coccifera",8,0.005026548245743669
3898,"PlotBm14","b","W2","W2","2",10,"PlotBm14_10","Stems >=10 cm DBH","Quercus coccifera",10,0.007853981633974483
3899,"PlotBm14","b","W2","W2","2",16,"PlotBm14_16","Stems 2.5-10 cm DBH","Quercus coccifera",4,0.0012566370614359172
3900,"PlotBm14","b","W2","W2","2",17,"PlotBm14_17","Stems 2.5-10 cm DBH","Quercus coccifera",5,0.001963495408493621
2612,"PlotBm14","b","W2","W2","3",42,"PlotBm14_42","Stems 2.5-10 cm DBH","Quercus coccifera",3,7.068583470577034e-4
2613,"PlotBm14","b","W2","W2","3",43,"PlotBm14_43","Stems 2.5-10 cm DBH","Quercus coccifera",4,0.0012566370614359172
2610,"PlotBm14","b","W2","W2","3",40,"PlotBm14_40","Stems 2.5-10 cm DBH","Quercus coccifera",4,0.0012566370614359172
2618,"PlotBm140","b","W16","W16","1",1,"PlotBm140_1","Stems >=10 cm DBH","Pinus brutia",33,0.08552985999398212
3905,"PlotBm140","b","W16","W16","1",5,"PlotBm140_5","Stems >=10 cm DBH","Quercus cerris",14,0.015393804002589986
2619,"PlotBm140","b","W16","W16","1",2,"PlotBm140_2","Stems >=10 cm DBH","Pinus brutia",38,0.11341149479459152
2620,"PlotBm140","b","W16","W16","1",3,"PlotBm140_3","Stems >=10 cm DBH","Pinus brutia",31,0.07547676350249478
2622,"PlotBm140","b","W16","W16","1",5,"PlotBm140_5","Stems >=10 cm DBH","Quercus cerris",12,0.011309733552923255
2633,"PlotBm140","b","W16","W16","3",16,"PlotBm140_16","Stems 2.5-10 cm DBH","Quercus frainetto",8,0.005026548245743669
2634,"PlotBm140","b","W16","W16","3",17,"PlotBm140_17","Stems >=10 cm DBH","Quercus cerris",17,0.022698006922186254
2635,"PlotBm140","b","W16","W16","3",18,"PlotBm140_18","Stems >=10 cm DBH","Quercus cerris",13,0.013273228961416876
2636,"PlotBm140","b","W16","W16","3",19,"PlotBm140_19","Stems >=10 cm DBH","Quercus frainetto",15,0.017671458676442587
2621,"PlotBm140","b","W16","W16","1",4,"PlotBm140_4","Stems >=10 cm DBH","Pinus brutia",40,0.12566370614359174
2629,"PlotBm140","b","W16","W16","3",12,"PlotBm140_12","Stems >=10 cm DBH","Quercus frainetto",17,0.022698006922186254
2623,"PlotBm140","b","W16","W16","1",6,"PlotBm140_6","Stems >=10 cm DBH","Pinus brutia",35,0.09621127501618741
2627,"PlotBm140","b","W16","W16","2",10,"PlotBm140_10","Stems >=10 cm DBH","Quercus frainetto",18,0.025446900494077322
2628,"PlotBm140","b","W16","W16","2",11,"PlotBm140_11","Stems >=10 cm DBH","Quercus cerris",19,0.02835287369864788
3906,"PlotBm140","b","W16","W16","3",12,"PlotBm140_12","Stems >=10 cm DBH","Quercus frainetto",12,0.011309733552923255
2630,"PlotBm140","b","W16","W16","3",13,"PlotBm140_13","Stems >=10 cm DBH","Quercus frainetto",18,0.025446900494077322
2631,"PlotBm140","b","W16","W16","3",14,"PlotBm140_14","Stems >=10 cm DBH","Quercus cerris",10,0.007853981633974483
2632,"PlotBm140","b","W16","W16","3",15,"PlotBm140_15","Stems >=10 cm DBH","Quercus cerris",12,0.011309733552923255
2624,"PlotBm140","b","W16","W16","1",7,"PlotBm140_7","Stems >=10 cm DBH","Quercus frainetto",11,0.009503317777109124
2625,"PlotBm140","b","W16","W16","2",8,"PlotBm140_8","Stems >=10 cm DBH","Quercus petraea",16,0.020106192982974676
2626,"PlotBm140","b","W16","W16","2",9,"PlotBm140_9","Stems >=10 cm DBH","Pinus brutia",63,0.31172453105244724
2637,"PlotBm140","b","W16","W16","3",20,"PlotBm140_20","Stems >=10 cm DBH","Quercus cerris",23,0.04154756284372501
2647,"PlotBm141","b","W16","W16","2",10,"PlotBm141_10","Stems 2.5-10 cm DBH","Quercus frainetto",7,0.0038484510006474965
2646,"PlotBm141","b","W16","W16","2",9,"PlotBm141_9","Stems >=10 cm DBH","Pinus brutia",18,0.025446900494077322
3907,"PlotBm141","b","W16","W16","2",9,"PlotBm141_9","Stems >=10 cm DBH","Pinus brutia",17,0.022698006922186254
2652,"PlotBm141","b","W16","W16","3",15,"PlotBm141_15","Stems >=10 cm DBH","Pinus brutia",56,0.24630086404143978
2653,"PlotBm141","b","W16","W16","3",16,"PlotBm141_16","Stems >=10 cm DBH","Pinus brutia",27,0.05725552611167398
2654,"PlotBm141","b","W16","W16","3",17,"PlotBm141_17","Stems 2.5-10 cm DBH","Quercus frainetto",4,0.0012566370614359172
2655,"PlotBm141","b","W16","W16","3",18,"PlotBm141_18","Stems >=10 cm DBH","Quercus frainetto",11,0.009503317777109124
2656,"PlotBm141","b","W16","W16","3",19,"PlotBm141_19","Stems >=10 cm DBH","Pinus brutia",36,0.10178760197630929
2657,"PlotBm141","b","W16","W16","3",20,"PlotBm141_20","Stems >=10 cm DBH","Pinus brutia",22,0.0380132711084365
2641,"PlotBm141","b","W16","W16","1",4,"PlotBm141_4","Stems >=10 cm DBH","Pinus brutia",16,0.020106192982974676
2638,"PlotBm141","b","W16","W16","1",1,"PlotBm141_1","Stems >=10 cm DBH","Quercus frainetto",13,0.013273228961416876
2639,"PlotBm141","b","W16","W16","1",2,"PlotBm141_2","Stems >=10 cm DBH","Quercus frainetto",11,0.009503317777109124
2640,"PlotBm141","b","W16","W16","1",3,"PlotBm141_3","Stems >=10 cm DBH","Pinus brutia",32,0.0804247719318987
2645,"PlotBm141","b","W16","W16","2",8,"PlotBm141_8","Stems >=10 cm DBH","Pinus brutia",30,0.07068583470577035
2642,"PlotBm141","b","W16","W16","2",5,"PlotBm141_5","Stems >=10 cm DBH","Pinus brutia",22,0.0380132711084365
2643,"PlotBm141","b","W16","W16","2",6,"PlotBm141_6","Stems >=10 cm DBH","Pinus brutia",43,0.14522012041218818
2644,"PlotBm141","b","W16","W16","2",7,"PlotBm141_7","Stems >=10 cm DBH","Quercus frainetto",11,0.009503317777109124
2651,"PlotBm141","b","W16","W16","2",14,"PlotBm141_14","Stems >=10 cm DBH","Pinus brutia",38,0.11341149479459152
2648,"PlotBm141","b","W16","W16","2",11,"PlotBm141_11","Stems 2.5-10 cm DBH","Quercus frainetto",9,0.0063617251235193305
2649,"PlotBm141","b","W16","W16","2",12,"PlotBm141_12","Stems >=10 cm DBH","Pinus brutia",35,0.09621127501618741
2650,"PlotBm141","b","W16","W16","2",13,"PlotBm141_13","Stems >=10 cm DBH","Pinus brutia",37,0.10752100856911068
2659,"PlotBm142","b","W16","W16","1",2,"PlotBm142_2","Stems >=10 cm DBH","Pinus brutia",18,0.025446900494077322
4643,"PlotBm142","b","W16","W16","1",3,"PlotBm142_3","Stems 2.5-10 cm DBH","Quercus frainetto",7,0.0038484510006474965
2663,"PlotBm142","b","W16","W16","2",6,"PlotBm142_6","Stems >=10 cm DBH","Pinus brutia",28,0.061575216010359944
2664,"PlotBm142","b","W16","W16","2",7,"PlotBm142_7","Stems >=10 cm DBH","Pinus brutia",57,0.25517586328783093
2658,"PlotBm142","b","W16","W16","1",1,"PlotBm142_1","Stems >=10 cm DBH","Pinus brutia",22,0.0380132711084365
2669,"PlotBm142","b","W16","W16","3",12,"PlotBm142_12","Stems >=10 cm DBH","Pinus brutia",42,0.13854423602330987
2666,"PlotBm142","b","W16","W16","3",9,"PlotBm142_9","Stems >=10 cm DBH","Pinus brutia",31,0.07547676350249478
3908,"PlotBm142","b","W16","W16","1",3,"PlotBm142_3","Stems 2.5-10 cm DBH","Quercus frainetto",6,0.0028274333882308137
2660,"PlotBm142","b","W16","W16","1",3,"PlotBm142_3","Stems 2.5-10 cm DBH","Quercus frainetto",7,0.0038484510006474965
4393,"PlotBm142","b","W16","W16","1",3,"PlotBm142_3","Stems 2.5-10 cm DBH","Quercus frainetto",5,0.001963495408493621
2661,"PlotBm142","b","W16","W16","2",4,"PlotBm142_4","Stems 2.5-10 cm DBH","Quercus cerris",3,7.068583470577034e-4
2667,"PlotBm142","b","W16","W16","3",10,"PlotBm142_10","Stems >=10 cm DBH","Pinus brutia",44,0.152053084433746
2668,"PlotBm142","b","W16","W16","3",11,"PlotBm142_11","Stems >=10 cm DBH","Pinus brutia",28,0.061575216010359944
2665,"PlotBm142","b","W16","W16","3",8,"PlotBm142_8","Stems >=10 cm DBH","Pinus brutia",54,0.2290221044466959
2662,"PlotBm142","b","W16","W16","2",5,"PlotBm142_5","Stems >=10 cm DBH","Pinus brutia",46,0.16619025137490004
2676,"PlotBm143","b","W16","W16","2",7,"PlotBm143_7","Stems >=10 cm DBH","Pinus brutia",17,0.022698006922186254
2673,"PlotBm143","b","W16","W16","1",4,"PlotBm143_4","Stems >=10 cm DBH","Pinus brutia",24,0.04523893421169302
2671,"PlotBm143","b","W16","W16","1",2,"PlotBm143_2","Stems >=10 cm DBH","Pinus brutia",43,0.14522012041218818
2672,"PlotBm143","b","W16","W16","1",3,"PlotBm143_3","Stems 2.5-10 cm DBH","Quercus frainetto",8,0.005026548245743669
2687,"PlotBm143","b","W16","W16","3",18,"PlotBm143_18","Stems 2.5-10 cm DBH","Quercus frainetto",9,0.0063617251235193305
2679,"PlotBm143","b","W16","W16","2",10,"PlotBm143_10","Stems >=10 cm DBH","Pinus brutia",23,0.04154756284372501
2680,"PlotBm143","b","W16","W16","2",11,"PlotBm143_11","Stems >=10 cm DBH","Pinus brutia",19,0.02835287369864788
2670,"PlotBm143","b","W16","W16","1",1,"PlotBm143_1","Stems >=10 cm DBH","Pinus brutia",22,0.0380132711084365
2682,"PlotBm143","b","W16","W16","3",13,"PlotBm143_13","Stems >=10 cm DBH","Pinus brutia",28,0.061575216010359944
2683,"PlotBm143","b","W16","W16","3",14,"PlotBm143_14","Stems >=10 cm DBH","Pinus brutia",27,0.05725552611167398
2684,"PlotBm143","b","W16","W16","3",15,"PlotBm143_15","Stems >=10 cm DBH","Pinus brutia",36,0.10178760197630929
2685,"PlotBm143","b","W16","W16","3",16,"PlotBm143_16","Stems >=10 cm DBH","Quercus frainetto",10,0.007853981633974483
2686,"PlotBm143","b","W16","W16","3",17,"PlotBm143_17","Stems 2.5-10 cm DBH","Quercus frainetto",7,0.0038484510006474965
2678,"PlotBm143","b","W16","W16","2",9,"PlotBm143_9","Stems >=10 cm DBH","Pinus brutia",26,0.053092915845667506
3911,"PlotBm143","b","W16","W16","3",17,"PlotBm143_17","Stems 2.5-10 cm DBH","Quercus frainetto",5,0.001963495408493621
2677,"PlotBm143","b","W16","W16","2",8,"PlotBm143_8","Stems >=10 cm DBH","Pinus brutia",18,0.025446900494077322
2674,"PlotBm143","b","W16","W16","1",5,"PlotBm143_5","Stems >=10 cm DBH","Pinus brutia",21,0.03463605900582747
4396,"PlotBm143","b","W16","W16","3",19,"PlotBm143_19","Stems 2.5-10 cm DBH","Quercus frainetto",3,7.068583470577034e-4
3910,"PlotBm143","b","W16","W16","3",12,"PlotBm143_12","Stems >=10 cm DBH","Pinus brutia",37,0.10752100856911068
3912,"PlotBm143","b","W16","W16","3",18,"PlotBm143_18","Stems 2.5-10 cm DBH","Quercus frainetto",5,0.001963495408493621
2681,"PlotBm143","b","W16","W16","3",12,"PlotBm143_12","Stems >=10 cm DBH","Pinus brutia",30,0.07068583470577035
3913,"PlotBm143","b","W16","W16","3",19,"PlotBm143_19","Stems 2.5-10 cm DBH","Quercus frainetto",8,0.005026548245743669
4394,"PlotBm143","b","W16","W16","2",9,"PlotBm143_9","Stems >=10 cm DBH","Pinus brutia",32,0.0804247719318987
2675,"PlotBm143","b","W16","W16","2",6,"PlotBm143_6","Stems >=10 cm DBH","Pinus brutia",20,0.031415926535897934
2688,"PlotBm143","b","W16","W16","3",19,"PlotBm143_19","Stems >=10 cm DBH","Quercus frainetto",13,0.013273228961416876
4395,"PlotBm143","b","W16","W16","3",18,"PlotBm143_18","Stems 2.5-10 cm DBH","Quercus frainetto",3,7.068583470577034e-4
3909,"PlotBm143","b","W16","W16","2",9,"PlotBm143_9","Stems >=10 cm DBH","Pinus brutia",26,0.053092915845667506
2689,"PlotBm143","b","W16","W16","3",20,"PlotBm143_20","Stems 2.5-10 cm DBH","Pinus brutia",5,0.001963495408493621
2700,"PlotBm144","b","W16","W16","3",11,"PlotBm144_11","Stems >=10 cm DBH","Pinus brutia",27,0.05725552611167398
2701,"PlotBm144","b","W16","W16","3",12,"PlotBm144_12","Stems >=10 cm DBH","Pinus brutia",35,0.09621127501618741
2692,"PlotBm144","b","W16","W16","1",3,"PlotBm144_3","Stems >=10 cm DBH","Quercus cerris",13,0.013273228961416876
2698,"PlotBm144","b","W16","W16","2",9,"PlotBm144_9","Stems 2.5-10 cm DBH","Quercus frainetto",7,0.0038484510006474965
2702,"PlotBm144","b","W16","W16","3",13,"PlotBm144_13","Stems >=10 cm DBH","Pinus brutia",24,0.04523893421169302
2691,"PlotBm144","b","W16","W16","1",2,"PlotBm144_2","Stems 2.5-10 cm DBH","Quercus frainetto",6,0.0028274333882308137
2695,"PlotBm144","b","W16","W16","2",6,"PlotBm144_6","Stems >=10 cm DBH","Pinus brutia",32,0.0804247719318987
2699,"PlotBm144","b","W16","W16","3",10,"PlotBm144_10","Stems 2.5-10 cm DBH","Quercus frainetto",6,0.0028274333882308137
2703,"PlotBm144","b","W16","W16","3",14,"PlotBm144_14","Stems >=10 cm DBH","Quercus frainetto",11,0.009503317777109124
2690,"PlotBm144","b","W16","W16","1",1,"PlotBm144_1","Stems >=10 cm DBH","Quercus cerris",12,0.011309733552923255
2696,"PlotBm144","b","W16","W16","2",7,"PlotBm144_7","Stems >=10 cm DBH","Pinus brutia",36,0.10178760197630929
2694,"PlotBm144","b","W16","W16","2",5,"PlotBm144_5","Stems >=10 cm DBH","Pinus brutia",33,0.08552985999398212
2693,"PlotBm144","b","W16","W16","1",4,"PlotBm144_4","Stems >=10 cm DBH","Pinus brutia",29,0.0660519855417254
2697,"PlotBm144","b","W16","W16","2",8,"PlotBm144_8","Stems >=10 cm DBH","Pinus brutia",35,0.09621127501618741
2705,"PlotBm145","b","W16","W16","1",2,"PlotBm145_2","Stems >=10 cm DBH","Quercus frainetto",19,0.02835287369864788
2704,"PlotBm145","b","W16","W16","1",1,"PlotBm145_1","Stems >=10 cm DBH","Pinus brutia",10,0.007853981633974483
2706,"PlotBm145","b","W16","W16","1",3,"PlotBm145_3","Stems >=10 cm DBH","Pinus brutia",15,0.017671458676442587
2714,"PlotBm145","b","W16","W16","3",11,"PlotBm145_11","Stems >=10 cm DBH","Pinus brutia",46,0.16619025137490004
2717,"PlotBm145","b","W16","W16","3",14,"PlotBm145_14","Stems >=10 cm DBH","Quercus frainetto",11,0.009503317777109124
2716,"PlotBm145","b","W16","W16","3",13,"PlotBm145_13","Stems 2.5-10 cm DBH","Quercus frainetto",7,0.0038484510006474965
2713,"PlotBm145","b","W16","W16","2",10,"PlotBm145_10","Stems >=10 cm DBH","Pinus brutia",16,0.020106192982974676
3914,"PlotBm145","b","W16","W16","1",4,"PlotBm145_4","Stems 2.5-10 cm DBH","Phillyrea latifolia",3,7.068583470577034e-4
2715,"PlotBm145","b","W16","W16","3",12,"PlotBm145_12","Stems 2.5-10 cm DBH","Pinus brutia",8,0.005026548245743669
2710,"PlotBm145","b","W16","W16","2",7,"PlotBm145_7","Stems >=10 cm DBH","Quercus frainetto",16,0.020106192982974676
2711,"PlotBm145","b","W16","W16","2",8,"PlotBm145_8","Stems 2.5-10 cm DBH","Pinus brutia",6,0.0028274333882308137
2712,"PlotBm145","b","W16","W16","2",9,"PlotBm145_9","Stems 2.5-10 cm DBH","Pinus brutia",8,0.005026548245743669
2709,"PlotBm145","b","W16","W16","2",6,"PlotBm145_6","Stems >=10 cm DBH","Quercus frainetto",14,0.015393804002589986
2708,"PlotBm145","b","W16","W16","1",5,"PlotBm145_5","Stems >=10 cm DBH","Pinus brutia",18,0.025446900494077322
2707,"PlotBm145","b","W16","W16","1",4,"PlotBm145_4","Stems 2.5-10 cm DBH","Phillyrea latifolia",3,7.068583470577034e-4
3915,"PlotBm15","b","W2","W2","2",1,"PlotBm15_1","Stems 2.5-10 cm DBH","Juniperus oxycedrus",3,7.068583470577034e-4
2718,"PlotBm15","b","W2","W2","2",1,"PlotBm15_1","Stems 2.5-10 cm DBH","Juniperus oxycedrus",3,7.068583470577034e-4
2719,"PlotBm15","b","W2","W2","3",2,"PlotBm15_2","Stems 2.5-10 cm DBH","Juniperus oxycedrus",3,7.068583470577034e-4
3916,"PlotBm15","b","W2","W2","3",2,"PlotBm15_2","Stems 2.5-10 cm DBH","Juniperus oxycedrus",3,7.068583470577034e-4
3921,"PlotBm16","b","W2","W2","2",7,"PlotBm16_7","Stems 2.5-10 cm DBH","Quercus coccifera",5,0.001963495408493621
3920,"PlotBm16","b","W2","W2","1",6,"PlotBm16_6","Stems 2.5-10 cm DBH","Quercus coccifera",3,7.068583470577034e-4
3919,"PlotBm16","b","W2","W2","1",5,"PlotBm16_5","Stems 2.5-10 cm DBH","Quercus coccifera",3,7.068583470577034e-4
2727,"PlotBm16","b","W2","W2","2",8,"PlotBm16_8","Stems 2.5-10 cm DBH","Quercus coccifera",5,0.001963495408493621
4819,"PlotBm16","b","W2","W2","2",9,"PlotBm16_9","Stems 2.5-10 cm DBH","Quercus coccifera",3,7.068583470577034e-4
3922,"PlotBm16","b","W2","W2","2",8,"PlotBm16_8","Stems 2.5-10 cm DBH","Quercus coccifera",4,0.0012566370614359172
3923,"PlotBm16","b","W2","W2","2",9,"PlotBm16_9","Stems 2.5-10 cm DBH","Quercus coccifera",4,0.0012566370614359172
2722,"PlotBm16","b","W2","W2","1",3,"PlotBm16_3","Stems 2.5-10 cm DBH","Quercus coccifera",9,0.0063617251235193305
2728,"PlotBm16","b","W2","W2","2",9,"PlotBm16_9","Stems 2.5-10 cm DBH","Quercus coccifera",3,7.068583470577034e-4
2724,"PlotBm16","b","W2","W2","1",5,"PlotBm16_5","Stems 2.5-10 cm DBH","Quercus coccifera",3,7.068583470577034e-4
3918,"PlotBm16","b","W2","W2","1",4,"PlotBm16_4","Stems 2.5-10 cm DBH","Quercus coccifera",5,0.001963495408493621
2726,"PlotBm16","b","W2","W2","2",7,"PlotBm16_7","Stems 2.5-10 cm DBH","Quercus coccifera",3,7.068583470577034e-4
2723,"PlotBm16","b","W2","W2","1",4,"PlotBm16_4","Stems 2.5-10 cm DBH","Quercus coccifera",4,0.0012566370614359172
4644,"PlotBm16","b","W2","W2","2",9,"PlotBm16_9","Stems 2.5-10 cm DBH","Quercus coccifera",4,0.0012566370614359172
2725,"PlotBm16","b","W2","W2","1",6,"PlotBm16_6","Stems 2.5-10 cm DBH","Quercus coccifera",3,7.068583470577034e-4
4849,"PlotBm16","b","W2","W2","2",9,"PlotBm16_9","Stems 2.5-10 cm DBH","Quercus coccifera",3,7.068583470577034e-4
3917,"PlotBm16","b","W2","W2","1",1,"PlotBm16_1","Stems >=10 cm DBH","Quercus coccifera",12,0.011309733552923255
4397,"PlotBm16","b","W2","W2","1",6,"PlotBm16_6","Stems 2.5-10 cm DBH","Quercus coccifera",4,0.0012566370614359172
4398,"PlotBm16","b","W2","W2","2",8,"PlotBm16_8","Stems 2.5-10 cm DBH","Quercus coccifera",6,0.0028274333882308137
4399,"PlotBm16","b","W2","W2","2",9,"PlotBm16_9","Stems 2.5-10 cm DBH","Quercus coccifera",4,0.0012566370614359172
4862,"PlotBm16","b","W2","W2","2",9,"PlotBm16_9","Stems 2.5-10 cm DBH","Quercus coccifera",3,7.068583470577034e-4
4756,"PlotBm16","b","W2","W2","2",9,"PlotBm16_9","Stems 2.5-10 cm DBH","Quercus coccifera",3,7.068583470577034e-4
2721,"PlotBm16","b","W2","W2","1",2,"PlotBm16_2","Stems 2.5-10 cm DBH","Quercus coccifera",6,0.0028274333882308137
2720,"PlotBm16","b","W2","W2","1",1,"PlotBm16_1","Stems >=10 cm DBH","Quercus coccifera",17,0.022698006922186254
2741,"PlotBm17","b","W2","W2","3",13,"PlotBm17_13","Stems 2.5-10 cm DBH","Quercus coccifera",3,7.068583470577034e-4
2740,"PlotBm17","b","W2","W2","3",12,"PlotBm17_12","Stems 2.5-10 cm DBH","Quercus coccifera",3,7.068583470577034e-4
4645,"PlotBm17","b","W2","W2","3",12,"PlotBm17_12","Stems 2.5-10 cm DBH","Quercus coccifera",3,7.068583470577034e-4
2739,"PlotBm17","b","W2","W2","2",11,"PlotBm17_11","Stems 2.5-10 cm DBH","Quercus coccifera",4,0.0012566370614359172
4400,"PlotBm17","b","W2","W2","3",2,"PlotBm17_2","Stems >=10 cm DBH","Carpinus orientalis",10,0.007853981633974483
2729,"PlotBm17","b","W2","W2","2",1,"PlotBm17_1","Stems >=10 cm DBH","Carpinus orientalis",10,0.007853981633974483
4402,"PlotBm17","b","W2","W2","3",12,"PlotBm17_12","Stems 2.5-10 cm DBH","Quercus coccifera",3,7.068583470577034e-4
2730,"PlotBm17","b","W2","W2","3",2,"PlotBm17_2","Stems >=10 cm DBH","Carpinus orientalis",11,0.009503317777109124
3928,"PlotBm17","b","W2","W2","3",12,"PlotBm17_12","Stems 2.5-10 cm DBH","Quercus coccifera",4,0.0012566370614359172
4401,"PlotBm17","b","W2","W2","3",3,"PlotBm17_3","Stems >=10 cm DBH","Carpinus orientalis",11,0.009503317777109124
4757,"PlotBm17","b","W2","W2","3",12,"PlotBm17_12","Stems 2.5-10 cm DBH","Quercus coccifera",3,7.068583470577034e-4
3927,"PlotBm17","b","W2","W2","1",8,"PlotBm17_8","Stems 2.5-10 cm DBH","Quercus coccifera",3,7.068583470577034e-4
2738,"PlotBm17","b","W2","W2","2",10,"PlotBm17_10","Stems 2.5-10 cm DBH","Quercus coccifera",5,0.001963495408493621
2735,"PlotBm17","b","W2","W2","1",7,"PlotBm17_7","Stems 2.5-10 cm DBH","Quercus coccifera",4,0.0012566370614359172
2736,"PlotBm17","b","W2","W2","1",8,"PlotBm17_8","Stems 2.5-10 cm DBH","Quercus coccifera",3,7.068583470577034e-4
2737,"PlotBm17","b","W2","W2","1",9,"PlotBm17_9","Stems >=10 cm DBH","Quercus coccifera",11,0.009503317777109124
2733,"PlotBm17","b","W2","W2","3",5,"PlotBm17_5","Stems >=10 cm DBH","Juniperus oxycedrus",12,0.011309733552923255
2734,"PlotBm17","b","W2","W2","1",6,"PlotBm17_6","Stems 2.5-10 cm DBH","Quercus coccifera",4,0.0012566370614359172
3926,"PlotBm17","b","W2","W2","3",3,"PlotBm17_3","Stems >=10 cm DBH","Carpinus orientalis",10,0.007853981633974483
2731,"PlotBm17","b","W2","W2","3",3,"PlotBm17_3","Stems >=10 cm DBH","Carpinus orientalis",10,0.007853981633974483
2732,"PlotBm17","b","W2","W2","3",4,"PlotBm17_4","Stems 2.5-10 cm DBH","Juniperus oxycedrus",8,0.005026548245743669
3924,"PlotBm17","b","W2","W2","2",1,"PlotBm17_1","Stems >=10 cm DBH","Carpinus orientalis",10,0.007853981633974483
3925,"PlotBm17","b","W2","W2","3",2,"PlotBm17_2","Stems >=10 cm DBH","Carpinus orientalis",10,0.007853981633974483
4406,"PlotBm18","b","W2","W2","3",13,"PlotBm18_13","Stems 2.5-10 cm DBH","Quercus coccifera",7,0.0038484510006474965
3934,"PlotBm18","b","W2","W2","3",13,"PlotBm18_13","Stems >=10 cm DBH","Quercus coccifera",11,0.009503317777109124
2743,"PlotBm18","b","W2","W2","1",2,"PlotBm18_2","Stems >=10 cm DBH","Quercus coccifera",13,0.013273228961416876
2742,"PlotBm18","b","W2","W2","1",1,"PlotBm18_1","Stems >=10 cm DBH","Quercus coccifera",10,0.007853981633974483
4646,"PlotBm18","b","W2","W2","3",13,"PlotBm18_13","Stems 2.5-10 cm DBH","Quercus coccifera",3,7.068583470577034e-4
2744,"PlotBm18","b","W2","W2","1",3,"PlotBm18_3","Stems >=10 cm DBH","Quercus coccifera",14,0.015393804002589986
2754,"PlotBm18","b","W2","W2","3",13,"PlotBm18_13","Stems 2.5-10 cm DBH","Quercus coccifera",6,0.0028274333882308137
4404,"PlotBm18","b","W2","W2","2",11,"PlotBm18_11","Stems 2.5-10 cm DBH","Quercus coccifera",7,0.0038484510006474965
4405,"PlotBm18","b","W2","W2","2",12,"PlotBm18_12","Stems 2.5-10 cm DBH","Quercus coccifera",4,0.0012566370614359172
3931,"PlotBm18","b","W2","W2","2",10,"PlotBm18_10","Stems 2.5-10 cm DBH","Quercus coccifera",5,0.001963495408493621
3933,"PlotBm18","b","W2","W2","2",12,"PlotBm18_12","Stems 2.5-10 cm DBH","Quercus coccifera",8,0.005026548245743669
3929,"PlotBm18","b","W2","W2","1",6,"PlotBm18_6","Stems >=10 cm DBH","Quercus coccifera",11,0.009503317777109124
3930,"PlotBm18","b","W2","W2","1",9,"PlotBm18_9","Stems >=10 cm DBH","Quercus coccifera",11,0.009503317777109124
2747,"PlotBm18","b","W2","W2","1",6,"PlotBm18_6","Stems >=10 cm DBH","Quercus coccifera",10,0.007853981633974483
3932,"PlotBm18","b","W2","W2","2",11,"PlotBm18_11","Stems >=10 cm DBH","Quercus coccifera",10,0.007853981633974483
2753,"PlotBm18","b","W2","W2","2",12,"PlotBm18_12","Stems 2.5-10 cm DBH","Quercus coccifera",6,0.0028274333882308137
2749,"PlotBm18","b","W2","W2","1",8,"PlotBm18_8","Stems >=10 cm DBH","Quercus coccifera",18,0.025446900494077322
2750,"PlotBm18","b","W2","W2","1",9,"PlotBm18_9","Stems >=10 cm DBH","Quercus coccifera",12,0.011309733552923255
2751,"PlotBm18","b","W2","W2","2",10,"PlotBm18_10","Stems 2.5-10 cm DBH","Quercus coccifera",3,7.068583470577034e-4
2748,"PlotBm18","b","W2","W2","1",7,"PlotBm18_7","Stems >=10 cm DBH","Quercus coccifera",14,0.015393804002589986
4403,"PlotBm18","b","W2","W2","1",6,"PlotBm18_6","Stems 2.5-10 cm DBH","Quercus coccifera",8,0.005026548245743669
2745,"PlotBm18","b","W2","W2","1",4,"PlotBm18_4","Stems >=10 cm DBH","Quercus coccifera",10,0.007853981633974483
2746,"PlotBm18","b","W2","W2","1",5,"PlotBm18_5","Stems >=10 cm DBH","Quercus coccifera",11,0.009503317777109124
2752,"PlotBm18","b","W2","W2","2",11,"PlotBm18_11","Stems 2.5-10 cm DBH","Quercus coccifera",8,0.005026548245743669
3935,"PlotBm19","b","W2","W2","3",9,"PlotBm19_9","Stems 2.5-10 cm DBH","Quercus coccifera",4,0.0012566370614359172
2758,"PlotBm19","b","W2","W2","1",4,"PlotBm19_4","Stems 2.5-10 cm DBH","Carpinus orientalis",8,0.005026548245743669
2757,"PlotBm19","b","W2","W2","1",3,"PlotBm19_3","Stems 2.5-10 cm DBH","Quercus coccifera",6,0.0028274333882308137
2761,"PlotBm19","b","W2","W2","2",7,"PlotBm19_7","Stems 2.5-10 cm DBH","Quercus coccifera",5,0.001963495408493621
2762,"PlotBm19","b","W2","W2","3",8,"PlotBm19_8","Stems 2.5-10 cm DBH","Quercus coccifera",7,0.0038484510006474965
2756,"PlotBm19","b","W2","W2","1",2,"PlotBm19_2","Stems 2.5-10 cm DBH","Quercus coccifera",4,0.0012566370614359172
2764,"PlotBm19","b","W2","W2","3",10,"PlotBm19_10","Stems 2.5-10 cm DBH","Juniperus oxycedrus",7,0.0038484510006474965
2755,"PlotBm19","b","W2","W2","1",1,"PlotBm19_1","Stems 2.5-10 cm DBH","Carpinus orientalis",7,0.0038484510006474965
2759,"PlotBm19","b","W2","W2","1",5,"PlotBm19_5","Stems 2.5-10 cm DBH","Carpinus orientalis",5,0.001963495408493621
2763,"PlotBm19","b","W2","W2","3",9,"PlotBm19_9","Stems 2.5-10 cm DBH","Quercus coccifera",3,7.068583470577034e-4
2760,"PlotBm19","b","W2","W2","2",6,"PlotBm19_6","Stems 2.5-10 cm DBH","Quercus coccifera",5,0.001963495408493621
3936,"PlotBm20","b","W2","W2","1",1,"PlotBm20_1","Stems 2.5-10 cm DBH","Carpinus orientalis",4,0.0012566370614359172
4409,"PlotBm20","b","W2","W2","2",3,"PlotBm20_3","Stems 2.5-10 cm DBH","Quercus coccifera",4,0.0012566370614359172
2767,"PlotBm20","b","W2","W2","2",3,"PlotBm20_3","Stems >=10 cm DBH","Quercus coccifera",12,0.011309733552923255
2768,"PlotBm20","b","W2","W2","2",4,"PlotBm20_4","Stems 2.5-10 cm DBH","Carpinus orientalis",7,0.0038484510006474965
4408,"PlotBm20","b","W2","W2","1",2,"PlotBm20_2","Stems 2.5-10 cm DBH","Quercus coccifera",4,0.0012566370614359172
2766,"PlotBm20","b","W2","W2","1",2,"PlotBm20_2","Stems 2.5-10 cm DBH","Quercus coccifera",7,0.0038484510006474965
4647,"PlotBm20","b","W2","W2","2",3,"PlotBm20_3","Stems 2.5-10 cm DBH","Quercus coccifera",4,0.0012566370614359172
4648,"PlotBm20","b","W2","W2","3",6,"PlotBm20_6","Stems 2.5-10 cm DBH","Quercus coccifera",3,7.068583470577034e-4
2765,"PlotBm20","b","W2","W2","1",1,"PlotBm20_1","Stems 2.5-10 cm DBH","Carpinus orientalis",6,0.0028274333882308137
4407,"PlotBm20","b","W2","W2","1",1,"PlotBm20_1","Stems 2.5-10 cm DBH","Carpinus orientalis",3,7.068583470577034e-4
3939,"PlotBm20","b","W2","W2","2",4,"PlotBm20_4","Stems 2.5-10 cm DBH","Carpinus orientalis",4,0.0012566370614359172
3940,"PlotBm20","b","W2","W2","2",5,"PlotBm20_5","Stems 2.5-10 cm DBH","Quercus coccifera",6,0.0028274333882308137
3941,"PlotBm20","b","W2","W2","3",6,"PlotBm20_6","Stems 2.5-10 cm DBH","Quercus coccifera",3,7.068583470577034e-4
4410,"PlotBm20","b","W2","W2","3",6,"PlotBm20_6","Stems 2.5-10 cm DBH","Quercus coccifera",3,7.068583470577034e-4
3938,"PlotBm20","b","W2","W2","2",3,"PlotBm20_3","Stems 2.5-10 cm DBH","Quercus coccifera",3,7.068583470577034e-4
2771,"PlotBm20","b","W2","W2","3",7,"PlotBm20_7","Stems 2.5-10 cm DBH","Quercus coccifera",8,0.005026548245743669
2769,"PlotBm20","b","W2","W2","2",5,"PlotBm20_5","Stems 2.5-10 cm DBH","Quercus coccifera",6,0.0028274333882308137
3942,"PlotBm20","b","W2","W2","3",7,"PlotBm20_7","Stems 2.5-10 cm DBH","Quercus coccifera",4,0.0012566370614359172
3937,"PlotBm20","b","W2","W2","1",2,"PlotBm20_2","Stems 2.5-10 cm DBH","Quercus coccifera",3,7.068583470577034e-4
4411,"PlotBm20","b","W2","W2","3",7,"PlotBm20_7","Stems 2.5-10 cm DBH","Quercus coccifera",6,0.0028274333882308137
2770,"PlotBm20","b","W2","W2","3",6,"PlotBm20_6","Stems 2.5-10 cm DBH","Quercus coccifera",3,7.068583470577034e-4
3943,"PlotBm21","b","W2","W2","1",5,"PlotBm21_5","Stems 2.5-10 cm DBH","Quercus coccifera",3,7.068583470577034e-4
3946,"PlotBm21","b","W2","W2","3",9,"PlotBm21_9","Stems 2.5-10 cm DBH","Quercus coccifera",4,0.0012566370614359172
2780,"PlotBm21","b","W2","W2","3",9,"PlotBm21_9","Stems 2.5-10 cm DBH","Quercus coccifera",7,0.0038484510006474965
3944,"PlotBm21","b","W2","W2","2",6,"PlotBm21_6","Stems 2.5-10 cm DBH","Quercus coccifera",4,0.0012566370614359172
4412,"PlotBm21","b","W2","W2","1",5,"PlotBm21_5","Stems 2.5-10 cm DBH","Quercus coccifera",3,7.068583470577034e-4
4413,"PlotBm21","b","W2","W2","2",6,"PlotBm21_6","Stems 2.5-10 cm DBH","Quercus coccifera",4,0.0012566370614359172
2781,"PlotBm21","b","W2","W2","3",10,"PlotBm21_10","Stems 2.5-10 cm DBH","Quercus coccifera",3,7.068583470577034e-4
3945,"PlotBm21","b","W2","W2","2",7,"PlotBm21_7","Stems 2.5-10 cm DBH","Quercus coccifera",4,0.0012566370614359172
2778,"PlotBm21","b","W2","W2","2",7,"PlotBm21_7","Stems 2.5-10 cm DBH","Quercus coccifera",4,0.0012566370614359172
2779,"PlotBm21","b","W2","W2","3",8,"PlotBm21_8","Stems 2.5-10 cm DBH","Quercus coccifera",3,7.068583470577034e-4
4414,"PlotBm21","b","W2","W2","3",9,"PlotBm21_9","Stems 2.5-10 cm DBH","Quercus coccifera",5,0.001963495408493621
2777,"PlotBm21","b","W2","W2","2",6,"PlotBm21_6","Stems 2.5-10 cm DBH","Quercus coccifera",6,0.0028274333882308137
2773,"PlotBm21","b","W2","W2","1",2,"PlotBm21_2","Stems 2.5-10 cm DBH","Carpinus orientalis",6,0.0028274333882308137
4649,"PlotBm21","b","W2","W2","2",6,"PlotBm21_6","Stems 2.5-10 cm DBH","Quercus coccifera",3,7.068583470577034e-4
2775,"PlotBm21","b","W2","W2","1",4,"PlotBm21_4","Stems >=10 cm DBH","Quercus coccifera",10,0.007853981633974483
2772,"PlotBm21","b","W2","W2","1",1,"PlotBm21_1","Stems >=10 cm DBH","Quercus pubescens",12,0.011309733552923255
2774,"PlotBm21","b","W2","W2","1",3,"PlotBm21_3","Stems 2.5-10 cm DBH","Quercus coccifera",5,0.001963495408493621
2776,"PlotBm21","b","W2","W2","1",5,"PlotBm21_5","Stems 2.5-10 cm DBH","Quercus coccifera",4,0.0012566370614359172
3947,"PlotBm21","b","W2","W2","3",10,"PlotBm21_10","Stems 2.5-10 cm DBH","Quercus coccifera",3,7.068583470577034e-4
2782,"PlotBm22","b","W2","W2","1",1,"PlotBm22_1","Stems 2.5-10 cm DBH","Quercus coccifera",6,0.0028274333882308137
3954,"PlotBm22","b","W2","W2","3",9,"PlotBm22_9","Stems >=10 cm DBH","Quercus frainetto",10,0.007853981633974483
4415,"PlotBm22","b","W2","W2","2",4,"PlotBm22_4","Stems 2.5-10 cm DBH","Quercus coccifera",9,0.0063617251235193305
2783,"PlotBm22","b","W2","W2","1",2,"PlotBm22_2","Stems 2.5-10 cm DBH","Quercus coccifera",4,0.0012566370614359172
2788,"PlotBm22","b","W2","W2","3",7,"PlotBm22_7","Stems 2.5-10 cm DBH","Quercus coccifera",5,0.001963495408493621
2787,"PlotBm22","b","W2","W2","3",6,"PlotBm22_6","Stems 2.5-10 cm DBH","Quercus coccifera",4,0.0012566370614359172
4416,"PlotBm22","b","W2","W2","2",5,"PlotBm22_5","Stems 2.5-10 cm DBH","Quercus coccifera",4,0.0012566370614359172
3949,"PlotBm22","b","W2","W2","2",3,"PlotBm22_3","Stems 2.5-10 cm DBH","Quercus coccifera",3,7.068583470577034e-4
3948,"PlotBm22","b","W2","W2","1",2,"PlotBm22_2","Stems 2.5-10 cm DBH","Quercus coccifera",3,7.068583470577034e-4
2789,"PlotBm22","b","W2","W2","3",8,"PlotBm22_8","Stems 2.5-10 cm DBH","Quercus coccifera",3,7.068583470577034e-4
2790,"PlotBm22","b","W2","W2","3",9,"PlotBm22_9","Stems >=10 cm DBH","Quercus frainetto",12,0.011309733552923255
2791,"PlotBm22","b","W2","W2","1",10,"PlotBm22_10","Stems >=10 cm DBH","Quercus coccifera",10,0.007853981633974483
3953,"PlotBm22","b","W2","W2","3",8,"PlotBm22_8","Stems 2.5-10 cm DBH","Quercus coccifera",3,7.068583470577034e-4
4650,"PlotBm22","b","W2","W2","2",5,"PlotBm22_5","Stems 2.5-10 cm DBH","Quercus coccifera",3,7.068583470577034e-4
2785,"PlotBm22","b","W2","W2","2",4,"PlotBm22_4","Stems >=10 cm DBH","Quercus coccifera",11,0.009503317777109124
2786,"PlotBm22","b","W2","W2","2",5,"PlotBm22_5","Stems 2.5-10 cm DBH","Quercus coccifera",5,0.001963495408493621
4758,"PlotBm22","b","W2","W2","2",5,"PlotBm22_5","Stems 2.5-10 cm DBH","Quercus coccifera",3,7.068583470577034e-4
3950,"PlotBm22","b","W2","W2","2",4,"PlotBm22_4","Stems >=10 cm DBH","Quercus coccifera",10,0.007853981633974483
3951,"PlotBm22","b","W2","W2","2",5,"PlotBm22_5","Stems 2.5-10 cm DBH","Quercus coccifera",6,0.0028274333882308137
3952,"PlotBm22","b","W2","W2","3",6,"PlotBm22_6","Stems 2.5-10 cm DBH","Quercus coccifera",3,7.068583470577034e-4
2784,"PlotBm22","b","W2","W2","2",3,"PlotBm22_3","Stems >=10 cm DBH","Quercus coccifera",10,0.007853981633974483
4420,"PlotBm23","b","W2","W2","2",7,"PlotBm23_7","Stems 2.5-10 cm DBH","Quercus coccifera",4,0.0012566370614359172
2795,"PlotBm23","b","W2","W2","1",4,"PlotBm23_4","Stems >=10 cm DBH","Acer campestre",11,0.009503317777109124
4419,"PlotBm23","b","W2","W2","1",6,"PlotBm23_6","Stems 2.5-10 cm DBH","Quercus coccifera",3,7.068583470577034e-4
4418,"PlotBm23","b","W2","W2","1",5,"PlotBm23_5","Stems 2.5-10 cm DBH","Quercus coccifera",3,7.068583470577034e-4
2793,"PlotBm23","b","W2","W2","1",2,"PlotBm23_2","Stems >=10 cm DBH","Phillyrea latifolia",13,0.013273228961416876
4421,"PlotBm23","b","W2","W2","3",14,"PlotBm23_14","Stems 2.5-10 cm DBH","Quercus coccifera",3,7.068583470577034e-4
2796,"PlotBm23","b","W2","W2","1",5,"PlotBm23_5","Stems 2.5-10 cm DBH","Quercus coccifera",3,7.068583470577034e-4
4417,"PlotBm23","b","W2","W2","1",1,"PlotBm23_1","Stems 2.5-10 cm DBH","Quercus coccifera",4,0.0012566370614359172
2792,"PlotBm23","b","W2","W2","1",1,"PlotBm23_1","Stems 2.5-10 cm DBH","Quercus coccifera",6,0.0028274333882308137
2794,"PlotBm23","b","W2","W2","1",3,"PlotBm23_3","Stems 2.5-10 cm DBH","Quercus coccifera",4,0.0012566370614359172
3956,"PlotBm23","b","W2","W2","1",3,"PlotBm23_3","Stems 2.5-10 cm DBH","Quercus coccifera",4,0.0012566370614359172
2797,"PlotBm23","b","W2","W2","1",6,"PlotBm23_6","Stems 2.5-10 cm DBH","Quercus coccifera",3,7.068583470577034e-4
3958,"PlotBm23","b","W2","W2","1",6,"PlotBm23_6","Stems 2.5-10 cm DBH","Quercus coccifera",3,7.068583470577034e-4
3955,"PlotBm23","b","W2","W2","1",1,"PlotBm23_1","Stems 2.5-10 cm DBH","Quercus coccifera",3,7.068583470577034e-4
2800,"PlotBm23","b","W2","W2","2",9,"PlotBm23_9","Stems 2.5-10 cm DBH","Quercus coccifera",5,0.001963495408493621
3957,"PlotBm23","b","W2","W2","1",5,"PlotBm23_5","Stems 2.5-10 cm DBH","Quercus coccifera",6,0.0028274333882308137
2802,"PlotBm23","b","W2","W2","1",11,"PlotBm23_11","Stems 2.5-10 cm DBH","Fraxinus ornus",7,0.0038484510006474965
2803,"PlotBm23","b","W2","W2","3",12,"PlotBm23_12","Stems 2.5-10 cm DBH","Quercus coccifera",3,7.068583470577034e-4
2804,"PlotBm23","b","W2","W2","3",13,"PlotBm23_13","Stems 2.5-10 cm DBH","Quercus coccifera",3,7.068583470577034e-4
2805,"PlotBm23","b","W2","W2","3",14,"PlotBm23_14","Stems 2.5-10 cm DBH","Quercus coccifera",6,0.0028274333882308137
2806,"PlotBm23","b","W2","W2","3",15,"PlotBm23_15","Stems >=10 cm DBH","Acer campestre",16,0.020106192982974676
2799,"PlotBm23","b","W2","W2","2",8,"PlotBm23_8","Stems 2.5-10 cm DBH","Quercus coccifera",3,7.068583470577034e-4
3959,"PlotBm23","b","W2","W2","2",7,"PlotBm23_7","Stems 2.5-10 cm DBH","Quercus coccifera",5,0.001963495408493621
2798,"PlotBm23","b","W2","W2","2",7,"PlotBm23_7","Stems 2.5-10 cm DBH","Quercus coccifera",6,0.0028274333882308137
2801,"PlotBm23","b","W2","W2","2",10,"PlotBm23_10","Stems >=10 cm DBH","Quercus coccifera",12,0.011309733552923255
3961,"PlotBm23","b","W2","W2","3",14,"PlotBm23_14","Stems 2.5-10 cm DBH","Quercus coccifera",4,0.0012566370614359172
3960,"PlotBm23","b","W2","W2","2",9,"PlotBm23_9","Stems 2.5-10 cm DBH","Quercus coccifera",4,0.0012566370614359172
2807,"PlotBm24","b","W2","W2","1",1,"PlotBm24_1","Stems >=10 cm DBH","Quercus pubescens",12,0.011309733552923255
2809,"PlotBm24","b","W2","W2","1",3,"PlotBm24_3","Stems 2.5-10 cm DBH","Quercus coccifera",3,7.068583470577034e-4
2810,"PlotBm24","b","W2","W2","1",4,"PlotBm24_4","Stems 2.5-10 cm DBH","Quercus coccifera",3,7.068583470577034e-4
2808,"PlotBm24","b","W2","W2","1",2,"PlotBm24_2","Stems 2.5-10 cm DBH","Quercus coccifera",4,0.0012566370614359172
4423,"PlotBm24","b","W2","W2","2",6,"PlotBm24_6","Stems 2.5-10 cm DBH","Quercus coccifera",3,7.068583470577034e-4
3965,"PlotBm24","b","W2","W2","2",6,"PlotBm24_6","Stems 2.5-10 cm DBH","Quercus coccifera",5,0.001963495408493621
4651,"PlotBm24","b","W2","W2","2",5,"PlotBm24_5","Stems 2.5-10 cm DBH","Quercus coccifera",3,7.068583470577034e-4
4422,"PlotBm24","b","W2","W2","2",5,"PlotBm24_5","Stems 2.5-10 cm DBH","Quercus coccifera",3,7.068583470577034e-4
3963,"PlotBm24","b","W2","W2","1",3,"PlotBm24_3","Stems 2.5-10 cm DBH","Quercus coccifera",3,7.068583470577034e-4
4652,"PlotBm24","b","W2","W2","2",6,"PlotBm24_6","Stems 2.5-10 cm DBH","Quercus coccifera",4,0.0012566370614359172
3966,"PlotBm24","b","W2","W2","2",7,"PlotBm24_7","Stems 2.5-10 cm DBH","Quercus coccifera",3,7.068583470577034e-4
3967,"PlotBm24","b","W2","W2","3",10,"PlotBm24_10","Stems 2.5-10 cm DBH","Quercus coccifera",3,7.068583470577034e-4
2812,"PlotBm24","b","W2","W2","2",6,"PlotBm24_6","Stems 2.5-10 cm DBH","Quercus coccifera",4,0.0012566370614359172
4759,"PlotBm24","b","W2","W2","2",6,"PlotBm24_6","Stems 2.5-10 cm DBH","Quercus coccifera",5,0.001963495408493621
3964,"PlotBm24","b","W2","W2","2",5,"PlotBm24_5","Stems 2.5-10 cm DBH","Quercus coccifera",5,0.001963495408493621
3962,"PlotBm24","b","W2","W2","1",2,"PlotBm24_2","Stems 2.5-10 cm DBH","Quercus coccifera",3,7.068583470577034e-4
2811,"PlotBm24","b","W2","W2","2",5,"PlotBm24_5","Stems 2.5-10 cm DBH","Quercus coccifera",5,0.001963495408493621
2815,"PlotBm24","b","W2","W2","3",9,"PlotBm24_9","Stems >=10 cm DBH","Quercus pubescens",15,0.017671458676442587
2816,"PlotBm24","b","W2","W2","3",10,"PlotBm24_10","Stems 2.5-10 cm DBH","Quercus coccifera",4,0.0012566370614359172
2814,"PlotBm24","b","W2","W2","3",8,"PlotBm24_8","Stems >=10 cm DBH","Quercus pubescens",13,0.013273228961416876
2813,"PlotBm24","b","W2","W2","2",7,"PlotBm24_7","Stems 2.5-10 cm DBH","Quercus coccifera",3,7.068583470577034e-4
2820,"PlotBm37","b","W12","W12","3",4,"PlotBm37_4","Stems >=10 cm DBH","Fagus sylvatica",87,0.5944678698755286
2821,"PlotBm37","b","W12","W12","3",5,"PlotBm37_5","Stems >=10 cm DBH","Fagus sylvatica",75,0.4417864669110647
2819,"PlotBm37","b","W12","W12","1",3,"PlotBm37_3","Stems >=10 cm DBH","Fagus sylvatica",93,0.679290871522453
2817,"PlotBm37","b","W12","W12","1",1,"PlotBm37_1","Stems >=10 cm DBH","Fagus sylvatica",11,0.009503317777109124
2818,"PlotBm37","b","W12","W12","1",2,"PlotBm37_2","Stems >=10 cm DBH","Fagus sylvatica",41,0.13202543126711105
2822,"PlotBm38","b","W12","W12","1",1,"PlotBm38_1","Stems 2.5-10 cm DBH","Fagus sylvatica",3,7.068583470577034e-4
2824,"PlotBm38","b","W12","W12","2",3,"PlotBm38_3","Stems >=10 cm DBH","Fagus sylvatica",52,0.21237166338267002
2823,"PlotBm38","b","W12","W12","2",2,"PlotBm38_2","Stems >=10 cm DBH","Fagus sylvatica",75,0.4417864669110647
2825,"PlotBm38","b","W12","W12","3",4,"PlotBm38_4","Stems >=10 cm DBH","Fagus sylvatica",16,0.020106192982974676
2835,"PlotBm39","b","W12","W12","2",10,"PlotBm39_10","Stems >=10 cm DBH","Fagus sylvatica",27,0.05725552611167398
2840,"PlotBm39","b","W12","W12","3",15,"PlotBm39_15","Stems >=10 cm DBH","Fagus sylvatica",62,0.30190705400997914
2838,"PlotBm39","b","W12","W12","2",13,"PlotBm39_13","Stems >=10 cm DBH","Fagus sylvatica",26,0.053092915845667506
2839,"PlotBm39","b","W12","W12","2",14,"PlotBm39_14","Stems >=10 cm DBH","Fagus sylvatica",39,0.11945906065275187
2833,"PlotBm39","b","W12","W12","2",8,"PlotBm39_8","Stems >=10 cm DBH","Fagus sylvatica",48,0.18095573684677208
2836,"PlotBm39","b","W12","W12","2",11,"PlotBm39_11","Stems >=10 cm DBH","Fagus sylvatica",14,0.015393804002589986
2832,"PlotBm39","b","W12","W12","2",7,"PlotBm39_7","Stems >=10 cm DBH","Fagus sylvatica",45,0.15904312808798327
2842,"PlotBm39","b","W12","W12","3",17,"PlotBm39_17","Stems >=10 cm DBH","Fagus sylvatica",48,0.18095573684677208
2834,"PlotBm39","b","W12","W12","2",9,"PlotBm39_9","Stems >=10 cm DBH","Fagus sylvatica",17,0.022698006922186254
2837,"PlotBm39","b","W12","W12","2",12,"PlotBm39_12","Stems >=10 cm DBH","Fagus sylvatica",17,0.022698006922186254
2841,"PlotBm39","b","W12","W12","3",16,"PlotBm39_16","Stems >=10 cm DBH","Fagus sylvatica",44,0.152053084433746
2829,"PlotBm39","b","W12","W12","1",4,"PlotBm39_4","Stems 2.5-10 cm DBH","Fagus sylvatica",6,0.0028274333882308137
2830,"PlotBm39","b","W12","W12","1",5,"PlotBm39_5","Stems >=10 cm DBH","Fagus sylvatica",17,0.022698006922186254
3968,"PlotBm39","b","W12","W12","2",8,"PlotBm39_8","Stems >=10 cm DBH","Fagus sylvatica",23,0.04154756284372501
2826,"PlotBm39","b","W12","W12","1",1,"PlotBm39_1","Stems >=10 cm DBH","Fagus sylvatica",27,0.05725552611167398
2827,"PlotBm39","b","W12","W12","1",2,"PlotBm39_2","Stems >=10 cm DBH","Fagus sylvatica",53,0.22061834409834324
2831,"PlotBm39","b","W12","W12","1",6,"PlotBm39_6","Stems >=10 cm DBH","Fagus sylvatica",24,0.04523893421169302
2828,"PlotBm39","b","W12","W12","1",3,"PlotBm39_3","Stems >=10 cm DBH","Fagus sylvatica",54,0.2290221044466959
3969,"PlotBm40","b","W12","W12","3",4,"PlotBm40_4","Stems >=10 cm DBH","Fagus sylvatica",10,0.007853981633974483
2849,"PlotBm40","b","W12","W12","3",7,"PlotBm40_7","Stems >=10 cm DBH","Fagus sylvatica",47,0.17349445429449634
2846,"PlotBm40","b","W12","W12","3",4,"PlotBm40_4","Stems >=10 cm DBH","Fagus sylvatica",10,0.007853981633974483
2847,"PlotBm40","b","W12","W12","3",5,"PlotBm40_5","Stems >=10 cm DBH","Fagus sylvatica",35,0.09621127501618741
2844,"PlotBm40","b","W12","W12","1",2,"PlotBm40_2","Stems >=10 cm DBH","Fagus sylvatica",82,0.5281017250684442
2848,"PlotBm40","b","W12","W12","3",6,"PlotBm40_6","Stems >=10 cm DBH","Fagus sylvatica",43,0.14522012041218818
2843,"PlotBm40","b","W12","W12","1",1,"PlotBm40_1","Stems >=10 cm DBH","Fagus sylvatica",93,0.679290871522453
2845,"PlotBm40","b","W12","W12","3",3,"PlotBm40_3","Stems 2.5-10 cm DBH","Fagus sylvatica",3,7.068583470577034e-4
2850,"PlotBm41","b","W12","W12","1",1,"PlotBm41_1","Stems >=10 cm DBH","Fagus sylvatica",64,0.3216990877275948
2860,"PlotBm41","b","W12","W12","2",11,"PlotBm41_11","Stems >=10 cm DBH","Fagus sylvatica",14,0.015393804002589986
2862,"PlotBm41","b","W12","W12","2",13,"PlotBm41_13","Stems >=10 cm DBH","Fagus sylvatica",36,0.10178760197630929
2851,"PlotBm41","b","W12","W12","1",2,"PlotBm41_2","Stems >=10 cm DBH","Fagus sylvatica",23,0.04154756284372501
2852,"PlotBm41","b","W12","W12","1",3,"PlotBm41_3","Stems >=10 cm DBH","Fagus sylvatica",35,0.09621127501618741
2867,"PlotBm41","b","W12","W12","3",18,"PlotBm41_18","Stems >=10 cm DBH","Fagus sylvatica",23,0.04154756284372501
2858,"PlotBm41","b","W12","W12","2",9,"PlotBm41_9","Stems >=10 cm DBH","Fagus sylvatica",14,0.015393804002589986
2873,"PlotBm41","b","W12","W12","3",24,"PlotBm41_24","Stems >=10 cm DBH","Fagus sylvatica",11,0.009503317777109124
2865,"PlotBm41","b","W12","W12","3",16,"PlotBm41_16","Stems >=10 cm DBH","Fagus sylvatica",16,0.020106192982974676
2866,"PlotBm41","b","W12","W12","3",17,"PlotBm41_17","Stems >=10 cm DBH","Fagus sylvatica",46,0.16619025137490004
2859,"PlotBm41","b","W12","W12","2",10,"PlotBm41_10","Stems >=10 cm DBH","Fagus sylvatica",13,0.013273228961416876
2861,"PlotBm41","b","W12","W12","2",12,"PlotBm41_12","Stems >=10 cm DBH","Fagus sylvatica",33,0.08552985999398212
2856,"PlotBm41","b","W12","W12","2",7,"PlotBm41_7","Stems >=10 cm DBH","Fagus sylvatica",47,0.17349445429449634
2857,"PlotBm41","b","W12","W12","2",8,"PlotBm41_8","Stems >=10 cm DBH","Fagus sylvatica",24,0.04523893421169302
2863,"PlotBm41","b","W12","W12","3",14,"PlotBm41_14","Stems >=10 cm DBH","Fagus sylvatica",52,0.21237166338267002
2872,"PlotBm41","b","W12","W12","3",23,"PlotBm41_23","Stems >=10 cm DBH","Fagus sylvatica",14,0.015393804002589986
2864,"PlotBm41","b","W12","W12","3",15,"PlotBm41_15","Stems >=10 cm DBH","Fagus sylvatica",37,0.10752100856911068
2868,"PlotBm41","b","W12","W12","3",19,"PlotBm41_19","Stems >=10 cm DBH","Fagus sylvatica",14,0.015393804002589986
2871,"PlotBm41","b","W12","W12","3",22,"PlotBm41_22","Stems >=10 cm DBH","Fagus sylvatica",15,0.017671458676442587
2853,"PlotBm41","b","W12","W12","1",4,"PlotBm41_4","Stems >=10 cm DBH","Fagus sylvatica",17,0.022698006922186254
2855,"PlotBm41","b","W12","W12","2",6,"PlotBm41_6","Stems >=10 cm DBH","Fagus sylvatica",103,0.8332289115483529
2854,"PlotBm41","b","W12","W12","1",5,"PlotBm41_5","Stems >=10 cm DBH","Fagus sylvatica",46,0.16619025137490004
2869,"PlotBm41","b","W12","W12","3",20,"PlotBm41_20","Stems >=10 cm DBH","Fagus sylvatica",17,0.022698006922186254
2870,"PlotBm41","b","W12","W12","3",21,"PlotBm41_21","Stems >=10 cm DBH","Fagus sylvatica",14,0.015393804002589986
2880,"PlotBm42","b","W12","W12","3",7,"PlotBm42_7","Stems >=10 cm DBH","Fagus sylvatica",15,0.017671458676442587
2881,"PlotBm42","b","W12","W12","3",8,"PlotBm42_8","Stems >=10 cm DBH","Fagus sylvatica",33,0.08552985999398212
3970,"PlotBm42","b","W12","W12","2",3,"PlotBm42_3","Stems >=10 cm DBH","Fagus sylvatica",19,0.02835287369864788
2879,"PlotBm42","b","W12","W12","2",6,"PlotBm42_6","Stems >=10 cm DBH","Fagus sylvatica",28,0.061575216010359944
2877,"PlotBm42","b","W12","W12","2",4,"PlotBm42_4","Stems >=10 cm DBH","Fagus sylvatica",25,0.04908738521234052
2878,"PlotBm42","b","W12","W12","2",5,"PlotBm42_5","Stems >=10 cm DBH","Fagus sylvatica",16,0.020106192982974676
2874,"PlotBm42","b","W12","W12","1",1,"PlotBm42_1","Stems >=10 cm DBH","Fagus sylvatica",48,0.18095573684677208
3971,"PlotBm42","b","W12","W12","3",8,"PlotBm42_8","Stems >=10 cm DBH","Fagus sylvatica",23,0.04154756284372501
2876,"PlotBm42","b","W12","W12","2",3,"PlotBm42_3","Stems >=10 cm DBH","Fagus sylvatica",38,0.11341149479459152
2882,"PlotBm42","b","W12","W12","3",9,"PlotBm42_9","Stems >=10 cm DBH","Fagus sylvatica",44,0.152053084433746
2875,"PlotBm42","b","W12","W12","1",2,"PlotBm42_2","Stems >=10 cm DBH","Fagus sylvatica",37,0.10752100856911068
2884,"PlotBm43","b","W12","W12","1",2,"PlotBm43_2","Stems >=10 cm DBH","Fagus sylvatica",42,0.13854423602330987
2890,"PlotBm43","b","W12","W12","3",8,"PlotBm43_8","Stems >=10 cm DBH","Fagus sylvatica",55,0.23758294442772812
2883,"PlotBm43","b","W12","W12","1",1,"PlotBm43_1","Stems >=10 cm DBH","Fagus sylvatica",57,0.25517586328783093
2888,"PlotBm43","b","W12","W12","2",6,"PlotBm43_6","Stems >=10 cm DBH","Fagus sylvatica",48,0.18095573684677208
2889,"PlotBm43","b","W12","W12","3",7,"PlotBm43_7","Stems >=10 cm DBH","Fagus sylvatica",72,0.40715040790523715
2887,"PlotBm43","b","W12","W12","2",5,"PlotBm43_5","Stems >=10 cm DBH","Fagus sylvatica",59,0.27339710067865175
2886,"PlotBm43","b","W12","W12","1",4,"PlotBm43_4","Stems >=10 cm DBH","Fagus sylvatica",57,0.25517586328783093
2885,"PlotBm43","b","W12","W12","1",3,"PlotBm43_3","Stems >=10 cm DBH","Fagus sylvatica",26,0.053092915845667506
2891,"PlotBm44","b","W12","W12","1",1,"PlotBm44_1","Stems >=10 cm DBH","Fagus sylvatica",47,0.17349445429449634
2900,"PlotBm44","b","W12","W12","2",10,"PlotBm44_10","Stems >=10 cm DBH","Fagus sylvatica",43,0.14522012041218818
2903,"PlotBm44","b","W12","W12","3",13,"PlotBm44_13","Stems >=10 cm DBH","Fagus sylvatica",39,0.11945906065275187
2892,"PlotBm44","b","W12","W12","1",2,"PlotBm44_2","Stems >=10 cm DBH","Fagus sylvatica",39,0.11945906065275187
2894,"PlotBm44","b","W12","W12","1",4,"PlotBm44_4","Stems >=10 cm DBH","Fagus sylvatica",43,0.14522012041218818
2898,"PlotBm44","b","W12","W12","2",8,"PlotBm44_8","Stems >=10 cm DBH","Fagus sylvatica",31,0.07547676350249478
2899,"PlotBm44","b","W12","W12","2",9,"PlotBm44_9","Stems >=10 cm DBH","Fagus sylvatica",39,0.11945906065275187
2901,"PlotBm44","b","W12","W12","3",11,"PlotBm44_11","Stems >=10 cm DBH","Fagus sylvatica",37,0.10752100856911068
2902,"PlotBm44","b","W12","W12","3",12,"PlotBm44_12","Stems >=10 cm DBH","Fagus sylvatica",44,0.152053084433746
2897,"PlotBm44","b","W12","W12","2",7,"PlotBm44_7","Stems >=10 cm DBH","Fagus sylvatica",45,0.15904312808798327
2896,"PlotBm44","b","W12","W12","2",6,"PlotBm44_6","Stems >=10 cm DBH","Fagus sylvatica",36,0.10178760197630929
2904,"PlotBm44","b","W12","W12","3",14,"PlotBm44_14","Stems >=10 cm DBH","Fagus sylvatica",48,0.18095573684677208
2893,"PlotBm44","b","W12","W12","1",3,"PlotBm44_3","Stems >=10 cm DBH","Fagus sylvatica",54,0.2290221044466959
2895,"PlotBm44","b","W12","W12","2",5,"PlotBm44_5","Stems >=10 cm DBH","Fagus sylvatica",45,0.15904312808798327
2910,"PlotBm45","b","W12","W12","1",6,"PlotBm45_6","Stems >=10 cm DBH","Fagus sylvatica",49,0.18857409903172734
2919,"PlotBm45","b","W12","W12","3",15,"PlotBm45_15","Stems >=10 cm DBH","Fagus sylvatica",39,0.11945906065275187
2905,"PlotBm45","b","W12","W12","1",1,"PlotBm45_1","Stems >=10 cm DBH","Fagus sylvatica",42,0.13854423602330987
2907,"PlotBm45","b","W12","W12","1",3,"PlotBm45_3","Stems >=10 cm DBH","Fagus sylvatica",40,0.12566370614359174
2908,"PlotBm45","b","W12","W12","1",4,"PlotBm45_4","Stems >=10 cm DBH","Fagus sylvatica",41,0.13202543126711105
2913,"PlotBm45","b","W12","W12","2",9,"PlotBm45_9","Stems >=10 cm DBH","Fagus sylvatica",43,0.14522012041218818
2914,"PlotBm45","b","W12","W12","3",10,"PlotBm45_10","Stems >=10 cm DBH","Fagus sylvatica",60,0.2827433388230814
2915,"PlotBm45","b","W12","W12","3",11,"PlotBm45_11","Stems >=10 cm DBH","Fagus sylvatica",58,0.2642079421669016
2916,"PlotBm45","b","W12","W12","3",12,"PlotBm45_12","Stems >=10 cm DBH","Fagus sylvatica",48,0.18095573684677208
2911,"PlotBm45","b","W12","W12","2",7,"PlotBm45_7","Stems >=10 cm DBH","Fagus sylvatica",55,0.23758294442772812
2918,"PlotBm45","b","W12","W12","3",14,"PlotBm45_14","Stems >=10 cm DBH","Fagus sylvatica",47,0.17349445429449634
2906,"PlotBm45","b","W12","W12","1",2,"PlotBm45_2","Stems >=10 cm DBH","Fagus sylvatica",53,0.22061834409834324
2912,"PlotBm45","b","W12","W12","2",8,"PlotBm45_8","Stems >=10 cm DBH","Fagus sylvatica",50,0.19634954084936207
2909,"PlotBm45","b","W12","W12","1",5,"PlotBm45_5","Stems >=10 cm DBH","Fagus sylvatica",51,0.2042820622996763
2917,"PlotBm45","b","W12","W12","3",13,"PlotBm45_13","Stems >=10 cm DBH","Fagus sylvatica",44,0.152053084433746
2923,"PlotBm46","b","W12","W12","1",4,"PlotBm46_4","Stems 2.5-10 cm DBH","Fagus sylvatica",7,0.0038484510006474965
2924,"PlotBm46","b","W12","W12","1",5,"PlotBm46_5","Stems >=10 cm DBH","Fagus sylvatica",33,0.08552985999398212
4424,"PlotBm46","b","W12","W12","2",9,"PlotBm46_9","Stems >=10 cm DBH","Fagus sylvatica",19,0.02835287369864788
2932,"PlotBm46","b","W12","W12","3",13,"PlotBm46_13","Stems >=10 cm DBH","Fagus sylvatica",23,0.04154756284372501
2930,"PlotBm46","b","W12","W12","3",11,"PlotBm46_11","Stems >=10 cm DBH","Fagus sylvatica",38,0.11341149479459152
2931,"PlotBm46","b","W12","W12","3",12,"PlotBm46_12","Stems >=10 cm DBH","Fagus sylvatica",25,0.04908738521234052
2921,"PlotBm46","b","W12","W12","1",2,"PlotBm46_2","Stems >=10 cm DBH","Fagus sylvatica",14,0.015393804002589986
3973,"PlotBm46","b","W12","W12","1",2,"PlotBm46_2","Stems >=10 cm DBH","Fagus sylvatica",13,0.013273228961416876
3972,"PlotBm46","b","W12","W12","1",1,"PlotBm46_1","Stems >=10 cm DBH","Fagus sylvatica",38,0.11341149479459152
2920,"PlotBm46","b","W12","W12","1",1,"PlotBm46_1","Stems >=10 cm DBH","Fagus sylvatica",17,0.022698006922186254
2926,"PlotBm46","b","W12","W12","2",7,"PlotBm46_7","Stems >=10 cm DBH","Fagus sylvatica",19,0.02835287369864788
2928,"PlotBm46","b","W12","W12","2",9,"PlotBm46_9","Stems 2.5-10 cm DBH","Fagus sylvatica",5,0.001963495408493621
2929,"PlotBm46","b","W12","W12","2",10,"PlotBm46_10","Stems >=10 cm DBH","Fagus sylvatica",13,0.013273228961416876
2933,"PlotBm46","b","W12","W12","3",14,"PlotBm46_14","Stems >=10 cm DBH","Fagus sylvatica",18,0.025446900494077322
2925,"PlotBm46","b","W12","W12","1",6,"PlotBm46_6","Stems >=10 cm DBH","Fagus sylvatica",11,0.009503317777109124
2934,"PlotBm46","b","W12","W12","3",15,"PlotBm46_15","Stems >=10 cm DBH","Fagus sylvatica",39,0.11945906065275187
2935,"PlotBm46","b","W12","W12","3",16,"PlotBm46_16","Stems >=10 cm DBH","Fagus sylvatica",22,0.0380132711084365
3974,"PlotBm46","b","W12","W12","2",9,"PlotBm46_9","Stems 2.5-10 cm DBH","Fagus sylvatica",5,0.001963495408493621
2922,"PlotBm46","b","W12","W12","1",3,"PlotBm46_3","Stems >=10 cm DBH","Fagus sylvatica",21,0.03463605900582747
3975,"PlotBm46","b","W12","W12","3",12,"PlotBm46_12","Stems >=10 cm DBH","Fagus sylvatica",14,0.015393804002589986
2927,"PlotBm46","b","W12","W12","2",8,"PlotBm46_8","Stems >=10 cm DBH","Fagus sylvatica",41,0.13202543126711105
3976,"PlotBm46","b","W12","W12","3",17,"PlotBm46_17","Stems >=10 cm DBH","Fagus sylvatica",11,0.009503317777109124
2936,"PlotBm46","b","W12","W12","3",17,"PlotBm46_17","Stems >=10 cm DBH","Fagus sylvatica",43,0.14522012041218818
2944,"PlotBm47","b","W12","W12","2",8,"PlotBm47_8","Stems >=10 cm DBH","Fagus sylvatica",68,0.36316811075498007
2946,"PlotBm47","b","W12","W12","3",10,"PlotBm47_10","Stems >=10 cm DBH","Fagus sylvatica",58,0.2642079421669016
2943,"PlotBm47","b","W12","W12","2",7,"PlotBm47_7","Stems >=10 cm DBH","Fagus sylvatica",63,0.31172453105244724
2939,"PlotBm47","b","W12","W12","1",3,"PlotBm47_3","Stems >=10 cm DBH","Fagus sylvatica",21,0.03463605900582747
2945,"PlotBm47","b","W12","W12","3",9,"PlotBm47_9","Stems >=10 cm DBH","Fagus sylvatica",59,0.27339710067865175
2940,"PlotBm47","b","W12","W12","1",4,"PlotBm47_4","Stems >=10 cm DBH","Fagus sylvatica",38,0.11341149479459152
2942,"PlotBm47","b","W12","W12","2",6,"PlotBm47_6","Stems >=10 cm DBH","Fagus sylvatica",16,0.020106192982974676
2941,"PlotBm47","b","W12","W12","1",5,"PlotBm47_5","Stems >=10 cm DBH","Fagus sylvatica",42,0.13854423602330987
2938,"PlotBm47","b","W12","W12","1",2,"PlotBm47_2","Stems >=10 cm DBH","Fagus sylvatica",70,0.38484510006474965
2937,"PlotBm47","b","W12","W12","1",1,"PlotBm47_1","Stems >=10 cm DBH","Fagus sylvatica",34,0.09079202768874502
2957,"PlotBm48","b","W12","W12","3",11,"PlotBm48_11","Stems >=10 cm DBH","Fagus sylvatica",11,0.009503317777109124
2961,"PlotBm48","b","W12","W12","3",15,"PlotBm48_15","Stems >=10 cm DBH","Fagus sylvatica",16,0.020106192982974676
2956,"PlotBm48","b","W12","W12","3",10,"PlotBm48_10","Stems >=10 cm DBH","Fagus sylvatica",28,0.061575216010359944
2949,"PlotBm48","b","W12","W12","1",3,"PlotBm48_3","Stems >=10 cm DBH","Fagus sylvatica",23,0.04154756284372501
2958,"PlotBm48","b","W12","W12","3",12,"PlotBm48_12","Stems >=10 cm DBH","Fagus sylvatica",71,0.39591921416865367
3978,"PlotBm48","b","W12","W12","3",15,"PlotBm48_15","Stems >=10 cm DBH","Fagus sylvatica",11,0.009503317777109124
2948,"PlotBm48","b","W12","W12","1",2,"PlotBm48_2","Stems >=10 cm DBH","Fagus sylvatica",16,0.020106192982974676
2954,"PlotBm48","b","W12","W12","2",8,"PlotBm48_8","Stems >=10 cm DBH","Fagus sylvatica",72,0.40715040790523715
2950,"PlotBm48","b","W12","W12","1",4,"PlotBm48_4","Stems >=10 cm DBH","Fagus sylvatica",10,0.007853981633974483
2947,"PlotBm48","b","W12","W12","1",1,"PlotBm48_1","Stems >=10 cm DBH","Fagus sylvatica",41,0.13202543126711105
2955,"PlotBm48","b","W12","W12","2",9,"PlotBm48_9","Stems >=10 cm DBH","Fagus sylvatica",11,0.009503317777109124
2960,"PlotBm48","b","W12","W12","3",14,"PlotBm48_14","Stems >=10 cm DBH","Fagus sylvatica",57,0.25517586328783093
4653,"PlotBm48","b","W12","W12","3",15,"PlotBm48_15","Stems >=10 cm DBH","Fagus sylvatica",14,0.015393804002589986
2959,"PlotBm48","b","W12","W12","3",13,"PlotBm48_13","Stems >=10 cm DBH","Fagus sylvatica",55,0.23758294442772812
2952,"PlotBm48","b","W12","W12","1",6,"PlotBm48_6","Stems >=10 cm DBH","Fagus sylvatica",48,0.18095573684677208
2953,"PlotBm48","b","W12","W12","1",7,"PlotBm48_7","Stems >=10 cm DBH","Fagus sylvatica",42,0.13854423602330987
2951,"PlotBm48","b","W12","W12","1",5,"PlotBm48_5","Stems >=10 cm DBH","Fagus sylvatica",26,0.053092915845667506
4760,"PlotBm48","b","W12","W12","3",15,"PlotBm48_15","Stems >=10 cm DBH","Fagus sylvatica",14,0.015393804002589986
4425,"PlotBm48","b","W12","W12","3",15,"PlotBm48_15","Stems >=10 cm DBH","Fagus sylvatica",10,0.007853981633974483
3977,"PlotBm48","b","W12","W12","3",11,"PlotBm48_11","Stems >=10 cm DBH","Fagus sylvatica",14,0.015393804002589986
2973,"PlotBm49","b","W18","W18","3",12,"PlotBm49_12","Stems >=10 cm DBH","Pinus brutia",12,0.011309733552923255
2963,"PlotBm49","b","W18","W18","1",2,"PlotBm49_2","Stems >=10 cm DBH","Pinus brutia",28,0.061575216010359944
2962,"PlotBm49","b","W18","W18","1",1,"PlotBm49_1","Stems >=10 cm DBH","Quercus frainetto",10,0.007853981633974483
2972,"PlotBm49","b","W18","W18","3",11,"PlotBm49_11","Stems >=10 cm DBH","Pinus brutia",28,0.061575216010359944
2971,"PlotBm49","b","W18","W18","3",10,"PlotBm49_10","Stems >=10 cm DBH","Pinus brutia",31,0.07547676350249478
2968,"PlotBm49","b","W18","W18","2",7,"PlotBm49_7","Stems >=10 cm DBH","Pinus brutia",33,0.08552985999398212
3980,"PlotBm49","b","W18","W18","1",6,"PlotBm49_6","Stems >=10 cm DBH","Pinus brutia",28,0.061575216010359944
3979,"PlotBm49","b","W18","W18","1",4,"PlotBm49_4","Stems >=10 cm DBH","Pinus brutia",29,0.0660519855417254
2974,"PlotBm49","b","W18","W18","3",13,"PlotBm49_13","Stems >=10 cm DBH","Pinus brutia",28,0.061575216010359944
2964,"PlotBm49","b","W18","W18","1",3,"PlotBm49_3","Stems >=10 cm DBH","Pinus brutia",38,0.11341149479459152
2969,"PlotBm49","b","W18","W18","2",8,"PlotBm49_8","Stems >=10 cm DBH","Pinus brutia",45,0.15904312808798327
2965,"PlotBm49","b","W18","W18","1",4,"PlotBm49_4","Stems >=10 cm DBH","Pinus brutia",41,0.13202543126711105
2970,"PlotBm49","b","W18","W18","2",9,"PlotBm49_9","Stems >=10 cm DBH","Pinus brutia",32,0.0804247719318987
2967,"PlotBm49","b","W18","W18","1",6,"PlotBm49_6","Stems >=10 cm DBH","Pinus brutia",35,0.09621127501618741
2966,"PlotBm49","b","W18","W18","2",5,"PlotBm49_5","Stems >=10 cm DBH","Pinus brutia",31,0.07547676350249478
2981,"PlotBm50","b","W18","W18","2",7,"PlotBm50_7","Stems >=10 cm DBH","Pinus brutia",52,0.21237166338267002
2985,"PlotBm50","b","W18","W18","3",11,"PlotBm50_11","Stems >=10 cm DBH","Quercus frainetto",37,0.10752100856911068
2975,"PlotBm50","b","W18","W18","1",1,"PlotBm50_1","Stems >=10 cm DBH","Pinus brutia",41,0.13202543126711105
2983,"PlotBm50","b","W18","W18","2",9,"PlotBm50_9","Stems >=10 cm DBH","Pinus brutia",36,0.10178760197630929
2980,"PlotBm50","b","W18","W18","2",6,"PlotBm50_6","Stems 2.5-10 cm DBH","Quercus frainetto",6,0.0028274333882308137
2979,"PlotBm50","b","W18","W18","1",5,"PlotBm50_5","Stems >=10 cm DBH","Pinus brutia",41,0.13202543126711105
2988,"PlotBm50","b","W18","W18","3",14,"PlotBm50_14","Stems >=10 cm DBH","Pinus brutia",43,0.14522012041218818
2984,"PlotBm50","b","W18","W18","3",10,"PlotBm50_10","Stems >=10 cm DBH","Pinus brutia",32,0.0804247719318987
2978,"PlotBm50","b","W18","W18","1",4,"PlotBm50_4","Stems >=10 cm DBH","Pinus brutia",42,0.13854423602330987
2977,"PlotBm50","b","W18","W18","1",3,"PlotBm50_3","Stems 2.5-10 cm DBH","Quercus frainetto",8,0.005026548245743669
2982,"PlotBm50","b","W18","W18","2",8,"PlotBm50_8","Stems >=10 cm DBH","Pinus brutia",44,0.152053084433746
2987,"PlotBm50","b","W18","W18","3",13,"PlotBm50_13","Stems >=10 cm DBH","Quercus frainetto",10,0.007853981633974483
2976,"PlotBm50","b","W18","W18","1",2,"PlotBm50_2","Stems >=10 cm DBH","Pinus brutia",28,0.061575216010359944
2986,"PlotBm50","b","W18","W18","3",12,"PlotBm50_12","Stems >=10 cm DBH","Quercus frainetto",12,0.011309733552923255
2994,"PlotBm51","b","W18","W18","2",6,"PlotBm51_6","Stems >=10 cm DBH","Pinus brutia",19,0.02835287369864788
2998,"PlotBm51","b","W18","W18","3",10,"PlotBm51_10","Stems >=10 cm DBH","Pinus brutia",38,0.11341149479459152
3000,"PlotBm51","b","W18","W18","3",12,"PlotBm51_12","Stems >=10 cm DBH","Pinus brutia",32,0.0804247719318987
3001,"PlotBm51","b","W18","W18","3",13,"PlotBm51_13","Stems >=10 cm DBH","Pinus brutia",45,0.15904312808798327
3003,"PlotBm51","b","W18","W18","3",15,"PlotBm51_15","Stems >=10 cm DBH","Pinus brutia",42,0.13854423602330987
2999,"PlotBm51","b","W18","W18","3",11,"PlotBm51_11","Stems >=10 cm DBH","Quercus frainetto",14,0.015393804002589986
3002,"PlotBm51","b","W18","W18","3",14,"PlotBm51_14","Stems >=10 cm DBH","Pinus brutia",23,0.04154756284372501
3981,"PlotBm51","b","W18","W18","3",12,"PlotBm51_12","Stems >=10 cm DBH","Pinus brutia",24,0.04523893421169302
2993,"PlotBm51","b","W18","W18","1",5,"PlotBm51_5","Stems >=10 cm DBH","Pinus brutia",38,0.11341149479459152
2995,"PlotBm51","b","W18","W18","2",7,"PlotBm51_7","Stems >=10 cm DBH","Pinus brutia",22,0.0380132711084365
2996,"PlotBm51","b","W18","W18","2",8,"PlotBm51_8","Stems >=10 cm DBH","Pinus brutia",41,0.13202543126711105
2997,"PlotBm51","b","W18","W18","2",9,"PlotBm51_9","Stems >=10 cm DBH","Quercus frainetto",12,0.011309733552923255
2991,"PlotBm51","b","W18","W18","1",3,"PlotBm51_3","Stems >=10 cm DBH","Pinus brutia",21,0.03463605900582747
2989,"PlotBm51","b","W18","W18","1",1,"PlotBm51_1","Stems >=10 cm DBH","Quercus frainetto",12,0.011309733552923255
3004,"PlotBm51","b","W18","W18","3",16,"PlotBm51_16","Stems >=10 cm DBH","Pinus brutia",37,0.10752100856911068
2992,"PlotBm51","b","W18","W18","1",4,"PlotBm51_4","Stems >=10 cm DBH","Pinus brutia",30,0.07068583470577035
2990,"PlotBm51","b","W18","W18","1",2,"PlotBm51_2","Stems >=10 cm DBH","Pinus brutia",32,0.0804247719318987
3012,"PlotBm52","b","W18","W18","3",8,"PlotBm52_8","Stems >=10 cm DBH","Pinus brutia",29,0.0660519855417254
3013,"PlotBm52","b","W18","W18","3",9,"PlotBm52_9","Stems >=10 cm DBH","Pinus brutia",28,0.061575216010359944
3009,"PlotBm52","b","W18","W18","2",5,"PlotBm52_5","Stems >=10 cm DBH","Pinus brutia",52,0.21237166338267002
3014,"PlotBm52","b","W18","W18","3",10,"PlotBm52_10","Stems >=10 cm DBH","Pinus brutia",33,0.08552985999398212
3010,"PlotBm52","b","W18","W18","2",6,"PlotBm52_6","Stems >=10 cm DBH","Pinus brutia",46,0.16619025137490004
3007,"PlotBm52","b","W18","W18","1",3,"PlotBm52_3","Stems >=10 cm DBH","Pinus brutia",32,0.0804247719318987
3008,"PlotBm52","b","W18","W18","1",4,"PlotBm52_4","Stems >=10 cm DBH","Pinus brutia",35,0.09621127501618741
3006,"PlotBm52","b","W18","W18","1",2,"PlotBm52_2","Stems >=10 cm DBH","Pinus brutia",53,0.22061834409834324
3011,"PlotBm52","b","W18","W18","3",7,"PlotBm52_7","Stems >=10 cm DBH","Pinus brutia",39,0.11945906065275187
3016,"PlotBm52","b","W18","W18","3",12,"PlotBm52_12","Stems 2.5-10 cm DBH","Pinus brutia",5,0.001963495408493621
3005,"PlotBm52","b","W18","W18","1",1,"PlotBm52_1","Stems >=10 cm DBH","Pinus brutia",26,0.053092915845667506
3015,"PlotBm52","b","W18","W18","3",11,"PlotBm52_11","Stems 2.5-10 cm DBH","Quercus frainetto",9.5,0.00708821842466197
3982,"PlotBm53","b","W18","W18","2",16,"PlotBm53_16","Stems 2.5-10 cm DBH","Pinus brutia",8,0.005026548245743669
3022,"PlotBm53","b","W18","W18","1",6,"PlotBm53_6","Stems >=10 cm DBH","Pinus brutia",26,0.053092915845667506
3042,"PlotBm53","b","W18","W18","3",26,"PlotBm53_26","Stems >=10 cm DBH","Pinus brutia",20,0.031415926535897934
3029,"PlotBm53","b","W18","W18","2",13,"PlotBm53_13","Stems >=10 cm DBH","Quercus frainetto",10,0.007853981633974483
3020,"PlotBm53","b","W18","W18","1",4,"PlotBm53_4","Stems >=10 cm DBH","Pinus brutia",26,0.053092915845667506
3021,"PlotBm53","b","W18","W18","1",5,"PlotBm53_5","Stems >=10 cm DBH","Pinus brutia",38,0.11341149479459152
3024,"PlotBm53","b","W18","W18","1",8,"PlotBm53_8","Stems >=10 cm DBH","Pinus brutia",35,0.09621127501618741
3039,"PlotBm53","b","W18","W18","3",23,"PlotBm53_23","Stems >=10 cm DBH","Pinus brutia",16,0.020106192982974676
3035,"PlotBm53","b","W18","W18","2",19,"PlotBm53_19","Stems >=10 cm DBH","Pinus brutia",19,0.02835287369864788
3038,"PlotBm53","b","W18","W18","3",22,"PlotBm53_22","Stems >=10 cm DBH","Pinus brutia",31,0.07547676350249478
3019,"PlotBm53","b","W18","W18","1",3,"PlotBm53_3","Stems >=10 cm DBH","Pinus brutia",33,0.08552985999398212
3033,"PlotBm53","b","W18","W18","2",17,"PlotBm53_17","Stems >=10 cm DBH","Pinus brutia",20,0.031415926535897934
3040,"PlotBm53","b","W18","W18","3",24,"PlotBm53_24","Stems >=10 cm DBH","Pinus brutia",14,0.015393804002589986
3023,"PlotBm53","b","W18","W18","1",7,"PlotBm53_7","Stems >=10 cm DBH","Pinus brutia",28,0.061575216010359944
3036,"PlotBm53","b","W18","W18","2",20,"PlotBm53_20","Stems >=10 cm DBH","Quercus frainetto",12,0.011309733552923255
3037,"PlotBm53","b","W18","W18","3",21,"PlotBm53_21","Stems >=10 cm DBH","Pinus brutia",28,0.061575216010359944
3034,"PlotBm53","b","W18","W18","2",18,"PlotBm53_18","Stems >=10 cm DBH","Pinus brutia",17,0.022698006922186254
3043,"PlotBm53","b","W18","W18","3",27,"PlotBm53_27","Stems >=10 cm DBH","Pinus brutia",18,0.025446900494077322
3027,"PlotBm53","b","W18","W18","2",11,"PlotBm53_11","Stems >=10 cm DBH","Pinus brutia",14,0.015393804002589986
3044,"PlotBm53","b","W18","W18","3",28,"PlotBm53_28","Stems >=10 cm DBH","Pinus brutia",23,0.04154756284372501
3025,"PlotBm53","b","W18","W18","2",9,"PlotBm53_9","Stems >=10 cm DBH","Pinus brutia",14,0.015393804002589986
3026,"PlotBm53","b","W18","W18","2",10,"PlotBm53_10","Stems >=10 cm DBH","Pinus brutia",21,0.03463605900582747
3018,"PlotBm53","b","W18","W18","1",2,"PlotBm53_2","Stems >=10 cm DBH","Pinus brutia",27,0.05725552611167398
3032,"PlotBm53","b","W18","W18","2",16,"PlotBm53_16","Stems >=10 cm DBH","Pinus brutia",14,0.015393804002589986
3028,"PlotBm53","b","W18","W18","2",12,"PlotBm53_12","Stems >=10 cm DBH","Quercus frainetto",10,0.007853981633974483
3041,"PlotBm53","b","W18","W18","3",25,"PlotBm53_25","Stems >=10 cm DBH","Pinus brutia",24,0.04523893421169302
3017,"PlotBm53","b","W18","W18","1",1,"PlotBm53_1","Stems >=10 cm DBH","Pinus brutia",19,0.02835287369864788
3030,"PlotBm53","b","W18","W18","2",14,"PlotBm53_14","Stems 2.5-10 cm DBH","Quercus frainetto",9,0.0063617251235193305
3031,"PlotBm53","b","W18","W18","2",15,"PlotBm53_15","Stems 2.5-10 cm DBH","Quercus frainetto",4,0.0012566370614359172
3045,"PlotBm53","b","W18","W18","3",29,"PlotBm53_29","Stems >=10 cm DBH","Pinus brutia",17,0.022698006922186254
3052,"PlotBm54","b","W18","W18","1",7,"PlotBm54_7","Stems >=10 cm DBH","Pinus brutia",28,0.061575216010359944
3051,"PlotBm54","b","W18","W18","1",6,"PlotBm54_6","Stems >=10 cm DBH","Pinus brutia",42,0.13854423602330987
3049,"PlotBm54","b","W18","W18","1",4,"PlotBm54_4","Stems >=10 cm DBH","Pinus brutia",29,0.0660519855417254
3050,"PlotBm54","b","W18","W18","1",5,"PlotBm54_5","Stems >=10 cm DBH","Pinus brutia",36,0.10178760197630929
3054,"PlotBm54","b","W18","W18","2",9,"PlotBm54_9","Stems >=10 cm DBH","Quercus pubescens",10,0.007853981633974483
3065,"PlotBm54","b","W18","W18","3",20,"PlotBm54_20","Stems >=10 cm DBH","Pinus brutia",54,0.2290221044466959
3053,"PlotBm54","b","W18","W18","2",8,"PlotBm54_8","Stems >=10 cm DBH","Quercus frainetto",16,0.020106192982974676
3067,"PlotBm54","b","W18","W18","3",22,"PlotBm54_22","Stems >=10 cm DBH","Quercus pubescens",18,0.025446900494077322
3063,"PlotBm54","b","W18","W18","2",18,"PlotBm54_18","Stems 2.5-10 cm DBH","Quercus pubescens",7,0.0038484510006474965
3055,"PlotBm54","b","W18","W18","2",10,"PlotBm54_10","Stems >=10 cm DBH","Quercus pubescens",13,0.013273228961416876
3069,"PlotBm54","b","W18","W18","3",24,"PlotBm54_24","Stems >=10 cm DBH","Quercus pubescens",16,0.020106192982974676
3048,"PlotBm54","b","W18","W18","1",3,"PlotBm54_3","Stems >=10 cm DBH","Pinus brutia",28,0.061575216010359944
3056,"PlotBm54","b","W18","W18","2",11,"PlotBm54_11","Stems 2.5-10 cm DBH","Quercus pubescens",8,0.005026548245743669
3064,"PlotBm54","b","W18","W18","3",19,"PlotBm54_19","Stems >=10 cm DBH","Pinus brutia",62,0.30190705400997914
3046,"PlotBm54","b","W18","W18","1",1,"PlotBm54_1","Stems >=10 cm DBH","Pinus brutia",36,0.10178760197630929
3066,"PlotBm54","b","W18","W18","3",21,"PlotBm54_21","Stems >=10 cm DBH","Quercus frainetto",12,0.011309733552923255
3062,"PlotBm54","b","W18","W18","2",17,"PlotBm54_17","Stems >=10 cm DBH","Quercus pubescens",14,0.015393804002589986
3068,"PlotBm54","b","W18","W18","3",23,"PlotBm54_23","Stems 2.5-10 cm DBH","Quercus pubescens",8,0.005026548245743669
3057,"PlotBm54","b","W18","W18","2",12,"PlotBm54_12","Stems 2.5-10 cm DBH","Quercus pubescens",6,0.0028274333882308137
3047,"PlotBm54","b","W18","W18","1",2,"PlotBm54_2","Stems >=10 cm DBH","Pinus brutia",35,0.09621127501618741
3070,"PlotBm54","b","W18","W18","3",25,"PlotBm54_25","Stems >=10 cm DBH","Quercus frainetto",18,0.025446900494077322
3059,"PlotBm54","b","W18","W18","2",14,"PlotBm54_14","Stems >=10 cm DBH","Quercus pubescens",21,0.03463605900582747
3060,"PlotBm54","b","W18","W18","2",15,"PlotBm54_15","Stems >=10 cm DBH","Quercus pubescens",13,0.013273228961416876
3061,"PlotBm54","b","W18","W18","2",16,"PlotBm54_16","Stems >=10 cm DBH","Quercus pubescens",19,0.02835287369864788
3058,"PlotBm54","b","W18","W18","2",13,"PlotBm54_13","Stems >=10 cm DBH","Pinus brutia",24,0.04523893421169302
3983,"PlotBm55","b","W18","W18","1",1,"PlotBm55_1","Stems >=10 cm DBH","Pinus brutia",31,0.07547676350249478
3076,"PlotBm55","b","W18","W18","2",6,"PlotBm55_6","Stems >=10 cm DBH","Pinus brutia",19,0.02835287369864788
3077,"PlotBm55","b","W18","W18","3",7,"PlotBm55_7","Stems 2.5-10 cm DBH","Quercus frainetto",3,7.068583470577034e-4
3078,"PlotBm55","b","W18","W18","2",8,"PlotBm55_8","Stems >=10 cm DBH","Pinus brutia",32,0.0804247719318987
3080,"PlotBm55","b","W18","W18","3",10,"PlotBm55_10","Stems >=10 cm DBH","Pinus brutia",14,0.015393804002589986
3082,"PlotBm55","b","W18","W18","3",12,"PlotBm55_12","Stems >=10 cm DBH","Pinus brutia",38,0.11341149479459152
3083,"PlotBm55","b","W18","W18","3",13,"PlotBm55_13","Stems >=10 cm DBH","Pinus brutia",28,0.061575216010359944
3081,"PlotBm55","b","W18","W18","3",11,"PlotBm55_11","Stems >=10 cm DBH","Pinus brutia",26,0.053092915845667506
3071,"PlotBm55","b","W18","W18","1",1,"PlotBm55_1","Stems >=10 cm DBH","Pinus brutia",35,0.09621127501618741
3074,"PlotBm55","b","W18","W18","2",4,"PlotBm55_4","Stems >=10 cm DBH","Quercus frainetto",11,0.009503317777109124
3079,"PlotBm55","b","W18","W18","2",9,"PlotBm55_9","Stems >=10 cm DBH","Pinus brutia",30,0.07068583470577035
3075,"PlotBm55","b","W18","W18","2",5,"PlotBm55_5","Stems >=10 cm DBH","Pinus brutia",48,0.18095573684677208
3073,"PlotBm55","b","W18","W18","1",3,"PlotBm55_3","Stems >=10 cm DBH","Pinus brutia",22,0.0380132711084365
3984,"PlotBm55","b","W18","W18","3",7,"PlotBm55_7","Stems 2.5-10 cm DBH","Quercus frainetto",4,0.0012566370614359172
3072,"PlotBm55","b","W18","W18","1",2,"PlotBm55_2","Stems >=10 cm DBH","Pinus brutia",18,0.025446900494077322
3091,"PlotBm56","b","W18","W18","2",8,"PlotBm56_8","Stems >=10 cm DBH","Pinus brutia",42,0.13854423602330987
3986,"PlotBm56","b","W18","W18","3",11,"PlotBm56_11","Stems >=10 cm DBH","Quercus frainetto",14,0.015393804002589986
3093,"PlotBm56","b","W18","W18","3",10,"PlotBm56_10","Stems >=10 cm DBH","Pinus brutia",18,0.025446900494077322
3090,"PlotBm56","b","W18","W18","2",7,"PlotBm56_7","Stems >=10 cm DBH","Pinus brutia",27,0.05725552611167398
3092,"PlotBm56","b","W18","W18","2",9,"PlotBm56_9","Stems >=10 cm DBH","Pinus brutia",20,0.031415926535897934
3095,"PlotBm56","b","W18","W18","3",12,"PlotBm56_12","Stems >=10 cm DBH","Pinus brutia",18,0.025446900494077322
3094,"PlotBm56","b","W18","W18","3",11,"PlotBm56_11","Stems >=10 cm DBH","Quercus frainetto",10,0.007853981633974483
3084,"PlotBm56","b","W18","W18","1",1,"PlotBm56_1","Stems >=10 cm DBH","Pinus brutia",34,0.09079202768874502
3089,"PlotBm56","b","W18","W18","2",6,"PlotBm56_6","Stems >=10 cm DBH","Pinus brutia",20,0.031415926535897934
3096,"PlotBm56","b","W18","W18","3",13,"PlotBm56_13","Stems >=10 cm DBH","Pinus brutia",27,0.05725552611167398
3085,"PlotBm56","b","W18","W18","1",2,"PlotBm56_2","Stems >=10 cm DBH","Pinus brutia",26,0.053092915845667506
3087,"PlotBm56","b","W18","W18","2",4,"PlotBm56_4","Stems >=10 cm DBH","Pinus brutia",19,0.02835287369864788
3088,"PlotBm56","b","W18","W18","2",5,"PlotBm56_5","Stems >=10 cm DBH","Pinus brutia",24,0.04523893421169302
3101,"PlotBm56","b","W18","W18","3",18,"PlotBm56_18","Stems >=10 cm DBH","Quercus frainetto",12,0.011309733552923255
3086,"PlotBm56","b","W18","W18","1",3,"PlotBm56_3","Stems >=10 cm DBH","Pinus brutia",28,0.061575216010359944
3985,"PlotBm56","b","W18","W18","1",2,"PlotBm56_2","Stems >=10 cm DBH","Pinus brutia",28,0.061575216010359944
3100,"PlotBm56","b","W18","W18","3",17,"PlotBm56_17","Stems >=10 cm DBH","Pinus brutia",26,0.053092915845667506
3099,"PlotBm56","b","W18","W18","3",16,"PlotBm56_16","Stems >=10 cm DBH","Pinus brutia",30,0.07068583470577035
3098,"PlotBm56","b","W18","W18","3",15,"PlotBm56_15","Stems >=10 cm DBH","Pinus brutia",28,0.061575216010359944
3097,"PlotBm56","b","W18","W18","3",14,"PlotBm56_14","Stems >=10 cm DBH","Pinus brutia",17,0.022698006922186254
3103,"PlotBm57","b","W18","W18","1",2,"PlotBm57_2","Stems >=10 cm DBH","Pinus brutia",32,0.0804247719318987
3107,"PlotBm57","b","W18","W18","2",6,"PlotBm57_6","Stems >=10 cm DBH","Pinus brutia",21,0.03463605900582747
3105,"PlotBm57","b","W18","W18","1",4,"PlotBm57_4","Stems >=10 cm DBH","Pinus brutia",18,0.025446900494077322
3115,"PlotBm57","b","W18","W18","3",14,"PlotBm57_14","Stems >=10 cm DBH","Pinus brutia",19,0.02835287369864788
3104,"PlotBm57","b","W18","W18","1",3,"PlotBm57_3","Stems >=10 cm DBH","Pinus brutia",33,0.08552985999398212
3102,"PlotBm57","b","W18","W18","1",1,"PlotBm57_1","Stems >=10 cm DBH","Pinus brutia",26,0.053092915845667506
3114,"PlotBm57","b","W18","W18","3",13,"PlotBm57_13","Stems >=10 cm DBH","Pinus brutia",37,0.10752100856911068
3116,"PlotBm57","b","W18","W18","3",15,"PlotBm57_15","Stems >=10 cm DBH","Pinus brutia",21,0.03463605900582747
3110,"PlotBm57","b","W18","W18","2",9,"PlotBm57_9","Stems >=10 cm DBH","Pinus brutia",33,0.08552985999398212
3106,"PlotBm57","b","W18","W18","1",5,"PlotBm57_5","Stems >=10 cm DBH","Pinus brutia",23,0.04154756284372501
3112,"PlotBm57","b","W18","W18","3",11,"PlotBm57_11","Stems >=10 cm DBH","Pinus brutia",14,0.015393804002589986
3113,"PlotBm57","b","W18","W18","3",12,"PlotBm57_12","Stems >=10 cm DBH","Pinus brutia",14,0.015393804002589986
3109,"PlotBm57","b","W18","W18","2",8,"PlotBm57_8","Stems >=10 cm DBH","Pinus brutia",26,0.053092915845667506
3111,"PlotBm57","b","W18","W18","3",10,"PlotBm57_10","Stems >=10 cm DBH","Pinus brutia",30,0.07068583470577035
3108,"PlotBm57","b","W18","W18","2",7,"PlotBm57_7","Stems >=10 cm DBH","Pinus brutia",25,0.04908738521234052
3120,"PlotBm58","b","W18","W18","1",4,"PlotBm58_4","Stems >=10 cm DBH","Pinus brutia",19,0.02835287369864788
3122,"PlotBm58","b","W18","W18","2",6,"PlotBm58_6","Stems >=10 cm DBH","Pinus brutia",25,0.04908738521234052
3117,"PlotBm58","b","W18","W18","1",1,"PlotBm58_1","Stems >=10 cm DBH","Pinus brutia",28,0.061575216010359944
3121,"PlotBm58","b","W18","W18","1",5,"PlotBm58_5","Stems >=10 cm DBH","Pinus brutia",44,0.152053084433746
3129,"PlotBm58","b","W18","W18","3",13,"PlotBm58_13","Stems >=10 cm DBH","Pinus brutia",28,0.061575216010359944
3130,"PlotBm58","b","W18","W18","3",14,"PlotBm58_14","Stems >=10 cm DBH","Pinus brutia",27,0.05725552611167398
3118,"PlotBm58","b","W18","W18","1",2,"PlotBm58_2","Stems >=10 cm DBH","Pinus brutia",35,0.09621127501618741
3124,"PlotBm58","b","W18","W18","2",8,"PlotBm58_8","Stems >=10 cm DBH","Pinus brutia",22,0.0380132711084365
3119,"PlotBm58","b","W18","W18","1",3,"PlotBm58_3","Stems >=10 cm DBH","Pinus brutia",28,0.061575216010359944
3128,"PlotBm58","b","W18","W18","3",12,"PlotBm58_12","Stems >=10 cm DBH","Pinus brutia",51,0.2042820622996763
3123,"PlotBm58","b","W18","W18","2",7,"PlotBm58_7","Stems >=10 cm DBH","Pinus brutia",28,0.061575216010359944
3126,"PlotBm58","b","W18","W18","2",10,"PlotBm58_10","Stems >=10 cm DBH","Pinus brutia",36,0.10178760197630929
3127,"PlotBm58","b","W18","W18","3",11,"PlotBm58_11","Stems >=10 cm DBH","Pinus brutia",26,0.053092915845667506
3125,"PlotBm58","b","W18","W18","2",9,"PlotBm58_9","Stems >=10 cm DBH","Pinus brutia",23,0.04154756284372501
3131,"PlotBm59","b","W18","W18","1",1,"PlotBm59_1","Stems >=10 cm DBH","Pinus brutia",37,0.10752100856911068
3136,"PlotBm59","b","W18","W18","2",6,"PlotBm59_6","Stems >=10 cm DBH","Pinus brutia",33,0.08552985999398212
3132,"PlotBm59","b","W18","W18","1",2,"PlotBm59_2","Stems >=10 cm DBH","Pinus brutia",46,0.16619025137490004
3139,"PlotBm59","b","W18","W18","3",9,"PlotBm59_9","Stems >=10 cm DBH","Pinus brutia",42,0.13854423602330987
3140,"PlotBm59","b","W18","W18","3",10,"PlotBm59_10","Stems >=10 cm DBH","Pinus brutia",30,0.07068583470577035
3134,"PlotBm59","b","W18","W18","2",4,"PlotBm59_4","Stems >=10 cm DBH","Pinus brutia",35,0.09621127501618741
3137,"PlotBm59","b","W18","W18","2",7,"PlotBm59_7","Stems >=10 cm DBH","Pinus brutia",28,0.061575216010359944
3138,"PlotBm59","b","W18","W18","2",8,"PlotBm59_8","Stems >=10 cm DBH","Pinus brutia",21,0.03463605900582747
3133,"PlotBm59","b","W18","W18","1",3,"PlotBm59_3","Stems >=10 cm DBH","Pinus brutia",38,0.11341149479459152
3135,"PlotBm59","b","W18","W18","2",5,"PlotBm59_5","Stems >=10 cm DBH","Pinus brutia",37,0.10752100856911068
3143,"PlotBm60","b","W18","W18","1",3,"PlotBm60_3","Stems >=10 cm DBH","Pinus brutia",36,0.10178760197630929
3147,"PlotBm60","b","W18","W18","3",7,"PlotBm60_7","Stems >=10 cm DBH","Pinus brutia",19,0.02835287369864788
3146,"PlotBm60","b","W18","W18","3",6,"PlotBm60_6","Stems >=10 cm DBH","Pinus brutia",16,0.020106192982974676
3144,"PlotBm60","b","W18","W18","2",4,"PlotBm60_4","Stems >=10 cm DBH","Pinus brutia",32,0.0804247719318987
3145,"PlotBm60","b","W18","W18","2",5,"PlotBm60_5","Stems >=10 cm DBH","Pinus brutia",28,0.061575216010359944
3142,"PlotBm60","b","W18","W18","1",2,"PlotBm60_2","Stems >=10 cm DBH","Pinus brutia",29,0.0660519855417254
3150,"PlotBm60","b","W18","W18","3",10,"PlotBm60_10","Stems >=10 cm DBH","Pinus brutia",24,0.04523893421169302
3141,"PlotBm60","b","W18","W18","1",1,"PlotBm60_1","Stems >=10 cm DBH","Pinus brutia",45,0.15904312808798327
3148,"PlotBm60","b","W18","W18","3",8,"PlotBm60_8","Stems >=10 cm DBH","Pinus brutia",20,0.031415926535897934
3149,"PlotBm60","b","W18","W18","3",9,"PlotBm60_9","Stems >=10 cm DBH","Pinus brutia",18,0.025446900494077322
4426,"PlotBm62","b","U17","U17","1",1,"PlotBm62_1","Stems 2.5-10 cm DBH","Quercus coccifera",4,0.0012566370614359172
4430,"PlotBm62","b","U17","U17","3",10,"PlotBm62_10","Stems 2.5-10 cm DBH","Quercus coccifera",4,0.0012566370614359172
4427,"PlotBm62","b","U17","U17","1",2,"PlotBm62_2","Stems 2.5-10 cm DBH","Quercus coccifera",6,0.0028274333882308137
3151,"PlotBm62","b","U17","U17","1",1,"PlotBm62_1","Stems 2.5-10 cm DBH","Quercus coccifera",5,0.001963495408493621
3161,"PlotBm62","b","U17","U17","3",11,"PlotBm62_11","Stems 2.5-10 cm DBH","Quercus coccifera",4,0.0012566370614359172
4654,"PlotBm62","b","U17","U17","1",1,"PlotBm62_1","Stems 2.5-10 cm DBH","Quercus coccifera",5,0.001963495408493621
4655,"PlotBm62","b","U17","U17","1",2,"PlotBm62_2","Stems 2.5-10 cm DBH","Quercus coccifera",3,7.068583470577034e-4
4428,"PlotBm62","b","U17","U17","1",4,"PlotBm62_4","Stems 2.5-10 cm DBH","Quercus coccifera",3,7.068583470577034e-4
3160,"PlotBm62","b","U17","U17","3",10,"PlotBm62_10","Stems 2.5-10 cm DBH","Quercus coccifera",4,0.0012566370614359172
3158,"PlotBm62","b","U17","U17","2",8,"PlotBm62_8","Stems 2.5-10 cm DBH","Quercus coccifera",9,0.0063617251235193305
3159,"PlotBm62","b","U17","U17","3",9,"PlotBm62_9","Stems 2.5-10 cm DBH","Carpinus orientalis",4,0.0012566370614359172
3156,"PlotBm62","b","U17","U17","2",6,"PlotBm62_6","Stems 2.5-10 cm DBH","Quercus coccifera",5,0.001963495408493621
4429,"PlotBm62","b","U17","U17","3",9,"PlotBm62_9","Stems 2.5-10 cm DBH","Carpinus orientalis",3,7.068583470577034e-4
4761,"PlotBm62","b","U17","U17","1",1,"PlotBm62_1","Stems 2.5-10 cm DBH","Quercus coccifera",3,7.068583470577034e-4
3990,"PlotBm62","b","U17","U17","1",5,"PlotBm62_5","Stems 2.5-10 cm DBH","Quercus coccifera",3,7.068583470577034e-4
3991,"PlotBm62","b","U17","U17","3",9,"PlotBm62_9","Stems 2.5-10 cm DBH","Carpinus orientalis",3,7.068583470577034e-4
3157,"PlotBm62","b","U17","U17","2",7,"PlotBm62_7","Stems 2.5-10 cm DBH","Quercus coccifera",8,0.005026548245743669
3993,"PlotBm62","b","U17","U17","3",11,"PlotBm62_11","Stems 2.5-10 cm DBH","Quercus coccifera",5,0.001963495408493621
3994,"PlotBm62","b","U17","U17","3",12,"PlotBm62_12","Stems 2.5-10 cm DBH","Carpinus orientalis",4,0.0012566370614359172
3153,"PlotBm62","b","U17","U17","1",3,"PlotBm62_3","Stems 2.5-10 cm DBH","Quercus coccifera",9,0.0063617251235193305
3162,"PlotBm62","b","U17","U17","3",12,"PlotBm62_12","Stems 2.5-10 cm DBH","Carpinus orientalis",4,0.0012566370614359172
3987,"PlotBm62","b","U17","U17","1",1,"PlotBm62_1","Stems 2.5-10 cm DBH","Quercus coccifera",7,0.0038484510006474965
3152,"PlotBm62","b","U17","U17","1",2,"PlotBm62_2","Stems 2.5-10 cm DBH","Quercus coccifera",3,7.068583470577034e-4
3988,"PlotBm62","b","U17","U17","1",2,"PlotBm62_2","Stems 2.5-10 cm DBH","Quercus coccifera",4,0.0012566370614359172
3992,"PlotBm62","b","U17","U17","3",10,"PlotBm62_10","Stems 2.5-10 cm DBH","Quercus coccifera",9,0.0063617251235193305
3155,"PlotBm62","b","U17","U17","1",5,"PlotBm62_5","Stems 2.5-10 cm DBH","Quercus coccifera",3,7.068583470577034e-4
3154,"PlotBm62","b","U17","U17","1",4,"PlotBm62_4","Stems 2.5-10 cm DBH","Quercus coccifera",4,0.0012566370614359172
3989,"PlotBm62","b","U17","U17","1",4,"PlotBm62_4","Stems 2.5-10 cm DBH","Quercus coccifera",8,0.005026548245743669
3165,"PlotBm63","b","U17","U17","1",3,"PlotBm63_3","Stems 2.5-10 cm DBH","Quercus coccifera",4,0.0012566370614359172
3996,"PlotBm63","b","U17","U17","1",3,"PlotBm63_3","Stems 2.5-10 cm DBH","Quercus coccifera",6,0.0028274333882308137
3164,"PlotBm63","b","U17","U17","1",2,"PlotBm63_2","Stems >=10 cm DBH","Quercus coccifera",11,0.009503317777109124
3998,"PlotBm63","b","U17","U17","3",6,"PlotBm63_6","Stems 2.5-10 cm DBH","Quercus coccifera",4,0.0012566370614359172
3995,"PlotBm63","b","U17","U17","1",1,"PlotBm63_1","Stems 2.5-10 cm DBH","Quercus coccifera",4,0.0012566370614359172
3997,"PlotBm63","b","U17","U17","3",5,"PlotBm63_5","Stems 2.5-10 cm DBH","Quercus coccifera",5,0.001963495408493621
3166,"PlotBm63","b","U17","U17","1",4,"PlotBm63_4","Stems >=10 cm DBH","Quercus coccifera",26,0.053092915845667506
3163,"PlotBm63","b","U17","U17","1",1,"PlotBm63_1","Stems 2.5-10 cm DBH","Quercus coccifera",5,0.001963495408493621
3999,"PlotBm63","b","U17","U17","3",7,"PlotBm63_7","Stems >=10 cm DBH","Quercus coccifera",14,0.015393804002589986
3169,"PlotBm63","b","U17","U17","3",7,"PlotBm63_7","Stems >=10 cm DBH","Quercus coccifera",12,0.011309733552923255
3170,"PlotBm63","b","U17","U17","3",8,"PlotBm63_8","Stems >=10 cm DBH","Quercus coccifera",10,0.007853981633974483
3167,"PlotBm63","b","U17","U17","3",5,"PlotBm63_5","Stems 2.5-10 cm DBH","Quercus coccifera",6,0.0028274333882308137
4431,"PlotBm63","b","U17","U17","3",6,"PlotBm63_6","Stems 2.5-10 cm DBH","Quercus coccifera",7,0.0038484510006474965
3168,"PlotBm63","b","U17","U17","3",6,"PlotBm63_6","Stems 2.5-10 cm DBH","Quercus coccifera",4,0.0012566370614359172
3172,"PlotBm64","b","U17","U17","1",2,"PlotBm64_2","Stems 2.5-10 cm DBH","Quercus coccifera",3,7.068583470577034e-4
3171,"PlotBm64","b","U17","U17","1",1,"PlotBm64_1","Stems 2.5-10 cm DBH","Quercus coccifera",4,0.0012566370614359172
3175,"PlotBm64","b","U17","U17","2",5,"PlotBm64_5","Stems 2.5-10 cm DBH","Juniperus oxycedrus",8,0.005026548245743669
3174,"PlotBm64","b","U17","U17","2",4,"PlotBm64_4","Stems >=10 cm DBH","Quercus coccifera",11,0.009503317777109124
3176,"PlotBm64","b","U17","U17","3",6,"PlotBm64_6","Stems 2.5-10 cm DBH","Quercus coccifera",7,0.0038484510006474965
4656,"PlotBm64","b","U17","U17","1",1,"PlotBm64_1","Stems 2.5-10 cm DBH","Quercus coccifera",5,0.001963495408493621
3173,"PlotBm64","b","U17","U17","2",3,"PlotBm64_3","Stems >=10 cm DBH","Quercus coccifera",10,0.007853981633974483
4000,"PlotBm64","b","U17","U17","1",1,"PlotBm64_1","Stems 2.5-10 cm DBH","Quercus coccifera",6,0.0028274333882308137
4762,"PlotBm64","b","U17","U17","1",1,"PlotBm64_1","Stems 2.5-10 cm DBH","Quercus coccifera",4,0.0012566370614359172
4002,"PlotBm64","b","U17","U17","2",5,"PlotBm64_5","Stems 2.5-10 cm DBH","Juniperus oxycedrus",9,0.0063617251235193305
4657,"PlotBm64","b","U17","U17","3",6,"PlotBm64_6","Stems 2.5-10 cm DBH","Quercus coccifera",3,7.068583470577034e-4
4001,"PlotBm64","b","U17","U17","1",2,"PlotBm64_2","Stems 2.5-10 cm DBH","Quercus coccifera",4,0.0012566370614359172
4432,"PlotBm64","b","U17","U17","1",1,"PlotBm64_1","Stems 2.5-10 cm DBH","Quercus coccifera",4,0.0012566370614359172
4004,"PlotBm64","b","U17","U17","3",7,"PlotBm64_7","Stems 2.5-10 cm DBH","Quercus coccifera",4,0.0012566370614359172
3177,"PlotBm64","b","U17","U17","3",7,"PlotBm64_7","Stems 2.5-10 cm DBH","Quercus coccifera",4,0.0012566370614359172
4003,"PlotBm64","b","U17","U17","3",6,"PlotBm64_6","Stems 2.5-10 cm DBH","Quercus coccifera",6,0.0028274333882308137
4434,"PlotBm64","b","U17","U17","3",7,"PlotBm64_7","Stems 2.5-10 cm DBH","Quercus coccifera",5,0.001963495408493621
4433,"PlotBm64","b","U17","U17","3",6,"PlotBm64_6","Stems 2.5-10 cm DBH","Quercus coccifera",4,0.0012566370614359172
4659,"PlotBm65","b","U17","U17","2",6,"PlotBm65_6","Stems 2.5-10 cm DBH","Quercus coccifera",5,0.001963495408493621
4007,"PlotBm65","b","U17","U17","3",7,"PlotBm65_7","Stems 2.5-10 cm DBH","Quercus coccifera",3,7.068583470577034e-4
4658,"PlotBm65","b","U17","U17","1",3,"PlotBm65_3","Stems 2.5-10 cm DBH","Quercus coccifera",3,7.068583470577034e-4
4436,"PlotBm65","b","U17","U17","2",6,"PlotBm65_6","Stems 2.5-10 cm DBH","Quercus coccifera",4,0.0012566370614359172
4435,"PlotBm65","b","U17","U17","1",3,"PlotBm65_3","Stems 2.5-10 cm DBH","Quercus coccifera",3,7.068583470577034e-4
4006,"PlotBm65","b","U17","U17","2",6,"PlotBm65_6","Stems 2.5-10 cm DBH","Quercus coccifera",7,0.0038484510006474965
3178,"PlotBm65","b","U17","U17","1",1,"PlotBm65_1","Stems >=10 cm DBH","Quercus pubescens",12,0.011309733552923255
3181,"PlotBm65","b","U17","U17","1",4,"PlotBm65_4","Stems >=10 cm DBH","Quercus coccifera",12,0.011309733552923255
3184,"PlotBm65","b","U17","U17","3",7,"PlotBm65_7","Stems 2.5-10 cm DBH","Quercus coccifera",3,7.068583470577034e-4
4005,"PlotBm65","b","U17","U17","1",3,"PlotBm65_3","Stems 2.5-10 cm DBH","Quercus coccifera",5,0.001963495408493621
3182,"PlotBm65","b","U17","U17","2",5,"PlotBm65_5","Stems 2.5-10 cm DBH","Quercus coccifera",5,0.001963495408493621
3183,"PlotBm65","b","U17","U17","2",6,"PlotBm65_6","Stems 2.5-10 cm DBH","Quercus coccifera",3,7.068583470577034e-4
3180,"PlotBm65","b","U17","U17","1",3,"PlotBm65_3","Stems 2.5-10 cm DBH","Quercus coccifera",4,0.0012566370614359172
3179,"PlotBm65","b","U17","U17","1",2,"PlotBm65_2","Stems 2.5-10 cm DBH","Pyrus spinosa",5,0.001963495408493621
4010,"PlotBm66","b","U17","U17","3",7,"PlotBm66_7","Stems 2.5-10 cm DBH","Quercus coccifera",4,0.0012566370614359172
3189,"PlotBm66","b","U17","U17","2",5,"PlotBm66_5","Stems 2.5-10 cm DBH","Quercus coccifera",5,0.001963495408493621
3187,"PlotBm66","b","U17","U17","1",3,"PlotBm66_3","Stems 2.5-10 cm DBH","Quercus coccifera",5,0.001963495408493621
3188,"PlotBm66","b","U17","U17","1",4,"PlotBm66_4","Stems 2.5-10 cm DBH","Quercus coccifera",3,7.068583470577034e-4
4011,"PlotBm66","b","U17","U17","3",8,"PlotBm66_8","Stems 2.5-10 cm DBH","Quercus coccifera",3,7.068583470577034e-4
3191,"PlotBm66","b","U17","U17","3",7,"PlotBm66_7","Stems 2.5-10 cm DBH","Quercus coccifera",5,0.001963495408493621
4008,"PlotBm66","b","U17","U17","2",5,"PlotBm66_5","Stems 2.5-10 cm DBH","Quercus coccifera",4,0.0012566370614359172
4440,"PlotBm66","b","U17","U17","3",8,"PlotBm66_8","Stems 2.5-10 cm DBH","Quercus coccifera",4,0.0012566370614359172
4660,"PlotBm66","b","U17","U17","2",5,"PlotBm66_5","Stems 2.5-10 cm DBH","Quercus coccifera",3,7.068583470577034e-4
3186,"PlotBm66","b","U17","U17","1",2,"PlotBm66_2","Stems 2.5-10 cm DBH","Fraxinus ornus",7,0.0038484510006474965
4437,"PlotBm66","b","U17","U17","2",5,"PlotBm66_5","Stems 2.5-10 cm DBH","Quercus coccifera",3,7.068583470577034e-4
4009,"PlotBm66","b","U17","U17","2",6,"PlotBm66_6","Stems 2.5-10 cm DBH","Quercus coccifera",4,0.0012566370614359172
3190,"PlotBm66","b","U17","U17","2",6,"PlotBm66_6","Stems 2.5-10 cm DBH","Quercus coccifera",4,0.0012566370614359172
3185,"PlotBm66","b","U17","U17","1",1,"PlotBm66_1","Stems 2.5-10 cm DBH","Carpinus orientalis",4,0.0012566370614359172
3192,"PlotBm66","b","U17","U17","3",8,"PlotBm66_8","Stems 2.5-10 cm DBH","Quercus coccifera",3,7.068583470577034e-4
4439,"PlotBm66","b","U17","U17","3",7,"PlotBm66_7","Stems 2.5-10 cm DBH","Quercus coccifera",3,7.068583470577034e-4
4438,"PlotBm66","b","U17","U17","2",6,"PlotBm66_6","Stems 2.5-10 cm DBH","Quercus coccifera",6,0.0028274333882308137
4763,"PlotBm66","b","U17","U17","2",5,"PlotBm66_5","Stems 2.5-10 cm DBH","Quercus coccifera",3,7.068583470577034e-4
3203,"PlotBm67","b","U16","U16","3",11,"PlotBm67_11","Stems 2.5-10 cm DBH","Quercus coccifera",4,0.0012566370614359172
4017,"PlotBm67","b","U16","U16","3",10,"PlotBm67_10","Stems 2.5-10 cm DBH","Quercus coccifera",2.5,4.908738521234052e-4
4015,"PlotBm67","b","U16","U16","2",7,"PlotBm67_7","Stems 2.5-10 cm DBH","Quercus coccifera",4,0.0012566370614359172
3205,"PlotBm67","b","U16","U16","3",13,"PlotBm67_13","Stems 2.5-10 cm DBH","Quercus coccifera",2.5,4.908738521234052e-4
3204,"PlotBm67","b","U16","U16","3",12,"PlotBm67_12","Stems 2.5-10 cm DBH","Quercus coccifera",3,7.068583470577034e-4
3202,"PlotBm67","b","U16","U16","3",10,"PlotBm67_10","Stems 2.5-10 cm DBH","Quercus coccifera",5,0.001963495408493621
4014,"PlotBm67","b","U16","U16","2",5,"PlotBm67_5","Stems 2.5-10 cm DBH","Quercus coccifera",2.5,4.908738521234052e-4
4016,"PlotBm67","b","U16","U16","3",9,"PlotBm67_9","Stems 2.5-10 cm DBH","Quercus coccifera",4,0.0012566370614359172
3193,"PlotBm67","b","U16","U16","1",1,"PlotBm67_1","Stems 2.5-10 cm DBH","Quercus coccifera",7,0.0038484510006474965
4662,"PlotBm67","b","U16","U16","2",7,"PlotBm67_7","Stems 2.5-10 cm DBH","Quercus coccifera",2.5,4.908738521234052e-4
3198,"PlotBm67","b","U16","U16","2",6,"PlotBm67_6","Stems 2.5-10 cm DBH","Quercus coccifera",3,7.068583470577034e-4
3199,"PlotBm67","b","U16","U16","2",7,"PlotBm67_7","Stems 2.5-10 cm DBH","Quercus coccifera",3,7.068583470577034e-4
3201,"PlotBm67","b","U16","U16","3",9,"PlotBm67_9","Stems 2.5-10 cm DBH","Quercus coccifera",4,0.0012566370614359172
4441,"PlotBm67","b","U16","U16","1",3,"PlotBm67_3","Stems 2.5-10 cm DBH","Quercus coccifera",5,0.001963495408493621
4012,"PlotBm67","b","U16","U16","1",2,"PlotBm67_2","Stems 2.5-10 cm DBH","Quercus coccifera",6,0.0028274333882308137
4661,"PlotBm67","b","U16","U16","2",5,"PlotBm67_5","Stems 2.5-10 cm DBH","Quercus coccifera",2.5,4.908738521234052e-4
4444,"PlotBm67","b","U16","U16","3",9,"PlotBm67_9","Stems 2.5-10 cm DBH","Quercus coccifera",4,0.0012566370614359172
4445,"PlotBm67","b","U16","U16","3",10,"PlotBm67_10","Stems 2.5-10 cm DBH","Quercus coccifera",3,7.068583470577034e-4
4018,"PlotBm67","b","U16","U16","3",13,"PlotBm67_13","Stems 2.5-10 cm DBH","Quercus coccifera",4,0.0012566370614359172
3194,"PlotBm67","b","U16","U16","1",2,"PlotBm67_2","Stems 2.5-10 cm DBH","Quercus coccifera",5,0.001963495408493621
3195,"PlotBm67","b","U16","U16","1",3,"PlotBm67_3","Stems 2.5-10 cm DBH","Quercus coccifera",6,0.0028274333882308137
3196,"PlotBm67","b","U16","U16","1",4,"PlotBm67_4","Stems 2.5-10 cm DBH","Quercus coccifera",9,0.0063617251235193305
3197,"PlotBm67","b","U16","U16","2",5,"PlotBm67_5","Stems 2.5-10 cm DBH","Quercus coccifera",2.5,4.908738521234052e-4
4764,"PlotBm67","b","U16","U16","2",5,"PlotBm67_5","Stems 2.5-10 cm DBH","Quercus coccifera",2.5,4.908738521234052e-4
4443,"PlotBm67","b","U16","U16","2",7,"PlotBm67_7","Stems 2.5-10 cm DBH","Quercus coccifera",2.5,4.908738521234052e-4
3200,"PlotBm67","b","U16","U16","3",8,"PlotBm67_8","Stems 2.5-10 cm DBH","Quercus coccifera",5,0.001963495408493621
4442,"PlotBm67","b","U16","U16","2",5,"PlotBm67_5","Stems 2.5-10 cm DBH","Quercus coccifera",2.5,4.908738521234052e-4
4013,"PlotBm67","b","U16","U16","1",3,"PlotBm67_3","Stems 2.5-10 cm DBH","Quercus coccifera",5,0.001963495408493621
4446,"PlotBm67","b","U16","U16","3",13,"PlotBm67_13","Stems 2.5-10 cm DBH","Quercus coccifera",3,7.068583470577034e-4
4663,"PlotBm68","b","U16","U16","2",4,"PlotBm68_4","Stems 2.5-10 cm DBH","Quercus coccifera",3,7.068583470577034e-4
4765,"PlotBm68","b","U16","U16","3",9,"PlotBm68_9","Stems 2.5-10 cm DBH","Quercus coccifera",3,7.068583470577034e-4
3212,"PlotBm68","b","U16","U16","3",7,"PlotBm68_7","Stems 2.5-10 cm DBH","Quercus coccifera",3,7.068583470577034e-4
3210,"PlotBm68","b","U16","U16","3",5,"PlotBm68_5","Stems 2.5-10 cm DBH","Quercus coccifera",6,0.0028274333882308137
3211,"PlotBm68","b","U16","U16","3",6,"PlotBm68_6","Stems 2.5-10 cm DBH","Quercus coccifera",5,0.001963495408493621
3207,"PlotBm68","b","U16","U16","1",2,"PlotBm68_2","Stems 2.5-10 cm DBH","Quercus coccifera",4,0.0012566370614359172
3213,"PlotBm68","b","U16","U16","3",8,"PlotBm68_8","Stems 2.5-10 cm DBH","Quercus coccifera",7,0.0038484510006474965
3214,"PlotBm68","b","U16","U16","3",9,"PlotBm68_9","Stems 2.5-10 cm DBH","Quercus coccifera",3,7.068583470577034e-4
3209,"PlotBm68","b","U16","U16","2",4,"PlotBm68_4","Stems 2.5-10 cm DBH","Quercus coccifera",3,7.068583470577034e-4
4019,"PlotBm68","b","U16","U16","2",3,"PlotBm68_3","Stems 2.5-10 cm DBH","Quercus coccifera",4,0.0012566370614359172
3206,"PlotBm68","b","U16","U16","1",1,"PlotBm68_1","Stems 2.5-10 cm DBH","Quercus coccifera",3,7.068583470577034e-4
3208,"PlotBm68","b","U16","U16","2",3,"PlotBm68_3","Stems 2.5-10 cm DBH","Quercus coccifera",3,7.068583470577034e-4
4449,"PlotBm68","b","U16","U16","3",9,"PlotBm68_9","Stems 2.5-10 cm DBH","Quercus coccifera",3,7.068583470577034e-4
4020,"PlotBm68","b","U16","U16","2",4,"PlotBm68_4","Stems 2.5-10 cm DBH","Quercus coccifera",3,7.068583470577034e-4
4021,"PlotBm68","b","U16","U16","3",9,"PlotBm68_9","Stems 2.5-10 cm DBH","Quercus coccifera",3,7.068583470577034e-4
4664,"PlotBm68","b","U16","U16","3",9,"PlotBm68_9","Stems 2.5-10 cm DBH","Quercus coccifera",4,0.0012566370614359172
4448,"PlotBm68","b","U16","U16","2",4,"PlotBm68_4","Stems 2.5-10 cm DBH","Quercus coccifera",4,0.0012566370614359172
4447,"PlotBm68","b","U16","U16","2",3,"PlotBm68_3","Stems 2.5-10 cm DBH","Quercus coccifera",3,7.068583470577034e-4
3216,"PlotBm69","b","U16","U16","1",2,"PlotBm69_2","Stems 2.5-10 cm DBH","Quercus coccifera",4,0.0012566370614359172
3215,"PlotBm69","b","U16","U16","1",1,"PlotBm69_1","Stems 2.5-10 cm DBH","Quercus coccifera",8,0.005026548245743669
4024,"PlotBm69","b","U16","U16","2",4,"PlotBm69_4","Stems 2.5-10 cm DBH","Quercus coccifera",3,7.068583470577034e-4
4026,"PlotBm69","b","U16","U16","3",7,"PlotBm69_7","Stems 2.5-10 cm DBH","Quercus coccifera",3,7.068583470577034e-4
4023,"PlotBm69","b","U16","U16","1",3,"PlotBm69_3","Stems 2.5-10 cm DBH","Quercus coccifera",5,0.001963495408493621
3223,"PlotBm69","b","U16","U16","3",9,"PlotBm69_9","Stems 2.5-10 cm DBH","Quercus coccifera",4,0.0012566370614359172
4022,"PlotBm69","b","U16","U16","1",2,"PlotBm69_2","Stems 2.5-10 cm DBH","Quercus coccifera",3,7.068583470577034e-4
4450,"PlotBm69","b","U16","U16","3",7,"PlotBm69_7","Stems 2.5-10 cm DBH","Quercus coccifera",3,7.068583470577034e-4
4027,"PlotBm69","b","U16","U16","3",8,"PlotBm69_8","Stems 2.5-10 cm DBH","Quercus coccifera",3,7.068583470577034e-4
4025,"PlotBm69","b","U16","U16","2",5,"PlotBm69_5","Stems 2.5-10 cm DBH","Quercus coccifera",4,0.0012566370614359172
3217,"PlotBm69","b","U16","U16","1",3,"PlotBm69_3","Stems 2.5-10 cm DBH","Quercus coccifera",6,0.0028274333882308137
3220,"PlotBm69","b","U16","U16","2",6,"PlotBm69_6","Stems 2.5-10 cm DBH","Quercus coccifera",5,0.001963495408493621
4451,"PlotBm69","b","U16","U16","3",8,"PlotBm69_8","Stems 2.5-10 cm DBH","Quercus coccifera",4,0.0012566370614359172
4028,"PlotBm69","b","U16","U16","3",9,"PlotBm69_9","Stems 2.5-10 cm DBH","Quercus coccifera",5,0.001963495408493621
3219,"PlotBm69","b","U16","U16","2",5,"PlotBm69_5","Stems 2.5-10 cm DBH","Quercus coccifera",3,7.068583470577034e-4
3221,"PlotBm69","b","U16","U16","3",7,"PlotBm69_7","Stems 2.5-10 cm DBH","Quercus coccifera",3,7.068583470577034e-4
3222,"PlotBm69","b","U16","U16","3",8,"PlotBm69_8","Stems 2.5-10 cm DBH","Quercus coccifera",3,7.068583470577034e-4
3218,"PlotBm69","b","U16","U16","2",4,"PlotBm69_4","Stems 2.5-10 cm DBH","Quercus coccifera",3,7.068583470577034e-4
3227,"PlotBm70","b","U16","U16","2",4,"PlotBm70_4","Stems 2.5-10 cm DBH","Quercus coccifera",2.5,4.908738521234052e-4
4029,"PlotBm70","b","U16","U16","2",6,"PlotBm70_6","Stems 2.5-10 cm DBH","Quercus coccifera",3,7.068583470577034e-4
4820,"PlotBm70","b","U16","U16","2",6,"PlotBm70_6","Stems 2.5-10 cm DBH","Quercus coccifera",4,0.0012566370614359172
3225,"PlotBm70","b","U16","U16","2",2,"PlotBm70_2","Stems >=10 cm DBH","Quercus coccifera",13,0.013273228961416876
3226,"PlotBm70","b","U16","U16","2",3,"PlotBm70_3","Stems 2.5-10 cm DBH","Quercus coccifera",3,7.068583470577034e-4
3230,"PlotBm70","b","U16","U16","3",7,"PlotBm70_7","Stems 2.5-10 cm DBH","Quercus coccifera",9,0.0063617251235193305
4030,"PlotBm70","b","U16","U16","3",7,"PlotBm70_7","Stems >=10 cm DBH","Quercus coccifera",11,0.009503317777109124
4766,"PlotBm70","b","U16","U16","2",6,"PlotBm70_6","Stems 2.5-10 cm DBH","Quercus coccifera",4,0.0012566370614359172
4453,"PlotBm70","b","U16","U16","3",7,"PlotBm70_7","Stems >=10 cm DBH","Quercus coccifera",10,0.007853981633974483
3224,"PlotBm70","b","U16","U16","1",1,"PlotBm70_1","Stems >=10 cm DBH","Paliurus spina-christi",13,0.013273228961416876
3228,"PlotBm70","b","U16","U16","2",5,"PlotBm70_5","Stems 2.5-10 cm DBH","Quercus coccifera",5,0.001963495408493621
3229,"PlotBm70","b","U16","U16","2",6,"PlotBm70_6","Stems 2.5-10 cm DBH","Quercus coccifera",8,0.005026548245743669
4665,"PlotBm70","b","U16","U16","2",6,"PlotBm70_6","Stems 2.5-10 cm DBH","Quercus coccifera",4,0.0012566370614359172
4452,"PlotBm70","b","U16","U16","2",6,"PlotBm70_6","Stems 2.5-10 cm DBH","Quercus coccifera",4,0.0012566370614359172
4455,"PlotBm71","b","U16","U16","3",10,"PlotBm71_10","Stems 2.5-10 cm DBH","Quercus coccifera",4,0.0012566370614359172
3231,"PlotBm71","b","U16","U16","1",1,"PlotBm71_1","Stems 2.5-10 cm DBH","Quercus coccifera",3,7.068583470577034e-4
4454,"PlotBm71","b","U16","U16","1",2,"PlotBm71_2","Stems 2.5-10 cm DBH","Quercus coccifera",3,7.068583470577034e-4
3241,"PlotBm71","b","U16","U16","3",11,"PlotBm71_11","Stems 2.5-10 cm DBH","Quercus coccifera",7,0.0038484510006474965
3240,"PlotBm71","b","U16","U16","3",10,"PlotBm71_10","Stems 2.5-10 cm DBH","Quercus coccifera",6,0.0028274333882308137
3234,"PlotBm71","b","U16","U16","2",4,"PlotBm71_4","Stems 2.5-10 cm DBH","Quercus coccifera",5,0.001963495408493621
3235,"PlotBm71","b","U16","U16","2",5,"PlotBm71_5","Stems >=10 cm DBH","Quercus coccifera",11,0.009503317777109124
3236,"PlotBm71","b","U16","U16","3",6,"PlotBm71_6","Stems 2.5-10 cm DBH","Quercus coccifera",3,7.068583470577034e-4
4666,"PlotBm71","b","U16","U16","1",2,"PlotBm71_2","Stems 2.5-10 cm DBH","Quercus coccifera",5,0.001963495408493621
3238,"PlotBm71","b","U16","U16","3",8,"PlotBm71_8","Stems 2.5-10 cm DBH","Quercus coccifera",6,0.0028274333882308137
3239,"PlotBm71","b","U16","U16","3",9,"PlotBm71_9","Stems 2.5-10 cm DBH","Quercus coccifera",5,0.001963495408493621
4033,"PlotBm71","b","U16","U16","3",7,"PlotBm71_7","Stems 2.5-10 cm DBH","Quercus coccifera",5,0.001963495408493621
3237,"PlotBm71","b","U16","U16","3",7,"PlotBm71_7","Stems 2.5-10 cm DBH","Quercus coccifera",5,0.001963495408493621
3233,"PlotBm71","b","U16","U16","2",3,"PlotBm71_3","Stems 2.5-10 cm DBH","Quercus coccifera",3,7.068583470577034e-4
4032,"PlotBm71","b","U16","U16","1",2,"PlotBm71_2","Stems 2.5-10 cm DBH","Quercus coccifera",3,7.068583470577034e-4
4034,"PlotBm71","b","U16","U16","3",10,"PlotBm71_10","Stems 2.5-10 cm DBH","Quercus coccifera",3,7.068583470577034e-4
3232,"PlotBm71","b","U16","U16","1",2,"PlotBm71_2","Stems 2.5-10 cm DBH","Quercus coccifera",3,7.068583470577034e-4
4031,"PlotBm71","b","U16","U16","1",1,"PlotBm71_1","Stems 2.5-10 cm DBH","Quercus coccifera",3,7.068583470577034e-4
3255,"PlotBm72","b","U16","U16","2",14,"PlotBm72_14","Stems 2.5-10 cm DBH","Quercus coccifera",4,0.0012566370614359172
3254,"PlotBm72","b","U16","U16","2",13,"PlotBm72_13","Stems 2.5-10 cm DBH","Quercus coccifera",4,0.0012566370614359172
3245,"PlotBm72","b","U16","U16","1",4,"PlotBm72_4","Stems 2.5-10 cm DBH","Quercus coccifera",4,0.0012566370614359172
3246,"PlotBm72","b","U16","U16","1",5,"PlotBm72_5","Stems 2.5-10 cm DBH","Quercus coccifera",3,7.068583470577034e-4
3243,"PlotBm72","b","U16","U16","1",2,"PlotBm72_2","Stems 2.5-10 cm DBH","Quercus coccifera",3,7.068583470577034e-4
3257,"PlotBm72","b","U16","U16","2",16,"PlotBm72_16","Stems 2.5-10 cm DBH","Quercus coccifera",6,0.0028274333882308137
4456,"PlotBm72","b","U16","U16","2",13,"PlotBm72_13","Stems 2.5-10 cm DBH","Quercus coccifera",5,0.001963495408493621
3244,"PlotBm72","b","U16","U16","1",3,"PlotBm72_3","Stems 2.5-10 cm DBH","Quercus coccifera",5,0.001963495408493621
3256,"PlotBm72","b","U16","U16","2",15,"PlotBm72_15","Stems 2.5-10 cm DBH","Quercus coccifera",3,7.068583470577034e-4
4040,"PlotBm72","b","U16","U16","3",25,"PlotBm72_25","Stems 2.5-10 cm DBH","Quercus coccifera",5,0.001963495408493621
3267,"PlotBm72","b","U16","U16","3",26,"PlotBm72_26","Stems >=10 cm DBH","Quercus coccifera",12,0.011309733552923255
3253,"PlotBm72","b","U16","U16","1",12,"PlotBm72_12","Stems >=10 cm DBH","Quercus coccifera",10,0.007853981633974483
4039,"PlotBm72","b","U16","U16","3",23,"PlotBm72_23","Stems 2.5-10 cm DBH","Quercus coccifera",4,0.0012566370614359172
3250,"PlotBm72","b","U16","U16","1",9,"PlotBm72_9","Stems 2.5-10 cm DBH","Quercus coccifera",6,0.0028274333882308137
3251,"PlotBm72","b","U16","U16","1",10,"PlotBm72_10","Stems 2.5-10 cm DBH","Quercus coccifera",3,7.068583470577034e-4
3266,"PlotBm72","b","U16","U16","3",25,"PlotBm72_25","Stems 2.5-10 cm DBH","Quercus coccifera",3,7.068583470577034e-4
4035,"PlotBm72","b","U16","U16","1",4,"PlotBm72_4","Stems 2.5-10 cm DBH","Quercus coccifera",3,7.068583470577034e-4
4036,"PlotBm72","b","U16","U16","1",7,"PlotBm72_7","Stems 2.5-10 cm DBH","Quercus coccifera",3,7.068583470577034e-4
4037,"PlotBm72","b","U16","U16","1",9,"PlotBm72_9","Stems 2.5-10 cm DBH","Quercus coccifera",5,0.001963495408493621
3252,"PlotBm72","b","U16","U16","1",11,"PlotBm72_11","Stems 2.5-10 cm DBH","Quercus coccifera",6,0.0028274333882308137
3247,"PlotBm72","b","U16","U16","1",6,"PlotBm72_6","Stems 2.5-10 cm DBH","Quercus coccifera",4,0.0012566370614359172
3248,"PlotBm72","b","U16","U16","1",7,"PlotBm72_7","Stems 2.5-10 cm DBH","Quercus coccifera",7,0.0038484510006474965
3249,"PlotBm72","b","U16","U16","1",8,"PlotBm72_8","Stems 2.5-10 cm DBH","Quercus coccifera",4,0.0012566370614359172
3242,"PlotBm72","b","U16","U16","1",1,"PlotBm72_1","Stems 2.5-10 cm DBH","Quercus pubescens",4,0.0012566370614359172
3261,"PlotBm72","b","U16","U16","2",20,"PlotBm72_20","Stems 2.5-10 cm DBH","Quercus coccifera",5,0.001963495408493621
3262,"PlotBm72","b","U16","U16","2",21,"PlotBm72_21","Stems 2.5-10 cm DBH","Quercus coccifera",3,7.068583470577034e-4
3263,"PlotBm72","b","U16","U16","3",22,"PlotBm72_22","Stems 2.5-10 cm DBH","Quercus coccifera",5,0.001963495408493621
3260,"PlotBm72","b","U16","U16","2",19,"PlotBm72_19","Stems 2.5-10 cm DBH","Quercus coccifera",4,0.0012566370614359172
4038,"PlotBm72","b","U16","U16","2",13,"PlotBm72_13","Stems 2.5-10 cm DBH","Quercus coccifera",4,0.0012566370614359172
3265,"PlotBm72","b","U16","U16","3",24,"PlotBm72_24","Stems 2.5-10 cm DBH","Quercus coccifera",4,0.0012566370614359172
3258,"PlotBm72","b","U16","U16","2",17,"PlotBm72_17","Stems 2.5-10 cm DBH","Quercus coccifera",5,0.001963495408493621
3264,"PlotBm72","b","U16","U16","3",23,"PlotBm72_23","Stems 2.5-10 cm DBH","Quercus coccifera",7,0.0038484510006474965
3259,"PlotBm72","b","U16","U16","2",18,"PlotBm72_18","Stems 2.5-10 cm DBH","Quercus coccifera",7,0.0038484510006474965
4043,"PlotBm79","b","U16","U16","1",5,"PlotBm79_5","Stems 2.5-10 cm DBH","Quercus coccifera",3,7.068583470577034e-4
4044,"PlotBm79","b","U16","U16","1",6,"PlotBm79_6","Stems 2.5-10 cm DBH","Quercus coccifera",3,7.068583470577034e-4
4459,"PlotBm79","b","U16","U16","1",7,"PlotBm79_7","Stems 2.5-10 cm DBH","Quercus coccifera",3,7.068583470577034e-4
4458,"PlotBm79","b","U16","U16","1",6,"PlotBm79_6","Stems 2.5-10 cm DBH","Quercus coccifera",3,7.068583470577034e-4
4457,"PlotBm79","b","U16","U16","1",4,"PlotBm79_4","Stems 2.5-10 cm DBH","Quercus coccifera",4,0.0012566370614359172
4821,"PlotBm79","b","U16","U16","1",7,"PlotBm79_7","Stems 2.5-10 cm DBH","Quercus coccifera",3,7.068583470577034e-4
3272,"PlotBm79","b","U16","U16","1",5,"PlotBm79_5","Stems 2.5-10 cm DBH","Quercus coccifera",5,0.001963495408493621
3270,"PlotBm79","b","U16","U16","1",3,"PlotBm79_3","Stems 2.5-10 cm DBH","Quercus coccifera",3,7.068583470577034e-4
4042,"PlotBm79","b","U16","U16","1",4,"PlotBm79_4","Stems 2.5-10 cm DBH","Quercus coccifera",4,0.0012566370614359172
4768,"PlotBm79","b","U16","U16","1",7,"PlotBm79_7","Stems 2.5-10 cm DBH","Quercus coccifera",3,7.068583470577034e-4
3269,"PlotBm79","b","U16","U16","1",2,"PlotBm79_2","Stems 2.5-10 cm DBH","Quercus coccifera",4,0.0012566370614359172
4667,"PlotBm79","b","U16","U16","1",4,"PlotBm79_4","Stems 2.5-10 cm DBH","Quercus coccifera",3,7.068583470577034e-4
3271,"PlotBm79","b","U16","U16","1",4,"PlotBm79_4","Stems 2.5-10 cm DBH","Quercus coccifera",4,0.0012566370614359172
4048,"PlotBm79","b","U16","U16","3",12,"PlotBm79_12","Stems 2.5-10 cm DBH","Quercus coccifera",2.5,4.908738521234052e-4
3277,"PlotBm79","b","U16","U16","2",10,"PlotBm79_10","Stems 2.5-10 cm DBH","Quercus coccifera",4,0.0012566370614359172
3278,"PlotBm79","b","U16","U16","2",11,"PlotBm79_11","Stems 2.5-10 cm DBH","Quercus coccifera",3,7.068583470577034e-4
4668,"PlotBm79","b","U16","U16","1",7,"PlotBm79_7","Stems 2.5-10 cm DBH","Quercus coccifera",3,7.068583470577034e-4
4041,"PlotBm79","b","U16","U16","1",1,"PlotBm79_1","Stems 2.5-10 cm DBH","Quercus coccifera",3,7.068583470577034e-4
4767,"PlotBm79","b","U16","U16","1",4,"PlotBm79_4","Stems 2.5-10 cm DBH","Quercus coccifera",3,7.068583470577034e-4
3268,"PlotBm79","b","U16","U16","1",1,"PlotBm79_1","Stems 2.5-10 cm DBH","Quercus coccifera",3,7.068583470577034e-4
4046,"PlotBm79","b","U16","U16","2",9,"PlotBm79_9","Stems 2.5-10 cm DBH","Quercus coccifera",3,7.068583470577034e-4
4047,"PlotBm79","b","U16","U16","2",11,"PlotBm79_11","Stems 2.5-10 cm DBH","Quercus coccifera",3,7.068583470577034e-4
4460,"PlotBm79","b","U16","U16","3",12,"PlotBm79_12","Stems 2.5-10 cm DBH","Quercus coccifera",2.5,4.908738521234052e-4
4045,"PlotBm79","b","U16","U16","1",7,"PlotBm79_7","Stems 2.5-10 cm DBH","Quercus coccifera",3,7.068583470577034e-4
3279,"PlotBm79","b","U16","U16","3",12,"PlotBm79_12","Stems 2.5-10 cm DBH","Quercus coccifera",3,7.068583470577034e-4
3275,"PlotBm79","b","U16","U16","2",8,"PlotBm79_8","Stems 2.5-10 cm DBH","Quercus coccifera",3,7.068583470577034e-4
3276,"PlotBm79","b","U16","U16","2",9,"PlotBm79_9","Stems 2.5-10 cm DBH","Quercus coccifera",3,7.068583470577034e-4
3273,"PlotBm79","b","U16","U16","1",6,"PlotBm79_6","Stems 2.5-10 cm DBH","Quercus coccifera",4,0.0012566370614359172
3274,"PlotBm79","b","U16","U16","1",7,"PlotBm79_7","Stems 2.5-10 cm DBH","Quercus coccifera",3,7.068583470577034e-4
4850,"PlotBm79","b","U16","U16","1",7,"PlotBm79_7","Stems 2.5-10 cm DBH","Quercus coccifera",3,7.068583470577034e-4
4822,"PlotBm80","b","U16","U16","2",4,"PlotBm80_4","Stems 2.5-10 cm DBH","Quercus coccifera",4,0.0012566370614359172
4049,"PlotBm80","b","U16","U16","1",1,"PlotBm80_1","Stems 2.5-10 cm DBH","Quercus coccifera",5,0.001963495408493621
3285,"PlotBm80","b","U16","U16","3",6,"PlotBm80_6","Stems 2.5-10 cm DBH","Quercus coccifera",3,7.068583470577034e-4
3284,"PlotBm80","b","U16","U16","2",5,"PlotBm80_5","Stems 2.5-10 cm DBH","Quercus coccifera",3,7.068583470577034e-4
4052,"PlotBm80","b","U16","U16","3",6,"PlotBm80_6","Stems 2.5-10 cm DBH","Quercus coccifera",3,7.068583470577034e-4
3281,"PlotBm80","b","U16","U16","1",2,"PlotBm80_2","Stems 2.5-10 cm DBH","Quercus coccifera",8,0.005026548245743669
4461,"PlotBm80","b","U16","U16","2",4,"PlotBm80_4","Stems 2.5-10 cm DBH","Quercus coccifera",3,7.068583470577034e-4
3283,"PlotBm80","b","U16","U16","2",4,"PlotBm80_4","Stems >=10 cm DBH","Quercus coccifera",13,0.013273228961416876
4050,"PlotBm80","b","U16","U16","1",2,"PlotBm80_2","Stems 2.5-10 cm DBH","Quercus coccifera",3,7.068583470577034e-4
4669,"PlotBm80","b","U16","U16","2",4,"PlotBm80_4","Stems 2.5-10 cm DBH","Quercus coccifera",5,0.001963495408493621
3280,"PlotBm80","b","U16","U16","1",1,"PlotBm80_1","Stems 2.5-10 cm DBH","Quercus coccifera",3,7.068583470577034e-4
3282,"PlotBm80","b","U16","U16","1",3,"PlotBm80_3","Stems >=10 cm DBH","Quercus coccifera",11,0.009503317777109124
4769,"PlotBm80","b","U16","U16","2",4,"PlotBm80_4","Stems 2.5-10 cm DBH","Quercus coccifera",7,0.0038484510006474965
4051,"PlotBm80","b","U16","U16","2",4,"PlotBm80_4","Stems >=10 cm DBH","Quercus coccifera",12,0.011309733552923255
4670,"PlotBm81","b","U16","U16","1",2,"PlotBm81_2","Stems 2.5-10 cm DBH","Quercus coccifera",9,0.0063617251235193305
4671,"PlotBm81","b","U16","U16","3",3,"PlotBm81_3","Stems >=10 cm DBH","Quercus coccifera",13,0.013273228961416876
3286,"PlotBm81","b","U16","U16","1",1,"PlotBm81_1","Stems >=10 cm DBH","Quercus coccifera",12,0.011309733552923255
4770,"PlotBm81","b","U16","U16","1",2,"PlotBm81_2","Stems >=10 cm DBH","Quercus coccifera",16,0.020106192982974676
4771,"PlotBm81","b","U16","U16","3",3,"PlotBm81_3","Stems >=10 cm DBH","Quercus coccifera",10,0.007853981633974483
3287,"PlotBm81","b","U16","U16","1",2,"PlotBm81_2","Stems >=10 cm DBH","Quercus coccifera",17,0.022698006922186254
3289,"PlotBm81","b","U16","U16","3",4,"PlotBm81_4","Stems 2.5-10 cm DBH","Quercus coccifera",6,0.0028274333882308137
4463,"PlotBm81","b","U16","U16","3",3,"PlotBm81_3","Stems >=10 cm DBH","Quercus coccifera",12,0.011309733552923255
4464,"PlotBm81","b","U16","U16","3",4,"PlotBm81_4","Stems 2.5-10 cm DBH","Quercus coccifera",3,7.068583470577034e-4
4056,"PlotBm81","b","U16","U16","3",4,"PlotBm81_4","Stems 2.5-10 cm DBH","Quercus coccifera",7,0.0038484510006474965
4053,"PlotBm81","b","U16","U16","1",1,"PlotBm81_1","Stems >=10 cm DBH","Quercus coccifera",14,0.015393804002589986
4054,"PlotBm81","b","U16","U16","1",2,"PlotBm81_2","Stems >=10 cm DBH","Quercus coccifera",22,0.0380132711084365
4055,"PlotBm81","b","U16","U16","3",3,"PlotBm81_3","Stems >=10 cm DBH","Quercus coccifera",10,0.007853981633974483
3288,"PlotBm81","b","U16","U16","3",3,"PlotBm81_3","Stems >=10 cm DBH","Quercus coccifera",14,0.015393804002589986
4462,"PlotBm81","b","U16","U16","1",2,"PlotBm81_2","Stems >=10 cm DBH","Quercus coccifera",13,0.013273228961416876
3292,"PlotBm82","b","U16","U16","2",3,"PlotBm82_3","Stems >=10 cm DBH","Quercus coccifera",11,0.009503317777109124
3293,"PlotBm82","b","U16","U16","3",4,"PlotBm82_4","Stems >=10 cm DBH","Quercus coccifera",12,0.011309733552923255
4673,"PlotBm82","b","U16","U16","3",6,"PlotBm82_6","Stems 2.5-10 cm DBH","Quercus coccifera",3,7.068583470577034e-4
4772,"PlotBm82","b","U16","U16","3",5,"PlotBm82_5","Stems 2.5-10 cm DBH","Quercus coccifera",3,7.068583470577034e-4
3294,"PlotBm82","b","U16","U16","3",5,"PlotBm82_5","Stems 2.5-10 cm DBH","Quercus coccifera",9,0.0063617251235193305
4672,"PlotBm82","b","U16","U16","3",5,"PlotBm82_5","Stems 2.5-10 cm DBH","Quercus coccifera",3,7.068583470577034e-4
3290,"PlotBm82","b","U16","U16","1",1,"PlotBm82_1","Stems >=10 cm DBH","Quercus coccifera",10,0.007853981633974483
3291,"PlotBm82","b","U16","U16","2",2,"PlotBm82_2","Stems 2.5-10 cm DBH","Quercus coccifera",3,7.068583470577034e-4
4465,"PlotBm82","b","U16","U16","3",4,"PlotBm82_4","Stems 2.5-10 cm DBH","Quercus coccifera",6,0.0028274333882308137
4466,"PlotBm82","b","U16","U16","3",5,"PlotBm82_5","Stems 2.5-10 cm DBH","Quercus coccifera",6,0.0028274333882308137
4467,"PlotBm82","b","U16","U16","3",6,"PlotBm82_6","Stems 2.5-10 cm DBH","Quercus coccifera",5,0.001963495408493621
3295,"PlotBm82","b","U16","U16","3",6,"PlotBm82_6","Stems 2.5-10 cm DBH","Quercus coccifera",7,0.0038484510006474965
4059,"PlotBm82","b","U16","U16","3",6,"PlotBm82_6","Stems 2.5-10 cm DBH","Quercus coccifera",7,0.0038484510006474965
4057,"PlotBm82","b","U16","U16","3",4,"PlotBm82_4","Stems 2.5-10 cm DBH","Quercus coccifera",7,0.0038484510006474965
4058,"PlotBm82","b","U16","U16","3",5,"PlotBm82_5","Stems 2.5-10 cm DBH","Quercus coccifera",6,0.0028274333882308137
3297,"PlotBm83","b","U16","U16","2",2,"PlotBm83_2","Stems >=10 cm DBH","Quercus coccifera",11,0.009503317777109124
3298,"PlotBm83","b","U16","U16","2",3,"PlotBm83_3","Stems 2.5-10 cm DBH","Quercus coccifera",4,0.0012566370614359172
3296,"PlotBm83","b","U16","U16","1",1,"PlotBm83_1","Stems >=10 cm DBH","Quercus coccifera",25,0.04908738521234052
3300,"PlotBm83","b","U16","U16","3",5,"PlotBm83_5","Stems >=10 cm DBH","Quercus coccifera",10,0.007853981633974483
3301,"PlotBm83","b","U16","U16","3",6,"PlotBm83_6","Stems >=10 cm DBH","Quercus coccifera",12,0.011309733552923255
3299,"PlotBm83","b","U16","U16","2",4,"PlotBm83_4","Stems >=10 cm DBH","Quercus coccifera",16,0.020106192982974676
4060,"PlotBm83","b","U16","U16","1",1,"PlotBm83_1","Stems 2.5-10 cm DBH","Quercus coccifera",3,7.068583470577034e-4
4061,"PlotBm83","b","U16","U16","2",2,"PlotBm83_2","Stems >=10 cm DBH","Quercus coccifera",14,0.015393804002589986
4062,"PlotBm83","b","U16","U16","2",3,"PlotBm83_3","Stems 2.5-10 cm DBH","Quercus coccifera",3,7.068583470577034e-4
4063,"PlotBm84","b","U16","U16","1",4,"PlotBm84_4","Stems >=10 cm DBH","Quercus coccifera",10,0.007853981633974483
4064,"PlotBm84","b","U16","U16","2",9,"PlotBm84_9","Stems 2.5-10 cm DBH","Quercus coccifera",3,7.068583470577034e-4
4065,"PlotBm84","b","U16","U16","3",11,"PlotBm84_11","Stems >=10 cm DBH","Quercus coccifera",12,0.011309733552923255
3310,"PlotBm84","b","U16","U16","2",9,"PlotBm84_9","Stems 2.5-10 cm DBH","Quercus coccifera",3,7.068583470577034e-4
3311,"PlotBm84","b","U16","U16","3",10,"PlotBm84_10","Stems >=10 cm DBH","Quercus coccifera",26,0.053092915845667506
3312,"PlotBm84","b","U16","U16","3",11,"PlotBm84_11","Stems >=10 cm DBH","Quercus coccifera",16,0.020106192982974676
3304,"PlotBm84","b","U16","U16","1",3,"PlotBm84_3","Stems >=10 cm DBH","Quercus coccifera",15,0.017671458676442587
3305,"PlotBm84","b","U16","U16","1",4,"PlotBm84_4","Stems >=10 cm DBH","Quercus coccifera",10,0.007853981633974483
3302,"PlotBm84","b","U16","U16","1",1,"PlotBm84_1","Stems >=10 cm DBH","Quercus coccifera",12,0.011309733552923255
3303,"PlotBm84","b","U16","U16","1",2,"PlotBm84_2","Stems >=10 cm DBH","Quercus coccifera",10,0.007853981633974483
3308,"PlotBm84","b","U16","U16","2",7,"PlotBm84_7","Stems >=10 cm DBH","Quercus coccifera",10,0.007853981633974483
3309,"PlotBm84","b","U16","U16","2",8,"PlotBm84_8","Stems 2.5-10 cm DBH","Quercus coccifera",8,0.005026548245743669
3306,"PlotBm84","b","U16","U16","2",5,"PlotBm84_5","Stems >=10 cm DBH","Quercus coccifera",13,0.013273228961416876
3307,"PlotBm84","b","U16","U16","2",6,"PlotBm84_6","Stems >=10 cm DBH","Quercus coccifera",12,0.011309733552923255
3313,"PlotBm97","b","W17","W17","2",1,"PlotBm97_1","Stems >=10 cm DBH","Quercus pubescens",46,0.16619025137490004
3314,"PlotBm97","b","W17","W17","2",2,"PlotBm97_2","Stems >=10 cm DBH","Quercus pubescens",34,0.09079202768874502
4066,"PlotBm97","b","W17","W17","2",1,"PlotBm97_1","Stems >=10 cm DBH","Quercus pubescens",27,0.05725552611167398
3315,"PlotBm97","b","W17","W17","2",3,"PlotBm97_3","Stems >=10 cm DBH","Juniperus oxycedrus",14,0.015393804002589986
3316,"PlotBm97","b","W17","W17","3",4,"PlotBm97_4","Stems >=10 cm DBH","Quercus pubescens",43,0.14522012041218818
3317,"PlotBm97","b","W17","W17","3",5,"PlotBm97_5","Stems >=10 cm DBH","Quercus pubescens",23,0.04154756284372501
3318,"PlotBm97","b","W17","W17","3",6,"PlotBm97_6","Stems >=10 cm DBH","Platanus orientalis",86,0.5808804816487527
3319,"PlotBm98","b","W17","W17","1",1,"PlotBm98_1","Stems >=10 cm DBH","Quercus pubescens",48,0.18095573684677208
3320,"PlotBm98","b","W17","W17","2",2,"PlotBm98_2","Stems 2.5-10 cm DBH","Quercus pubescens",9,0.0063617251235193305
3321,"PlotBm98","b","W17","W17","2",3,"PlotBm98_3","Stems >=10 cm DBH","Quercus pubescens",36,0.10178760197630929
3322,"PlotBm98","b","W17","W17","3",4,"PlotBm98_4","Stems >=10 cm DBH","Quercus pubescens",42,0.13854423602330987
3323,"PlotBm98","b","W17","W17","3",5,"PlotBm98_5","Stems >=10 cm DBH","Carpinus orientalis",19,0.02835287369864788
3326,"PlotBm99","b","W17","W17","3",3,"PlotBm99_3","Stems >=10 cm DBH","Quercus pubescens",36,0.10178760197630929
3327,"PlotBm99","b","W17","W17","3",4,"PlotBm99_4","Stems >=10 cm DBH","Quercus pubescens",31,0.07547676350249478
3328,"PlotBm99","b","W17","W17","3",5,"PlotBm99_5","Stems >=10 cm DBH","Platanus orientalis",18,0.025446900494077322
4067,"PlotBm99","b","W17","W17","3",5,"PlotBm99_5","Stems >=10 cm DBH","Platanus orientalis",19,0.02835287369864788
3324,"PlotBm99","b","W17","W17","1",1,"PlotBm99_1","Stems >=10 cm DBH","Quercus pubescens",48,0.18095573684677208
3325,"PlotBm99","b","W17","W17","1",2,"PlotBm99_2","Stems 2.5-10 cm DBH","Juniperus oxycedrus",4,0.0012566370614359172
