"plotCode","focalOrBenchmark","landCover","vegClass","species","cover"
"Plot1","f","Stratum-U4-1","U4","Alyssum simplex",0.00125
"Plot1","f","Stratum-U4-1","U4","Avena sterilis",0.00625
"Plot1","f","Stratum-U4-1","U4","Cerastium semidecandrum",0.015
"Plot1","f","Stratum-U4-1","U4","Crepis sancta",0.015
"Plot1","f","Stratum-U4-1","U4","Crepis setosa",0.01125
"Plot1","f","Stratum-U4-1","U4","Draba muralis",0.01
"Plot1","f","Stratum-U4-1","U4","Erodium absinthoides",0.00875
"Plot1","f","Stratum-U4-1","U4","Eryngium campestre",0.005
"Plot1","f","Stratum-U4-1","U4","Fumaria officinalis",0.00125
"Plot1","f","Stratum-U4-1","U4","Geranium brutium",0.0075
"Plot1","f","Stratum-U4-1","U4","Holosteum umbellatum",0.00125
"Plot1","f","Stratum-U4-1","U4","Hordeum murinum",0.03125
"Plot1","f","Stratum-U4-1","U4","Neatostema apulum",0.005
"Plot1","f","Stratum-U4-1","U4","Onobrychis aequidentata",0.015
"Plot1","f","Stratum-U4-1","U4","Ornithopus compressus",0.0025
"Plot1","f","Stratum-U4-1","U4","Plantago afra",0.05625
"Plot1","f","Stratum-U4-1","U4","Poa bulbosa",0.02625
"Plot1","f","Stratum-U4-1","U4","Saxifraga carpetana subsp. graeca",0.01
"Plot1","f","Stratum-U4-1","U4","Scandix australis",0.005
"Plot1","f","Stratum-U4-1","U4","Sedum sp.",0.005
"Plot1","f","Stratum-U4-1","U4","Sherardia arvensis",0.0275
"Plot1","f","Stratum-U4-1","U4","Sisymbrium officinale",0.005
"Plot1","f","Stratum-U4-1","U4","Teesdalia coronopifolia",0.0275
"Plot1","f","Stratum-U4-1","U4","Trifolium arvense",0.00125
"Plot1","f","Stratum-U4-1","U4","Verbascum sp.1",0.02125
"Plot1","f","Stratum-U4-1","U4","Veronica verna",0.0275
"Plot1","f","Stratum-U4-1","U4","Viola sp.",0.015
"Plot10","f","Stratum-U4-1","U4","Aegilops geniculata",0.2075
"Plot10","f","Stratum-U4-1","U4","Anisantha sterilis",0.0525
"Plot10","f","Stratum-U4-1","U4","Centaurea solstitialis",0.01125
"Plot10","f","Stratum-U4-1","U4","Cichorium intybus",0.09375
"Plot10","f","Stratum-U4-1","U4","Daucus carota",0.005
"Plot10","f","Stratum-U4-1","U4","Galium verum",0.015
"Plot10","f","Stratum-U4-1","U4","Hieracium pilosus",0.5
"Plot10","f","Stratum-U4-1","U4","Medicago sativa",0.02
"Plot10","f","Stratum-U4-1","U4","Pyrus spinosa",0.01
"Plot10","f","Stratum-U4-1","U4","Trifolium angustifolium",0.01
"Plot10","f","Stratum-U4-1","U4","Trifolium pratense",0.01
"Plot100","f","Stratum-W11-2","W11","Anisantha sterilis",0.0225
"Plot100","f","Stratum-W11-2","W11","Galium mollugo group",0.005
"Plot100","f","Stratum-W11-2","W11","Hypericum perforatum",0.4375
"Plot100","f","Stratum-W11-2","W11","Lactuca muralis",0.0015
"Plot100","f","Stratum-W11-2","W11","Quercus cerris",0.0015
"Plot100","f","Stratum-W11-2","W11","Robinia pseudoacacia",0.375
"Plot100","f","Stratum-W11-2","W11","Rubus idaeus",0.01
"Plot100","f","Stratum-W11-2","W11","Rumex sp.",5e-4
"Plot100","f","Stratum-W11-2","W11","Torilis arvensis",0.02125
"Plot101","f","Stratum-W11-2","W11","Cistus creticus",0.01
"Plot101","f","Stratum-W11-2","W11","Dactylis glomerata",0.01
"Plot101","f","Stratum-W11-2","W11","Fraxinus ornus",0.02
"Plot101","f","Stratum-W11-2","W11","Galium mollugo group",0.00375
"Plot101","f","Stratum-W11-2","W11","Lathyrus laxiflorus",2.5e-4
"Plot101","f","Stratum-W11-2","W11","Medicago sativa",0.0825
"Plot101","f","Stratum-W11-2","W11","Pinus nigra",0.375
"Plot101","f","Stratum-W11-2","W11","Plantago lanceolata",0.01
"Plot101","f","Stratum-W11-2","W11","Poa nemoralis",0.09375
"Plot101","f","Stratum-W11-2","W11","Quercus cerris",0.085
"Plot101","f","Stratum-W11-2","W11","Quercus frainetto",0.02125
"Plot101","f","Stratum-W11-2","W11","Rosa canina",2.5e-4
"Plot101","f","Stratum-W11-2","W11","Rubus idaeus",0.07875
"Plot101","f","Stratum-W11-2","W11","Stachys germanica",0.00125
"Plot101","f","Stratum-W11-2","W11","Teucrium chamaedrys",0.01
"Plot101","f","Stratum-W11-2","W11","Trifolium angustifolium",0.00125
"Plot101","f","Stratum-W11-2","W11","Trifolium pratense",0.01
"Plot102","f","Stratum-W11-2","W11","Agrostis castellana",0.09375
"Plot102","f","Stratum-W11-2","W11","Anacamptis pyramidalis",0.00125
"Plot102","f","Stratum-W11-2","W11","Cistus creticus",0.01
"Plot102","f","Stratum-W11-2","W11","Cynosurus echinatus",0.01
"Plot102","f","Stratum-W11-2","W11","Dactylis glomerata",0.015
"Plot102","f","Stratum-W11-2","W11","Eryngium campestre",2.5e-4
"Plot102","f","Stratum-W11-2","W11","Fraxinus ornus",0.085
"Plot102","f","Stratum-W11-2","W11","Galium mollugo group",0.00125
"Plot102","f","Stratum-W11-2","W11","Hypericum perforatum",0.00125
"Plot102","f","Stratum-W11-2","W11","Phleum pratense",0.01125
"Plot102","f","Stratum-W11-2","W11","Pyrus spinosa",0.375
"Plot102","f","Stratum-W11-2","W11","Quercus cerris",0.375
"Plot102","f","Stratum-W11-2","W11","Quercus petraea",0.085
"Plot102","f","Stratum-W11-2","W11","Quercus trojana",0.04
"Plot102","f","Stratum-W11-2","W11","Silene italica",0.09625
"Plot102","f","Stratum-W11-2","W11","Teucrium chamaedrys",0.0525
"Plot102","f","Stratum-W11-2","W11","Torilis arvensis",0.00125
"Plot102","f","Stratum-W11-2","W11","Trifolium angustifolium",0.005
"Plot102","f","Stratum-W11-2","W11","Viola alba",0.00125
"Plot103","f","Stratum-W11-2","W11","Dactylis glomerata",0.00625
"Plot103","f","Stratum-W11-2","W11","Medicago minima",0.02125
"Plot103","f","Stratum-W11-2","W11","Poa nemoralis",0.0275
"Plot103","f","Stratum-W11-2","W11","Quercus cerris",0.375
"Plot103","f","Stratum-W11-2","W11","Quercus frainetto",0.0425
"Plot103","f","Stratum-W11-2","W11","Quercus petraea",0.085
"Plot103","f","Stratum-W11-2","W11","Rubus idaeus",0.0325
"Plot103","f","Stratum-W11-2","W11","Silene italica",0.02125
"Plot103","f","Stratum-W11-2","W11","Teucrium chamaedrys",0.00625
"Plot103","f","Stratum-W11-2","W11","Trifolium pratense",0.02125
"Plot104","f","Stratum-W11-2","W11","Carpinus orientalis",0.00125
"Plot104","f","Stratum-W11-2","W11","Cyclamen hederifolium",0.00125
"Plot104","f","Stratum-W11-2","W11","Fragaria vesca",0.0075
"Plot104","f","Stratum-W11-2","W11","Galium mollugo group",0.02125
"Plot104","f","Stratum-W11-2","W11","Hippocrepis emerus",0.0125
"Plot104","f","Stratum-W11-2","W11","Lathyrus laxiflorus",0.0225
"Plot104","f","Stratum-W11-2","W11","Pimpinella saxifraga",0.00125
"Plot104","f","Stratum-W11-2","W11","Ptilostemon strictus",0.00125
"Plot104","f","Stratum-W11-2","W11","Quercus frainetto",0.8125
"Plot104","f","Stratum-W11-2","W11","Quercus petraea",0.1875
"Plot104","f","Stratum-W11-2","W11","Tilia tomentosa",0.00125
"Plot104","f","Stratum-W11-2","W11","Trifolium arvense",2.5e-4
"Plot104","f","Stratum-W11-2","W11","Verbascum sp.",0.0015
"Plot105","f","Stratum-W11-2","W11","Acer campestre",0.00125
"Plot105","f","Stratum-W11-2","W11","Betula pendula",0.00625
"Plot105","f","Stratum-W11-2","W11","Carpinus orientalis",0.6675
"Plot105","f","Stratum-W11-2","W11","Cornus mas",0.04
"Plot105","f","Stratum-W11-2","W11","Cyclamen hederifolium",0.00875
"Plot105","f","Stratum-W11-2","W11","Daphne laureola",0.00125
"Plot105","f","Stratum-W11-2","W11","Fagus sylvatica",0.00125
"Plot105","f","Stratum-W11-2","W11","Fragaria vesca",2.5e-4
"Plot105","f","Stratum-W11-2","W11","Fraxinus ornus",0.205
"Plot105","f","Stratum-W11-2","W11","Hedera helix",0.05625
"Plot105","f","Stratum-W11-2","W11","Hippocrepis emerus",0.00125
"Plot105","f","Stratum-W11-2","W11","Lysimachia punctata",0.00125
"Plot105","f","Stratum-W11-2","W11","Neottia nidus-avis",0.005
"Plot105","f","Stratum-W11-2","W11","Ptilostemon strictus",0.00125
"Plot105","f","Stratum-W11-2","W11","Quercus frainetto",0.04
"Plot105","f","Stratum-W11-2","W11","Quercus petraea",0.005
"Plot105","f","Stratum-W11-2","W11","Rosa canina",0.005
"Plot105","f","Stratum-W11-2","W11","Ruscus aculeatus",0.01
"Plot105","f","Stratum-W11-2","W11","Sorbus domestica",0.02
"Plot106","f","Stratum-W11-2","W11","Carpinus orientalis",0.8125
"Plot106","f","Stratum-W11-2","W11","Cornus mas",0.005
"Plot106","f","Stratum-W11-2","W11","Cyclamen hederifolium",0.00375
"Plot106","f","Stratum-W11-2","W11","Quercus frainetto",0.00125
"Plot106","f","Stratum-W11-2","W11","Quercus petraea",0.375
"Plot106","f","Stratum-W11-2","W11","Ruscus aculeatus",0.00375
"Plot106","f","Stratum-W11-2","W11","Vitis vinifera",0.005
"Plot107","f","Stratum-W11-2","W11","Acer campestre",0.00125
"Plot107","f","Stratum-W11-2","W11","Carpinus orientalis",2.5e-4
"Plot107","f","Stratum-W11-2","W11","Cephalanthera rubra",0.0025
"Plot107","f","Stratum-W11-2","W11","Chelidonium majus",0.005
"Plot107","f","Stratum-W11-2","W11","Cornus mas",0.0125
"Plot107","f","Stratum-W11-2","W11","Daphne laureola",0.00625
"Plot107","f","Stratum-W11-2","W11","Epilobium sp.",0.05625
"Plot107","f","Stratum-W11-2","W11","Euphorbia amygdaloides",0.0025
"Plot107","f","Stratum-W11-2","W11","Fraxinus ornus",0.04
"Plot107","f","Stratum-W11-2","W11","Galium mollugo group",0.02125
"Plot107","f","Stratum-W11-2","W11","Hieracium murorum",0.0275
"Plot107","f","Stratum-W11-2","W11","Hippocrepis emerus",0.03
"Plot107","f","Stratum-W11-2","W11","Hypericum perforatum",0.00125
"Plot107","f","Stratum-W11-2","W11","Lactuca muralis",0.00375
"Plot107","f","Stratum-W11-2","W11","Lepidium sativum",0.06625
"Plot107","f","Stratum-W11-2","W11","Leucanthemum vulgare",0.02125
"Plot107","f","Stratum-W11-2","W11","Luzula multiflora",0.02
"Plot107","f","Stratum-W11-2","W11","Quercus coccifera",0.03125
"Plot107","f","Stratum-W11-2","W11","Quercus frainetto",0.625
"Plot107","f","Stratum-W11-2","W11","Quercus petraea",0.00875
"Plot107","f","Stratum-W11-2","W11","Ranunculus acris",0.02375
"Plot107","f","Stratum-W11-2","W11","Sorbus domestica",0.00125
"Plot107","f","Stratum-W11-2","W11","Trifolium campestre",0.00125
"Plot107","f","Stratum-W11-2","W11","Urtica dioica",0.0025
"Plot107","f","Stratum-W11-2","W11","Veronica chamaedrys",0.00125
"Plot107","f","Stratum-W11-2","W11","Vicia tetrasperma",0.00125
"Plot107","f","Stratum-W11-2","W11","Viola alba",0.02125
"Plot108","f","Stratum-W11-2","W11","Carpinus orientalis",0.04875
"Plot108","f","Stratum-W11-2","W11","Cornus mas",0.0015
"Plot108","f","Stratum-W11-2","W11","Crataegus monogyna",0.02
"Plot108","f","Stratum-W11-2","W11","Cyclamen hederifolium",0.00625
"Plot108","f","Stratum-W11-2","W11","Filipendula vulgaris",0.005
"Plot108","f","Stratum-W11-2","W11","Fragaria vesca",0.015
"Plot108","f","Stratum-W11-2","W11","Fraxinus ornus",0.085
"Plot108","f","Stratum-W11-2","W11","Galium mollugo group",0.02125
"Plot108","f","Stratum-W11-2","W11","Luzula multiflora",0.02125
"Plot108","f","Stratum-W11-2","W11","Melica uniflora",0.005
"Plot108","f","Stratum-W11-2","W11","Quercus coccifera",0.00375
"Plot108","f","Stratum-W11-2","W11","Quercus frainetto",0.625
"Plot108","f","Stratum-W11-2","W11","Ranunculus acris",0.00625
"Plot108","f","Stratum-W11-2","W11","Rosa canina",0.00125
"Plot108","f","Stratum-W11-2","W11","Ruscus aculeatus",0.00125
"Plot108","f","Stratum-W11-2","W11","Sorbus domestica",0.0225
"Plot11","f","Stratum-U4-1","U4","Bromus hordeaceus",0.005
"Plot11","f","Stratum-U4-1","U4","Bromus media",0.005
"Plot11","f","Stratum-U4-1","U4","Carex flacca",0.0075
"Plot11","f","Stratum-U4-1","U4","Carlina corymbosa",0.005
"Plot11","f","Stratum-U4-1","U4","Centaurea solstitialis",0.0275
"Plot11","f","Stratum-U4-1","U4","Cichorium intybus",0.0625
"Plot11","f","Stratum-U4-1","U4","Echium italicum",0.14625
"Plot11","f","Stratum-U4-1","U4","Lolium perenne",0.02
"Plot11","f","Stratum-U4-1","U4","Medicago sativa",0.0875
"Plot11","f","Stratum-U4-1","U4","Ononis spinosa",0.02125
"Plot11","f","Stratum-U4-1","U4","Scolymus hispanicus",0.01
"Plot12","f","Stratum-U4-1","U4","Anthemis arvensis",0.4525
"Plot12","f","Stratum-U4-1","U4","Avena sterilis",0.00625
"Plot12","f","Stratum-U4-1","U4","Carlina corymbosa",0.1875
"Plot12","f","Stratum-U4-1","U4","Centaurea solstitialis",0.01
"Plot12","f","Stratum-U4-1","U4","Cichorium intybus",0.02125
"Plot12","f","Stratum-U4-1","U4","Galium sp.",0.01
"Plot12","f","Stratum-U4-1","U4","Lolium perenne",0.21875
"Plot12","f","Stratum-U4-1","U4","Rapistrum rugosum",0.02125
"Plot12","f","Stratum-U4-1","U4","Sanguisorba minor",0.01
"Plot12","f","Stratum-U4-1","U4","Trifolium campestre",0.01
"Plot121","f","Stratum-W10-1","W10","Carex flacca",0.09375
"Plot121","f","Stratum-W10-1","W10","Fagus sylvatica",0.02
"Plot121","f","Stratum-W10-1","W10","Festuca heterophylla",0.015
"Plot121","f","Stratum-W10-1","W10","Galium aparine",0.00125
"Plot121","f","Stratum-W10-1","W10","Juniperus oxycedrus",0.02
"Plot121","f","Stratum-W10-1","W10","Phleum pratense",0.00125
"Plot121","f","Stratum-W10-1","W10","Quercus cerris",0.16125
"Plot121","f","Stratum-W10-1","W10","Quercus frainetto",0.1775
"Plot121","f","Stratum-W10-1","W10","Rubus idaeus",0.005
"Plot121","f","Stratum-W10-1","W10","Teucrium chamaedrys",0.00125
"Plot121","f","Stratum-W10-1","W10","Thymus sibthorpii",0.005
"Plot121","f","Stratum-W10-1","W10","Trifolium angustifolium",0.03125
"Plot121","f","Stratum-W10-1","W10","Vicia grandiflora",0.0675
"Plot122","f","Stratum-W10-1","W10","Carex flacca",0.015
"Plot122","f","Stratum-W10-1","W10","Carpinus orientalis",0.005
"Plot122","f","Stratum-W10-1","W10","Daucus carota",0.005
"Plot122","f","Stratum-W10-1","W10","Fagus sylvatica",0.005
"Plot122","f","Stratum-W10-1","W10","Galium aparine",0.005
"Plot122","f","Stratum-W10-1","W10","Juniperus oxycedrus",0.11625
"Plot122","f","Stratum-W10-1","W10","Quercus cerris",0.05625
"Plot122","f","Stratum-W10-1","W10","Quercus frainetto",0.48
"Plot122","f","Stratum-W10-1","W10","Trifolium medium subsp. balcanicum",0.15625
"Plot122","f","Stratum-W10-1","W10","Vicia grandiflora",0.00125
"Plot123","f","Stratum-W10-1","W10","Carex flacca",0.01
"Plot123","f","Stratum-W10-1","W10","Carpinus orientalis",0.01
"Plot123","f","Stratum-W10-1","W10","Fagus sylvatica",0.6675
"Plot123","f","Stratum-W10-1","W10","Foeniculum vulgare",0.03125
"Plot123","f","Stratum-W10-1","W10","Geranium rotundifolium",0.005
"Plot123","f","Stratum-W10-1","W10","Juniperus oxycedrus",0.02
"Plot123","f","Stratum-W10-1","W10","Lathyrus laxiflorus",0.005
"Plot123","f","Stratum-W10-1","W10","Poa nemoralis",0.03
"Plot123","f","Stratum-W10-1","W10","Quercus cerris",0.0425
"Plot123","f","Stratum-W10-1","W10","Quercus frainetto",0.23
"Plot123","f","Stratum-W10-1","W10","Rosa canina",0.025
"Plot123","f","Stratum-W10-1","W10","Teucrium chamaedrys",0.005
"Plot123","f","Stratum-W10-1","W10","Viola alba",0.00125
"Plot124","f","Stratum-W10-1","W10","Allium sp.",2.5e-4
"Plot124","f","Stratum-W10-1","W10","Carex flacca",0.01
"Plot124","f","Stratum-W10-1","W10","Cornus sanguinea",0.02
"Plot124","f","Stratum-W10-1","W10","Daphne laureola",0.02125
"Plot124","f","Stratum-W10-1","W10","Fagus sylvatica",0.14
"Plot124","f","Stratum-W10-1","W10","Fragaria vesca",0.0225
"Plot124","f","Stratum-W10-1","W10","Juniperus oxycedrus",0.01
"Plot124","f","Stratum-W10-1","W10","Knautia drymeia",0.01
"Plot124","f","Stratum-W10-1","W10","Lactuca sp.",0.005
"Plot124","f","Stratum-W10-1","W10","Lathyrus laxiflorus",0.09375
"Plot124","f","Stratum-W10-1","W10","Quercus cerris",0.195
"Plot124","f","Stratum-W10-1","W10","Quercus trojana",0.625
"Plot124","f","Stratum-W10-1","W10","Rosa canina",0.02
"Plot124","f","Stratum-W10-1","W10","Rubus idaeus",0.00125
"Plot124","f","Stratum-W10-1","W10","Verbascum sp.",0.005
"Plot124","f","Stratum-W10-1","W10","Viola alba",0.005
"Plot125","f","Stratum-W10-1","W10","Acer monspessulanum",0.09375
"Plot125","f","Stratum-W10-1","W10","Carex flacca",0.05125
"Plot125","f","Stratum-W10-1","W10","Carpinus orientalis",0.03125
"Plot125","f","Stratum-W10-1","W10","Festuca heterophylla",0.05625
"Plot125","f","Stratum-W10-1","W10","Galium aparine",0.01
"Plot125","f","Stratum-W10-1","W10","Hordeum bulbosum",0.16625
"Plot125","f","Stratum-W10-1","W10","Juniperus oxycedrus",0.01
"Plot125","f","Stratum-W10-1","W10","Ononis reclinata",0.005
"Plot125","f","Stratum-W10-1","W10","Pistacia terebinthus",0.005
"Plot125","f","Stratum-W10-1","W10","Pyrus spinosa",0.005
"Plot125","f","Stratum-W10-1","W10","Quercus trojana",0.375
"Plot125","f","Stratum-W10-1","W10","Silene italica",0.01125
"Plot125","f","Stratum-W10-1","W10","Teucrium chamaedrys",0.005
"Plot125","f","Stratum-W10-1","W10","Thymus longicaulis",0.02125
"Plot125","f","Stratum-W10-1","W10","Vicia grandiflora",0.03125
"Plot126","f","Stratum-W10-1","W10","Asparagus acutifolius",0.005
"Plot126","f","Stratum-W10-1","W10","Carex flacca",0.01
"Plot126","f","Stratum-W10-1","W10","Carpinus orientalis",0.15625
"Plot126","f","Stratum-W10-1","W10","Clematis vitalba",0.01
"Plot126","f","Stratum-W10-1","W10","Daphne laureola",0.0225
"Plot126","f","Stratum-W10-1","W10","Festuca heterophylla",0.01
"Plot126","f","Stratum-W10-1","W10","Galium verum",0.005
"Plot126","f","Stratum-W10-1","W10","Hordeum bulbosum",0.11375
"Plot126","f","Stratum-W10-1","W10","Juniperus oxycedrus",0.0925
"Plot126","f","Stratum-W10-1","W10","Lathyrus niger",0.09875
"Plot126","f","Stratum-W10-1","W10","Quercus trojana",0.625
"Plot126","f","Stratum-W10-1","W10","Ruscus aculeatus",0.005
"Plot126","f","Stratum-W10-1","W10","Silene italica",0.01625
"Plot126","f","Stratum-W10-1","W10","Teucrium chamaedrys",0.00125
"Plot126","f","Stratum-W10-1","W10","Thymus longicaulis",0.005
"Plot126","f","Stratum-W10-1","W10","Vicia grandiflora",0.0475
"Plot126","f","Stratum-W10-1","W10","Viola alba",0.00125
"Plot127","f","Stratum-W10-1","W10","Acer monspessulanum",0.00125
"Plot127","f","Stratum-W10-1","W10","Carpinus orientalis",0.005
"Plot127","f","Stratum-W10-1","W10","Cerastium semidecandrum",0.00125
"Plot127","f","Stratum-W10-1","W10","Dactylis glomerata",0.00625
"Plot127","f","Stratum-W10-1","W10","Galium verum",0.01
"Plot127","f","Stratum-W10-1","W10","Hordeum bulbosum",0.05625
"Plot127","f","Stratum-W10-1","W10","Juniperus oxycedrus",0.1875
"Plot127","f","Stratum-W10-1","W10","Lactuca sp.",0.0025
"Plot127","f","Stratum-W10-1","W10","Muscari neglectum",0.0015
"Plot127","f","Stratum-W10-1","W10","Ononis reclinata",0.03625
"Plot127","f","Stratum-W10-1","W10","Quercus cerris",0.005
"Plot127","f","Stratum-W10-1","W10","Quercus trojana",0.185
"Plot127","f","Stratum-W10-1","W10","Silene italica",0.03625
"Plot127","f","Stratum-W10-1","W10","Teucrium chamaedrys",0.02625
"Plot127","f","Stratum-W10-1","W10","Thymus longicaulis",0.005
"Plot127","f","Stratum-W10-1","W10","Trifolium angustifolium",0.005
"Plot127","f","Stratum-W10-1","W10","Verbascum sp.",0.00125
"Plot128","f","Stratum-W10-1","W10","Allium sp.",0.00125
"Plot128","f","Stratum-W10-1","W10","Alyssum sp.",0.01
"Plot128","f","Stratum-W10-1","W10","Galium verum",0.005
"Plot128","f","Stratum-W10-1","W10","Genista carinalis",0.09375
"Plot128","f","Stratum-W10-1","W10","Hordeum bulbosum",0.265
"Plot128","f","Stratum-W10-1","W10","Juniperus oxycedrus",0.1875
"Plot128","f","Stratum-W10-1","W10","Microthlaspi perfoliatum",0.005
"Plot128","f","Stratum-W10-1","W10","Muscari neglectum",0.00125
"Plot128","f","Stratum-W10-1","W10","Ononis reclinata",0.03625
"Plot128","f","Stratum-W10-1","W10","Pterocephalus perennis",2.5e-4
"Plot128","f","Stratum-W10-1","W10","Quercus cerris",0.10375
"Plot128","f","Stratum-W10-1","W10","Quercus trojana",0.185
"Plot128","f","Stratum-W10-1","W10","Silene italica",0.005
"Plot128","f","Stratum-W10-1","W10","Teucrium chamaedrys",0.02
"Plot128","f","Stratum-W10-1","W10","Thymus longicaulis",0.01
"Plot128","f","Stratum-W10-1","W10","Trifolium angustifolium",0.03125
"Plot128","f","Stratum-W10-1","W10","Veronica sp.",0.02125
"Plot129","f","Stratum-W10-1","W10","Alyssum sp.",0.02125
"Plot129","f","Stratum-W10-1","W10","Euphorbia taurinensis",0.00125
"Plot129","f","Stratum-W10-1","W10","Hordeum bulbosum",0.04
"Plot129","f","Stratum-W10-1","W10","Juniperus oxycedrus",0.26
"Plot129","f","Stratum-W10-1","W10","Quercus petraea",0.005
"Plot129","f","Stratum-W10-1","W10","Quercus trojana",0.1875
"Plot129","f","Stratum-W10-1","W10","Teucrium capitatum",0.00125
"Plot129","f","Stratum-W10-1","W10","Teucrium chamaedrys",0.005
"Plot129","f","Stratum-W10-1","W10","Thymus longicaulis",0.01
"Plot130","f","Stratum-W10-1","W10","Acer monspessulanum",0.2125
"Plot130","f","Stratum-W10-1","W10","Achillea millefolium",0.005
"Plot130","f","Stratum-W10-1","W10","Asparagus acutifolius",0.02125
"Plot130","f","Stratum-W10-1","W10","Carpinus orientalis",0.04625
"Plot130","f","Stratum-W10-1","W10","Clematis vitalba",0.015
"Plot130","f","Stratum-W10-1","W10","Cornus sanguinea",0.03
"Plot130","f","Stratum-W10-1","W10","Dactylis glomerata",0.01
"Plot130","f","Stratum-W10-1","W10","Filipendula vulgaris",0.00625
"Plot130","f","Stratum-W10-1","W10","Juniperus oxycedrus",0.0925
"Plot130","f","Stratum-W10-1","W10","Lathyrus laxiflorus",0.04125
"Plot130","f","Stratum-W10-1","W10","Lotus corniculatus",0.005
"Plot130","f","Stratum-W10-1","W10","Poa nemoralis",0.0775
"Plot130","f","Stratum-W10-1","W10","Quercus petraea",0.185
"Plot130","f","Stratum-W10-1","W10","Quercus trojana",0.185
"Plot130","f","Stratum-W10-1","W10","Rosa canina",0.0925
"Plot130","f","Stratum-W10-1","W10","Teucrium chamaedrys",0.01
"Plot130","f","Stratum-W10-1","W10","Trifolium angustifolium",0.005
"Plot130","f","Stratum-W10-1","W10","Vicia grandiflora",0.0725
"Plot131","f","Stratum-W10-1","W10","Acer monspessulanum",0.085
"Plot131","f","Stratum-W10-1","W10","Allium sp.",0.005
"Plot131","f","Stratum-W10-1","W10","Arceuthobium oxycedri",0.015
"Plot131","f","Stratum-W10-1","W10","Carex flacca",0.01
"Plot131","f","Stratum-W10-1","W10","Carpinus orientalis",0.18625
"Plot131","f","Stratum-W10-1","W10","Clematis vitalba",0.05625
"Plot131","f","Stratum-W10-1","W10","Cornus sanguinea",0.03125
"Plot131","f","Stratum-W10-1","W10","Dactylis glomerata",0.015
"Plot131","f","Stratum-W10-1","W10","Fragaria vesca",0.00125
"Plot131","f","Stratum-W10-1","W10","Juniperus oxycedrus",0.0525
"Plot131","f","Stratum-W10-1","W10","Lathyrus laxiflorus",0.01
"Plot131","f","Stratum-W10-1","W10","Poa nemoralis",0.0775
"Plot131","f","Stratum-W10-1","W10","Quercus cerris",0.375
"Plot131","f","Stratum-W10-1","W10","Rosa canina",0.115
"Plot131","f","Stratum-W10-1","W10","Silene italica",0.01
"Plot131","f","Stratum-W10-1","W10","Teucrium chamaedrys",0.005
"Plot131","f","Stratum-W10-1","W10","Vicia grandiflora",0.005
"Plot131","f","Stratum-W10-1","W10","Viola alba",0.015
"Plot132","f","Stratum-W10-1","W10","Acer monspessulanum",0.09875
"Plot132","f","Stratum-W10-1","W10","Carex flacca",0.01125
"Plot132","f","Stratum-W10-1","W10","Carpinus orientalis",0.09375
"Plot132","f","Stratum-W10-1","W10","Clematis vitalba",0.01
"Plot132","f","Stratum-W10-1","W10","Dactylis glomerata",0.02
"Plot132","f","Stratum-W10-1","W10","Daphne laureola",0.04625
"Plot132","f","Stratum-W10-1","W10","Eryngium amethystinum",0.00125
"Plot132","f","Stratum-W10-1","W10","Euphorbia taurinensis",0.005
"Plot132","f","Stratum-W10-1","W10","Galium verum",0.005
"Plot132","f","Stratum-W10-1","W10","Holcus lanatus",0.005
"Plot132","f","Stratum-W10-1","W10","Hordeum bulbosum",0.11875
"Plot132","f","Stratum-W10-1","W10","Juniperus oxycedrus",0.10375
"Plot132","f","Stratum-W10-1","W10","Lathyrus laxiflorus",0.005
"Plot132","f","Stratum-W10-1","W10","Quercus petraea",0.085
"Plot132","f","Stratum-W10-1","W10","Quercus trojana",0.375
"Plot132","f","Stratum-W10-1","W10","Rosa canina",0.0675
"Plot132","f","Stratum-W10-1","W10","Silene italica",0.015
"Plot132","f","Stratum-W10-1","W10","Teucrium chamaedrys",0.01
"Plot132","f","Stratum-W10-1","W10","Trifolium angustifolium",0.04625
"Plot132","f","Stratum-W10-1","W10","Vicia grandiflora",0.145
"Plot132","f","Stratum-W10-1","W10","Viola alba",0.015
"Plot145","f","Stratum-W17-1","W17","Anthoxanthum odoratum",0.095
"Plot145","f","Stratum-W17-1","W17","Bromus hordeaceus",0.0075
"Plot145","f","Stratum-W17-1","W17","Chrysopogon gryllus",0.0225
"Plot145","f","Stratum-W17-1","W17","Cynosurus echinatus",0.0075
"Plot145","f","Stratum-W17-1","W17","Dactylis glomerata",0.0225
"Plot145","f","Stratum-W17-1","W17","Dianthus cruentus",0.0225
"Plot145","f","Stratum-W17-1","W17","Eryngium campestre",0.0025
"Plot145","f","Stratum-W17-1","W17","Euphorbia cyparissias",0.00875
"Plot145","f","Stratum-W17-1","W17","Festuca valesiaca",0.14
"Plot145","f","Stratum-W17-1","W17","Hypericum perforatum",0.0025
"Plot145","f","Stratum-W17-1","W17","Lathyrus nissolia",0.00125
"Plot145","f","Stratum-W17-1","W17","Linaria pelisseriana",0.0075
"Plot145","f","Stratum-W17-1","W17","Myosotis ramosissima",0.0075
"Plot145","f","Stratum-W17-1","W17","Ornithogalum sp.",0.00125
"Plot145","f","Stratum-W17-1","W17","Ornithopus compressus",0.00125
"Plot145","f","Stratum-W17-1","W17","Phleum pratense",0.0025
"Plot145","f","Stratum-W17-1","W17","Phlomis samia",0.15625
"Plot145","f","Stratum-W17-1","W17","Piptatherum miliaceum",0.00125
"Plot145","f","Stratum-W17-1","W17","Quercus pubescens",0.085
"Plot145","f","Stratum-W17-1","W17","Silene italica",0.00125
"Plot145","f","Stratum-W17-1","W17","Trifolium angustifolium",0.0075
"Plot145","f","Stratum-W17-1","W17","Trifolium campestre",0.0675
"Plot145","f","Stratum-W17-1","W17","Trifolium pratense",0.00125
"Plot145","f","Stratum-W17-1","W17","Vicia grandiflora",0.00125
"Plot145","f","Stratum-W17-1","W17","Vicia hirsuta",0.0075
"Plot145","f","Stratum-W17-1","W17","Vicia hybrida",0.0075
"Plot146","f","Stratum-W17-1","W17","Brachypodium sylvaticum",0.04625
"Plot146","f","Stratum-W17-1","W17","Campanula sparsa",0.0075
"Plot146","f","Stratum-W17-1","W17","Carex flacca",0.0025
"Plot146","f","Stratum-W17-1","W17","Crataegus monogyna",0.00125
"Plot146","f","Stratum-W17-1","W17","Dactylis glomerata",0.0225
"Plot146","f","Stratum-W17-1","W17","Doronicum caucasicum",0.00125
"Plot146","f","Stratum-W17-1","W17","Festuca valesiaca",0.0675
"Plot146","f","Stratum-W17-1","W17","Galium aparine",0.00125
"Plot146","f","Stratum-W17-1","W17","Galium mollugo group",0.0025
"Plot146","f","Stratum-W17-1","W17","Melica uniflora",0.00125
"Plot146","f","Stratum-W17-1","W17","Phlomis samia",0.09375
"Plot146","f","Stratum-W17-1","W17","Quercus petraea",0.625
"Plot146","f","Stratum-W17-1","W17","Ranunculus sp.",0.00125
"Plot146","f","Stratum-W17-1","W17","Trifolium alpestre",0.04375
"Plot147","f","Stratum-W17-1","W17","Achillea clypeolata",0.0925
"Plot147","f","Stratum-W17-1","W17","Anthemis arvensis",0.075
"Plot147","f","Stratum-W17-1","W17","Bromus hordeaceus",0.095
"Plot147","f","Stratum-W17-1","W17","Dorycnium herbaceum",0.04625
"Plot147","f","Stratum-W17-1","W17","Erysimum microstylum",0.00125
"Plot147","f","Stratum-W17-1","W17","Festuca arundinacea",0.09375
"Plot147","f","Stratum-W17-1","W17","Hypericum olympicum",0.095
"Plot147","f","Stratum-W17-1","W17","Lactuca viminea",0.00125
"Plot147","f","Stratum-W17-1","W17","Phleum pratense",0.0075
"Plot147","f","Stratum-W17-1","W17","Sanguisorba minor",0.02125
"Plot147","f","Stratum-W17-1","W17","Trifolium pratense",0.0225
"Plot147","f","Stratum-W17-1","W17","Trifolium scabrum",0.02125
"Plot147","f","Stratum-W17-1","W17","Verbascum sp.",0.00125
"Plot147","f","Stratum-W17-1","W17","Vicia hybrida",0.00875
"Plot147","f","Stratum-W17-1","W17","Vicia villosa subsp. varia",0.625
"Plot148","f","Stratum-W17-1","W17","Achillea clypeolata",0.00125
"Plot148","f","Stratum-W17-1","W17","Anacamptis papilionacea",0.0075
"Plot148","f","Stratum-W17-1","W17","Anthoxanthum odoratum",0.0675
"Plot148","f","Stratum-W17-1","W17","Arenaria leptoclados",0.0075
"Plot148","f","Stratum-W17-1","W17","Bromus hordeaceus",0.0075
"Plot148","f","Stratum-W17-1","W17","Carex flacca",0.02125
"Plot148","f","Stratum-W17-1","W17","Centaurea sp.",0.0075
"Plot148","f","Stratum-W17-1","W17","Cerastium holosteoides",0.02875
"Plot148","f","Stratum-W17-1","W17","Cruciata pedemontana",0.015
"Plot148","f","Stratum-W17-1","W17","Crupina crupinastrum",0.00125
"Plot148","f","Stratum-W17-1","W17","Cynosurus echinatus",0.02875
"Plot148","f","Stratum-W17-1","W17","Dactylis glomerata",0.0075
"Plot148","f","Stratum-W17-1","W17","Dianthus cruentus",0.01625
"Plot148","f","Stratum-W17-1","W17","Dorycnium herbaceum",0.0075
"Plot148","f","Stratum-W17-1","W17","Eryngium campestre",0.0225
"Plot148","f","Stratum-W17-1","W17","Euphrasia stricta",0.00125
"Plot148","f","Stratum-W17-1","W17","Festuca valesiaca",0.04625
"Plot148","f","Stratum-W17-1","W17","Hypochaeris radicata",0.0075
"Plot148","f","Stratum-W17-1","W17","Leontodon crispus",0.015
"Plot148","f","Stratum-W17-1","W17","Linaria pelisseriana",0.02875
"Plot148","f","Stratum-W17-1","W17","Luzula multiflora",0.00125
"Plot148","f","Stratum-W17-1","W17","Medicago minima",0.03625
"Plot148","f","Stratum-W17-1","W17","Petrorhagia dubia",0.00375
"Plot148","f","Stratum-W17-1","W17","Plantago lanceolata",0.0425
"Plot148","f","Stratum-W17-1","W17","Poa bulbosa",0.03625
"Plot148","f","Stratum-W17-1","W17","Potentilla recta",0.0225
"Plot148","f","Stratum-W17-1","W17","Pteridium aquilinum",0.0225
"Plot148","f","Stratum-W17-1","W17","Rumex acetosella",0.02875
"Plot148","f","Stratum-W17-1","W17","Sanguisorba minor",0.02875
"Plot148","f","Stratum-W17-1","W17","Silene conica",0.00125
"Plot148","f","Stratum-W17-1","W17","Spergularia rubra",0.02125
"Plot148","f","Stratum-W17-1","W17","Stellaria media",0.0075
"Plot148","f","Stratum-W17-1","W17","Stipa pennata",0.075
"Plot148","f","Stratum-W17-1","W17","Teucrium chamaedrys",0.05375
"Plot148","f","Stratum-W17-1","W17","Thymus sibthorpii",0.05375
"Plot148","f","Stratum-W17-1","W17","Verbascum sp.",0.00125
"Plot148","f","Stratum-W17-1","W17","Vicia hybrida",0.0075
"Plot148","f","Stratum-W17-1","W17","Viscaria atropurpurea",0.01625
"Plot149","f","Stratum-W17-1","W17","Acinos alpinus",0.0075
"Plot149","f","Stratum-W17-1","W17","Aira elegans",0.0025
"Plot149","f","Stratum-W17-1","W17","Ajuga genevensis",0.0075
"Plot149","f","Stratum-W17-1","W17","Alkanna pindicola",0.0075
"Plot149","f","Stratum-W17-1","W17","Anacamptis morio",2.5e-4
"Plot149","f","Stratum-W17-1","W17","Anacamptis papilionacea",0.00125
"Plot149","f","Stratum-W17-1","W17","Anthemis arvensis",0.12125
"Plot149","f","Stratum-W17-1","W17","Arenaria leptoclados",0.00125
"Plot149","f","Stratum-W17-1","W17","Bellardia latifolia",0.0025
"Plot149","f","Stratum-W17-1","W17","Bromus hordeaceus",0.0075
"Plot149","f","Stratum-W17-1","W17","Carex flacca",0.02875
"Plot149","f","Stratum-W17-1","W17","Centaurea sp.",0.02875
"Plot149","f","Stratum-W17-1","W17","Cerastium semidecandrum",0.03625
"Plot149","f","Stratum-W17-1","W17","Dianthus cruentus",0.0575
"Plot149","f","Stratum-W17-1","W17","Dorycnium herbaceum",0.0075
"Plot149","f","Stratum-W17-1","W17","Eryngium campestre",0.00125
"Plot149","f","Stratum-W17-1","W17","Festuca valesiaca",0.05375
"Plot149","f","Stratum-W17-1","W17","Leontodon crispus",0.0225
"Plot149","f","Stratum-W17-1","W17","Linaria pelisseriana",0.00875
"Plot149","f","Stratum-W17-1","W17","Neotinea ustulata",2.5e-4
"Plot149","f","Stratum-W17-1","W17","Petrorhagia dubia",0.015
"Plot149","f","Stratum-W17-1","W17","Pilosella leucopsilon",0.0425
"Plot149","f","Stratum-W17-1","W17","Potentilla recta",0.015
"Plot149","f","Stratum-W17-1","W17","Pterocephalus plumosus",0.01625
"Plot149","f","Stratum-W17-1","W17","Rumex acetosella",0.00875
"Plot149","f","Stratum-W17-1","W17","Sanguisorba minor",0.0225
"Plot149","f","Stratum-W17-1","W17","Sedum amplexicaule subsp. tenuifolium",0.00125
"Plot149","f","Stratum-W17-1","W17","Stipa pennata",0.5
"Plot149","f","Stratum-W17-1","W17","Teucrium chamaedrys",0.03625
"Plot149","f","Stratum-W17-1","W17","Thymus sibthorpii",0.02875
"Plot149","f","Stratum-W17-1","W17","Trifolium alpestre",0.0075
"Plot149","f","Stratum-W17-1","W17","Trifolium campestre",0.0075
"Plot149","f","Stratum-W17-1","W17","Trifolium scabrum",0.05
"Plot150","f","Stratum-W17-1","W17","Crataegus monogyna",0.015
"Plot150","f","Stratum-W17-1","W17","Dactylis glomerata",0.05375
"Plot150","f","Stratum-W17-1","W17","Eryngium campestre",0.0075
"Plot150","f","Stratum-W17-1","W17","Festuca valesiaca",0.0075
"Plot150","f","Stratum-W17-1","W17","Galium mollugo group",0.02875
"Plot150","f","Stratum-W17-1","W17","Genista tinctoria",0.02125
"Plot150","f","Stratum-W17-1","W17","Melilotus sp.",0.0075
"Plot150","f","Stratum-W17-1","W17","Petrorhagia saxifraga",0.0075
"Plot150","f","Stratum-W17-1","W17","Phleum pratense",0.0425
"Plot150","f","Stratum-W17-1","W17","Phlomis samia",0.00125
"Plot150","f","Stratum-W17-1","W17","Poa bulbosa",0.02125
"Plot150","f","Stratum-W17-1","W17","Pterocephalus plumosus",0.0075
"Plot150","f","Stratum-W17-1","W17","Quercus frainetto",0.875
"Plot150","f","Stratum-W17-1","W17","Rosa canina",0.1875
"Plot150","f","Stratum-W17-1","W17","Rubus canescens",0.0075
"Plot150","f","Stratum-W17-1","W17","Thymus sibthorpii",0.00125
"Plot150","f","Stratum-W17-1","W17","Trifolium angustifolium",0.00125
"Plot150","f","Stratum-W17-1","W17","Trifolium arvense",0.00125
"Plot150","f","Stratum-W17-1","W17","Vicia hirsuta",0.015
"Plot151","f","Stratum-W17-1","W17","Acinos alpinus",0.0675
"Plot151","f","Stratum-W17-1","W17","Anthoxanthum odoratum",0.05
"Plot151","f","Stratum-W17-1","W17","Carlina vulgaris",0.0075
"Plot151","f","Stratum-W17-1","W17","Cota tinctoria subsp. tinctoria",0.04625
"Plot151","f","Stratum-W17-1","W17","Crepis sancta",0.0075
"Plot151","f","Stratum-W17-1","W17","Cynosurus echinatus",0.00375
"Plot151","f","Stratum-W17-1","W17","Dactylis glomerata",0.01125
"Plot151","f","Stratum-W17-1","W17","Dianthus cruentus",0.0075
"Plot151","f","Stratum-W17-1","W17","Hieracium hoppeanum",0.0025
"Plot151","f","Stratum-W17-1","W17","Lotus corniculatus",0.0025
"Plot151","f","Stratum-W17-1","W17","Matricaria recutita",0.02125
"Plot151","f","Stratum-W17-1","W17","Melica ciliata",0.04625
"Plot151","f","Stratum-W17-1","W17","Phleum pratense",0.12125
"Plot151","f","Stratum-W17-1","W17","Phlomis samia",0.2025
"Plot151","f","Stratum-W17-1","W17","Plantago lanceolata",0.115
"Plot151","f","Stratum-W17-1","W17","Poa bulbosa",0.0025
"Plot151","f","Stratum-W17-1","W17","Potentilla recta",0.0225
"Plot151","f","Stratum-W17-1","W17","Stipa pennata",0.04625
"Plot151","f","Stratum-W17-1","W17","Trifolium angustifolium",0.0925
"Plot151","f","Stratum-W17-1","W17","Trifolium arvense",0.1875
"Plot151","f","Stratum-W17-1","W17","Trifolium campestre",0.255
"Plot151","f","Stratum-W17-1","W17","Trifolium hirtum",0.0425
"Plot151","f","Stratum-W17-1","W17","Verbascum sp.",0.0075
"Plot152","f","Stratum-W17-1","W17","Acinos alpinus",0.0075
"Plot152","f","Stratum-W17-1","W17","Anthoxanthum odoratum",0.015
"Plot152","f","Stratum-W17-1","W17","Anthyllis vulneraria",0.02875
"Plot152","f","Stratum-W17-1","W17","Bellis perennis",0.0075
"Plot152","f","Stratum-W17-1","W17","Bromus hordeaceus",0.0075
"Plot152","f","Stratum-W17-1","W17","Centaurea sp.",0.0075
"Plot152","f","Stratum-W17-1","W17","Crepis sancta",0.01625
"Plot152","f","Stratum-W17-1","W17","Crupina vulgaris",0.0075
"Plot152","f","Stratum-W17-1","W17","Cynosurus echinatus",0.015
"Plot152","f","Stratum-W17-1","W17","Dianthus cruentus",0.04375
"Plot152","f","Stratum-W17-1","W17","Eryngium campestre",0.06375
"Plot152","f","Stratum-W17-1","W17","Euphorbia cyparissias",0.0075
"Plot152","f","Stratum-W17-1","W17","Helianthemum nummularium",0.0075
"Plot152","f","Stratum-W17-1","W17","Hypochaeris radicata",0.05
"Plot152","f","Stratum-W17-1","W17","Inula germanica",0.015
"Plot152","f","Stratum-W17-1","W17","Koeleria cristata",0.0075
"Plot152","f","Stratum-W17-1","W17","Linaria genistifolia",0.0075
"Plot152","f","Stratum-W17-1","W17","Matricaria recutita",0.0075
"Plot152","f","Stratum-W17-1","W17","Micromeria juliana",0.01625
"Plot152","f","Stratum-W17-1","W17","Parentucellia latifolia",0.0075
"Plot152","f","Stratum-W17-1","W17","Phleum pratense",0.04375
"Plot152","f","Stratum-W17-1","W17","Plantago lagopus",0.0425
"Plot152","f","Stratum-W17-1","W17","Potentilla recta",0.0225
"Plot152","f","Stratum-W17-1","W17","Pterocephalus plumosus",0.02875
"Plot152","f","Stratum-W17-1","W17","Sanguisorba minor",0.0225
"Plot152","f","Stratum-W17-1","W17","Stipa pennata",0.18625
"Plot152","f","Stratum-W17-1","W17","Thymus sibthorpii",0.0675
"Plot152","f","Stratum-W17-1","W17","Trifolium alpestre",0.185
"Plot152","f","Stratum-W17-1","W17","Trifolium campestre",0.0075
"Plot152","f","Stratum-W17-1","W17","Trifolium hirtum",0.0075
"Plot152","f","Stratum-W17-1","W17","Trifolium incarnatum",0.0025
"Plot152","f","Stratum-W17-1","W17","Trifolium scabrum",0.02125
"Plot153","f","Stratum-W17-1","W17","Brachypodium sylvaticum",0.0225
"Plot153","f","Stratum-W17-1","W17","Dactylis glomerata",0.00125
"Plot153","f","Stratum-W17-1","W17","Fagus sylvatica",0.875
"Plot153","f","Stratum-W17-1","W17","Pteridium aquilinum",0.02125
"Plot154","f","Stratum-W17-1","W17","Acinos alpinus",0.0425
"Plot154","f","Stratum-W17-1","W17","Anthemis arvensis",0.0075
"Plot154","f","Stratum-W17-1","W17","Anthoxanthum odoratum",0.02125
"Plot154","f","Stratum-W17-1","W17","Brachypodium sylvaticum",0.14
"Plot154","f","Stratum-W17-1","W17","Crepis sancta",0.0075
"Plot154","f","Stratum-W17-1","W17","Crupina vulgaris",0.02125
"Plot154","f","Stratum-W17-1","W17","Cynosurus echinatus",0.02875
"Plot154","f","Stratum-W17-1","W17","Dactylis glomerata",0.0675
"Plot154","f","Stratum-W17-1","W17","Dianthus cruentus",0.0075
"Plot154","f","Stratum-W17-1","W17","Festuca valesiaca",0.015
"Plot154","f","Stratum-W17-1","W17","Genista carinalis",0.09375
"Plot154","f","Stratum-W17-1","W17","Geranium brutium",0.00125
"Plot154","f","Stratum-W17-1","W17","Helianthemum nummularium",0.02125
"Plot154","f","Stratum-W17-1","W17","Hypochaeris radicata",0.0675
"Plot154","f","Stratum-W17-1","W17","Parentucellia latifolia",0.0075
"Plot154","f","Stratum-W17-1","W17","Rubus sanctus",0.1775
"Plot154","f","Stratum-W17-1","W17","Silene coronaria",0.0075
"Plot154","f","Stratum-W17-1","W17","Silene italica",0.0075
"Plot154","f","Stratum-W17-1","W17","Stipa pennata",0.02125
"Plot154","f","Stratum-W17-1","W17","Teucrium chamaedrys",0.0075
"Plot154","f","Stratum-W17-1","W17","Trifolium alpestre",0.115
"Plot154","f","Stratum-W17-1","W17","Trifolium arvense",0.09375
"Plot154","f","Stratum-W17-1","W17","Trifolium scabrum",0.02125
"Plot154","f","Stratum-W17-1","W17","Verbascum sp.",0.02875
"Plot155","f","Stratum-W17-1","W17","Cynosurus echinatus",0.0075
"Plot155","f","Stratum-W17-1","W17","Dactylis glomerata",0.00125
"Plot155","f","Stratum-W17-1","W17","Festuca valesiaca",0.06375
"Plot155","f","Stratum-W17-1","W17","Poa nemoralis",0.00125
"Plot155","f","Stratum-W17-1","W17","Quercus frainetto",0.875
"Plot155","f","Stratum-W17-1","W17","Rubus sanctus",0.0075
"Plot155","f","Stratum-W17-1","W17","Sedum cepaea",0.0075
"Plot155","f","Stratum-W17-1","W17","Silene italica",0.03
"Plot155","f","Stratum-W17-1","W17","Trifolium alpestre",0.0825
"Plot156","f","Stratum-W17-1","W17","Brachypodium sylvaticum",0.0075
"Plot156","f","Stratum-W17-1","W17","Chamoecytisus hirsutus",0.015
"Plot156","f","Stratum-W17-1","W17","Genista carinalis",0.03
"Plot156","f","Stratum-W17-1","W17","Hieracium murorum",0.02125
"Plot156","f","Stratum-W17-1","W17","Phleum pratense",0.0075
"Plot156","f","Stratum-W17-1","W17","Pterocephalus plumosus",0.0075
"Plot156","f","Stratum-W17-1","W17","Quercus frainetto",0.875
"Plot156","f","Stratum-W17-1","W17","Rubus sanctus",0.02125
"Plot156","f","Stratum-W17-1","W17","Trifolium alpestre",0.0075
"Plot156","f","Stratum-W17-1","W17","Trifolium campestre",0.02125
"Plot156","f","Stratum-W17-1","W17","Veronica chamaedrys",0.01625
"Plot169","f","Stratum-W21-1","W21","Anthyllis hermanniae",0.02
"Plot169","f","Stratum-W21-1","W21","Cistus monspeliensis",0.1075
"Plot169","f","Stratum-W21-1","W21","Crupina vulgaris",0.00125
"Plot169","f","Stratum-W21-1","W21","Dasypyrum villosum",0.00125
"Plot169","f","Stratum-W21-1","W21","Erica manipuliflora",0.01
"Plot169","f","Stratum-W21-1","W21","Fumaria scoparia",0.03
"Plot169","f","Stratum-W21-1","W21","Galium lucidum",0.00125
"Plot169","f","Stratum-W21-1","W21","Hypericum perforatum",0.005
"Plot169","f","Stratum-W21-1","W21","Juniperus oxycedrus",0.1875
"Plot169","f","Stratum-W21-1","W21","Luzula multiflora",0.00125
"Plot169","f","Stratum-W21-1","W21","Muscari neglectum",0.00125
"Plot169","f","Stratum-W21-1","W21","Quercus coccifera",0.06125
"Plot169","f","Stratum-W21-1","W21","Rorippa thracica",0.00375
"Plot169","f","Stratum-W21-1","W21","Torilis arvensis",2.5e-4
"Plot169","f","Stratum-W21-1","W21","Trifolium arvense",0.01125
"Plot169","f","Stratum-W21-1","W21","Vulpia myuros",0.01625
"Plot170","f","Stratum-W21-1","W21","Anthyllis hermanniae",0.02
"Plot170","f","Stratum-W21-1","W21","Catapodium rigidum",0.015
"Plot170","f","Stratum-W21-1","W21","Centaurea affinis",0.00125
"Plot170","f","Stratum-W21-1","W21","Cistus monspeliensis",0.07875
"Plot170","f","Stratum-W21-1","W21","Dactylis glomerata",0.00125
"Plot170","f","Stratum-W21-1","W21","Erica arborea",0.01
"Plot170","f","Stratum-W21-1","W21","Hypericum perforatum",0.015
"Plot170","f","Stratum-W21-1","W21","Juniperus oxycedrus",0.1125
"Plot170","f","Stratum-W21-1","W21","Phillyrea latifolia",0.0925
"Plot170","f","Stratum-W21-1","W21","Pinus brutia",2.5e-4
"Plot170","f","Stratum-W21-1","W21","Quercus coccifera",0.15125
"Plot171","f","Stratum-W21-1","W21","Anthyllis hermanniae",2.5e-4
"Plot171","f","Stratum-W21-1","W21","Avena sterilis",0.04125
"Plot171","f","Stratum-W21-1","W21","Bromus hordeaceus",0.015
"Plot171","f","Stratum-W21-1","W21","Catapodium rigidum",0.005
"Plot171","f","Stratum-W21-1","W21","Cistus monspeliensis",2.5e-4
"Plot171","f","Stratum-W21-1","W21","Clinopodium vulgare",0.07125
"Plot171","f","Stratum-W21-1","W21","Dittrichia viscosa",0.00125
"Plot171","f","Stratum-W21-1","W21","Euphorbia myrsinites",0.0025
"Plot171","f","Stratum-W21-1","W21","Galium aparine",0.00125
"Plot171","f","Stratum-W21-1","W21","Pimpinella saxifraga",0.0025
"Plot171","f","Stratum-W21-1","W21","Pinus brutia",0.12375
"Plot171","f","Stratum-W21-1","W21","Quercus coccifera",0.00125
"Plot172","f","Stratum-W21-1","W21","Anthyllis hermanniae",0.01
"Plot172","f","Stratum-W21-1","W21","Briza media",0.01
"Plot172","f","Stratum-W21-1","W21","Bromus hordeaceus",0.005
"Plot172","f","Stratum-W21-1","W21","Catapodium rigidum",0.02125
"Plot172","f","Stratum-W21-1","W21","Cistus monspeliensis",0.0825
"Plot172","f","Stratum-W21-1","W21","Dittrichia viscosa",0.00125
"Plot172","f","Stratum-W21-1","W21","Juniperus oxycedrus",0.02
"Plot172","f","Stratum-W21-1","W21","Koeleria macrantha",0.005
"Plot172","f","Stratum-W21-1","W21","Medicago minima",0.00125
"Plot172","f","Stratum-W21-1","W21","Phillyrea latifolia",0.00125
"Plot172","f","Stratum-W21-1","W21","Quercus coccifera",0.22375
"Plot172","f","Stratum-W21-1","W21","Sideritis montana",0.00125
"Plot172","f","Stratum-W21-1","W21","Teucrium chamaedrys",0.015
"Plot173","f","Stratum-W21-1","W21","Carex flacca",0.005
"Plot173","f","Stratum-W21-1","W21","Cistus monspeliensis",0.16
"Plot173","f","Stratum-W21-1","W21","Juniperus oxycedrus",0.1125
"Plot173","f","Stratum-W21-1","W21","Linum viscosum",0.005
"Plot173","f","Stratum-W21-1","W21","Phillyrea latifolia",0.1975
"Plot173","f","Stratum-W21-1","W21","Pinus brutia",0.04
"Plot173","f","Stratum-W21-1","W21","Quercus coccifera",0.04
"Plot173","f","Stratum-W21-1","W21","Quercus ithaburensis subsp. macrolepis",0.01
"Plot173","f","Stratum-W21-1","W21","Teucrium chamaedrys",0.015
"Plot173","f","Stratum-W21-1","W21","Vulpia myuros",0.03125
"Plot174","f","Stratum-W21-1","W21","Bromus tectorum",0.015
"Plot174","f","Stratum-W21-1","W21","Dactylis glomerata",0.00125
"Plot174","f","Stratum-W21-1","W21","Eryngium campestre",0.02
"Plot174","f","Stratum-W21-1","W21","Hieracium pilosus",0.005
"Plot174","f","Stratum-W21-1","W21","Lolium rigidum",0.00625
"Plot174","f","Stratum-W21-1","W21","Paliurus spina-christi",0.3225
"Plot174","f","Stratum-W21-1","W21","Phillyrea latifolia",0.03
"Plot174","f","Stratum-W21-1","W21","Pyrus spinosa",0.0925
"Plot174","f","Stratum-W21-1","W21","Quercus coccifera",0.3125
"Plot174","f","Stratum-W21-1","W21","Rubus idaeus",0.005
"Plot174","f","Stratum-W21-1","W21","Teucrium chamaedrys",0.01
"Plot174","f","Stratum-W21-1","W21","Vulpia myuros",0.02125
"Plot175","f","Stratum-W21-1","W21","Acer monspessulanum",0.04
"Plot175","f","Stratum-W21-1","W21","Aegilops triuncialis",0.02125
"Plot175","f","Stratum-W21-1","W21","Anisantha sterilis",0.00125
"Plot175","f","Stratum-W21-1","W21","Avena sterilis",0.00125
"Plot175","f","Stratum-W21-1","W21","Bromus hordeaceus",0.01
"Plot175","f","Stratum-W21-1","W21","Centaurea solstitialis",0.04625
"Plot175","f","Stratum-W21-1","W21","Cichorium intybus",0.03125
"Plot175","f","Stratum-W21-1","W21","Cistus monspeliensis",0.01
"Plot175","f","Stratum-W21-1","W21","Dactylis glomerata",0.00625
"Plot175","f","Stratum-W21-1","W21","Eryngium campestre",0.00125
"Plot175","f","Stratum-W21-1","W21","Koeleria macrantha",0.005
"Plot175","f","Stratum-W21-1","W21","Lolium perenne",0.015
"Plot175","f","Stratum-W21-1","W21","Phillyrea latifolia",0.09375
"Plot175","f","Stratum-W21-1","W21","Phleum pratense",0.015
"Plot175","f","Stratum-W21-1","W21","Pimpinella saxifraga",0.0525
"Plot175","f","Stratum-W21-1","W21","Plantago lanceolata",0.01
"Plot175","f","Stratum-W21-1","W21","Pyrus spinosa",0.0425
"Plot175","f","Stratum-W21-1","W21","Quercus coccifera",0.25
"Plot175","f","Stratum-W21-1","W21","Quercus ithaburensis subsp. macrolepis",0.0425
"Plot175","f","Stratum-W21-1","W21","Rubus idaeus",0.15625
"Plot175","f","Stratum-W21-1","W21","Stachys germanica",0.02125
"Plot175","f","Stratum-W21-1","W21","Trifolium arvense",0.01
"Plot175","f","Stratum-W21-1","W21","Vulpia myuros",0.14
"Plot176","f","Stratum-W21-1","W21","Aegilops triuncialis",0.04125
"Plot176","f","Stratum-W21-1","W21","Anthemis arvensis",0.00125
"Plot176","f","Stratum-W21-1","W21","Artemisia campestris",0.0025
"Plot176","f","Stratum-W21-1","W21","Avena sterilis",0.0025
"Plot176","f","Stratum-W21-1","W21","Bromus tectorum",0.02625
"Plot176","f","Stratum-W21-1","W21","Cichorium intybus",0.00125
"Plot176","f","Stratum-W21-1","W21","Crepis sancta",0.00625
"Plot176","f","Stratum-W21-1","W21","Cynosurus echinatus",0.04625
"Plot176","f","Stratum-W21-1","W21","Dactylis glomerata",0.1025
"Plot176","f","Stratum-W21-1","W21","Eryngium campestre",0.0025
"Plot176","f","Stratum-W21-1","W21","Fragaria vesca",2.5e-4
"Plot176","f","Stratum-W21-1","W21","Fumana ericoides",0.04625
"Plot176","f","Stratum-W21-1","W21","Galium aparine",0.0475
"Plot176","f","Stratum-W21-1","W21","Hieracium pilosus",0.02
"Plot176","f","Stratum-W21-1","W21","Lolium perenne",0.08875
"Plot176","f","Stratum-W21-1","W21","Ononis spinosa",0.04625
"Plot176","f","Stratum-W21-1","W21","Phleum pratense",0.00625
"Plot176","f","Stratum-W21-1","W21","Plantago lanceolata",0.025
"Plot176","f","Stratum-W21-1","W21","Quercus ithaburensis subsp. macrolepis",0.00125
"Plot176","f","Stratum-W21-1","W21","Sanguisorba minor",0.00125
"Plot176","f","Stratum-W21-1","W21","Trifolium angustifolium",0.0825
"Plot176","f","Stratum-W21-1","W21","Trifolium arvense",0.04875
"Plot177","f","Stratum-W21-1","W21","Acer monspessulanum",0.005
"Plot177","f","Stratum-W21-1","W21","Asparagus acutifolius",0.005
"Plot177","f","Stratum-W21-1","W21","Carex sp.",0.02
"Plot177","f","Stratum-W21-1","W21","Cistus monspeliensis",0.005
"Plot177","f","Stratum-W21-1","W21","Dactylis glomerata",0.01125
"Plot177","f","Stratum-W21-1","W21","Fragaria vesca",0.00125
"Plot177","f","Stratum-W21-1","W21","Galium aparine",2.5e-4
"Plot177","f","Stratum-W21-1","W21","Lolium perenne",0.005
"Plot177","f","Stratum-W21-1","W21","Phillyrea latifolia",0.11375
"Plot177","f","Stratum-W21-1","W21","Phleum pratense",0.005
"Plot177","f","Stratum-W21-1","W21","Quercus cerris",0.4175
"Plot177","f","Stratum-W21-1","W21","Quercus coccifera",0.06125
"Plot177","f","Stratum-W21-1","W21","Quercus frainetto",0.375
"Plot177","f","Stratum-W21-1","W21","Rubus idaeus",0.05125
"Plot177","f","Stratum-W21-1","W21","Stachys germanica",0.006500000000000001
"Plot177","f","Stratum-W21-1","W21","Vulpia myuros",0.06125
"Plot178","f","Stratum-W21-1","W21","Cistus monspeliensis",0.03125
"Plot178","f","Stratum-W21-1","W21","Dactylis glomerata",0.015
"Plot178","f","Stratum-W21-1","W21","Eryngium campestre",2.5e-4
"Plot178","f","Stratum-W21-1","W21","Hypericum perforatum",0.01
"Plot178","f","Stratum-W21-1","W21","Juniperus oxycedrus",0.02
"Plot178","f","Stratum-W21-1","W21","Phillyrea latifolia",0.01
"Plot178","f","Stratum-W21-1","W21","Pinus brutia",0.04
"Plot178","f","Stratum-W21-1","W21","Pyrus spinosa",0.02
"Plot178","f","Stratum-W21-1","W21","Quercus coccifera",0.3125
"Plot178","f","Stratum-W21-1","W21","Trifolium arvense",0.01
"Plot179","f","Stratum-W21-1","W21","Anthoxanthum odoratum",0.0015
"Plot179","f","Stratum-W21-1","W21","Cistus monspeliensis",0.02125
"Plot179","f","Stratum-W21-1","W21","Cynosurus echinatus",0.00125
"Plot179","f","Stratum-W21-1","W21","Dasypyrum villosum",0.06125
"Plot179","f","Stratum-W21-1","W21","Eryngium campestre",2.5e-4
"Plot179","f","Stratum-W21-1","W21","Fumana ericoides",0.00375
"Plot179","f","Stratum-W21-1","W21","Galium aparine",0.00125
"Plot179","f","Stratum-W21-1","W21","Hieracium pilosus",0.00125
"Plot179","f","Stratum-W21-1","W21","Hypericum perforatum",0.03125
"Plot179","f","Stratum-W21-1","W21","Juniperus oxycedrus",0.02625
"Plot179","f","Stratum-W21-1","W21","Koeleria macrantha",0.0175
"Plot179","f","Stratum-W21-1","W21","Mentha sp.",0.00125
"Plot179","f","Stratum-W21-1","W21","Petrorhagia dubia",0.00125
"Plot179","f","Stratum-W21-1","W21","Phillyrea latifolia",0.05625
"Plot179","f","Stratum-W21-1","W21","Pterocephalus plumosus",0.01125
"Plot179","f","Stratum-W21-1","W21","Pyrus spinosa",0.02
"Plot179","f","Stratum-W21-1","W21","Quercus coccifera",0.02
"Plot179","f","Stratum-W21-1","W21","Satureja montana",0.09375
"Plot179","f","Stratum-W21-1","W21","Teucrium chamaedrys",0.0115
"Plot179","f","Stratum-W21-1","W21","Trifolium angustifolium",0.005
"Plot179","f","Stratum-W21-1","W21","Trifolium nigrescens",0.04625
"Plot179","f","Stratum-W21-1","W21","Velezia rigida",0.00125
"Plot179","f","Stratum-W21-1","W21","Vicia sp.",0.005
"Plot179","f","Stratum-W21-1","W21","Vulpia myuros",0.01
"Plot180","f","Stratum-W21-1","W21","Asparagus acutifolius",0.005
"Plot180","f","Stratum-W21-1","W21","Cistus monspeliensis",0.04625
"Plot180","f","Stratum-W21-1","W21","Eryngium campestre",0.005
"Plot180","f","Stratum-W21-1","W21","Fraxinus ornus",0.01
"Plot180","f","Stratum-W21-1","W21","Hypericum olympicum",0.005
"Plot180","f","Stratum-W21-1","W21","Hypericum perforatum",0.02125
"Plot180","f","Stratum-W21-1","W21","Juniperus excelsa",0.02
"Plot180","f","Stratum-W21-1","W21","Phillyrea latifolia",0.0925
"Plot180","f","Stratum-W21-1","W21","Pimpinella saxifraga",0.005
"Plot180","f","Stratum-W21-1","W21","Pyrus spinosa",0.185
"Plot180","f","Stratum-W21-1","W21","Quercus coccifera",0.1975
"Plot180","f","Stratum-W21-1","W21","Satureja montana",0.01625
"Plot180","f","Stratum-W21-1","W21","Vulpia myuros",0.01
"Plot193","f","Stratum-W2-1","W2","Agrostis capillaris",0.2075
"Plot193","f","Stratum-W2-1","W2","Artemisia sp.",0.005
"Plot193","f","Stratum-W2-1","W2","Avena barbata",0.02125
"Plot193","f","Stratum-W2-1","W2","Avena sterilis",0.00625
"Plot193","f","Stratum-W2-1","W2","Carex flacca",0.02125
"Plot193","f","Stratum-W2-1","W2","Cistus creticus",0.01125
"Plot193","f","Stratum-W2-1","W2","Dactylis glomerata",0.00125
"Plot193","f","Stratum-W2-1","W2","Dianthus cruentus",0.0025
"Plot193","f","Stratum-W2-1","W2","Festuca sp. 1",0.005
"Plot193","f","Stratum-W2-1","W2","Hypericum perforatum",0.0125
"Plot193","f","Stratum-W2-1","W2","Mentha sp.",0.00125
"Plot193","f","Stratum-W2-1","W2","Microthlaspi perfoliatum",0.00875
"Plot193","f","Stratum-W2-1","W2","Muscari neglectum",0.0015
"Plot193","f","Stratum-W2-1","W2","Onobrychis alba",0.06625
"Plot193","f","Stratum-W2-1","W2","Peucedanum sp.",0.0475
"Plot193","f","Stratum-W2-1","W2","Pterocephalus plumosus",0.0125
"Plot193","f","Stratum-W2-1","W2","Quercus coccifera",0.1875
"Plot193","f","Stratum-W2-1","W2","Setaria viridis",0.04125
"Plot193","f","Stratum-W2-1","W2","Stachys germanica",0.005
"Plot193","f","Stratum-W2-1","W2","Teucrium chamaedrys",0.02
"Plot193","f","Stratum-W2-1","W2","Trifolium angustifolium",0.0325
"Plot194","f","Stratum-W2-1","W2","Aegilops triuncialis",0.00625
"Plot194","f","Stratum-W2-1","W2","Agrostis capillaris",0.25
"Plot194","f","Stratum-W2-1","W2","Anthoxanthum odoratum",0.005
"Plot194","f","Stratum-W2-1","W2","Asplenium onopteris",0.00125
"Plot194","f","Stratum-W2-1","W2","Avena barbata",0.015
"Plot194","f","Stratum-W2-1","W2","Avena sterilis",0.01125
"Plot194","f","Stratum-W2-1","W2","Cynodon dactylon",0.05625
"Plot194","f","Stratum-W2-1","W2","Dianthus cruentus",0.09875
"Plot194","f","Stratum-W2-1","W2","Euphorbia myrsinites",0.01625
"Plot194","f","Stratum-W2-1","W2","Hordeum vulgare",0.005
"Plot194","f","Stratum-W2-1","W2","Hypericum perforatum",0.0425
"Plot194","f","Stratum-W2-1","W2","Mentha sp.",0.005
"Plot194","f","Stratum-W2-1","W2","Microthlaspi perfoliatum",0.005
"Plot194","f","Stratum-W2-1","W2","Muscari neglectum",0.00625
"Plot194","f","Stratum-W2-1","W2","Onobrychis alba",0.07375
"Plot194","f","Stratum-W2-1","W2","Phillyrea latifolia",0.005
"Plot194","f","Stratum-W2-1","W2","Potentilla recta",0.01
"Plot194","f","Stratum-W2-1","W2","Quercus coccifera",0.04625
"Plot194","f","Stratum-W2-1","W2","Sideritis montana",0.01
"Plot194","f","Stratum-W2-1","W2","Sideritis scardica",0.00125
"Plot194","f","Stratum-W2-1","W2","Teucrium chamaedrys",0.005
"Plot195","f","Stratum-W2-1","W2","Agrostis capillaris",0.09375
"Plot195","f","Stratum-W2-1","W2","Allium sp.",2.5e-4
"Plot195","f","Stratum-W2-1","W2","Asparagus acutifolius",0.02125
"Plot195","f","Stratum-W2-1","W2","Avena barbata",0.02625
"Plot195","f","Stratum-W2-1","W2","Avena sterilis",0.015
"Plot195","f","Stratum-W2-1","W2","Centaurea solstitialis",0.005
"Plot195","f","Stratum-W2-1","W2","Centaurea sp.",2.5e-4
"Plot195","f","Stratum-W2-1","W2","Cistus creticus",0.00125
"Plot195","f","Stratum-W2-1","W2","Cynosurus echinatus",0.04625
"Plot195","f","Stratum-W2-1","W2","Dianthus cruentus",0.01
"Plot195","f","Stratum-W2-1","W2","Galium aparine",0.005
"Plot195","f","Stratum-W2-1","W2","Juniperus oxycedrus",2.5e-4
"Plot195","f","Stratum-W2-1","W2","Mentha sp.",0.015
"Plot195","f","Stratum-W2-1","W2","Microthlaspi perfoliatum",0.015
"Plot195","f","Stratum-W2-1","W2","Nigella arvensis",0.00125
"Plot195","f","Stratum-W2-1","W2","Origanum vulgare",0.005
"Plot195","f","Stratum-W2-1","W2","Orlaya daucoides",0.05625
"Plot195","f","Stratum-W2-1","W2","Phillyrea latifolia",0.16625
"Plot195","f","Stratum-W2-1","W2","Pimpinella saxifraga",0.02
"Plot195","f","Stratum-W2-1","W2","Pterocephalus plumosus",0.00125
"Plot195","f","Stratum-W2-1","W2","Quercus coccifera",0.1875
"Plot195","f","Stratum-W2-1","W2","Ruscus aculeatus",0.00125
"Plot195","f","Stratum-W2-1","W2","Sideritis montana",0.10375
"Plot195","f","Stratum-W2-1","W2","Thymelaea passerina",0.0025
"Plot195","f","Stratum-W2-1","W2","Viola sp.",0.0225
"Plot195","f","Stratum-W2-1","W2","Vulpia myuros",0.16625
"Plot196","f","Stratum-W2-1","W2","Carex flacca",0.01
"Plot196","f","Stratum-W2-1","W2","Centaurea solstitialis",0.01
"Plot196","f","Stratum-W2-1","W2","Crataegus monogyna",0.03125
"Plot196","f","Stratum-W2-1","W2","Dactylis glomerata",0.00125
"Plot196","f","Stratum-W2-1","W2","Dianthus cruentus",0.06125
"Plot196","f","Stratum-W2-1","W2","Euphorbia myrsinites",0.01
"Plot196","f","Stratum-W2-1","W2","Hypericum perforatum",0.02
"Plot196","f","Stratum-W2-1","W2","Mentha sp.",0.01
"Plot196","f","Stratum-W2-1","W2","Onobrychis alba",0.04625
"Plot196","f","Stratum-W2-1","W2","Paliurus spina-christi",0.28
"Plot196","f","Stratum-W2-1","W2","Phillyrea latifolia",0.04625
"Plot196","f","Stratum-W2-1","W2","Quercus coccifera",0.2125
"Plot196","f","Stratum-W2-1","W2","Teucrium chamaedrys",0.01
"Plot196","f","Stratum-W2-1","W2","Trifolium angustifolium",0.005
"Plot197","f","Stratum-W2-1","W2","Alyssum simplex",0.00125
"Plot197","f","Stratum-W2-1","W2","Avena sterilis",0.00125
"Plot197","f","Stratum-W2-1","W2","Bromus hordeaceus",0.00125
"Plot197","f","Stratum-W2-1","W2","Centaurea solstitialis",0.0125
"Plot197","f","Stratum-W2-1","W2","Euphorbia myrsinites",0.005
"Plot197","f","Stratum-W2-1","W2","Fumana sp.",0.00625
"Plot197","f","Stratum-W2-1","W2","Geranium brutium",0.00125
"Plot197","f","Stratum-W2-1","W2","Hypericum perforatum",0.00125
"Plot197","f","Stratum-W2-1","W2","Medicago minima",0.02
"Plot197","f","Stratum-W2-1","W2","Mentha sp.",0.05125
"Plot197","f","Stratum-W2-1","W2","Microthlaspi perfoliatum",0.005
"Plot197","f","Stratum-W2-1","W2","Origanum vulgare",0.025
"Plot197","f","Stratum-W2-1","W2","Pyrus spinosa",0.00625
"Plot197","f","Stratum-W2-1","W2","Quercus coccifera",0.4375
"Plot197","f","Stratum-W2-1","W2","Rumex acetosella",0.005
"Plot197","f","Stratum-W2-1","W2","Sanguisorba minor",0.005
"Plot197","f","Stratum-W2-1","W2","Trifolium angustifolium",0.02125
"Plot197","f","Stratum-W2-1","W2","Trifolium arvense",0.00125
"Plot198","f","Stratum-W2-1","W2","Agrostis capillaris",0.05125
"Plot198","f","Stratum-W2-1","W2","Alyssum simplex",0.00125
"Plot198","f","Stratum-W2-1","W2","Carex flacca",0.03125
"Plot198","f","Stratum-W2-1","W2","Cistus creticus",0.02125
"Plot198","f","Stratum-W2-1","W2","Crataegus monogyna",0.09375
"Plot198","f","Stratum-W2-1","W2","Cynosurus echinatus",0.01
"Plot198","f","Stratum-W2-1","W2","Dactylis glomerata",0.0225
"Plot198","f","Stratum-W2-1","W2","Dasypyrum villosum",0.04625
"Plot198","f","Stratum-W2-1","W2","Euphorbia myrsinites",0.01
"Plot198","f","Stratum-W2-1","W2","Galium aparine",0.00125
"Plot198","f","Stratum-W2-1","W2","Hypericum perforatum",0.01
"Plot198","f","Stratum-W2-1","W2","Lactuca serriola",0.01
"Plot198","f","Stratum-W2-1","W2","Luzula multiflora",0.09375
"Plot198","f","Stratum-W2-1","W2","Marrubium vulgare",0.01
"Plot198","f","Stratum-W2-1","W2","Onobrychis aequidentata",0.09875
"Plot198","f","Stratum-W2-1","W2","Origanum vulgare",0.0575
"Plot198","f","Stratum-W2-1","W2","Pistacia lentiscus",0.00125
"Plot198","f","Stratum-W2-1","W2","Potentilla recta",0.01
"Plot198","f","Stratum-W2-1","W2","Pyrus spinosa",0.01
"Plot198","f","Stratum-W2-1","W2","Quercus coccifera",0.27
"Plot198","f","Stratum-W2-1","W2","Sideritis montana",0.01
"Plot198","f","Stratum-W2-1","W2","Stachys germanica",0.005
"Plot198","f","Stratum-W2-1","W2","Teucrium chamaedrys",0.005
"Plot199","f","Stratum-W2-1","W2","Aegilops triuncialis",0.01125
"Plot199","f","Stratum-W2-1","W2","Agrostis capillaris",0.04125
"Plot199","f","Stratum-W2-1","W2","Asparagus acutifolius",0.02125
"Plot199","f","Stratum-W2-1","W2","Carex flacca",0.09375
"Plot199","f","Stratum-W2-1","W2","Carpinus orientalis",0.005
"Plot199","f","Stratum-W2-1","W2","Dactylis glomerata",0.02
"Plot199","f","Stratum-W2-1","W2","Dianthus viscidus",0.02125
"Plot199","f","Stratum-W2-1","W2","Eryngium campestre",0.005
"Plot199","f","Stratum-W2-1","W2","Filipendula vulgaris",0.01
"Plot199","f","Stratum-W2-1","W2","Fumaria officinalis",0.00125
"Plot199","f","Stratum-W2-1","W2","Koeleria macrantha",0.025
"Plot199","f","Stratum-W2-1","W2","Marrubium vulgare",0.015
"Plot199","f","Stratum-W2-1","W2","Onobrychis aequidentata",0.2075
"Plot199","f","Stratum-W2-1","W2","Onobrychis caput-galli",0.03125
"Plot199","f","Stratum-W2-1","W2","Pimpinella saxifraga",0.005
"Plot199","f","Stratum-W2-1","W2","Potentilla recta",0.02
"Plot199","f","Stratum-W2-1","W2","Pyrus spinosa",0.01
"Plot199","f","Stratum-W2-1","W2","Quercus coccifera",0.10375
"Plot199","f","Stratum-W2-1","W2","Sanguisorba minor",0.005
"Plot199","f","Stratum-W2-1","W2","Sideritis montana",0.0425
"Plot199","f","Stratum-W2-1","W2","Teucrium chamaedrys",0.015
"Plot199","f","Stratum-W2-1","W2","Trifolium angustifolium",0.005
"Plot199","f","Stratum-W2-1","W2","Trifolium arvense",0.005
"Plot2","f","Stratum-U4-1","U4","Bromus tectorum",0.04625
"Plot2","f","Stratum-U4-1","U4","Cardamine hirsuta",2.5e-4
"Plot2","f","Stratum-U4-1","U4","Cerastium semidecandrum",0.0075
"Plot2","f","Stratum-U4-1","U4","Crepis sancta",0.06875
"Plot2","f","Stratum-U4-1","U4","Crupina vulgaris",0.00625
"Plot2","f","Stratum-U4-1","U4","Draba muralis",0.006500000000000001
"Plot2","f","Stratum-U4-1","U4","Eryngium campestre",0.02625
"Plot2","f","Stratum-U4-1","U4","Geranium brutium",0.00375
"Plot2","f","Stratum-U4-1","U4","Helianthemum nummularium",0.005
"Plot2","f","Stratum-U4-1","U4","Holosteum umbellatum",0.00125
"Plot2","f","Stratum-U4-1","U4","Hordeum murinum",0.0725
"Plot2","f","Stratum-U4-1","U4","Inula oculus-christi",0.005
"Plot2","f","Stratum-U4-1","U4","Medicago minima",0.0075
"Plot2","f","Stratum-U4-1","U4","Neatostema apulum",0.00125
"Plot2","f","Stratum-U4-1","U4","Onobrychis aequidentata",0.00625
"Plot2","f","Stratum-U4-1","U4","Plantago afra",0.09375
"Plot2","f","Stratum-U4-1","U4","Poa bulbosa",0.405
"Plot2","f","Stratum-U4-1","U4","Saxifraga carpetana subsp. graeca",0.0115
"Plot2","f","Stratum-U4-1","U4","Sherardia arvensis",0.00625
"Plot2","f","Stratum-U4-1","U4","Sisymbrium officinale",0.09375
"Plot2","f","Stratum-U4-1","U4","Teesdalia coronopifolia",0.00125
"Plot2","f","Stratum-U4-1","U4","Trifolium arvense",0.0025
"Plot2","f","Stratum-U4-1","U4","Verbascum sp.1",2.5e-4
"Plot2","f","Stratum-U4-1","U4","Veronica verna",0.0025
"Plot2","f","Stratum-U4-1","U4","Viola sp.",0.0125
"Plot200","f","Stratum-W2-1","W2","Aegilops triuncialis",0.005
"Plot200","f","Stratum-W2-1","W2","Agrostis capillaris",0.0725
"Plot200","f","Stratum-W2-1","W2","Allium sp.",2.5e-4
"Plot200","f","Stratum-W2-1","W2","Cistus monspeliensis",0.02125
"Plot200","f","Stratum-W2-1","W2","Fumana sp.",0.0025
"Plot200","f","Stratum-W2-1","W2","Hypericum perforatum",0.005
"Plot200","f","Stratum-W2-1","W2","Koeleria macrantha",0.01
"Plot200","f","Stratum-W2-1","W2","Luzula multiflora",0.17625
"Plot200","f","Stratum-W2-1","W2","Marrubium vulgare",0.02125
"Plot200","f","Stratum-W2-1","W2","Muscari neglectum",0.00125
"Plot200","f","Stratum-W2-1","W2","Onobrychis aequidentata",0.0875
"Plot200","f","Stratum-W2-1","W2","Origanum vulgare",0.005
"Plot200","f","Stratum-W2-1","W2","Potentilla recta",0.01
"Plot200","f","Stratum-W2-1","W2","Pyrus spinosa",0.01
"Plot200","f","Stratum-W2-1","W2","Quercus coccifera",0.27625
"Plot200","f","Stratum-W2-1","W2","Sideritis montana",0.06375
"Plot200","f","Stratum-W2-1","W2","Teucrium chamaedrys",0.06125
"Plot200","f","Stratum-W2-1","W2","Trifolium arvense",0.00625
"Plot201","f","Stratum-W2-1","W2","Agrostis capillaris",0.01
"Plot201","f","Stratum-W2-1","W2","Allium sp.",0.00125
"Plot201","f","Stratum-W2-1","W2","Dianthus viscidus",0.01
"Plot201","f","Stratum-W2-1","W2","Hypericum perforatum",0.04625
"Plot201","f","Stratum-W2-1","W2","Marrubium vulgare",0.005
"Plot201","f","Stratum-W2-1","W2","Pyrus spinosa",0.19
"Plot201","f","Stratum-W2-1","W2","Quercus coccifera",0.59375
"Plot201","f","Stratum-W2-1","W2","Sideritis montana",0.09375
"Plot201","f","Stratum-W2-1","W2","Torilis arvensis",0.02125
"Plot201","f","Stratum-W2-1","W2","Trifolium angustifolium",0.00125
"Plot202","f","Stratum-W2-1","W2","Agrostis capillaris",0.02125
"Plot202","f","Stratum-W2-1","W2","Avena barbata",0.00125
"Plot202","f","Stratum-W2-1","W2","Briza media",0.01
"Plot202","f","Stratum-W2-1","W2","Cynosurus echinatus",0.04125
"Plot202","f","Stratum-W2-1","W2","Dactylis glomerata",0.03125
"Plot202","f","Stratum-W2-1","W2","Dianthus viscidus",0.051500000000000004
"Plot202","f","Stratum-W2-1","W2","Euphorbia myrsinites",0.00125
"Plot202","f","Stratum-W2-1","W2","Hypericum perforatum",0.0425
"Plot202","f","Stratum-W2-1","W2","Koeleria macrantha",0.04625
"Plot202","f","Stratum-W2-1","W2","Linum sp.",0.01
"Plot202","f","Stratum-W2-1","W2","Mentha sp.",0.00625
"Plot202","f","Stratum-W2-1","W2","Microthlaspi perfoliatum",0.04125
"Plot202","f","Stratum-W2-1","W2","Muscari neglectum",0.00125
"Plot202","f","Stratum-W2-1","W2","Onobrychis aequidentata",0.0425
"Plot202","f","Stratum-W2-1","W2","Potentilla recta",0.01
"Plot202","f","Stratum-W2-1","W2","Pterocephalus plumosus",0.10375
"Plot202","f","Stratum-W2-1","W2","Quercus coccifera",0.34375
"Plot202","f","Stratum-W2-1","W2","Sideritis montana",0.05625
"Plot202","f","Stratum-W2-1","W2","Thymelaea passerina",0.00125
"Plot203","f","Stratum-W2-1","W2","Aegilops triuncialis",0.01
"Plot203","f","Stratum-W2-1","W2","Agrostis capillaris",0.06625
"Plot203","f","Stratum-W2-1","W2","Carpinus orientalis",0.01
"Plot203","f","Stratum-W2-1","W2","Cistus creticus",0.02125
"Plot203","f","Stratum-W2-1","W2","Cynosurus echinatus",0.03125
"Plot203","f","Stratum-W2-1","W2","Dactylis glomerata",0.05625
"Plot203","f","Stratum-W2-1","W2","Eryngium campestre",0.03125
"Plot203","f","Stratum-W2-1","W2","Filipendula vulgaris",0.01
"Plot203","f","Stratum-W2-1","W2","Fumaria officinalis",0.02125
"Plot203","f","Stratum-W2-1","W2","Galium aparine",0.005
"Plot203","f","Stratum-W2-1","W2","Hypericum perforatum",0.02125
"Plot203","f","Stratum-W2-1","W2","Muscari neglectum",0.00125
"Plot203","f","Stratum-W2-1","W2","Onobrychis aequidentata",0.0925
"Plot203","f","Stratum-W2-1","W2","Ononis reclinata",0.2075
"Plot203","f","Stratum-W2-1","W2","Origanum vulgare",0.02625
"Plot203","f","Stratum-W2-1","W2","Petrorhagia dubia",0.01
"Plot203","f","Stratum-W2-1","W2","Plantago lanceolata",0.005
"Plot203","f","Stratum-W2-1","W2","Potentilla recta",0.0425
"Plot203","f","Stratum-W2-1","W2","Prunella laciniata",0.01
"Plot203","f","Stratum-W2-1","W2","Pterocephalus plumosus",0.005
"Plot203","f","Stratum-W2-1","W2","Pyrus spinosa",0.185
"Plot203","f","Stratum-W2-1","W2","Quercus coccifera",0.16125
"Plot203","f","Stratum-W2-1","W2","Sideritis montana",0.05625
"Plot203","f","Stratum-W2-1","W2","Teucrium chamaedrys",0.015
"Plot203","f","Stratum-W2-1","W2","Trifolium angustifolium",0.035
"Plot203","f","Stratum-W2-1","W2","Trifolium arvense",0.02125
"Plot204","f","Stratum-W2-1","W2","Aegilops triuncialis",0.005
"Plot204","f","Stratum-W2-1","W2","Agrostis capillaris",0.04625
"Plot204","f","Stratum-W2-1","W2","Allium sp.",0.01
"Plot204","f","Stratum-W2-1","W2","Alyssum simplex",0.00125
"Plot204","f","Stratum-W2-1","W2","Bromus hordeaceus",0.005
"Plot204","f","Stratum-W2-1","W2","Carpinus orientalis",0.0025
"Plot204","f","Stratum-W2-1","W2","Crataegus monogyna",0.04625
"Plot204","f","Stratum-W2-1","W2","Cynosurus echinatus",0.02625
"Plot204","f","Stratum-W2-1","W2","Dactylis glomerata",0.05125
"Plot204","f","Stratum-W2-1","W2","Daucus guttatus",0.04625
"Plot204","f","Stratum-W2-1","W2","Dichanthium ischaemum",0.0675
"Plot204","f","Stratum-W2-1","W2","Euphorbia myrsinites",0.00125
"Plot204","f","Stratum-W2-1","W2","Festuca sp. 2",0.03125
"Plot204","f","Stratum-W2-1","W2","Filipendula vulgaris",0.09375
"Plot204","f","Stratum-W2-1","W2","Fraxinus ornus",0.04625
"Plot204","f","Stratum-W2-1","W2","Fumaria officinalis",0.005
"Plot204","f","Stratum-W2-1","W2","Hypericum perforatum",0.04125
"Plot204","f","Stratum-W2-1","W2","Inula sp.",0.0225
"Plot204","f","Stratum-W2-1","W2","Luzula multiflora",0.09375
"Plot204","f","Stratum-W2-1","W2","Mentha sp.",0.015
"Plot204","f","Stratum-W2-1","W2","Microthlaspi perfoliatum",0.02
"Plot204","f","Stratum-W2-1","W2","Muscari neglectum",0.0025
"Plot204","f","Stratum-W2-1","W2","Phillyrea latifolia",0.01
"Plot204","f","Stratum-W2-1","W2","Pimpinella saxifraga",0.00125
"Plot204","f","Stratum-W2-1","W2","Potentilla recta",0.00125
"Plot204","f","Stratum-W2-1","W2","Pyrus spinosa",0.085
"Plot204","f","Stratum-W2-1","W2","Quercus coccifera",0.04
"Plot204","f","Stratum-W2-1","W2","Sideritis montana",0.015
"Plot204","f","Stratum-W2-1","W2","Teucrium chamaedrys",0.04125
"Plot217","f","Stratum-U17-1","U17","Avena sterilis",0.00125
"Plot217","f","Stratum-U17-1","U17","Carthamus lanatus",0.00125
"Plot217","f","Stratum-U17-1","U17","Catapodium rigidum",0.01
"Plot217","f","Stratum-U17-1","U17","Crataegus monogyna",0.0025
"Plot217","f","Stratum-U17-1","U17","Dactylis glomerata",0.00875
"Plot217","f","Stratum-U17-1","U17","Helianthemum nummularium",0.0075
"Plot217","f","Stratum-U17-1","U17","Hordeum murinum",0.00125
"Plot217","f","Stratum-U17-1","U17","Melica ciliata",0.02875
"Plot217","f","Stratum-U17-1","U17","Quercus coccifera",0.625
"Plot217","f","Stratum-U17-1","U17","Stipa pennata",0.00125
"Plot217","f","Stratum-U17-1","U17","Thymus sibthorpii",0.00125
"Plot217","f","Stratum-U17-1","U17","Trifolium angustifolium",0.0075
"Plot217","f","Stratum-U17-1","U17","Trifolium scabrum",0.01
"Plot218","f","Stratum-U17-1","U17","Asparagus acutifolius",0.01
"Plot218","f","Stratum-U17-1","U17","Crepis sancta",5e-4
"Plot218","f","Stratum-U17-1","U17","Dactylis glomerata",0.00125
"Plot218","f","Stratum-U17-1","U17","Hordeum murinum",0.0015
"Plot218","f","Stratum-U17-1","U17","Matricaria recutita",0.00125
"Plot218","f","Stratum-U17-1","U17","Melica ciliata",0.0025
"Plot218","f","Stratum-U17-1","U17","Paliurus spina-christi",0.085
"Plot218","f","Stratum-U17-1","U17","Petrorhagia dubia",0.00125
"Plot218","f","Stratum-U17-1","U17","Phillyrea latifolia",0.185
"Plot218","f","Stratum-U17-1","U17","Plantago bellardii",0.00125
"Plot218","f","Stratum-U17-1","U17","Quercus coccifera",0.625
"Plot218","f","Stratum-U17-1","U17","Ruscus aculeatus",0.0025
"Plot218","f","Stratum-U17-1","U17","Solanum elaeagnifolium",2.5e-4
"Plot218","f","Stratum-U17-1","U17","Torilis nodosa",2.5e-4
"Plot218","f","Stratum-U17-1","U17","Trifolium hirtum",0.0025
"Plot218","f","Stratum-U17-1","U17","Trifolium scabrum",0.0025
"Plot219","f","Stratum-U17-1","U17","Avena sterilis",0.01625
"Plot219","f","Stratum-U17-1","U17","Carthamus lanatus",0.00875
"Plot219","f","Stratum-U17-1","U17","Cichorium intybus",0.00125
"Plot219","f","Stratum-U17-1","U17","Eryngium campestre",0.00775
"Plot219","f","Stratum-U17-1","U17","Helianthemum nummularium",0.00875
"Plot219","f","Stratum-U17-1","U17","Matricaria recutita",0.0075
"Plot219","f","Stratum-U17-1","U17","Melica ciliata",0.03625
"Plot219","f","Stratum-U17-1","U17","Petrorhagia dubia",0.005
"Plot219","f","Stratum-U17-1","U17","Phleum pratense",0.04375
"Plot219","f","Stratum-U17-1","U17","Plantago bellardii",0.135
"Plot219","f","Stratum-U17-1","U17","Solanum elaeagnifolium",0.01
"Plot219","f","Stratum-U17-1","U17","Stachys sp.",0.00125
"Plot219","f","Stratum-U17-1","U17","Trifolium hirtum",0.00125
"Plot219","f","Stratum-U17-1","U17","Trifolium nigrescens",0.0075
"Plot219","f","Stratum-U17-1","U17","Trifolium scabrum",0.00125
"Plot220","f","Stratum-U17-1","U17","Aegilops triuncialis",0.0075
"Plot220","f","Stratum-U17-1","U17","Allium sp.",2.5e-4
"Plot220","f","Stratum-U17-1","U17","Crepis sancta",0.00875
"Plot220","f","Stratum-U17-1","U17","Eryngium campestre",0.0075
"Plot220","f","Stratum-U17-1","U17","Euphorbia dendroides",2.5e-4
"Plot220","f","Stratum-U17-1","U17","Filago arvensis",0.0075
"Plot220","f","Stratum-U17-1","U17","Galium aparine",0.0075
"Plot220","f","Stratum-U17-1","U17","Hordeum murinum",0.0075
"Plot220","f","Stratum-U17-1","U17","Lagoecia cuminoides",0.00125
"Plot220","f","Stratum-U17-1","U17","Matricaria recutita",0.05125
"Plot220","f","Stratum-U17-1","U17","Melica ciliata",0.015
"Plot220","f","Stratum-U17-1","U17","Petrorhagia dubia",0.00875
"Plot220","f","Stratum-U17-1","U17","Phillyrea latifolia",0.085
"Plot220","f","Stratum-U17-1","U17","Phleum pratense",0.0075
"Plot220","f","Stratum-U17-1","U17","Plantago bellardii",0.015
"Plot220","f","Stratum-U17-1","U17","Sisymbrium officinale",0.0075
"Plot220","f","Stratum-U17-1","U17","Stipa pennata",0.0075
"Plot220","f","Stratum-U17-1","U17","Trifolium angustifolium",0.0075
"Plot220","f","Stratum-U17-1","U17","Trifolium scabrum",0.08875
"Plot221","f","Stratum-U17-1","U17","Aegilops triuncialis",0.00125
"Plot221","f","Stratum-U17-1","U17","Alyssum simplex",0.00125
"Plot221","f","Stratum-U17-1","U17","Catapodium rigidum",0.00875
"Plot221","f","Stratum-U17-1","U17","Erysimum sp.",2.5e-4
"Plot221","f","Stratum-U17-1","U17","Filago arvensis",0.0075
"Plot221","f","Stratum-U17-1","U17","Matricaria recutita",0.0075
"Plot221","f","Stratum-U17-1","U17","Melica ciliata",0.0075
"Plot221","f","Stratum-U17-1","U17","Phleum pratense",0.11
"Plot221","f","Stratum-U17-1","U17","Plantago bellardii",0.0925
"Plot221","f","Stratum-U17-1","U17","Solanum elaeagnifolium",0.0075
"Plot221","f","Stratum-U17-1","U17","Taeniatherum caput-medusae",0.00125
"Plot221","f","Stratum-U17-1","U17","Teucrium capitatum",0.015
"Plot221","f","Stratum-U17-1","U17","Thymus sibthorpii",0.05
"Plot221","f","Stratum-U17-1","U17","Torilis nodosa",0.00875
"Plot221","f","Stratum-U17-1","U17","Trifolium hirtum",0.0025
"Plot221","f","Stratum-U17-1","U17","Trifolium scabrum",0.05125
"Plot221","f","Stratum-U17-1","U17","Vulpia muralis",0.00125
"Plot222","f","Stratum-U17-1","U17","Asparagus acutifolius",0.04375
"Plot222","f","Stratum-U17-1","U17","Bromus tectorum",0.0025
"Plot222","f","Stratum-U17-1","U17","Catapodium rigidum",0.00125
"Plot222","f","Stratum-U17-1","U17","Crataegus monogyna",0.085
"Plot222","f","Stratum-U17-1","U17","Cruciata pedemontana",2.5e-4
"Plot222","f","Stratum-U17-1","U17","Draba muralis",2.5e-4
"Plot222","f","Stratum-U17-1","U17","Euphorbia dendroides",0.0075
"Plot222","f","Stratum-U17-1","U17","Lagoecia cuminoides",0.00125
"Plot222","f","Stratum-U17-1","U17","Paliurus spina-christi",0.085
"Plot222","f","Stratum-U17-1","U17","Phleum pratense",0.00125
"Plot222","f","Stratum-U17-1","U17","Quercus coccifera",0.375
"Plot222","f","Stratum-U17-1","U17","Rubia peregrina",0.0075
"Plot222","f","Stratum-U17-1","U17","Ruscus aculeatus",0.02875
"Plot222","f","Stratum-U17-1","U17","Sisymbrium officinale",0.00125
"Plot222","f","Stratum-U17-1","U17","Teucrium chamaedrys",0.0075
"Plot222","f","Stratum-U17-1","U17","Torilis nodosa",0.00125
"Plot222","f","Stratum-U17-1","U17","Trifolium scabrum",0.00125
"Plot223","f","Stratum-U17-1","U17","Asparagus acutifolius",0.0225
"Plot223","f","Stratum-U17-1","U17","Cynosurus echinatus",0.00125
"Plot223","f","Stratum-U17-1","U17","Euphorbia dendroides",2.5e-4
"Plot223","f","Stratum-U17-1","U17","Juniperus oxycedrus",0.02125
"Plot223","f","Stratum-U17-1","U17","Lagurus ovatus",2.5e-4
"Plot223","f","Stratum-U17-1","U17","Matricaria recutita",0.00125
"Plot223","f","Stratum-U17-1","U17","Olea europaea",0.085
"Plot223","f","Stratum-U17-1","U17","Orlaya daucoides",2.5e-4
"Plot223","f","Stratum-U17-1","U17","Phillyrea latifolia",0.185
"Plot223","f","Stratum-U17-1","U17","Quercus coccifera",0.625
"Plot223","f","Stratum-U17-1","U17","Ruscus aculeatus",0.01
"Plot223","f","Stratum-U17-1","U17","Silene conica",2.5e-4
"Plot223","f","Stratum-U17-1","U17","Trifolium angustifolium",0.00125
"Plot224","f","Stratum-U17-1","U17","Asparagus acutifolius",0.01625
"Plot224","f","Stratum-U17-1","U17","Avena sterilis",0.00125
"Plot224","f","Stratum-U17-1","U17","Bromus tectorum",0.0075
"Plot224","f","Stratum-U17-1","U17","Dasypyrum villosum",0.00125
"Plot224","f","Stratum-U17-1","U17","Galium aparine",0.00125
"Plot224","f","Stratum-U17-1","U17","Melica ciliata",0.015
"Plot224","f","Stratum-U17-1","U17","Olea europaea",0.4175
"Plot224","f","Stratum-U17-1","U17","Paliurus spina-christi",0.0425
"Plot224","f","Stratum-U17-1","U17","Phillyrea latifolia",0.0075
"Plot224","f","Stratum-U17-1","U17","Phleum pratense",0.0025
"Plot224","f","Stratum-U17-1","U17","Quercus coccifera",0.375
"Plot224","f","Stratum-U17-1","U17","Ruscus aculeatus",0.00125
"Plot224","f","Stratum-U17-1","U17","Solanum elaeagnifolium",0.00125
"Plot224","f","Stratum-U17-1","U17","Trifolium angustifolium",0.0025
"Plot225","f","Stratum-U17-1","U17","Asparagus acutifolius",0.0025
"Plot225","f","Stratum-U17-1","U17","Quercus coccifera",0.625
"Plot225","f","Stratum-U17-1","U17","Rubia peregrina",0.00125
"Plot225","f","Stratum-U17-1","U17","Ruscus aculeatus",0.0025
"Plot226","f","Stratum-U17-1","U17","Asparagus acutifolius",0.01
"Plot226","f","Stratum-U17-1","U17","Crataegus monogyna",0.0425
"Plot226","f","Stratum-U17-1","U17","Dactylis glomerata",0.00125
"Plot226","f","Stratum-U17-1","U17","Dasypyrum villosum",0.00125
"Plot226","f","Stratum-U17-1","U17","Euphorbia dendroides",0.00125
"Plot226","f","Stratum-U17-1","U17","Quercus coccifera",0.625
"Plot226","f","Stratum-U17-1","U17","Ruscus aculeatus",0.0015
"Plot226","f","Stratum-U17-1","U17","Solanum elaeagnifolium",2.5e-4
"Plot226","f","Stratum-U17-1","U17","Teucrium capitatum",0.00125
"Plot226","f","Stratum-U17-1","U17","Torilis arvensis",2.5e-4
"Plot226","f","Stratum-U17-1","U17","Trifolium angustifolium",2.5e-4
"Plot227","f","Stratum-U17-1","U17","Asparagus acutifolius",0.02125
"Plot227","f","Stratum-U17-1","U17","Avena sterilis",0.00125
"Plot227","f","Stratum-U17-1","U17","Clematis flammula",0.00125
"Plot227","f","Stratum-U17-1","U17","Cynosurus echinatus",0.00125
"Plot227","f","Stratum-U17-1","U17","Dactylis glomerata",0.0075
"Plot227","f","Stratum-U17-1","U17","Dasypyrum villosum",0.0075
"Plot227","f","Stratum-U17-1","U17","Dianthus cruentus",2.5e-4
"Plot227","f","Stratum-U17-1","U17","Euphorbia dendroides",0.00125
"Plot227","f","Stratum-U17-1","U17","Hordeum murinum",0.0075
"Plot227","f","Stratum-U17-1","U17","Melica ciliata",0.00875
"Plot227","f","Stratum-U17-1","U17","Quercus coccifera",0.625
"Plot227","f","Stratum-U17-1","U17","Ruscus aculeatus",0.00125
"Plot227","f","Stratum-U17-1","U17","Solanum elaeagnifolium",0.00125
"Plot227","f","Stratum-U17-1","U17","Trifolium angustifolium",0.00125
"Plot228","f","Stratum-U17-1","U17","Anthyllis vulneraria",0.00875
"Plot228","f","Stratum-U17-1","U17","Asphodelus ramosus",0.02125
"Plot228","f","Stratum-U17-1","U17","Bupleurum falcatum",0.20875
"Plot228","f","Stratum-U17-1","U17","Crambe hispanica",0.00125
"Plot228","f","Stratum-U17-1","U17","Crepis sancta",0.00875
"Plot228","f","Stratum-U17-1","U17","Cuscuta sp.",0.0075
"Plot228","f","Stratum-U17-1","U17","Dactylis glomerata",0.0075
"Plot228","f","Stratum-U17-1","U17","Draba muralis",0.0075
"Plot228","f","Stratum-U17-1","U17","Helianthemum nummularium",0.0025
"Plot228","f","Stratum-U17-1","U17","Hordeum murinum",0.02875
"Plot228","f","Stratum-U17-1","U17","Hypericum perforatum",0.0025
"Plot228","f","Stratum-U17-1","U17","Matricaria recutita",0.03
"Plot228","f","Stratum-U17-1","U17","Medicago minima",0.01125
"Plot228","f","Stratum-U17-1","U17","Melica ciliata",0.0375
"Plot228","f","Stratum-U17-1","U17","Olea europaea",0.185
"Plot228","f","Stratum-U17-1","U17","Paliurus spina-christi",0.185
"Plot228","f","Stratum-U17-1","U17","Piptatherum miliaceum",0.09375
"Plot228","f","Stratum-U17-1","U17","Poa bulbosa",0.01125
"Plot228","f","Stratum-U17-1","U17","Quercus coccifera",0.02125
"Plot228","f","Stratum-U17-1","U17","Trifolium angustifolium",0.01625
"Plot228","f","Stratum-U17-1","U17","Trifolium campestre",0.0025
"Plot228","f","Stratum-U17-1","U17","Trifolium hirtum",0.0075
"Plot228","f","Stratum-U17-1","U17","Trifolium scabrum",0.03125
"Plot228","f","Stratum-U17-1","U17","Vulpia muralis",0.0225
"Plot228","f","Stratum-U17-1","U17","Xeranthemum inapertum",0.1
"Plot229","f","Stratum-U16-1","U16","Anthyllis vulneraria",0.0075
"Plot229","f","Stratum-U16-1","U16","Bromus tectorum",0.10125
"Plot229","f","Stratum-U16-1","U16","Bupleurum falcatum",0.0925
"Plot229","f","Stratum-U16-1","U16","Dactylis glomerata",0.04625
"Plot229","f","Stratum-U16-1","U16","Galium mollugo group",0.00875
"Plot229","f","Stratum-U16-1","U16","Melica ciliata",0.04625
"Plot229","f","Stratum-U16-1","U16","Origanum vulgare",0.0025
"Plot229","f","Stratum-U16-1","U16","Paliurus spina-christi",0.375
"Plot229","f","Stratum-U16-1","U16","Petrorhagia dubia",0.00125
"Plot229","f","Stratum-U16-1","U16","Phillyrea latifolia",0.375
"Plot229","f","Stratum-U16-1","U16","Quercus coccifera",0.4175
"Plot229","f","Stratum-U16-1","U16","Trifolium angustifolium",0.09375
"Plot229","f","Stratum-U16-1","U16","Xeranthemum inapertum",0.055
"Plot230","f","Stratum-U16-1","U16","Asparagus acutifolius",0.015
"Plot230","f","Stratum-U16-1","U16","Dactylis glomerata",0.015
"Plot230","f","Stratum-U16-1","U16","Fraxinus ornus",0.185
"Plot230","f","Stratum-U16-1","U16","Hypericum perforatum",0.00125
"Plot230","f","Stratum-U16-1","U16","Jasminum fruticans",0.02125
"Plot230","f","Stratum-U16-1","U16","Melica ciliata",0.02125
"Plot230","f","Stratum-U16-1","U16","Paliurus spina-christi",0.185
"Plot230","f","Stratum-U16-1","U16","Phleum pratense",0.0075
"Plot230","f","Stratum-U16-1","U16","Piptatherum miliaceum",0.0075
"Plot230","f","Stratum-U16-1","U16","Quercus coccifera",0.375
"Plot230","f","Stratum-U16-1","U16","Rubia peregrina",0.0075
"Plot230","f","Stratum-U16-1","U16","Teucrium chamaedrys",0.0675
"Plot230","f","Stratum-U16-1","U16","Trifolium scabrum",0.02125
"Plot231","f","Stratum-U16-1","U16","Asparagus acutifolius",0.0225
"Plot231","f","Stratum-U16-1","U16","Brachypodium sylvaticum",0.0075
"Plot231","f","Stratum-U16-1","U16","Carlina vulgaris",0.00125
"Plot231","f","Stratum-U16-1","U16","Crataegus monogyna",0.00125
"Plot231","f","Stratum-U16-1","U16","Dactylis glomerata",0.01
"Plot231","f","Stratum-U16-1","U16","Eryngium campestre",0.00125
"Plot231","f","Stratum-U16-1","U16","Euphorbia cyparissias",0.00125
"Plot231","f","Stratum-U16-1","U16","Melica ciliata",0.0075
"Plot231","f","Stratum-U16-1","U16","Quercus coccifera",0.0575
"Plot231","f","Stratum-U16-1","U16","Rubia peregrina",0.00125
"Plot231","f","Stratum-U16-1","U16","Ruscus aculeatus",0.0075
"Plot231","f","Stratum-U16-1","U16","Trifolium angustifolium",0.00125
"Plot232","f","Stratum-U16-1","U16","Acinos alpinus",0.02875
"Plot232","f","Stratum-U16-1","U16","Aegilops triuncialis",0.02125
"Plot232","f","Stratum-U16-1","U16","Arenaria leptoclados",0.005
"Plot232","f","Stratum-U16-1","U16","Convolvulus arvensis",0.0075
"Plot232","f","Stratum-U16-1","U16","Cota tinctoria subsp. tinctoria",0.015
"Plot232","f","Stratum-U16-1","U16","Cynosurus echinatus",0.00125
"Plot232","f","Stratum-U16-1","U16","Dactylis glomerata",0.00375
"Plot232","f","Stratum-U16-1","U16","Euphorbia myrsinites",0.0015
"Plot232","f","Stratum-U16-1","U16","Herniaria hirsuta",0.02125
"Plot232","f","Stratum-U16-1","U16","Lolium perenne",0.00125
"Plot232","f","Stratum-U16-1","U16","Medicago arabica",0.0075
"Plot232","f","Stratum-U16-1","U16","Melica ciliata",0.02375
"Plot232","f","Stratum-U16-1","U16","Nigella arvensis",0.0025
"Plot232","f","Stratum-U16-1","U16","Onobrychis aequidentata",0.015
"Plot232","f","Stratum-U16-1","U16","Potentilla recta",0.0075
"Plot232","f","Stratum-U16-1","U16","Quercus coccifera",0.375
"Plot232","f","Stratum-U16-1","U16","Silene sp.",0.00125
"Plot232","f","Stratum-U16-1","U16","Teucrium capitatum",0.02125
"Plot232","f","Stratum-U16-1","U16","Teucrium chamaedrys",0.0075
"Plot232","f","Stratum-U16-1","U16","Trifolium arvense",0.01625
"Plot232","f","Stratum-U16-1","U16","Trifolium hirtum",0.0075
"Plot232","f","Stratum-U16-1","U16","Trifolium scabrum",0.05
"Plot233","f","Stratum-U16-1","U16","Asparagus acutifolius",0.00375
"Plot233","f","Stratum-U16-1","U16","Clematis flammula",0.00125
"Plot233","f","Stratum-U16-1","U16","Quercus coccifera",0.375
"Plot233","f","Stratum-U16-1","U16","Ruscus aculeatus",0.0025
"Plot233","f","Stratum-U16-1","U16","Ulmus minor",0.0075
"Plot234","f","Stratum-U16-1","U16","Aira elegans",0.0025
"Plot234","f","Stratum-U16-1","U16","Anthyllis vulneraria",0.02125
"Plot234","f","Stratum-U16-1","U16","Arenaria leptoclados",0.00125
"Plot234","f","Stratum-U16-1","U16","Asparagus acutifolius",0.00125
"Plot234","f","Stratum-U16-1","U16","Brachypodium sylvaticum",0.00125
"Plot234","f","Stratum-U16-1","U16","Bromus squarrosus",0.00125
"Plot234","f","Stratum-U16-1","U16","Clematis vitalba",0.00125
"Plot234","f","Stratum-U16-1","U16","Dianthus sp.",0.0075
"Plot234","f","Stratum-U16-1","U16","Euphorbia cyparissias",0.00125
"Plot234","f","Stratum-U16-1","U16","Euphorbia myrsinites",2.5e-4
"Plot234","f","Stratum-U16-1","U16","Hypochaeris achyrophorus",0.00125
"Plot234","f","Stratum-U16-1","U16","Juniperus oxycedrus",0.0425
"Plot234","f","Stratum-U16-1","U16","Lapsana communis",0.00125
"Plot234","f","Stratum-U16-1","U16","Leontodon crispus",0.00125
"Plot234","f","Stratum-U16-1","U16","Melica ciliata",0.015
"Plot234","f","Stratum-U16-1","U16","Piptatherum miliaceum",0.0025
"Plot234","f","Stratum-U16-1","U16","Quercus coccifera",0.625
"Plot235","f","Stratum-U16-1","U16","Carpinus orientalis",0.085
"Plot235","f","Stratum-U16-1","U16","Cerastium brachypetalum",2.5e-4
"Plot235","f","Stratum-U16-1","U16","Clematis vitalba",0.00125
"Plot235","f","Stratum-U16-1","U16","Clinopodium vulgare",0.0025
"Plot235","f","Stratum-U16-1","U16","Dactylis glomerata",0.05
"Plot235","f","Stratum-U16-1","U16","Euphorbia amygdaloides",0.00125
"Plot235","f","Stratum-U16-1","U16","Fraxinus ornus",0.00125
"Plot235","f","Stratum-U16-1","U16","Galium mollugo group",0.00125
"Plot235","f","Stratum-U16-1","U16","Hedera helix",0.00125
"Plot235","f","Stratum-U16-1","U16","Hypericum perforatum",2.5e-4
"Plot235","f","Stratum-U16-1","U16","Quercus coccifera",0.185
"Plot235","f","Stratum-U16-1","U16","Quercus pubescens",0.375
"Plot235","f","Stratum-U16-1","U16","Thymus sibthorpii",0.00125
"Plot236","f","Stratum-U16-1","U16","Asplenium onopteris",0.00125
"Plot236","f","Stratum-U16-1","U16","Carpinus orientalis",0.085
"Plot236","f","Stratum-U16-1","U16","Clinopodium vulgare",0.00125
"Plot236","f","Stratum-U16-1","U16","Euphorbia amygdaloides",0.00125
"Plot236","f","Stratum-U16-1","U16","Fraxinus ornus",0.085
"Plot236","f","Stratum-U16-1","U16","Galium mollugo group",0.00125
"Plot236","f","Stratum-U16-1","U16","Juniperus oxycedrus",0.085
"Plot236","f","Stratum-U16-1","U16","Quercus coccifera",0.4525
"Plot236","f","Stratum-U16-1","U16","Vicia cracca",0.0075
"Plot237","f","Stratum-U16-1","U16","Asparagus acutifolius",0.0075
"Plot237","f","Stratum-U16-1","U16","Asplenium onopteris",0.00125
"Plot237","f","Stratum-U16-1","U16","Dactylis glomerata",0.0075
"Plot237","f","Stratum-U16-1","U16","Fraxinus ornus",0.2275
"Plot237","f","Stratum-U16-1","U16","Galium mollugo group",0.00125
"Plot237","f","Stratum-U16-1","U16","Juniperus oxycedrus",0.085
"Plot237","f","Stratum-U16-1","U16","Lonicera etrusca",0.0075
"Plot237","f","Stratum-U16-1","U16","Phillyrea latifolia",0.085
"Plot237","f","Stratum-U16-1","U16","Quercus coccifera",0.4175
"Plot237","f","Stratum-U16-1","U16","Ruscus aculeatus",0.04625
"Plot238","f","Stratum-U16-1","U16","Dorycnium herbaceum",0.02125
"Plot238","f","Stratum-U16-1","U16","Fraxinus ornus",0.375
"Plot238","f","Stratum-U16-1","U16","Melica ciliata",0.02875
"Plot238","f","Stratum-U16-1","U16","Phillyrea latifolia",0.0925
"Plot238","f","Stratum-U16-1","U16","Quercus coccifera",0.39
"Plot238","f","Stratum-U16-1","U16","Silene italica",0.0075
"Plot238","f","Stratum-U16-1","U16","Vicia cracca",0.02875
"Plot239","f","Stratum-U16-1","U16","Asparagus acutifolius",0.04625
"Plot239","f","Stratum-U16-1","U16","Juniperus oxycedrus",0.03
"Plot239","f","Stratum-U16-1","U16","Melica ciliata",0.015
"Plot239","f","Stratum-U16-1","U16","Phillyrea latifolia",0.085
"Plot239","f","Stratum-U16-1","U16","Quercus coccifera",0.375
"Plot240","f","Stratum-U16-1","U16","Asparagus acutifolius",0.00125
"Plot240","f","Stratum-U16-1","U16","Brachypodium sylvaticum",0.00125
"Plot240","f","Stratum-U16-1","U16","Dactylis glomerata",0.00125
"Plot240","f","Stratum-U16-1","U16","Euphorbia myrsinites",2.5e-4
"Plot240","f","Stratum-U16-1","U16","Lonicera etrusca",0.0025
"Plot240","f","Stratum-U16-1","U16","Quercus coccifera",0.375
"Plot240","f","Stratum-U16-1","U16","Torilis arvensis",0.00125
"Plot25","f","Stratum-U4-2","U4","Acinos arvensis",0.00875
"Plot25","f","Stratum-U4-2","U4","Ajuga chamaepitys subsp. chia",2.5e-4
"Plot25","f","Stratum-U4-2","U4","Allium sp.",0.0025
"Plot25","f","Stratum-U4-2","U4","Alyssum simplex",0.00375
"Plot25","f","Stratum-U4-2","U4","Anagallis arvensis",0.01125
"Plot25","f","Stratum-U4-2","U4","Anemone pavonina",0.0025
"Plot25","f","Stratum-U4-2","U4","Anthemis arvensis",0.06125
"Plot25","f","Stratum-U4-2","U4","Avena sterilis",0.03
"Plot25","f","Stratum-U4-2","U4","Bellardia latifolia",0.00125
"Plot25","f","Stratum-U4-2","U4","Bituminaria bituminosa",0.0075
"Plot25","f","Stratum-U4-2","U4","Bromus hordeaceus",0.00375
"Plot25","f","Stratum-U4-2","U4","Cerastium brachypetalum",0.0175
"Plot25","f","Stratum-U4-2","U4","Cirsium sp.",0.0575
"Plot25","f","Stratum-U4-2","U4","Crepis sancta",0.00875
"Plot25","f","Stratum-U4-2","U4","Crepis setosa",0.00125
"Plot25","f","Stratum-U4-2","U4","Draba muralis",0.0027500000000000003
"Plot25","f","Stratum-U4-2","U4","Erodium absinthoides",0.01
"Plot25","f","Stratum-U4-2","U4","Geranium rotundifolium",0.00875
"Plot25","f","Stratum-U4-2","U4","Helianthemum nummularium",0.02375
"Plot25","f","Stratum-U4-2","U4","Hypecoum imberbe",0.00125
"Plot25","f","Stratum-U4-2","U4","Inula cf hirta",0.00875
"Plot25","f","Stratum-U4-2","U4","Orobanche sp.",0.00375
"Plot25","f","Stratum-U4-2","U4","Plantago afra",0.00875
"Plot25","f","Stratum-U4-2","U4","Polygonum aviculare",0.00125
"Plot25","f","Stratum-U4-2","U4","Senecio vulgaris",0.045
"Plot25","f","Stratum-U4-2","U4","Sherardia arvensis",0.0025
"Plot25","f","Stratum-U4-2","U4","Solanum elaeagnifolium",0.04875
"Plot25","f","Stratum-U4-2","U4","Stipa capensis",0.00125
"Plot25","f","Stratum-U4-2","U4","Teesdalia coronopifolia",0.05625
"Plot25","f","Stratum-U4-2","U4","Tragus racemosus",0.0075
"Plot25","f","Stratum-U4-2","U4","Valerianella locusta",2.5e-4
"Plot26","f","Stratum-U4-2","U4","Ajuga chamaepitys subsp. chia",0.00125
"Plot26","f","Stratum-U4-2","U4","Alyssum simplex",0.01
"Plot26","f","Stratum-U4-2","U4","Anemone pavonina",0.0075
"Plot26","f","Stratum-U4-2","U4","Anthemis arvensis",0.09625
"Plot26","f","Stratum-U4-2","U4","Avena sterilis",0.0075
"Plot26","f","Stratum-U4-2","U4","Bellardia latifolia",0.0015
"Plot26","f","Stratum-U4-2","U4","Cerastium brachypetalum",0.009000000000000001
"Plot26","f","Stratum-U4-2","U4","Cerastium semidecandrum",0.015
"Plot26","f","Stratum-U4-2","U4","Cirsium sp.",0.05125
"Plot26","f","Stratum-U4-2","U4","Draba muralis",0.01
"Plot26","f","Stratum-U4-2","U4","Galium debile",0.00125
"Plot26","f","Stratum-U4-2","U4","Geranium rotundifolium",0.0425
"Plot26","f","Stratum-U4-2","U4","Hypochaeris radicata",0.0015
"Plot26","f","Stratum-U4-2","U4","Inula cf hirta",0.005
"Plot26","f","Stratum-U4-2","U4","Medicago minima",0.0075
"Plot26","f","Stratum-U4-2","U4","Onobrychis aequidentata",0.02875
"Plot26","f","Stratum-U4-2","U4","Orobanche sp.",0.00775
"Plot26","f","Stratum-U4-2","U4","Senecio vulgaris",0.015
"Plot26","f","Stratum-U4-2","U4","Sherardia arvensis",0.0575
"Plot26","f","Stratum-U4-2","U4","Stipa capensis",0.00375
"Plot26","f","Stratum-U4-2","U4","Teesdalia coronopifolia",0.02875
"Plot26","f","Stratum-U4-2","U4","Trifolium repens",0.01125
"Plot26","f","Stratum-U4-2","U4","Valerianella locusta",0.02875
"Plot26","f","Stratum-U4-2","U4","Vicia hybrida",0.0075
"Plot265","f","Stratum-U16-2","U16","Aegilops triuncialis",0.00125
"Plot265","f","Stratum-U16-2","U16","Arenaria leptoclados",0.0075
"Plot265","f","Stratum-U16-2","U16","Asparagus acutifolius",0.04625
"Plot265","f","Stratum-U16-2","U16","Brachypodium sylvaticum",0.02125
"Plot265","f","Stratum-U16-2","U16","Carex flacca",0.02875
"Plot265","f","Stratum-U16-2","U16","Carpinus orientalis",0.8125
"Plot265","f","Stratum-U16-2","U16","Chrysopogon gryllus",0.0075
"Plot265","f","Stratum-U16-2","U16","Cistus creticus",0.09375
"Plot265","f","Stratum-U16-2","U16","Cruciata pedemontana",0.0025
"Plot265","f","Stratum-U16-2","U16","Dactylis glomerata",0.02875
"Plot265","f","Stratum-U16-2","U16","Dasypyrum villosum",0.02125
"Plot265","f","Stratum-U16-2","U16","Fraxinus ornus",0.185
"Plot265","f","Stratum-U16-2","U16","Juniperus oxycedrus",0.085
"Plot265","f","Stratum-U16-2","U16","Knautia arvensis",0.0075
"Plot265","f","Stratum-U16-2","U16","Ornithopus compressus",0.00125
"Plot265","f","Stratum-U16-2","U16","Petrorhagia dubia",0.0075
"Plot265","f","Stratum-U16-2","U16","Piptatherum miliaceum",0.095
"Plot265","f","Stratum-U16-2","U16","Potentilla recta",0.0075
"Plot265","f","Stratum-U16-2","U16","Quercus pubescens",0.185
"Plot265","f","Stratum-U16-2","U16","Salvia verbenaca",0.0075
"Plot265","f","Stratum-U16-2","U16","Silene italica",0.015
"Plot265","f","Stratum-U16-2","U16","Thymus sibthorpii",0.05375
"Plot265","f","Stratum-U16-2","U16","Trifolium campestre",0.0075
"Plot265","f","Stratum-U16-2","U16","Trifolium scabrum",0.0075
"Plot265","f","Stratum-U16-2","U16","Trifolium stellatum",0.00875
"Plot265","f","Stratum-U16-2","U16","Vicia grandiflora",0.0075
"Plot265","f","Stratum-U16-2","U16","Vulpia myuros",0.0075
"Plot266","f","Stratum-U16-2","U16","Asparagus acutifolius",0.0075
"Plot266","f","Stratum-U16-2","U16","Asplenium adiantum-nigrum",0.00875
"Plot266","f","Stratum-U16-2","U16","Carex flacca",0.0075
"Plot266","f","Stratum-U16-2","U16","Fraxinus ornus",0.375
"Plot266","f","Stratum-U16-2","U16","Geranium rotundifolium",0.00125
"Plot266","f","Stratum-U16-2","U16","Juniperus oxycedrus",0.0075
"Plot266","f","Stratum-U16-2","U16","Piptatherum miliaceum",0.0825
"Plot266","f","Stratum-U16-2","U16","Quercus coccifera",0.185
"Plot266","f","Stratum-U16-2","U16","Quercus pubescens",0.4175
"Plot266","f","Stratum-U16-2","U16","Ruscus aculeatus",0.0075
"Plot266","f","Stratum-U16-2","U16","Silene italica",0.0575
"Plot267","f","Stratum-U16-2","U16","Arenaria leptoclados",0.00125
"Plot267","f","Stratum-U16-2","U16","Asparagus acutifolius",0.00125
"Plot267","f","Stratum-U16-2","U16","Asplenium onopteris",0.00875
"Plot267","f","Stratum-U16-2","U16","Carex flacca",0.10125
"Plot267","f","Stratum-U16-2","U16","Dactylis glomerata",0.02875
"Plot267","f","Stratum-U16-2","U16","Fraxinus ornus",0.185
"Plot267","f","Stratum-U16-2","U16","Hypericum perforatum",0.0075
"Plot267","f","Stratum-U16-2","U16","Muscari neglectum",0.00125
"Plot267","f","Stratum-U16-2","U16","Piptatherum miliaceum",0.00875
"Plot267","f","Stratum-U16-2","U16","Quercus coccifera",0.625
"Plot267","f","Stratum-U16-2","U16","Quercus pubescens",0.185
"Plot267","f","Stratum-U16-2","U16","Scutellaria columnae",0.0075
"Plot267","f","Stratum-U16-2","U16","Silene italica",0.0075
"Plot267","f","Stratum-U16-2","U16","Trifolium nigrescens",0.00125
"Plot268","f","Stratum-U16-2","U16","Aira elegans",0.04625
"Plot268","f","Stratum-U16-2","U16","Asparagus acutifolius",0.02875
"Plot268","f","Stratum-U16-2","U16","Asplenium onopteris",0.00125
"Plot268","f","Stratum-U16-2","U16","Campanula lingulata",0.00125
"Plot268","f","Stratum-U16-2","U16","Cynosurus echinatus",0.00125
"Plot268","f","Stratum-U16-2","U16","Fraxinus ornus",0.2275
"Plot268","f","Stratum-U16-2","U16","Hypericum montbretii",0.0225
"Plot268","f","Stratum-U16-2","U16","Juniperus oxycedrus",0.0925
"Plot268","f","Stratum-U16-2","U16","Piptatherum miliaceum",0.02875
"Plot268","f","Stratum-U16-2","U16","Quercus coccifera",0.625
"Plot268","f","Stratum-U16-2","U16","Quercus pubescens",0.185
"Plot268","f","Stratum-U16-2","U16","Ruscus aculeatus",0.0075
"Plot268","f","Stratum-U16-2","U16","Silene italica",0.00875
"Plot269","f","Stratum-U16-2","U16","Asparagus acutifolius",0.00125
"Plot269","f","Stratum-U16-2","U16","Carex flacca",0.00875
"Plot269","f","Stratum-U16-2","U16","Carpinus orientalis",0.185
"Plot269","f","Stratum-U16-2","U16","Cistus creticus",0.0075
"Plot269","f","Stratum-U16-2","U16","Clinopodium vulgare",0.0075
"Plot269","f","Stratum-U16-2","U16","Dactylis glomerata",0.015
"Plot269","f","Stratum-U16-2","U16","Fraxinus ornus",0.085
"Plot269","f","Stratum-U16-2","U16","Hypericum olympicum",0.0025
"Plot269","f","Stratum-U16-2","U16","Juniperus oxycedrus",0.085
"Plot269","f","Stratum-U16-2","U16","Piptatherum miliaceum",0.0475
"Plot269","f","Stratum-U16-2","U16","Quercus coccifera",0.375
"Plot269","f","Stratum-U16-2","U16","Quercus pubescens",0.0075
"Plot269","f","Stratum-U16-2","U16","Ruscus aculeatus",0.00125
"Plot269","f","Stratum-U16-2","U16","Silene italica",0.0075
"Plot269","f","Stratum-U16-2","U16","Sorbus torminalis",0.00125
"Plot269","f","Stratum-U16-2","U16","Thymus sibthorpii",0.0075
"Plot269","f","Stratum-U16-2","U16","Trifolium scabrum",0.0075
"Plot269","f","Stratum-U16-2","U16","Vicia hirsuta",0.00125
"Plot27","f","Stratum-U4-2","U4","Anagallis arvensis",0.02125
"Plot27","f","Stratum-U4-2","U4","Bellardia latifolia",2.5e-4
"Plot27","f","Stratum-U4-2","U4","Biscutella didyma",0.00125
"Plot27","f","Stratum-U4-2","U4","Bituminaria bituminosa",0.0025
"Plot27","f","Stratum-U4-2","U4","Carlina corymbosa",0.0025
"Plot27","f","Stratum-U4-2","U4","Cirsium sp.",0.0175
"Plot27","f","Stratum-U4-2","U4","Cynodon dactylon",0.02125
"Plot27","f","Stratum-U4-2","U4","Erodium absinthoides",0.0075
"Plot27","f","Stratum-U4-2","U4","Geranium rotundifolium",0.0075
"Plot27","f","Stratum-U4-2","U4","Helianthemum nummularium",0.00125
"Plot27","f","Stratum-U4-2","U4","Inula cf hirta",0.00875
"Plot27","f","Stratum-U4-2","U4","Medicago minima",0.02875
"Plot27","f","Stratum-U4-2","U4","Micromeria juliana",0.0025
"Plot27","f","Stratum-U4-2","U4","Ornithogalum sp.",0.00375
"Plot27","f","Stratum-U4-2","U4","Plantago afra",0.0075
"Plot27","f","Stratum-U4-2","U4","Rhagadiolus stellatus",0.02375
"Plot27","f","Stratum-U4-2","U4","Senecio vulgaris",0.00375
"Plot27","f","Stratum-U4-2","U4","Sherardia arvensis",0.0175
"Plot27","f","Stratum-U4-2","U4","Solanum elaeagnifolium",0.015
"Plot27","f","Stratum-U4-2","U4","Stipa capensis",0.005
"Plot27","f","Stratum-U4-2","U4","Teesdalia coronopifolia",0.01625
"Plot27","f","Stratum-U4-2","U4","Teucrium capitatum",0.03625
"Plot27","f","Stratum-U4-2","U4","Thymus longicaulis",2.5e-4
"Plot27","f","Stratum-U4-2","U4","Trifolium repens",0.005
"Plot27","f","Stratum-U4-2","U4","Valerianella locusta",0.02125
"Plot27","f","Stratum-U4-2","U4","Vulpia myuros",0.02875
"Plot270","f","Stratum-U16-2","U16","Aegilops triuncialis",0.01625
"Plot270","f","Stratum-U16-2","U16","Campanula sparsa",0.00125
"Plot270","f","Stratum-U16-2","U16","Convolvulus arvensis",0.0425
"Plot270","f","Stratum-U16-2","U16","Dasypyrum villosum",0.13875
"Plot270","f","Stratum-U16-2","U16","Filago arvensis",0.02125
"Plot270","f","Stratum-U16-2","U16","Knautia arvensis",0.02125
"Plot270","f","Stratum-U16-2","U16","Lolium perenne",0.11375
"Plot270","f","Stratum-U16-2","U16","Marrubium peregrinum",0.015
"Plot270","f","Stratum-U16-2","U16","Melica ciliata",0.00875
"Plot270","f","Stratum-U16-2","U16","Paliurus spina-christi",0.0425
"Plot270","f","Stratum-U16-2","U16","Phleum pratense",0.0075
"Plot270","f","Stratum-U16-2","U16","Quercus coccifera",0.135
"Plot270","f","Stratum-U16-2","U16","Spergularia rubra",0.0075
"Plot270","f","Stratum-U16-2","U16","Thymus sibthorpii",0.375
"Plot270","f","Stratum-U16-2","U16","Trifolium arvense",0.11375
"Plot270","f","Stratum-U16-2","U16","Trifolium campestre",0.02875
"Plot270","f","Stratum-U16-2","U16","Ulmus glabra",0.015
"Plot270","f","Stratum-U16-2","U16","Vulpia myuros",0.02125
"Plot271","f","Stratum-U16-2","U16","Acinos alpinus",0.0075
"Plot271","f","Stratum-U16-2","U16","Anisantha sterilis",0.05375
"Plot271","f","Stratum-U16-2","U16","Anthemis arvensis",0.0075
"Plot271","f","Stratum-U16-2","U16","Asparagus acutifolius",0.00875
"Plot271","f","Stratum-U16-2","U16","Avena sterilis",0.0675
"Plot271","f","Stratum-U16-2","U16","Cirsium sp.",0.0075
"Plot271","f","Stratum-U16-2","U16","Clematis flammula",0.0075
"Plot271","f","Stratum-U16-2","U16","Cynosurus echinatus",0.0075
"Plot271","f","Stratum-U16-2","U16","Dasypyrum villosum",0.09375
"Plot271","f","Stratum-U16-2","U16","Lolium perenne",0.02125
"Plot271","f","Stratum-U16-2","U16","Malva sylvestris",0.02125
"Plot271","f","Stratum-U16-2","U16","Marrubium peregrinum",0.00125
"Plot271","f","Stratum-U16-2","U16","Petrorhagia dubia",0.02125
"Plot271","f","Stratum-U16-2","U16","Quercus coccifera",0.5625
"Plot271","f","Stratum-U16-2","U16","Teucrium chamaedrys",0.09375
"Plot271","f","Stratum-U16-2","U16","Thymus sibthorpii",0.09375
"Plot271","f","Stratum-U16-2","U16","Vulpia myuros",0.0075
"Plot272","f","Stratum-U16-2","U16","Anthemis arvensis",0.0025
"Plot272","f","Stratum-U16-2","U16","Cistus creticus",0.0075
"Plot272","f","Stratum-U16-2","U16","Hypericum montbretii",0.03625
"Plot272","f","Stratum-U16-2","U16","Piptatherum miliaceum",0.0075
"Plot272","f","Stratum-U16-2","U16","Potentilla recta",0.185
"Plot272","f","Stratum-U16-2","U16","Quercus coccifera",0.875
"Plot272","f","Stratum-U16-2","U16","Thymus sibthorpii",0.01125
"Plot272","f","Stratum-U16-2","U16","Trifolium arvense",0.0075
"Plot273","f","Stratum-U16-2","U16","Anthemis arvensis",0.15625
"Plot273","f","Stratum-U16-2","U16","Chrysopogon gryllus",0.09375
"Plot273","f","Stratum-U16-2","U16","Cistus creticus",0.625
"Plot273","f","Stratum-U16-2","U16","Dasypyrum villosum",0.05375
"Plot273","f","Stratum-U16-2","U16","Galium mollugo group",0.00125
"Plot273","f","Stratum-U16-2","U16","Hypericum olympicum",0.0075
"Plot273","f","Stratum-U16-2","U16","Medicago minima",0.0075
"Plot273","f","Stratum-U16-2","U16","Neatostema apulum",0.0075
"Plot273","f","Stratum-U16-2","U16","Piptatherum miliaceum",0.0425
"Plot273","f","Stratum-U16-2","U16","Quercus coccifera",0.185
"Plot273","f","Stratum-U16-2","U16","Thymus sibthorpii",0.02875
"Plot273","f","Stratum-U16-2","U16","Vicia villosa subsp. varia",0.0075
"Plot274","f","Stratum-U16-2","U16","Achillea clypeolata",0.0075
"Plot274","f","Stratum-U16-2","U16","Acinos alpinus",0.00125
"Plot274","f","Stratum-U16-2","U16","Aegilops triuncialis",0.015
"Plot274","f","Stratum-U16-2","U16","Dactylis glomerata",0.00875
"Plot274","f","Stratum-U16-2","U16","Eryngium campestre",0.00875
"Plot274","f","Stratum-U16-2","U16","Knautia arvensis",0.00875
"Plot274","f","Stratum-U16-2","U16","Medicago minima",0.0075
"Plot274","f","Stratum-U16-2","U16","Paliurus spina-christi",0.2
"Plot274","f","Stratum-U16-2","U16","Plantago lanceolata",0.02125
"Plot274","f","Stratum-U16-2","U16","Quercus coccifera",0.1875
"Plot274","f","Stratum-U16-2","U16","Rorippa thracica",0.0075
"Plot274","f","Stratum-U16-2","U16","Sanguisorba minor",0.0075
"Plot274","f","Stratum-U16-2","U16","Securigera varia",0.0075
"Plot274","f","Stratum-U16-2","U16","Teucrium chamaedrys",0.0075
"Plot274","f","Stratum-U16-2","U16","Thymus sibthorpii",0.0225
"Plot274","f","Stratum-U16-2","U16","Torilis nodosa",0.0075
"Plot274","f","Stratum-U16-2","U16","Trifolium arvense",0.0075
"Plot274","f","Stratum-U16-2","U16","Trifolium campestre",0.00125
"Plot275","f","Stratum-U16-2","U16","Anthemis chia",0.0075
"Plot275","f","Stratum-U16-2","U16","Avena sterilis",0.0425
"Plot275","f","Stratum-U16-2","U16","Cynosurus echinatus",0.0075
"Plot275","f","Stratum-U16-2","U16","Echium plantagineum",0.0075
"Plot275","f","Stratum-U16-2","U16","Galium aparine",0.0075
"Plot275","f","Stratum-U16-2","U16","Hordeum murinum",0.27
"Plot275","f","Stratum-U16-2","U16","Lolium perenne",0.0225
"Plot275","f","Stratum-U16-2","U16","Medicago arabica",0.02125
"Plot275","f","Stratum-U16-2","U16","Medicago minima",0.0825
"Plot275","f","Stratum-U16-2","U16","Paliurus spina-christi",0.1875
"Plot275","f","Stratum-U16-2","U16","Phleum pratense",0.0575
"Plot275","f","Stratum-U16-2","U16","Torilis nodosa",0.00875
"Plot275","f","Stratum-U16-2","U16","Trifolium incarnatum",0.0075
"Plot276","f","Stratum-U16-2","U16","Avena sterilis",0.03
"Plot276","f","Stratum-U16-2","U16","Convolvulus arvensis",0.005
"Plot276","f","Stratum-U16-2","U16","Dasypyrum villosum",0.39625
"Plot276","f","Stratum-U16-2","U16","Hordeum murinum",0.09375
"Plot276","f","Stratum-U16-2","U16","Knautia arvensis",0.00125
"Plot276","f","Stratum-U16-2","U16","Marrubium peregrinum",0.0025
"Plot276","f","Stratum-U16-2","U16","Melica ciliata",0.02125
"Plot276","f","Stratum-U16-2","U16","Paliurus spina-christi",0.375
"Plot276","f","Stratum-U16-2","U16","Plantago lanceolata",0.005
"Plot276","f","Stratum-U16-2","U16","Rhagadiolus stellatus",0.005
"Plot276","f","Stratum-U16-2","U16","Rumex acetosella",0.00125
"Plot276","f","Stratum-U16-2","U16","Teucrium capitatum",0.09625
"Plot276","f","Stratum-U16-2","U16","Trifolium arvense",0.0025
"Plot276","f","Stratum-U16-2","U16","Verbascum sp.",0.00125
"Plot28","f","Stratum-U4-2","U4","Adonis annua",0.00875
"Plot28","f","Stratum-U4-2","U4","Bromus tectorum",0.00125
"Plot28","f","Stratum-U4-2","U4","Crambe hispanica",0.00875
"Plot28","f","Stratum-U4-2","U4","Cynodon dactylon",0.00125
"Plot28","f","Stratum-U4-2","U4","Eryngium campestre",0.0075
"Plot28","f","Stratum-U4-2","U4","Lolium perenne",0.16
"Plot28","f","Stratum-U4-2","U4","Medicago minima",0.0025
"Plot28","f","Stratum-U4-2","U4","Medicago orbicularis",0.00125
"Plot28","f","Stratum-U4-2","U4","Silene vulgaris",0.00125
"Plot28","f","Stratum-U4-2","U4","Solanum elaeagnifolium",0.12125
"Plot28","f","Stratum-U4-2","U4","Tordylium apulum",0.00125
"Plot28","f","Stratum-U4-2","U4","Torilis nodosa",0.36625
"Plot28","f","Stratum-U4-2","U4","Trifolium nigrescens",0.00125
"Plot28","f","Stratum-U4-2","U4","Trifolium scabrum",0.0075
"Plot289","f","Stratum-M24-1","M24","Alopecurus pratensis",0.01
"Plot289","f","Stratum-M24-1","M24","Anthoxanthum odoratum",0.0025
"Plot289","f","Stratum-M24-1","M24","Bromus arvensis",0.05125
"Plot289","f","Stratum-M24-1","M24","Cirsium eriophorum",0.02125
"Plot289","f","Stratum-M24-1","M24","Crepis sancta",0.06875
"Plot289","f","Stratum-M24-1","M24","Cynodon dactylon",0.16125
"Plot289","f","Stratum-M24-1","M24","Erigeron alpinus",0.00125
"Plot289","f","Stratum-M24-1","M24","Eryngium amethystinum",0.02125
"Plot289","f","Stratum-M24-1","M24","Festuca sp.",0.26
"Plot289","f","Stratum-M24-1","M24","Filipendula vulgaris",0.16
"Plot289","f","Stratum-M24-1","M24","Helianthemum nummularium",0.02625
"Plot289","f","Stratum-M24-1","M24","Luzula multiflora",0.04625
"Plot289","f","Stratum-M24-1","M24","Medicago orbicularis",0.0225
"Plot289","f","Stratum-M24-1","M24","Mentha sp.",0.005
"Plot289","f","Stratum-M24-1","M24","Orchis palustris",0.00125
"Plot289","f","Stratum-M24-1","M24","Papaver hybridum",0.00625
"Plot289","f","Stratum-M24-1","M24","Persicaria minor",0.0075
"Plot289","f","Stratum-M24-1","M24","Plantago coronopus",0.0025
"Plot289","f","Stratum-M24-1","M24","Potentilla argentea",0.03
"Plot289","f","Stratum-M24-1","M24","Saxifraga tridactylites",0.00375
"Plot289","f","Stratum-M24-1","M24","Trifolium angustifolium",0.005
"Plot289","f","Stratum-M24-1","M24","Trifolium arvense",0.01
"Plot289","f","Stratum-M24-1","M24","Trifolium fragiferum",0.00125
"Plot289","f","Stratum-M24-1","M24","Verbena officinalis",0.00125
"Plot289","f","Stratum-M24-1","M24","Veronica arvensis",0.0025
"Plot289","f","Stratum-M24-1","M24","Viscaria atropurpurea",0.00125
"Plot29","f","Stratum-U4-2","U4","Achillea clypeolata",0.02125
"Plot29","f","Stratum-U4-2","U4","Achillea millefolium",0.00125
"Plot29","f","Stratum-U4-2","U4","Achnatherum bromoides",0.00125
"Plot29","f","Stratum-U4-2","U4","Aegilops triuncialis",0.0075
"Plot29","f","Stratum-U4-2","U4","Anchusa officinalis",0.0375
"Plot29","f","Stratum-U4-2","U4","Arenaria leptoclados",0.0225
"Plot29","f","Stratum-U4-2","U4","Avena sterilis",0.00125
"Plot29","f","Stratum-U4-2","U4","Biscutella didyma",0.0025
"Plot29","f","Stratum-U4-2","U4","Bromus hordeaceus",0.03
"Plot29","f","Stratum-U4-2","U4","Chrysopogon gryllus",0.02125
"Plot29","f","Stratum-U4-2","U4","Convolvulus cantabrica",0.0675
"Plot29","f","Stratum-U4-2","U4","Crepis sancta",0.00125
"Plot29","f","Stratum-U4-2","U4","Eryngium campestre",0.0425
"Plot29","f","Stratum-U4-2","U4","Erysimum sp.",0.0075
"Plot29","f","Stratum-U4-2","U4","Euphorbia myrsinites",0.00125
"Plot29","f","Stratum-U4-2","U4","Euphorbia taurinensis",0.01
"Plot29","f","Stratum-U4-2","U4","Filago arvensis",0.0025
"Plot29","f","Stratum-U4-2","U4","Galium debile",0.00875
"Plot29","f","Stratum-U4-2","U4","Helianthemum aegyptiacum",0.03125
"Plot29","f","Stratum-U4-2","U4","Herniaria incana",0.00875
"Plot29","f","Stratum-U4-2","U4","Lolium perenne",0.0075
"Plot29","f","Stratum-U4-2","U4","Matricaria recutita",0.03125
"Plot29","f","Stratum-U4-2","U4","Medicago minima",0.02875
"Plot29","f","Stratum-U4-2","U4","Medicago sp.",0.00875
"Plot29","f","Stratum-U4-2","U4","Nigella arvensis",0.00125
"Plot29","f","Stratum-U4-2","U4","Onobrychis aequidentata",0.03
"Plot29","f","Stratum-U4-2","U4","Orlaya daucoides",0.00125
"Plot29","f","Stratum-U4-2","U4","Rostraria cristata",0.195
"Plot29","f","Stratum-U4-2","U4","Sanguisorba minor",0.00375
"Plot29","f","Stratum-U4-2","U4","Solanum elaeagnifolium",0.02375
"Plot29","f","Stratum-U4-2","U4","Taeniatherum caput-medusae",0.00125
"Plot29","f","Stratum-U4-2","U4","Thymus sibthorpii",0.02125
"Plot29","f","Stratum-U4-2","U4","Trifolium angustifolium",0.00125
"Plot29","f","Stratum-U4-2","U4","Trifolium arvense",0.0025
"Plot29","f","Stratum-U4-2","U4","Trifolium campestre",0.00125
"Plot29","f","Stratum-U4-2","U4","Trifolium hirtum",0.0075
"Plot29","f","Stratum-U4-2","U4","Trifolium stellatum",0.0075
"Plot29","f","Stratum-U4-2","U4","Verbascum sp.",0.01625
"Plot29","f","Stratum-U4-2","U4","Vulpia myuros",0.00125
"Plot290","f","Stratum-M24-1","M24","Anthoxanthum odoratum",0.0475
"Plot290","f","Stratum-M24-1","M24","Artemisia vulgaris",0.0675
"Plot290","f","Stratum-M24-1","M24","Bromopsis erecta",0.00625
"Plot290","f","Stratum-M24-1","M24","Bromus arvensis",0.00125
"Plot290","f","Stratum-M24-1","M24","Bromus sp.",0.0675
"Plot290","f","Stratum-M24-1","M24","Cerastium holosteoides",0.045
"Plot290","f","Stratum-M24-1","M24","Crepis sancta",0.0025
"Plot290","f","Stratum-M24-1","M24","Erigeron alpinus",0.01125
"Plot290","f","Stratum-M24-1","M24","Euphrasia salisburgensis",0.00125
"Plot290","f","Stratum-M24-1","M24","Festuca sp.",0.30625
"Plot290","f","Stratum-M24-1","M24","Juniperus communis subsp. nana",2.5e-4
"Plot290","f","Stratum-M24-1","M24","Luzula multiflora",0.01
"Plot290","f","Stratum-M24-1","M24","Medicago arabica",0.01
"Plot290","f","Stratum-M24-1","M24","Medicago minima",0.0975
"Plot290","f","Stratum-M24-1","M24","Myosotis arvensis",0.0475
"Plot290","f","Stratum-M24-1","M24","Ononis spinosa",0.0025
"Plot290","f","Stratum-M24-1","M24","Polygala vulgaris",0.0025
"Plot290","f","Stratum-M24-1","M24","Potentilla argentea",0.00125
"Plot290","f","Stratum-M24-1","M24","Rumex sp.",0.01
"Plot290","f","Stratum-M24-1","M24","Sanguisorba minor",0.04625
"Plot290","f","Stratum-M24-1","M24","Saxifraga sp.",0.0275
"Plot290","f","Stratum-M24-1","M24","Thymus sp.",0.0875
"Plot290","f","Stratum-M24-1","M24","Trifolium pratense",0.09375
"Plot290","f","Stratum-M24-1","M24","Veronica arvensis",0.01
"Plot290","f","Stratum-M24-1","M24","Vulpia ciliata",0.05625
"Plot291","f","Stratum-M24-1","M24","Anthemis arvensis",0.04
"Plot291","f","Stratum-M24-1","M24","Arenaria serpyllifolia",0.005
"Plot291","f","Stratum-M24-1","M24","Cerastium holosteoides",0.005
"Plot291","f","Stratum-M24-1","M24","Cynosurus echinatus",0.04
"Plot291","f","Stratum-M24-1","M24","Euphrasia salisburgensis",0.00125
"Plot291","f","Stratum-M24-1","M24","Hypericum perforatum",0.24375
"Plot291","f","Stratum-M24-1","M24","Luzula multiflora",0.0025
"Plot291","f","Stratum-M24-1","M24","Lysimachia punctata",0.00125
"Plot291","f","Stratum-M24-1","M24","Plantago lanceolata",0.0125
"Plot291","f","Stratum-M24-1","M24","Potentilla argentea",0.0225
"Plot291","f","Stratum-M24-1","M24","Rubus canescens",0.10375
"Plot291","f","Stratum-M24-1","M24","Rumex sp.",0.16
"Plot291","f","Stratum-M24-1","M24","Sanguisorba minor",0.0025
"Plot291","f","Stratum-M24-1","M24","Vulpia myuros",0.03125
"Plot292","f","Stratum-M24-1","M24","Agrostis capillaris",0.28
"Plot292","f","Stratum-M24-1","M24","Allium sp. 1",0.005
"Plot292","f","Stratum-M24-1","M24","Allium sp. 2",0.0575
"Plot292","f","Stratum-M24-1","M24","Filipendula vulgaris",0.00125
"Plot292","f","Stratum-M24-1","M24","Holcus lanatus",0.03125
"Plot292","f","Stratum-M24-1","M24","Juncus sp.",0.04625
"Plot292","f","Stratum-M24-1","M24","Melica ciliata",0.28
"Plot292","f","Stratum-M24-1","M24","Ononis spinosa",0.005
"Plot292","f","Stratum-M24-1","M24","Phleum pratense",0.015
"Plot292","f","Stratum-M24-1","M24","Pimpinella saxifraga",0.005
"Plot292","f","Stratum-M24-1","M24","Plantago lanceolata",0.00125
"Plot292","f","Stratum-M24-1","M24","Potentilla recta",0.3275
"Plot292","f","Stratum-M24-1","M24","Rapistrum rugosum",0.02125
"Plot292","f","Stratum-M24-1","M24","Scolymus hispanicus",0.01
"Plot292","f","Stratum-M24-1","M24","Teucrium chamaedrys",0.005
"Plot293","f","Stratum-M24-1","M24","Agrostis capillaris",0.11875
"Plot293","f","Stratum-M24-1","M24","Allium sp. 3",0.005
"Plot293","f","Stratum-M24-1","M24","Briza minor",0.01
"Plot293","f","Stratum-M24-1","M24","Carex lasiocarpa",0.11375
"Plot293","f","Stratum-M24-1","M24","Cichorium intybus",0.06125
"Plot293","f","Stratum-M24-1","M24","Filipendula vulgaris",0.015
"Plot293","f","Stratum-M24-1","M24","Galium verum",0.02125
"Plot293","f","Stratum-M24-1","M24","Geranium sp.",0.00125
"Plot293","f","Stratum-M24-1","M24","Holcus lanatus",0.02
"Plot293","f","Stratum-M24-1","M24","Juncus sp.",0.02
"Plot293","f","Stratum-M24-1","M24","Lolium perenne",0.015
"Plot293","f","Stratum-M24-1","M24","Medicago minima",0.03125
"Plot293","f","Stratum-M24-1","M24","Melica ciliata",0.07375
"Plot293","f","Stratum-M24-1","M24","Mentha sp.",0.01
"Plot293","f","Stratum-M24-1","M24","Ononis spinosa",0.0575
"Plot293","f","Stratum-M24-1","M24","Phleum pratense",0.255
"Plot293","f","Stratum-M24-1","M24","Prunella lanceolata",0.01
"Plot293","f","Stratum-M24-1","M24","Rumex sp.",0.01
"Plot293","f","Stratum-M24-1","M24","Sanguisorba minor",0.00125
"Plot293","f","Stratum-M24-1","M24","Thymus sibthorpii",0.02625
"Plot293","f","Stratum-M24-1","M24","Trifolium pratense",0.01
"Plot294","f","Stratum-M24-1","M24","Agrostis capillaris",0.0675
"Plot294","f","Stratum-M24-1","M24","Alopecurus pratensis",0.05625
"Plot294","f","Stratum-M24-1","M24","Cichorium intybus",0.005
"Plot294","f","Stratum-M24-1","M24","Cyperus sp.",0.005
"Plot294","f","Stratum-M24-1","M24","Danthonia decumbens",0.005
"Plot294","f","Stratum-M24-1","M24","Galium mollugo group",0.005
"Plot294","f","Stratum-M24-1","M24","Holcus lanatus",0.02625
"Plot294","f","Stratum-M24-1","M24","Juncus sp.",0.01
"Plot294","f","Stratum-M24-1","M24","Lolium perenne",0.005
"Plot294","f","Stratum-M24-1","M24","Lotus angustissimus",0.03125
"Plot294","f","Stratum-M24-1","M24","Medicago minima",0.01
"Plot294","f","Stratum-M24-1","M24","Melica ciliata",0.10375
"Plot294","f","Stratum-M24-1","M24","Ononis spinosa",0.17125
"Plot294","f","Stratum-M24-1","M24","Phleum pratense",0.0725
"Plot294","f","Stratum-M24-1","M24","Pimpinella saxifraga",0.00125
"Plot294","f","Stratum-M24-1","M24","Plantago lanceolata",0.02125
"Plot294","f","Stratum-M24-1","M24","Prunella lanceolata",0.00625
"Plot294","f","Stratum-M24-1","M24","Thymus sibthorpii",0.04625
"Plot294","f","Stratum-M24-1","M24","Trifolium pratense",0.005
"Plot295","f","Stratum-M24-1","M24","Agrostis capillaris",0.09875
"Plot295","f","Stratum-M24-1","M24","Alopecurus pratensis",0.015
"Plot295","f","Stratum-M24-1","M24","Anthoxanthum odoratum",0.0625
"Plot295","f","Stratum-M24-1","M24","Danthonia decumbens",0.0975
"Plot295","f","Stratum-M24-1","M24","Daucus guttatus",0.00625
"Plot295","f","Stratum-M24-1","M24","Juncus sp.",0.03125
"Plot295","f","Stratum-M24-1","M24","Lotus angustissimus",0.015
"Plot295","f","Stratum-M24-1","M24","Medicago minima",0.00125
"Plot295","f","Stratum-M24-1","M24","Melica ciliata",0.115
"Plot295","f","Stratum-M24-1","M24","Ononis spinosa",0.05625
"Plot295","f","Stratum-M24-1","M24","Phleum pratense",0.14875
"Plot295","f","Stratum-M24-1","M24","Pimpinella saxifraga",0.02125
"Plot295","f","Stratum-M24-1","M24","Plantago lanceolata",0.0475
"Plot295","f","Stratum-M24-1","M24","Potentilla recta",0.0925
"Plot295","f","Stratum-M24-1","M24","Trifolium pratense",0.01125
"Plot296","f","Stratum-M24-1","M24","Agrostis capillaris",0.07125
"Plot296","f","Stratum-M24-1","M24","Alopecurus pratensis",0.0775
"Plot296","f","Stratum-M24-1","M24","Anthoxanthum odoratum",0.14375
"Plot296","f","Stratum-M24-1","M24","Danthonia decumbens",0.06125
"Plot296","f","Stratum-M24-1","M24","Daucus guttatus",0.0975
"Plot296","f","Stratum-M24-1","M24","Galium mollugo group",0.01
"Plot296","f","Stratum-M24-1","M24","Holcus lanatus",0.005
"Plot296","f","Stratum-M24-1","M24","Juncus sp.",0.005
"Plot296","f","Stratum-M24-1","M24","Lolium perenne",0.015
"Plot296","f","Stratum-M24-1","M24","Lotus angustissimus",0.01
"Plot296","f","Stratum-M24-1","M24","Melica ciliata",0.03125
"Plot296","f","Stratum-M24-1","M24","Mentha sp.",0.00125
"Plot296","f","Stratum-M24-1","M24","Ononis spinosa",0.1075
"Plot296","f","Stratum-M24-1","M24","Phleum pratense",0.0825
"Plot296","f","Stratum-M24-1","M24","Pimpinella saxifraga",0.02
"Plot296","f","Stratum-M24-1","M24","Plantago lanceolata",0.04625
"Plot296","f","Stratum-M24-1","M24","Potentilla recta",0.1575
"Plot296","f","Stratum-M24-1","M24","Prunella lanceolata",0.015
"Plot296","f","Stratum-M24-1","M24","Trifolium pratense",0.005
"Plot297","f","Stratum-M24-1","M24","Agrostis capillaris",0.02
"Plot297","f","Stratum-M24-1","M24","Allium sp. 1",0.00125
"Plot297","f","Stratum-M24-1","M24","Anacamptis pyramidalis",0.02625
"Plot297","f","Stratum-M24-1","M24","Anthoxanthum odoratum",0.12375
"Plot297","f","Stratum-M24-1","M24","Briza minor",0.00125
"Plot297","f","Stratum-M24-1","M24","Cerastium holosteoides",0.00125
"Plot297","f","Stratum-M24-1","M24","Crepis sancta",0.01625
"Plot297","f","Stratum-M24-1","M24","Danthonia decumbens",0.01
"Plot297","f","Stratum-M24-1","M24","Eryngium campestre",0.01
"Plot297","f","Stratum-M24-1","M24","Filipendula vulgaris",0.00625
"Plot297","f","Stratum-M24-1","M24","Galium mollugo group",0.00125
"Plot297","f","Stratum-M24-1","M24","Lotus angustissimus",0.015
"Plot297","f","Stratum-M24-1","M24","Plantago lanceolata",0.0725
"Plot297","f","Stratum-M24-1","M24","Potentilla recta",0.005
"Plot297","f","Stratum-M24-1","M24","Pteridium aquilinum",0.15625
"Plot297","f","Stratum-M24-1","M24","Rubus idaeus",0.04625
"Plot297","f","Stratum-M24-1","M24","Taraxacum officinale group",0.01
"Plot297","f","Stratum-M24-1","M24","Trifolium pratense",0.00125
"Plot297","f","Stratum-M24-1","M24","Veronica arvensis",0.03625
"Plot297","f","Stratum-M24-1","M24","Viola alba",0.00625
"Plot298","f","Stratum-M24-1","M24","Achillea millefolium",0.0675
"Plot298","f","Stratum-M24-1","M24","Agrostis capillaris",0.0425
"Plot298","f","Stratum-M24-1","M24","Alopecurus pratensis",0.02625
"Plot298","f","Stratum-M24-1","M24","Anacamptis pyramidalis",0.02125
"Plot298","f","Stratum-M24-1","M24","Anthoxanthum odoratum",0.01
"Plot298","f","Stratum-M24-1","M24","Crepis sancta",0.00125
"Plot298","f","Stratum-M24-1","M24","Danthonia decumbens",0.01
"Plot298","f","Stratum-M24-1","M24","Filipendula vulgaris",0.005
"Plot298","f","Stratum-M24-1","M24","Galium verum",0.01625
"Plot298","f","Stratum-M24-1","M24","Hypericum perforatum",0.02125
"Plot298","f","Stratum-M24-1","M24","Juniperus communis subsp. communis",0.005
"Plot298","f","Stratum-M24-1","M24","Lotus angustissimus",0.005
"Plot298","f","Stratum-M24-1","M24","Melica ciliata",0.02125
"Plot298","f","Stratum-M24-1","M24","Petroraghia sp.",0.01
"Plot298","f","Stratum-M24-1","M24","Plantago lanceolata",0.02125
"Plot298","f","Stratum-M24-1","M24","Poaceae sp.",0.2025
"Plot298","f","Stratum-M24-1","M24","Quercus cerris",0.005
"Plot298","f","Stratum-M24-1","M24","Rosa canina",0.02125
"Plot298","f","Stratum-M24-1","M24","Rubus idaeus",0.005
"Plot298","f","Stratum-M24-1","M24","Thymus sp.",0.02
"Plot298","f","Stratum-M24-1","M24","Trifolium pratense",0.005
"Plot298","f","Stratum-M24-1","M24","Veronica arvensis",0.01
"Plot299","f","Stratum-M24-1","M24","Agrostis capillaris",0.04625
"Plot299","f","Stratum-M24-1","M24","Dianthus sp.",0.01
"Plot299","f","Stratum-M24-1","M24","Eryngium amethystinum",0.0225
"Plot299","f","Stratum-M24-1","M24","Juniperus communis subsp. communis",0.13625
"Plot299","f","Stratum-M24-1","M24","Lomelosia sp.",0.005
"Plot299","f","Stratum-M24-1","M24","Lotus angustissimus",0.00125
"Plot299","f","Stratum-M24-1","M24","Plantago lanceolata",0.02125
"Plot299","f","Stratum-M24-1","M24","Poaceae sp.",0.11
"Plot299","f","Stratum-M24-1","M24","Pteridium aquilinum",0.29625
"Plot299","f","Stratum-M24-1","M24","Rosa canina",0.04625
"Plot299","f","Stratum-M24-1","M24","Rubus idaeus",0.02625
"Plot299","f","Stratum-M24-1","M24","Silene sendtneri subsp. balcanica",0.02125
"Plot299","f","Stratum-M24-1","M24","Veronica arvensis",0.01
"Plot3","f","Stratum-U4-1","U4","Anthemis arvensis",0.05125
"Plot3","f","Stratum-U4-1","U4","Arenaria leptoclados",0.01
"Plot3","f","Stratum-U4-1","U4","Asparagus acutifolius",0.005
"Plot3","f","Stratum-U4-1","U4","Asphodeline liburnica",0.0975
"Plot3","f","Stratum-U4-1","U4","Crepis setosa",0.01
"Plot3","f","Stratum-U4-1","U4","Crupina vulgaris",0.00625
"Plot3","f","Stratum-U4-1","U4","Dactylis glomerata",0.005
"Plot3","f","Stratum-U4-1","U4","Euphorbia taurinensis",2.5e-4
"Plot3","f","Stratum-U4-1","U4","Geranium dissectum",0.00625
"Plot3","f","Stratum-U4-1","U4","Geranium robertianum",0.00625
"Plot3","f","Stratum-U4-1","U4","Helianthemum nummularium",0.005
"Plot3","f","Stratum-U4-1","U4","Linaria pelisseriana",2.5e-4
"Plot3","f","Stratum-U4-1","U4","Neatostema apulum",0.00125
"Plot3","f","Stratum-U4-1","U4","Onobrychis aequidentata",0.04625
"Plot3","f","Stratum-U4-1","U4","Orlaya daucoides",0.00125
"Plot3","f","Stratum-U4-1","U4","Piptatherum miliaceum",0.39
"Plot3","f","Stratum-U4-1","U4","Potentilla recta",0.0025
"Plot3","f","Stratum-U4-1","U4","Salvia sp.",0.00125
"Plot3","f","Stratum-U4-1","U4","Sanguisorba minor",0.00625
"Plot3","f","Stratum-U4-1","U4","Teucrium capitatum",0.0075
"Plot3","f","Stratum-U4-1","U4","Thymus sibthorpii",0.02625
"Plot30","f","Stratum-U4-2","U4","Anchusa officinalis",0.00875
"Plot30","f","Stratum-U4-2","U4","Arenaria leptoclados",0.03125
"Plot30","f","Stratum-U4-2","U4","Bromus hordeaceus",0.0025
"Plot30","f","Stratum-U4-2","U4","Cerastium semidecandrum",0.00125
"Plot30","f","Stratum-U4-2","U4","Chrysopogon gryllus",0.00125
"Plot30","f","Stratum-U4-2","U4","Convolvulus cantabrica",0.02125
"Plot30","f","Stratum-U4-2","U4","Crepis sancta",0.0025
"Plot30","f","Stratum-U4-2","U4","Crupina crupinastrum",0.00125
"Plot30","f","Stratum-U4-2","U4","Galium debile",0.00125
"Plot30","f","Stratum-U4-2","U4","Geranium brutium",0.00125
"Plot30","f","Stratum-U4-2","U4","Helianthemum aegyptiacum",0.04375
"Plot30","f","Stratum-U4-2","U4","Linum tenuifolium",0.0025
"Plot30","f","Stratum-U4-2","U4","Lolium rigidum",2.5e-4
"Plot30","f","Stratum-U4-2","U4","Matricaria recutita",0.06125
"Plot30","f","Stratum-U4-2","U4","Medicago minima",0.00125
"Plot30","f","Stratum-U4-2","U4","Medicago sp.",0.00125
"Plot30","f","Stratum-U4-2","U4","Medicago tuberculata",0.00125
"Plot30","f","Stratum-U4-2","U4","Muscari comosum",0.00125
"Plot30","f","Stratum-U4-2","U4","Onobrychis aequidentata",0.03
"Plot30","f","Stratum-U4-2","U4","Osyris alba",0.04625
"Plot30","f","Stratum-U4-2","U4","Poa bulbosa",0.0025
"Plot30","f","Stratum-U4-2","U4","Sanguisorba minor",0.0375
"Plot30","f","Stratum-U4-2","U4","Silene conica",0.0025
"Plot30","f","Stratum-U4-2","U4","Stipa capensis",0.13
"Plot30","f","Stratum-U4-2","U4","Teucrium capitatum",0.00875
"Plot30","f","Stratum-U4-2","U4","Thymus sibthorpii",0.01625
"Plot30","f","Stratum-U4-2","U4","Trifolium arvense",0.00125
"Plot30","f","Stratum-U4-2","U4","Trifolium campestre",0.00125
"Plot30","f","Stratum-U4-2","U4","Trifolium hirtum",0.00125
"Plot30","f","Stratum-U4-2","U4","Trifolium scabrum",0.00125
"Plot300","f","Stratum-M24-1","M24","Agrostis capillaris",0.05625
"Plot300","f","Stratum-M24-1","M24","Alopecurus pratensis",0.005
"Plot300","f","Stratum-M24-1","M24","Anthoxanthum odoratum",0.1025
"Plot300","f","Stratum-M24-1","M24","Briza minor",0.005
"Plot300","f","Stratum-M24-1","M24","Carex sp.",0.12375
"Plot300","f","Stratum-M24-1","M24","Eryngium campestre",0.01125
"Plot300","f","Stratum-M24-1","M24","Filipendula vulgaris",0.01
"Plot300","f","Stratum-M24-1","M24","Galium verum",0.06625
"Plot300","f","Stratum-M24-1","M24","Holcus lanatus",0.02125
"Plot300","f","Stratum-M24-1","M24","Hordeum vulgare",0.0725
"Plot300","f","Stratum-M24-1","M24","Lolium perenne",0.01
"Plot300","f","Stratum-M24-1","M24","Lotus angustissimus",0.02
"Plot300","f","Stratum-M24-1","M24","Melica ciliata",0.0525
"Plot300","f","Stratum-M24-1","M24","Mentha sp.",0.04625
"Plot300","f","Stratum-M24-1","M24","Ononis spinosa",0.1025
"Plot300","f","Stratum-M24-1","M24","Phleum pratense",0.03125
"Plot300","f","Stratum-M24-1","M24","Plantago lanceolata",0.02125
"Plot300","f","Stratum-M24-1","M24","Poaceae sp.",0.02125
"Plot300","f","Stratum-M24-1","M24","Pteridium aquilinum",0.03125
"Plot300","f","Stratum-M24-1","M24","Veronica arvensis",0.01
"Plot31","f","Stratum-U4-2","U4","Achnatherum bromoides",0.0225
"Plot31","f","Stratum-U4-2","U4","Aegilops triuncialis",0.00375
"Plot31","f","Stratum-U4-2","U4","Anchusa officinalis",0.00875
"Plot31","f","Stratum-U4-2","U4","Arenaria leptoclados",0.0675
"Plot31","f","Stratum-U4-2","U4","Bromus squarrosus",0.00125
"Plot31","f","Stratum-U4-2","U4","Bromus tectorum",0.0075
"Plot31","f","Stratum-U4-2","U4","Chrysopogon gryllus",0.04625
"Plot31","f","Stratum-U4-2","U4","Convolvulus althaeoides",0.02125
"Plot31","f","Stratum-U4-2","U4","Convolvulus cantabrica",0.03625
"Plot31","f","Stratum-U4-2","U4","Eryngium campestre",0.0475
"Plot31","f","Stratum-U4-2","U4","Galium debile",0.00875
"Plot31","f","Stratum-U4-2","U4","Helianthemum aegyptiacum",0.04375
"Plot31","f","Stratum-U4-2","U4","Hymenocarpos circinnatus",0.00125
"Plot31","f","Stratum-U4-2","U4","Hypericum perforatum",0.00125
"Plot31","f","Stratum-U4-2","U4","Hypochaeris radicata",0.00125
"Plot31","f","Stratum-U4-2","U4","Matricaria recutita",0.065
"Plot31","f","Stratum-U4-2","U4","Medicago sp.",0.01
"Plot31","f","Stratum-U4-2","U4","Onobrychis aequidentata",0.0225
"Plot31","f","Stratum-U4-2","U4","Parentucellia latifolia",0.00125
"Plot31","f","Stratum-U4-2","U4","Petrorhagia dubia",0.0075
"Plot31","f","Stratum-U4-2","U4","Plantago afra",0.02125
"Plot31","f","Stratum-U4-2","U4","Plantago lanceolata",0.015
"Plot31","f","Stratum-U4-2","U4","Potentilla recta",0.00125
"Plot31","f","Stratum-U4-2","U4","Sanguisorba minor",0.00875
"Plot31","f","Stratum-U4-2","U4","Solanum elaeagnifolium",0.03
"Plot31","f","Stratum-U4-2","U4","Stipa capensis",0.16125
"Plot31","f","Stratum-U4-2","U4","Teucrium capitatum",0.05375
"Plot31","f","Stratum-U4-2","U4","Thymus sibthorpii",0.00125
"Plot31","f","Stratum-U4-2","U4","Trifolium hirtum",0.4375
"Plot31","f","Stratum-U4-2","U4","Trifolium scabrum",0.00875
"Plot31","f","Stratum-U4-2","U4","Trifolium stellatum",0.01
"Plot31","f","Stratum-U4-2","U4","Verbascum sp.",0.055
"Plot31","f","Stratum-U4-2","U4","Vulpia myuros",0.0075
"Plot313","f","Stratum-W12-1","W12","Anthriscus cerefolium",0.01
"Plot313","f","Stratum-W12-1","W12","Daphne laureola",0.04625
"Plot313","f","Stratum-W12-1","W12","Fagus sylvatica",0.005
"Plot313","f","Stratum-W12-1","W12","Galium aparine",0.015
"Plot313","f","Stratum-W12-1","W12","Hedera helix",0.02125
"Plot313","f","Stratum-W12-1","W12","Hieracium sp.",0.005
"Plot313","f","Stratum-W12-1","W12","Melica uniflora",0.07125
"Plot313","f","Stratum-W12-1","W12","Quercus cerris",0.645
"Plot313","f","Stratum-W12-1","W12","Rosa canina",0.1575
"Plot313","f","Stratum-W12-1","W12","Scutellaria columnae",0.005
"Plot313","f","Stratum-W12-1","W12","Sorbus torminalis",0.11
"Plot313","f","Stratum-W12-1","W12","Trifolium angustifolium",0.005
"Plot314","f","Stratum-W12-1","W12","Anthriscus cerefolium",0.005
"Plot314","f","Stratum-W12-1","W12","Aremonia agrimonoides",0.0075
"Plot314","f","Stratum-W12-1","W12","Cornus mas",0.0325
"Plot314","f","Stratum-W12-1","W12","Daphne laureola",0.02625
"Plot314","f","Stratum-W12-1","W12","Fagus sylvatica",1
"Plot314","f","Stratum-W12-1","W12","Fragaria vesca",0.00125
"Plot314","f","Stratum-W12-1","W12","Hedera helix",0.125
"Plot314","f","Stratum-W12-1","W12","Rosa canina",0.00125
"Plot314","f","Stratum-W12-1","W12","Rubus sanctus",0.005
"Plot314","f","Stratum-W12-1","W12","Sorbus torminalis",0.015
"Plot314","f","Stratum-W12-1","W12","Viola alba",0.005
"Plot315","f","Stratum-W12-1","W12","Fagus sylvatica",0.875
"Plot316","f","Stratum-W12-1","W12","Fagus sylvatica",0.875
"Plot317","f","Stratum-W12-1","W12","Acer campestre",0.0025
"Plot317","f","Stratum-W12-1","W12","Anthriscus cerefolium",0.005
"Plot317","f","Stratum-W12-1","W12","Daphne laureola",0.0475
"Plot317","f","Stratum-W12-1","W12","Fagus sylvatica",0.875
"Plot317","f","Stratum-W12-1","W12","Galium aparine",5e-4
"Plot317","f","Stratum-W12-1","W12","Melica uniflora",0.0425
"Plot317","f","Stratum-W12-1","W12","Quercus petraea",0.10875
"Plot317","f","Stratum-W12-1","W12","Rosa canina",0.01
"Plot317","f","Stratum-W12-1","W12","Sorbus torminalis",0.0025
"Plot317","f","Stratum-W12-1","W12","Teucrium chamaedrys",0.005
"Plot317","f","Stratum-W12-1","W12","Viola alba",0.04875
"Plot318","f","Stratum-W12-1","W12","Fagus sylvatica",0.625
"Plot318","f","Stratum-W12-1","W12","Fragaria vesca",0.0025
"Plot318","f","Stratum-W12-1","W12","Physospermum cornubiense",0.01125
"Plot319","f","Stratum-W12-1","W12","Cephalanthera rubra",0.00125
"Plot319","f","Stratum-W12-1","W12","Fagus sylvatica",0.9675
"Plot319","f","Stratum-W12-1","W12","Neottia nidus-avis",2.5e-4
"Plot319","f","Stratum-W12-1","W12","Physospermum cornubiense",0.02
"Plot32","f","Stratum-U4-2","U4","Achnatherum bromoides",0.00875
"Plot32","f","Stratum-U4-2","U4","Aegilops biuncialis",0.00125
"Plot32","f","Stratum-U4-2","U4","Aegilops triuncialis",0.01
"Plot32","f","Stratum-U4-2","U4","Arenaria leptoclados",0.01
"Plot32","f","Stratum-U4-2","U4","Avena sterilis",0.09375
"Plot32","f","Stratum-U4-2","U4","Carlina acaulis",0.00125
"Plot32","f","Stratum-U4-2","U4","Centaurea benedicta",0.0025
"Plot32","f","Stratum-U4-2","U4","Cerastium fontanum",0.00125
"Plot32","f","Stratum-U4-2","U4","Chondrilla juncea",0.015
"Plot32","f","Stratum-U4-2","U4","Crepis sancta",0.0025
"Plot32","f","Stratum-U4-2","U4","Cynodon dactylon",0.0075
"Plot32","f","Stratum-U4-2","U4","Dactylis glomerata",0.00125
"Plot32","f","Stratum-U4-2","U4","Dasypyrum villosum",0.05375
"Plot32","f","Stratum-U4-2","U4","Daucus guttatus",0.00125
"Plot32","f","Stratum-U4-2","U4","Echium vulgare",0.01625
"Plot32","f","Stratum-U4-2","U4","Erodium ciconium",0.00125
"Plot32","f","Stratum-U4-2","U4","Eryngium campestre",0.04375
"Plot32","f","Stratum-U4-2","U4","Herniaria incana",0.0075
"Plot32","f","Stratum-U4-2","U4","Hordeum bulbosum",0.0925
"Plot32","f","Stratum-U4-2","U4","Lolium perenne",0.0075
"Plot32","f","Stratum-U4-2","U4","Matricaria recutita",0.03625
"Plot32","f","Stratum-U4-2","U4","Medicago minima",0.00875
"Plot32","f","Stratum-U4-2","U4","Medicago sativa",0.00125
"Plot32","f","Stratum-U4-2","U4","Medicago sp.",0.00875
"Plot32","f","Stratum-U4-2","U4","Onobrychis aequidentata",0.00125
"Plot32","f","Stratum-U4-2","U4","Petrorhagia dubia",0.00125
"Plot32","f","Stratum-U4-2","U4","Plantago afra",0.34375
"Plot32","f","Stratum-U4-2","U4","Poa bulbosa",0.0075
"Plot32","f","Stratum-U4-2","U4","Rostraria cristata",0.0075
"Plot32","f","Stratum-U4-2","U4","Salvia sp.",0.00125
"Plot32","f","Stratum-U4-2","U4","Sherardia arvensis",0.00125
"Plot32","f","Stratum-U4-2","U4","Solanum elaeagnifolium",0.09625
"Plot32","f","Stratum-U4-2","U4","Tordylium apulum",0.00125
"Plot32","f","Stratum-U4-2","U4","Trifolium arvense",0.04625
"Plot32","f","Stratum-U4-2","U4","Trifolium campestre",0.05
"Plot32","f","Stratum-U4-2","U4","Trifolium scabrum",0.0025
"Plot32","f","Stratum-U4-2","U4","Veronica verna",0.00125
"Plot32","f","Stratum-U4-2","U4","Vicia hybrida",0.00125
"Plot32","f","Stratum-U4-2","U4","Vicia tetrasperma",0.00125
"Plot32","f","Stratum-U4-2","U4","Vulpia myuros",0.0225
"Plot320","f","Stratum-W12-1","W12","Fagus sylvatica",0.9175
"Plot320","f","Stratum-W12-1","W12","Neottia nidus-avis",2.5e-4
"Plot321","f","Stratum-W12-1","W12","Daphne laureola",0.04625
"Plot321","f","Stratum-W12-1","W12","Fagus sylvatica",0.875
"Plot321","f","Stratum-W12-1","W12","Fragaria vesca",0.005
"Plot321","f","Stratum-W12-1","W12","Ilex aquifolium",0.01
"Plot321","f","Stratum-W12-1","W12","Lathyrus venetus",0.00125
"Plot321","f","Stratum-W12-1","W12","Physospermum cornubiense",0.005
"Plot322","f","Stratum-W12-1","W12","Fagus sylvatica",0.635
"Plot322","f","Stratum-W12-1","W12","Physospermum cornubiense",0.02125
"Plot323","f","Stratum-W12-1","W12","Fagus sylvatica",1
"Plot323","f","Stratum-W12-1","W12","Neottia nidus-avis",2.5e-4
"Plot324","f","Stratum-W12-1","W12","Cephalanthera rubra",0.00125
"Plot324","f","Stratum-W12-1","W12","Fagus sylvatica",0.4175
"Plot324","f","Stratum-W12-1","W12","Ilex aquifolium",0.02
"Plot324","f","Stratum-W12-1","W12","Rubus idaeus",0.02375
"Plot324","f","Stratum-W12-1","W12","Viola alba",2.5e-4
"Plot33","f","Stratum-U4-2","U4","Achillea millefolium",0.005
"Plot33","f","Stratum-U4-2","U4","Anacamptis papilionacea",0.00125
"Plot33","f","Stratum-U4-2","U4","Arenaria leptoclados",0.015
"Plot33","f","Stratum-U4-2","U4","Bromus hordeaceus",0.01625
"Plot33","f","Stratum-U4-2","U4","Chrysopogon gryllus",0.015
"Plot33","f","Stratum-U4-2","U4","Crepis sancta",0.0075
"Plot33","f","Stratum-U4-2","U4","Dactylorhiza romana",0.0017499999999999998
"Plot33","f","Stratum-U4-2","U4","Dianthus cruentus",0.0625
"Plot33","f","Stratum-U4-2","U4","Eryngium campestre",0.01125
"Plot33","f","Stratum-U4-2","U4","Helianthemum nummularium",0.13
"Plot33","f","Stratum-U4-2","U4","Hypericum olympicum",0.00125
"Plot33","f","Stratum-U4-2","U4","Hypericum perforatum",0.00125
"Plot33","f","Stratum-U4-2","U4","Hypochaeris radicata",0.115
"Plot33","f","Stratum-U4-2","U4","Linum tenuifolium",2.5e-4
"Plot33","f","Stratum-U4-2","U4","Medicago minima",0.0225
"Plot33","f","Stratum-U4-2","U4","Medicago sativa",0.01
"Plot33","f","Stratum-U4-2","U4","Onobrychis aequidentata",0.1075
"Plot33","f","Stratum-U4-2","U4","Parentucellia latifolia",0.0025
"Plot33","f","Stratum-U4-2","U4","Petrorhagia dubia",0.0025
"Plot33","f","Stratum-U4-2","U4","Plantago lanceolata",0.2025
"Plot33","f","Stratum-U4-2","U4","Potentilla recta",0.00125
"Plot33","f","Stratum-U4-2","U4","Rumex acetosella",0.0225
"Plot33","f","Stratum-U4-2","U4","Sanguisorba minor",0.02125
"Plot33","f","Stratum-U4-2","U4","Sedum hispanicum",0.00125
"Plot33","f","Stratum-U4-2","U4","Serapias vomeracea",0.00125
"Plot33","f","Stratum-U4-2","U4","Taraxacum officinale group",0.0025
"Plot33","f","Stratum-U4-2","U4","Thymus sibthorpii",0.02125
"Plot33","f","Stratum-U4-2","U4","Trifolium arvense",0.00125
"Plot33","f","Stratum-U4-2","U4","Trifolium campestre",0.0075
"Plot33","f","Stratum-U4-2","U4","Trifolium hirtum",0.0225
"Plot337","f","Stratum-W18-1","W18","Carex flacca",0.005
"Plot337","f","Stratum-W18-1","W18","Crepis sp.",0.01
"Plot337","f","Stratum-W18-1","W18","Fraxinus ornus",0.06875
"Plot337","f","Stratum-W18-1","W18","Phillyrea latifolia",0.01
"Plot337","f","Stratum-W18-1","W18","Pinus brutia",0.0265
"Plot337","f","Stratum-W18-1","W18","Quercus cerris",0.625
"Plot337","f","Stratum-W18-1","W18","Quercus frainetto",0.0225
"Plot337","f","Stratum-W18-1","W18","Rosa canina",5e-4
"Plot337","f","Stratum-W18-1","W18","Ruscus aculeatus",0.03
"Plot338","f","Stratum-W18-1","W18","Crepis sp.",0.0215
"Plot338","f","Stratum-W18-1","W18","Galium aparine",0.04375
"Plot338","f","Stratum-W18-1","W18","Pinus brutia",0.185
"Plot338","f","Stratum-W18-1","W18","Poaceae",2.5e-4
"Plot338","f","Stratum-W18-1","W18","Quercus cerris",0.375
"Plot338","f","Stratum-W18-1","W18","Quercus frainetto",0.0015
"Plot338","f","Stratum-W18-1","W18","Ruscus aculeatus",2.5e-4
"Plot338","f","Stratum-W18-1","W18","Silene italica",0.00125
"Plot339","f","Stratum-W18-1","W18","Arabidopsis thaliana",0.09375
"Plot339","f","Stratum-W18-1","W18","Carex sp.",0.0575
"Plot339","f","Stratum-W18-1","W18","Lathyrus aphaca",0.005
"Plot339","f","Stratum-W18-1","W18","Pinus brutia",0.085
"Plot339","f","Stratum-W18-1","W18","Quercus cerris",0.375
"Plot339","f","Stratum-W18-1","W18","Quercus frainetto",0.03
"Plot339","f","Stratum-W18-1","W18","Silene italica",0.005
"Plot34","f","Stratum-U4-2","U4","Aira elegans",0.0025
"Plot34","f","Stratum-U4-2","U4","Anacamptis papilionacea",0.00375
"Plot34","f","Stratum-U4-2","U4","Anisantha sterilis",0.0075
"Plot34","f","Stratum-U4-2","U4","Anthemis arvensis",0.01
"Plot34","f","Stratum-U4-2","U4","Anthoxanthum odoratum",0.015
"Plot34","f","Stratum-U4-2","U4","Arenaria leptoclados",0.015
"Plot34","f","Stratum-U4-2","U4","Bromus hordeaceus",0.0075
"Plot34","f","Stratum-U4-2","U4","Carex flacca",0.00875
"Plot34","f","Stratum-U4-2","U4","Centaurea sp.",0.02125
"Plot34","f","Stratum-U4-2","U4","Cistus creticus",0.0425
"Plot34","f","Stratum-U4-2","U4","Cynosurus echinatus",0.00125
"Plot34","f","Stratum-U4-2","U4","Dactylorhiza romana",0.00125
"Plot34","f","Stratum-U4-2","U4","Dianthus cruentus",0.00125
"Plot34","f","Stratum-U4-2","U4","Dorycnium herbaceum",0.00125
"Plot34","f","Stratum-U4-2","U4","Genista carinalis",0.04375
"Plot34","f","Stratum-U4-2","U4","Helianthemum aegyptiacum",0.00125
"Plot34","f","Stratum-U4-2","U4","Helianthemum nummularium",0.00875
"Plot34","f","Stratum-U4-2","U4","Hypericum olympicum",0.00875
"Plot34","f","Stratum-U4-2","U4","Hypochaeris radicata",0.00875
"Plot34","f","Stratum-U4-2","U4","Linaria pelisseriana",0.005
"Plot34","f","Stratum-U4-2","U4","Matricaria recutita",0.00125
"Plot34","f","Stratum-U4-2","U4","Medicago sativa",0.00125
"Plot34","f","Stratum-U4-2","U4","Moenchia mantica",0.02125
"Plot34","f","Stratum-U4-2","U4","Ornithopus compressus",0.00125
"Plot34","f","Stratum-U4-2","U4","Parentucellia latifolia",0.00125
"Plot34","f","Stratum-U4-2","U4","Petrorhagia dubia",0.005
"Plot34","f","Stratum-U4-2","U4","Piptatherum miliaceum",0.1775
"Plot34","f","Stratum-U4-2","U4","Plantago afra",0.00125
"Plot34","f","Stratum-U4-2","U4","Plantago lanceolata",0.00125
"Plot34","f","Stratum-U4-2","U4","Potentilla recta",0.00875
"Plot34","f","Stratum-U4-2","U4","Rumex acetosella",0.06125
"Plot34","f","Stratum-U4-2","U4","Sanguisorba minor",0.0225
"Plot34","f","Stratum-U4-2","U4","Sedum amplexicaule",0.00125
"Plot34","f","Stratum-U4-2","U4","Senecio vulgaris",0.00125
"Plot34","f","Stratum-U4-2","U4","Spergularia media",0.02125
"Plot34","f","Stratum-U4-2","U4","Thymus sibthorpii",0.01625
"Plot34","f","Stratum-U4-2","U4","Tragopogon pratensis",0.00125
"Plot34","f","Stratum-U4-2","U4","Trifolium campestre",0.00125
"Plot34","f","Stratum-U4-2","U4","Trifolium scabrum",0.00125
"Plot340","f","Stratum-W18-1","W18","Allium flavum subsp. tauricum",0.005
"Plot340","f","Stratum-W18-1","W18","Cistus monspeliensis",2.5e-4
"Plot340","f","Stratum-W18-1","W18","Muscari neglectum",0.005
"Plot340","f","Stratum-W18-1","W18","Pinus brutia",0.8125
"Plot340","f","Stratum-W18-1","W18","Quercus cerris",0.04
"Plot341","f","Stratum-W18-1","W18","Asparagus acutifolius",0.005
"Plot341","f","Stratum-W18-1","W18","Carex sp.",0.01
"Plot341","f","Stratum-W18-1","W18","Cistus monspeliensis",0.005
"Plot341","f","Stratum-W18-1","W18","Phillyrea latifolia",0.0425
"Plot341","f","Stratum-W18-1","W18","Pinus brutia",0.625
"Plot341","f","Stratum-W18-1","W18","Poaceae",0.08875
"Plot341","f","Stratum-W18-1","W18","Quercus coccifera",0.0025
"Plot342","f","Stratum-W18-1","W18","Allium flavum subsp. tauricum",0.00125
"Plot342","f","Stratum-W18-1","W18","Carex sp.",2.5e-4
"Plot342","f","Stratum-W18-1","W18","Cistus monspeliensis",0.0775
"Plot342","f","Stratum-W18-1","W18","Pinus brutia",0.395
"Plot342","f","Stratum-W18-1","W18","Pinus nigra",0.04
"Plot342","f","Stratum-W18-1","W18","Quercus cerris",0.085
"Plot343","f","Stratum-W18-1","W18","Asparagus acutifolius",0.01
"Plot343","f","Stratum-W18-1","W18","Carex acutiformis",0.00125
"Plot343","f","Stratum-W18-1","W18","Carex sp.",0.02
"Plot343","f","Stratum-W18-1","W18","Cistus monspeliensis",0.01
"Plot343","f","Stratum-W18-1","W18","Juniperus oxycedrus",0.0425
"Plot343","f","Stratum-W18-1","W18","Phillyrea latifolia",0.0925
"Plot343","f","Stratum-W18-1","W18","Pinus brutia",0.085
"Plot343","f","Stratum-W18-1","W18","Quercus cerris",0.02
"Plot343","f","Stratum-W18-1","W18","Quercus coccifera",0.02
"Plot343","f","Stratum-W18-1","W18","Quercus frainetto",0.0425
"Plot344","f","Stratum-W18-1","W18","Asparagus acutifolius",0.00125
"Plot344","f","Stratum-W18-1","W18","Bromus hordeaceus",0.00625
"Plot344","f","Stratum-W18-1","W18","Chrysopogon gryllus",0.09375
"Plot344","f","Stratum-W18-1","W18","Cistus monspeliensis",0.02
"Plot344","f","Stratum-W18-1","W18","Eryngium campestre",0.00625
"Plot344","f","Stratum-W18-1","W18","Linum trigynum",0.00625
"Plot344","f","Stratum-W18-1","W18","Phillyrea latifolia",0.145
"Plot344","f","Stratum-W18-1","W18","Pinus brutia",0.04625
"Plot344","f","Stratum-W18-1","W18","Potentilla micrantha",0.00125
"Plot344","f","Stratum-W18-1","W18","Quercus coccifera",0.01
"Plot344","f","Stratum-W18-1","W18","Satureja montana",0.00625
"Plot344","f","Stratum-W18-1","W18","Trifolium sp.",0.0025
"Plot344","f","Stratum-W18-1","W18","Vulpia myuros",0.0025
"Plot345","f","Stratum-W18-1","W18","Asparagus acutifolius",0.02125
"Plot345","f","Stratum-W18-1","W18","Cistus monspeliensis",0.00125
"Plot345","f","Stratum-W18-1","W18","Phillyrea latifolia",0.07875
"Plot345","f","Stratum-W18-1","W18","Pinus brutia",0.375
"Plot345","f","Stratum-W18-1","W18","Quercus cerris",0.395
"Plot345","f","Stratum-W18-1","W18","Quercus coccifera",0.185
"Plot345","f","Stratum-W18-1","W18","Quercus frainetto",0.005
"Plot345","f","Stratum-W18-1","W18","Ruscus aculeatus",0.005
"Plot345","f","Stratum-W18-1","W18","Silene italica",0.01
"Plot345","f","Stratum-W18-1","W18","Vulpia myuros",0.005
"Plot346","f","Stratum-W18-1","W18","Acer monspessulanum",2.5e-4
"Plot346","f","Stratum-W18-1","W18","Fraxinus ornus",5e-4
"Plot346","f","Stratum-W18-1","W18","Phillyrea latifolia",0.0425
"Plot346","f","Stratum-W18-1","W18","Pinus brutia",0.4675
"Plot346","f","Stratum-W18-1","W18","Quercus cerris",0.105
"Plot346","f","Stratum-W18-1","W18","Quercus coccifera",5e-4
"Plot346","f","Stratum-W18-1","W18","Quercus frainetto",0.1875
"Plot346","f","Stratum-W18-1","W18","Ruscus aculeatus",0.005
"Plot347","f","Stratum-W18-1","W18","Anthoxanthum odoratum",0.01125
"Plot347","f","Stratum-W18-1","W18","Carex flacca",0.02625
"Plot347","f","Stratum-W18-1","W18","Phillyrea latifolia",0.015
"Plot347","f","Stratum-W18-1","W18","Phleum pratense",0.00125
"Plot347","f","Stratum-W18-1","W18","Pinus brutia",0.625
"Plot347","f","Stratum-W18-1","W18","Quercus cerris",0.3125
"Plot347","f","Stratum-W18-1","W18","Quercus coccifera",0.0725
"Plot347","f","Stratum-W18-1","W18","Ruscus aculeatus",0.01
"Plot347","f","Stratum-W18-1","W18","Silene italica",0.00125
"Plot347","f","Stratum-W18-1","W18","Vulpia myuros",0.025
"Plot348","f","Stratum-W18-1","W18","Asparagus acutifolius",0.14
"Plot348","f","Stratum-W18-1","W18","Cistus monspeliensis",0.15
"Plot348","f","Stratum-W18-1","W18","Dactylis glomerata",0.005
"Plot348","f","Stratum-W18-1","W18","Osyris alba",0.01
"Plot348","f","Stratum-W18-1","W18","Paliurus spina-christi",0.04
"Plot348","f","Stratum-W18-1","W18","Phillyrea latifolia",0.185
"Plot348","f","Stratum-W18-1","W18","Pyrus spinosa",0.005
"Plot348","f","Stratum-W18-1","W18","Quercus trojana",0.0925
"Plot348","f","Stratum-W18-1","W18","Rumex sp.",0.005
"Plot348","f","Stratum-W18-1","W18","Ruscus aculeatus",0.01
"Plot348","f","Stratum-W18-1","W18","Stachys germanica",0.005
"Plot348","f","Stratum-W18-1","W18","Trifolium angustifolium",0.01
"Plot348","f","Stratum-W18-1","W18","Vulpia myuros",0.02625
"Plot35","f","Stratum-U4-2","U4","Aegilops triuncialis",0.00125
"Plot35","f","Stratum-U4-2","U4","Aira elegans",0.025
"Plot35","f","Stratum-U4-2","U4","Anacamptis papilionacea",0.00125
"Plot35","f","Stratum-U4-2","U4","Anisantha sterilis",0.0075
"Plot35","f","Stratum-U4-2","U4","Anthemis arvensis",0.00125
"Plot35","f","Stratum-U4-2","U4","Anthoxanthum odoratum",0.0225
"Plot35","f","Stratum-U4-2","U4","Carex flacca",0.0075
"Plot35","f","Stratum-U4-2","U4","Centaurea sp.",0.00125
"Plot35","f","Stratum-U4-2","U4","Crepis sancta",0.00125
"Plot35","f","Stratum-U4-2","U4","Cynosurus echinatus",0.00125
"Plot35","f","Stratum-U4-2","U4","Dactylorhiza romana",0.0025
"Plot35","f","Stratum-U4-2","U4","Dianthus cruentus",0.0075
"Plot35","f","Stratum-U4-2","U4","Dianthus giganteus",0.01
"Plot35","f","Stratum-U4-2","U4","Eryngium campestre",0.00125
"Plot35","f","Stratum-U4-2","U4","Genista carinalis",0.02125
"Plot35","f","Stratum-U4-2","U4","Helianthemum aegyptiacum",0.00875
"Plot35","f","Stratum-U4-2","U4","Hypericum perforatum",0.00125
"Plot35","f","Stratum-U4-2","U4","Linaria pelisseriana",0.00875
"Plot35","f","Stratum-U4-2","U4","Luzula multiflora",0.0075
"Plot35","f","Stratum-U4-2","U4","Moenchia mantica",0.0025
"Plot35","f","Stratum-U4-2","U4","Piptatherum miliaceum",0.39
"Plot35","f","Stratum-U4-2","U4","Plantago afra",0.00125
"Plot35","f","Stratum-U4-2","U4","Potentilla recta",0.0025
"Plot35","f","Stratum-U4-2","U4","Pyrus communis",0.02125
"Plot35","f","Stratum-U4-2","U4","Scrophularia canina",0.00125
"Plot35","f","Stratum-U4-2","U4","Serapias vomeracea",0.00125
"Plot35","f","Stratum-U4-2","U4","Thymus sibthorpii",0.00125
"Plot35","f","Stratum-U4-2","U4","Trifolium campestre",0.00125
"Plot35","f","Stratum-U4-2","U4","Trifolium scabrum",0.0075
"Plot35","f","Stratum-U4-2","U4","Vicia villosa",0.1225
"Plot36","f","Stratum-U4-2","U4","Allium sp.",0.0015
"Plot36","f","Stratum-U4-2","U4","Anthemis arvensis",0.03625
"Plot36","f","Stratum-U4-2","U4","Bellardia latifolia",0.0075
"Plot36","f","Stratum-U4-2","U4","Cerastium brachypetalum",0.02375
"Plot36","f","Stratum-U4-2","U4","Cerastium semidecandrum",0.00125
"Plot36","f","Stratum-U4-2","U4","Cirsium sp.",0.03
"Plot36","f","Stratum-U4-2","U4","Crepis sancta",0.0025
"Plot36","f","Stratum-U4-2","U4","Crupina vulgaris",0.00875
"Plot36","f","Stratum-U4-2","U4","Cynodon dactylon",0.14625
"Plot36","f","Stratum-U4-2","U4","Dactylis glomerata",0.0027500000000000003
"Plot36","f","Stratum-U4-2","U4","Draba muralis",0.00375
"Plot36","f","Stratum-U4-2","U4","Fumaria officinalis",0.00125
"Plot36","f","Stratum-U4-2","U4","Galium aparine",2.5e-4
"Plot36","f","Stratum-U4-2","U4","Geranium brutium",0.0075
"Plot36","f","Stratum-U4-2","U4","Helianthemum nummularium",0.00125
"Plot36","f","Stratum-U4-2","U4","Hippocrepis unisiliquosa",0.00125
"Plot36","f","Stratum-U4-2","U4","Hypochaeris radicata",0.00125
"Plot36","f","Stratum-U4-2","U4","Inula cf hirta",0.01
"Plot36","f","Stratum-U4-2","U4","Micromeria juliana",0.015
"Plot36","f","Stratum-U4-2","U4","Poa bulbosa",0.0025
"Plot36","f","Stratum-U4-2","U4","Salvia sp.",0.03625
"Plot36","f","Stratum-U4-2","U4","Sherardia arvensis",0.135
"Plot36","f","Stratum-U4-2","U4","Stipa capensis",0.00125
"Plot36","f","Stratum-U4-2","U4","Teesdalia coronopifolia",0.0075
"Plot36","f","Stratum-U4-2","U4","Thymus longicaulis",0.00125
"Plot36","f","Stratum-U4-2","U4","Trifolium arvense",0.00125
"Plot36","f","Stratum-U4-2","U4","Trifolium repens",0.02375
"Plot36","f","Stratum-U4-2","U4","Verbascum sp.",0.0025
"Plot361","f","Stratum-W16-1","W16","Asparagus acutifolius",0.0725
"Plot361","f","Stratum-W16-1","W16","Carex flacca",0.29125
"Plot361","f","Stratum-W16-1","W16","Fraxinus ornus",0.0925
"Plot361","f","Stratum-W16-1","W16","Galium verum",0.015
"Plot361","f","Stratum-W16-1","W16","Lathyrus annuus",0.00125
"Plot361","f","Stratum-W16-1","W16","Muscari neglectum",0.00125
"Plot361","f","Stratum-W16-1","W16","Pinus radiata",0.04
"Plot361","f","Stratum-W16-1","W16","Quercus cerris",0.0265
"Plot361","f","Stratum-W16-1","W16","Quercus frainetto",0.375
"Plot361","f","Stratum-W16-1","W16","Teucrium chamaedrys",0.0025
"Plot362","f","Stratum-W16-1","W16","Asparagus acutifolius",2.5e-4
"Plot362","f","Stratum-W16-1","W16","Carex flacca",2.5e-4
"Plot362","f","Stratum-W16-1","W16","Fraxinus ornus",2.5e-4
"Plot362","f","Stratum-W16-1","W16","Muscari neglectum",2.5e-4
"Plot362","f","Stratum-W16-1","W16","Phillyrea latifolia",0.00625
"Plot362","f","Stratum-W16-1","W16","Pinus radiata",0.625
"Plot362","f","Stratum-W16-1","W16","Teucrium chamaedrys",0.1975
"Plot363","f","Stratum-W16-1","W16","Arbutus andrachne",0.375
"Plot363","f","Stratum-W16-1","W16","Asparagus acutifolius",0.005
"Plot363","f","Stratum-W16-1","W16","Brachypodium distachyon",0.00125
"Plot363","f","Stratum-W16-1","W16","Carex flacca",0.005
"Plot363","f","Stratum-W16-1","W16","Cistus monspeliensis",0.01
"Plot363","f","Stratum-W16-1","W16","Erica arborea",0.0975
"Plot363","f","Stratum-W16-1","W16","Juniperus oxycedrus",0.02
"Plot363","f","Stratum-W16-1","W16","Lonicera etrusca",0.02125
"Plot363","f","Stratum-W16-1","W16","Luzula multiflora",0.11625
"Plot363","f","Stratum-W16-1","W16","Phillyrea latifolia",0.195
"Plot363","f","Stratum-W16-1","W16","Pinus radiata",0.375
"Plot363","f","Stratum-W16-1","W16","Plantago lanceolata",0.00125
"Plot363","f","Stratum-W16-1","W16","Pyrus spinosa",2.5e-4
"Plot363","f","Stratum-W16-1","W16","Quercus cerris",2.5e-4
"Plot363","f","Stratum-W16-1","W16","Thesium sp.",0.00125
"Plot364","f","Stratum-W16-1","W16","Arbutus unedo",0.01
"Plot364","f","Stratum-W16-1","W16","Asparagus acutifolius",0.01
"Plot364","f","Stratum-W16-1","W16","Carex flacca",0.04625
"Plot364","f","Stratum-W16-1","W16","Cistus monspeliensis",0.02025
"Plot364","f","Stratum-W16-1","W16","Erica arborea",0.00125
"Plot364","f","Stratum-W16-1","W16","Juniperus oxycedrus",0.02
"Plot364","f","Stratum-W16-1","W16","Phillyrea latifolia",0.02
"Plot364","f","Stratum-W16-1","W16","Pinus radiata",0.625
"Plot364","f","Stratum-W16-1","W16","Quercus cerris",0.00125
"Plot365","f","Stratum-W16-1","W16","Arbutus unedo",0.04
"Plot365","f","Stratum-W16-1","W16","Erica arborea",0.0775
"Plot365","f","Stratum-W16-1","W16","Fraxinus ornus",0.0215
"Plot365","f","Stratum-W16-1","W16","Galium verum",2.5e-4
"Plot365","f","Stratum-W16-1","W16","Luzula multiflora",0.16
"Plot365","f","Stratum-W16-1","W16","Pinus radiata",0.04
"Plot365","f","Stratum-W16-1","W16","Quercus frainetto",0.395
"Plot365","f","Stratum-W16-1","W16","Rubus sanctus",0.0015
"Plot365","f","Stratum-W16-1","W16","Sorbus domestica",0.04
"Plot366","f","Stratum-W16-1","W16","Carex flacca",0.0475
"Plot366","f","Stratum-W16-1","W16","Cistus monspeliensis",0.01
"Plot366","f","Stratum-W16-1","W16","Fraxinus ornus",0.11375
"Plot366","f","Stratum-W16-1","W16","Galium verum",0.0025
"Plot366","f","Stratum-W16-1","W16","Lathyrus nissolia",0.00125
"Plot366","f","Stratum-W16-1","W16","Pinus radiata",2.5e-4
"Plot366","f","Stratum-W16-1","W16","Quercus frainetto",0.625
"Plot366","f","Stratum-W16-1","W16","Silene italica",0.00125
"Plot366","f","Stratum-W16-1","W16","Sorbus torminalis",2.5e-4
"Plot366","f","Stratum-W16-1","W16","Teucrium chamaedrys",0.03625
"Plot366","f","Stratum-W16-1","W16","Viola sp.",0.00125
"Plot367","f","Stratum-W16-1","W16","Cistus monspeliensis",0.13625
"Plot367","f","Stratum-W16-1","W16","Crepis sancta",2.5e-4
"Plot367","f","Stratum-W16-1","W16","Dactylis glomerata",0.005
"Plot367","f","Stratum-W16-1","W16","Dasypyrum villosum",0.005
"Plot367","f","Stratum-W16-1","W16","Erica arborea",0.01
"Plot367","f","Stratum-W16-1","W16","Fraxinus ornus",0.0925
"Plot367","f","Stratum-W16-1","W16","Galium verum",0.025
"Plot367","f","Stratum-W16-1","W16","Luzula multiflora",0.02
"Plot367","f","Stratum-W16-1","W16","Muscari neglectum",0.0015
"Plot367","f","Stratum-W16-1","W16","Quercus coccifera",0.02125
"Plot367","f","Stratum-W16-1","W16","Quercus frainetto",0.8125
"Plot367","f","Stratum-W16-1","W16","Stachys germanica",2.5e-4
"Plot367","f","Stratum-W16-1","W16","Teucrium chamaedrys",0.06125
"Plot367","f","Stratum-W16-1","W16","Trifolium arvense",0.00125
"Plot367","f","Stratum-W16-1","W16","Vulpia myuros",0.17125
"Plot368","f","Stratum-W16-1","W16","Anthemis arvensis",0.005
"Plot368","f","Stratum-W16-1","W16","Anthoxanthum odoratum",0.125
"Plot368","f","Stratum-W16-1","W16","Asparagus acutifolius",0.00625
"Plot368","f","Stratum-W16-1","W16","Carex flacca",0.0775
"Plot368","f","Stratum-W16-1","W16","Filipendula vulgaris",0.00125
"Plot368","f","Stratum-W16-1","W16","Fraxinus ornus",0.04625
"Plot368","f","Stratum-W16-1","W16","Galium verum",0.00125
"Plot368","f","Stratum-W16-1","W16","Medicago arabica",0.02625
"Plot368","f","Stratum-W16-1","W16","Muscari neglectum",0.00375
"Plot368","f","Stratum-W16-1","W16","Origanum vulgare",0.05625
"Plot368","f","Stratum-W16-1","W16","Quercus frainetto",0.09875
"Plot368","f","Stratum-W16-1","W16","Rumex sp.",0.00125
"Plot368","f","Stratum-W16-1","W16","Silene italica",0.00125
"Plot368","f","Stratum-W16-1","W16","Sorbus domestica",0.02125
"Plot368","f","Stratum-W16-1","W16","Viola sp.",0.00125
"Plot369","f","Stratum-W16-1","W16","Briza media",0.0925
"Plot369","f","Stratum-W16-1","W16","Carex flacca",0.01
"Plot369","f","Stratum-W16-1","W16","Fumana sp.",0.0025
"Plot369","f","Stratum-W16-1","W16","Galium aparine",2.5e-4
"Plot369","f","Stratum-W16-1","W16","Galium verum",0.01125
"Plot369","f","Stratum-W16-1","W16","Hypericum perforatum",2.5e-4
"Plot369","f","Stratum-W16-1","W16","Micromeria juliana",0.03125
"Plot369","f","Stratum-W16-1","W16","Muscari neglectum",0.0025
"Plot369","f","Stratum-W16-1","W16","Oenanthe pimpinelloides",0.05625
"Plot369","f","Stratum-W16-1","W16","Quercus frainetto",0.625
"Plot369","f","Stratum-W16-1","W16","Silene italica",0.005
"Plot369","f","Stratum-W16-1","W16","Teucrium chamaedrys",0.115
"Plot369","f","Stratum-W16-1","W16","Viola sp.",0.00125
"Plot370","f","Stratum-W16-1","W16","Achillea millefolium",0.04625
"Plot370","f","Stratum-W16-1","W16","Aegilops triuncialis",0.03125
"Plot370","f","Stratum-W16-1","W16","Allium paniculatum",0.01
"Plot370","f","Stratum-W16-1","W16","Alyssum simplex",0.02125
"Plot370","f","Stratum-W16-1","W16","Anthoxanthum odoratum",0.01
"Plot370","f","Stratum-W16-1","W16","Avena sterilis",0.02
"Plot370","f","Stratum-W16-1","W16","Briza media",0.19875
"Plot370","f","Stratum-W16-1","W16","Carex flacca",0.02125
"Plot370","f","Stratum-W16-1","W16","Centaurea affinis",0.01
"Plot370","f","Stratum-W16-1","W16","Cerastium brachypetalum",0.01
"Plot370","f","Stratum-W16-1","W16","Cistus monspeliensis",0.005
"Plot370","f","Stratum-W16-1","W16","Crataegus monogyna",0.005
"Plot370","f","Stratum-W16-1","W16","Cynosurus echinatus",0.10375
"Plot370","f","Stratum-W16-1","W16","Dactylis glomerata",0.05125
"Plot370","f","Stratum-W16-1","W16","Eryngium campestre",0.03
"Plot370","f","Stratum-W16-1","W16","Euphorbia myrsinites",0.01125
"Plot370","f","Stratum-W16-1","W16","Festuca sp.",0.09375
"Plot370","f","Stratum-W16-1","W16","Fumana sp.",0.0025
"Plot370","f","Stratum-W16-1","W16","Galium verum",0.0275
"Plot370","f","Stratum-W16-1","W16","Geranium brutium",0.00125
"Plot370","f","Stratum-W16-1","W16","Juniperus oxycedrus",0.02
"Plot370","f","Stratum-W16-1","W16","Lactuca serriola",0.00625
"Plot370","f","Stratum-W16-1","W16","Medicago minima",0.01
"Plot370","f","Stratum-W16-1","W16","Microthlaspi perfoliatum",0.01
"Plot370","f","Stratum-W16-1","W16","Origanum vulgare",0.005
"Plot370","f","Stratum-W16-1","W16","Phillyrea latifolia",0.02125
"Plot370","f","Stratum-W16-1","W16","Potentilla recta",0.01
"Plot370","f","Stratum-W16-1","W16","Quercus ithaburensis subsp. macrolepis",0.085
"Plot370","f","Stratum-W16-1","W16","Quercus petraea",0.375
"Plot370","f","Stratum-W16-1","W16","Sanguisorba minor",0.00125
"Plot370","f","Stratum-W16-1","W16","Teucrium chamaedrys",0.04125
"Plot370","f","Stratum-W16-1","W16","Trifolium angustifolium",0.00125
"Plot371","f","Stratum-W16-1","W16","Aegilops triuncialis",0.005
"Plot371","f","Stratum-W16-1","W16","Allium paniculatum",0.0025
"Plot371","f","Stratum-W16-1","W16","Anthoxanthum odoratum",0.01125
"Plot371","f","Stratum-W16-1","W16","Asphodelus ramosus",0.00625
"Plot371","f","Stratum-W16-1","W16","Avena sterilis",0.00125
"Plot371","f","Stratum-W16-1","W16","Briza media",0.3275
"Plot371","f","Stratum-W16-1","W16","Bromus hordeaceus",0.005
"Plot371","f","Stratum-W16-1","W16","Carex flacca",0.02125
"Plot371","f","Stratum-W16-1","W16","Cistus monspeliensis",0.02125
"Plot371","f","Stratum-W16-1","W16","Crataegus monogyna",0.01
"Plot371","f","Stratum-W16-1","W16","Cynosurus echinatus",0.005
"Plot371","f","Stratum-W16-1","W16","Dactylis glomerata",0.01
"Plot371","f","Stratum-W16-1","W16","Eryngium campestre",0.00125
"Plot371","f","Stratum-W16-1","W16","Euphorbia myrsinites",0.005
"Plot371","f","Stratum-W16-1","W16","Galium verum",0.01
"Plot371","f","Stratum-W16-1","W16","Geranium brutium",0.00125
"Plot371","f","Stratum-W16-1","W16","Microthlaspi perfoliatum",0.00125
"Plot371","f","Stratum-W16-1","W16","Muscari neglectum",0.00125
"Plot371","f","Stratum-W16-1","W16","Origanum vulgare",0.02625
"Plot371","f","Stratum-W16-1","W16","Phillyrea latifolia",0.05125
"Plot371","f","Stratum-W16-1","W16","Potentilla recta",0.005
"Plot371","f","Stratum-W16-1","W16","Pyrus spinosa",0.395
"Plot371","f","Stratum-W16-1","W16","Quercus ithaburensis subsp. macrolepis",0.04
"Plot371","f","Stratum-W16-1","W16","Quercus petraea",0.375
"Plot371","f","Stratum-W16-1","W16","Scolymus hispanicus",0.005
"Plot371","f","Stratum-W16-1","W16","Teucrium chamaedrys",0.3275
"Plot372","f","Stratum-W16-1","W16","Aegilops triuncialis",0.025
"Plot372","f","Stratum-W16-1","W16","Anisantha sterilis",0.0525
"Plot372","f","Stratum-W16-1","W16","Avena sterilis",0.00775
"Plot372","f","Stratum-W16-1","W16","Briza media",0.04625
"Plot372","f","Stratum-W16-1","W16","Bromus hordeaceus",0.005
"Plot372","f","Stratum-W16-1","W16","Carex flacca",0.05125
"Plot372","f","Stratum-W16-1","W16","Cerastium brachypetalum",0.00125
"Plot372","f","Stratum-W16-1","W16","Cynosurus echinatus",0.02625
"Plot372","f","Stratum-W16-1","W16","Eryngium campestre",0.01625
"Plot372","f","Stratum-W16-1","W16","Pterocephalus plumosus",0.114
"Plot372","f","Stratum-W16-1","W16","Pyrus spinosa",0.0925
"Plot372","f","Stratum-W16-1","W16","Quercus coccifera",0.02
"Plot372","f","Stratum-W16-1","W16","Torilis arvensis",0.11375
"Plot372","f","Stratum-W16-1","W16","Trifolium angustifolium",0.005
"Plot4","f","Stratum-U4-1","U4","Anthemis arvensis",0.0125
"Plot4","f","Stratum-U4-1","U4","Crepis sancta",0.0375
"Plot4","f","Stratum-U4-1","U4","Dactylis glomerata",0.01
"Plot4","f","Stratum-U4-1","U4","Eryngium campestre",2.5e-4
"Plot4","f","Stratum-U4-1","U4","Hypericum perforatum",0.005
"Plot4","f","Stratum-U4-1","U4","Koeleria macrantha",0.01
"Plot4","f","Stratum-U4-1","U4","Linum trigynum",0.00125
"Plot4","f","Stratum-U4-1","U4","Lolium perenne",0.04625
"Plot4","f","Stratum-U4-1","U4","Muscari neglectum",0.03125
"Plot4","f","Stratum-U4-1","U4","Poaceae sp. 1",0.01
"Plot4","f","Stratum-U4-1","U4","Potentilla micrantha",0.01
"Plot4","f","Stratum-U4-1","U4","Pterocephalus plumosus",0.02125
"Plot4","f","Stratum-U4-1","U4","Sanguisorba minor",0.035
"Plot4","f","Stratum-U4-1","U4","Sanguisorba officinalis",0.01125
"Plot4","f","Stratum-U4-1","U4","Scrophularia sp.",0.00125
"Plot4","f","Stratum-U4-1","U4","Setaria viridis",0.09375
"Plot4","f","Stratum-U4-1","U4","Teucrium capitatum",0.02125
"Plot4","f","Stratum-U4-1","U4","Thymus sibthorpii",0.16
"Plot4","f","Stratum-U4-1","U4","Trifolium angustifolium",2.5e-4
"Plot4","f","Stratum-U4-1","U4","Valerianella sp.",0.00625
"Plot49","f","Stratum-W11-2","W11","Allium sp.",0.0025
"Plot49","f","Stratum-W11-2","W11","Asphodelus ramosus",0.09375
"Plot49","f","Stratum-W11-2","W11","Bellardia latifolia",0.00525
"Plot49","f","Stratum-W11-2","W11","Brassica nigra",0.005
"Plot49","f","Stratum-W11-2","W11","Bromus hordeaceus",0.005
"Plot49","f","Stratum-W11-2","W11","Cerastium brachypetalum",0.00375
"Plot49","f","Stratum-W11-2","W11","Crepis sancta",0.01625
"Plot49","f","Stratum-W11-2","W11","Dactylis glomerata",0.02
"Plot49","f","Stratum-W11-2","W11","Euphorbia taurinensis",0.00625
"Plot49","f","Stratum-W11-2","W11","Galium aparine",0.005
"Plot49","f","Stratum-W11-2","W11","Geranium brutium",0.005
"Plot49","f","Stratum-W11-2","W11","Geranium dissectum",0.00125
"Plot49","f","Stratum-W11-2","W11","Geranium molle",0.00625
"Plot49","f","Stratum-W11-2","W11","Holosteum umbellatum",0.00125
"Plot49","f","Stratum-W11-2","W11","Knautia arvensis",0.00125
"Plot49","f","Stratum-W11-2","W11","Lactuca serriola",0.005
"Plot49","f","Stratum-W11-2","W11","Lamium amplexicaule",0.00125
"Plot49","f","Stratum-W11-2","W11","Lotus corniculatus",0.005
"Plot49","f","Stratum-W11-2","W11","Medicago sativa",0.00125
"Plot49","f","Stratum-W11-2","W11","Muscari comosum",0.00125
"Plot49","f","Stratum-W11-2","W11","Muscari neglectum",0.0025
"Plot49","f","Stratum-W11-2","W11","Orlaya daucoides",0.00625
"Plot49","f","Stratum-W11-2","W11","Ornithogalum sp.",0.0015
"Plot49","f","Stratum-W11-2","W11","Phlomis samia",0.00125
"Plot49","f","Stratum-W11-2","W11","Plantago lanceolata",0.3175
"Plot49","f","Stratum-W11-2","W11","Poa bulbosa",0.01125
"Plot49","f","Stratum-W11-2","W11","Pyrus spinosa",0.005
"Plot49","f","Stratum-W11-2","W11","Ranunculus neapolitanus",0.00625
"Plot49","f","Stratum-W11-2","W11","Rapistrum rugosum",0.01125
"Plot49","f","Stratum-W11-2","W11","Sanguisorba minor",0.00125
"Plot49","f","Stratum-W11-2","W11","Sherardia arvensis",0.005
"Plot49","f","Stratum-W11-2","W11","Stellaria media",0.005
"Plot49","f","Stratum-W11-2","W11","Teesdalia coronopifolia",0.00125
"Plot49","f","Stratum-W11-2","W11","Trifolium repens",0.16625
"Plot49","f","Stratum-W11-2","W11","Verbascum sp.1",0.005
"Plot49","f","Stratum-W11-2","W11","Veronica verna",0.00125
"Plot49","f","Stratum-W11-2","W11","Viola macedonica",0.04650000000000001
"Plot5","f","Stratum-U4-1","U4","Anthemis arvensis",0.005
"Plot5","f","Stratum-U4-1","U4","Centaurea sp.",2.5e-4
"Plot5","f","Stratum-U4-1","U4","Cistus monspeliensis",0.05625
"Plot5","f","Stratum-U4-1","U4","Dactylis glomerata",0.005
"Plot5","f","Stratum-U4-1","U4","Eryngium campestre",0.00125
"Plot5","f","Stratum-U4-1","U4","Koeleria macrantha",0.1075
"Plot5","f","Stratum-U4-1","U4","Muscari neglectum",0.07375
"Plot5","f","Stratum-U4-1","U4","Pterocephalus plumosus",0.03
"Plot5","f","Stratum-U4-1","U4","Sanguisorba minor",0.04125
"Plot5","f","Stratum-U4-1","U4","Setaria viridis",0.03125
"Plot5","f","Stratum-U4-1","U4","Sisymbrium officinale",0.00125
"Plot5","f","Stratum-U4-1","U4","Teucrium capitatum",0.025
"Plot5","f","Stratum-U4-1","U4","Thymus sibthorpii",0.085
"Plot50","f","Stratum-W11-2","W11","Achillea millefolium",2.5e-4
"Plot50","f","Stratum-W11-2","W11","Aira elegantissima",0.00125
"Plot50","f","Stratum-W11-2","W11","Arenaria leptoclados",0.04875
"Plot50","f","Stratum-W11-2","W11","Bellardia latifolia",0.0075
"Plot50","f","Stratum-W11-2","W11","Bromus hordeaceus",0.00625
"Plot50","f","Stratum-W11-2","W11","Centaurea sp.",0.00125
"Plot50","f","Stratum-W11-2","W11","Cerastium brachypetalum",0.00125
"Plot50","f","Stratum-W11-2","W11","Crepis sancta",0.00125
"Plot50","f","Stratum-W11-2","W11","Draba muralis",0.00875
"Plot50","f","Stratum-W11-2","W11","Erodium ciconium",0.01125
"Plot50","f","Stratum-W11-2","W11","Eryngium campestre",0.00125
"Plot50","f","Stratum-W11-2","W11","Festuca heterophylla",0.0725
"Plot50","f","Stratum-W11-2","W11","Lathyrus sp.",0.00125
"Plot50","f","Stratum-W11-2","W11","Leontodon crispus",0.00625
"Plot50","f","Stratum-W11-2","W11","Moenchia mantica",0.02875
"Plot50","f","Stratum-W11-2","W11","Pilosella leucopsilon",0.14
"Plot50","f","Stratum-W11-2","W11","Plantago lagopus",0.0675
"Plot50","f","Stratum-W11-2","W11","Plantago lanceolata",0.1625
"Plot50","f","Stratum-W11-2","W11","Poa bulbosa",0.06875
"Plot50","f","Stratum-W11-2","W11","Potentilla recta",0.00625
"Plot50","f","Stratum-W11-2","W11","Taraxacum officinale group",0.0025
"Plot50","f","Stratum-W11-2","W11","Thymus sibthorpii",0.19125
"Plot50","f","Stratum-W11-2","W11","Trifolium arvense",0.005
"Plot50","f","Stratum-W11-2","W11","Trifolium campestre",0.00625
"Plot50","f","Stratum-W11-2","W11","Valerianella locusta",0.0025
"Plot50","f","Stratum-W11-2","W11","Veronica verna",0.0015
"Plot51","f","Stratum-W11-2","W11","Anthoxanthum odoratum",0.005
"Plot51","f","Stratum-W11-2","W11","Arenaria leptoclados",0.01
"Plot51","f","Stratum-W11-2","W11","Avena sterilis",0.00125
"Plot51","f","Stratum-W11-2","W11","Bellardia latifolia",0.01125
"Plot51","f","Stratum-W11-2","W11","Cerastium brachypetalum",0.02
"Plot51","f","Stratum-W11-2","W11","Cerastium semidecandrum",0.00125
"Plot51","f","Stratum-W11-2","W11","Cirsium sp.",0.005
"Plot51","f","Stratum-W11-2","W11","Crepis sancta",0.0125
"Plot51","f","Stratum-W11-2","W11","Cynosurus echinatus",0.005
"Plot51","f","Stratum-W11-2","W11","Draba muralis",0.00125
"Plot51","f","Stratum-W11-2","W11","Erodium ciconium",0.0325
"Plot51","f","Stratum-W11-2","W11","Eryngium campestre",0.04625
"Plot51","f","Stratum-W11-2","W11","Geranium brutium",0.00375
"Plot51","f","Stratum-W11-2","W11","Lamium amplexicaule",0.00125
"Plot51","f","Stratum-W11-2","W11","Malva sylvestris",0.00125
"Plot51","f","Stratum-W11-2","W11","Medicago minima",0.01125
"Plot51","f","Stratum-W11-2","W11","Medicago sativa",0.00125
"Plot51","f","Stratum-W11-2","W11","Myosotis ramosissima",0.00625
"Plot51","f","Stratum-W11-2","W11","Plantago lanceolata",0.0675
"Plot51","f","Stratum-W11-2","W11","Poa bulbosa",0.23875
"Plot51","f","Stratum-W11-2","W11","Potentilla argentea",0.03125
"Plot51","f","Stratum-W11-2","W11","Pyrus spinosa",0.005
"Plot51","f","Stratum-W11-2","W11","Rumex pulcher",0.00125
"Plot51","f","Stratum-W11-2","W11","Silene sp.",0.00125
"Plot51","f","Stratum-W11-2","W11","Taraxacum officinale group",0.0025
"Plot51","f","Stratum-W11-2","W11","Teucrium chamaedrys",0.01125
"Plot51","f","Stratum-W11-2","W11","Trifolium campestre",0.00125
"Plot51","f","Stratum-W11-2","W11","Trifolium nigrescens",0.1025
"Plot51","f","Stratum-W11-2","W11","Trifolium repens",0.0425
"Plot51","f","Stratum-W11-2","W11","Trifolium stellatum",0.09375
"Plot51","f","Stratum-W11-2","W11","Verbascum sp.2",0.01
"Plot51","f","Stratum-W11-2","W11","Vicia hybrida",0.00125
"Plot52","f","Stratum-W11-2","W11","Alkanna tinctoria",0.005
"Plot52","f","Stratum-W11-2","W11","Alyssum simplex",0.00125
"Plot52","f","Stratum-W11-2","W11","Anthriscus caucalis",0.005
"Plot52","f","Stratum-W11-2","W11","Bellardia latifolia",0.00125
"Plot52","f","Stratum-W11-2","W11","Carex flacca",0.00625
"Plot52","f","Stratum-W11-2","W11","Crepis sancta",0.005
"Plot52","f","Stratum-W11-2","W11","Cynosurus echinatus",0.00125
"Plot52","f","Stratum-W11-2","W11","Dactylis glomerata",0.00625
"Plot52","f","Stratum-W11-2","W11","Erodium absinthoides",0.00625
"Plot52","f","Stratum-W11-2","W11","Eryngium campestre",0.0575
"Plot52","f","Stratum-W11-2","W11","Festuca heterophylla",0.3025
"Plot52","f","Stratum-W11-2","W11","Geranium brutium",0.00625
"Plot52","f","Stratum-W11-2","W11","Geranium robertianum",0.005
"Plot52","f","Stratum-W11-2","W11","Hordeum vulgare",0.005
"Plot52","f","Stratum-W11-2","W11","Inula cf hirta",0.00125
"Plot52","f","Stratum-W11-2","W11","Myosotis ramosissima",0.01
"Plot52","f","Stratum-W11-2","W11","Orlaya daucoides",0.00125
"Plot52","f","Stratum-W11-2","W11","Petrorhagia dubia",0.02125
"Plot52","f","Stratum-W11-2","W11","Piptatherum miliaceum",0.09375
"Plot52","f","Stratum-W11-2","W11","Plantago lanceolata",0.0475
"Plot52","f","Stratum-W11-2","W11","Poa bulbosa",0.11875
"Plot52","f","Stratum-W11-2","W11","Ranunculus neapolitanus",0.00125
"Plot52","f","Stratum-W11-2","W11","Sanguisorba minor",0.00125
"Plot52","f","Stratum-W11-2","W11","Taeniatherum caput-medusae",0.00125
"Plot52","f","Stratum-W11-2","W11","Taraxacum officinale group",0.0125
"Plot52","f","Stratum-W11-2","W11","Teucrium chamaedrys",0.02125
"Plot52","f","Stratum-W11-2","W11","Thymus sibthorpii",0.02375
"Plot52","f","Stratum-W11-2","W11","Trifolium campestre",0.01
"Plot52","f","Stratum-W11-2","W11","Trifolium repens",0.0725
"Plot52","f","Stratum-W11-2","W11","Verbascum sp.1",0.005
"Plot52","f","Stratum-W11-2","W11","Vicia tetrasperma",0.00125
"Plot53","f","Stratum-W11-2","W11","Allium sp.",0.00125
"Plot53","f","Stratum-W11-2","W11","Carex flacca",0.005
"Plot53","f","Stratum-W11-2","W11","Dactylis glomerata",0.005
"Plot53","f","Stratum-W11-2","W11","Dianthus viscidus",0.04375
"Plot53","f","Stratum-W11-2","W11","Erodium ciconium",0.005
"Plot53","f","Stratum-W11-2","W11","Eryngium campestre",0.01625
"Plot53","f","Stratum-W11-2","W11","Festuca heterophylla",0.39
"Plot53","f","Stratum-W11-2","W11","Moenchia mantica",0.0675
"Plot53","f","Stratum-W11-2","W11","Myosotis ramosissima",0.0075
"Plot53","f","Stratum-W11-2","W11","Petrorhagia dubia",0.01125
"Plot53","f","Stratum-W11-2","W11","Poa bulbosa",0.03625
"Plot53","f","Stratum-W11-2","W11","Potentilla recta",0.02375
"Plot53","f","Stratum-W11-2","W11","Ranunculus gracilis",0.005
"Plot53","f","Stratum-W11-2","W11","Ranunculus neapolitanus",0.0225
"Plot53","f","Stratum-W11-2","W11","Rubus sanctus",0.005
"Plot53","f","Stratum-W11-2","W11","Rumex acetosella",0.005
"Plot53","f","Stratum-W11-2","W11","Sanguisorba minor",0.005
"Plot53","f","Stratum-W11-2","W11","Saxifraga carpetana subsp. graeca",0.005
"Plot53","f","Stratum-W11-2","W11","Spergularia rubra",0.0325
"Plot53","f","Stratum-W11-2","W11","Taraxacum officinale group",0.01125
"Plot53","f","Stratum-W11-2","W11","Teesdalia coronopifolia",0.00375
"Plot53","f","Stratum-W11-2","W11","Thymus sibthorpii",0.00875
"Plot53","f","Stratum-W11-2","W11","Trifolium campestre",0.0025
"Plot53","f","Stratum-W11-2","W11","Veronica hederifolia",0.01125
"Plot53","f","Stratum-W11-2","W11","Vicia tetrasperma",0.0075
"Plot54","f","Stratum-W11-2","W11","Agrostis canina",0.05625
"Plot54","f","Stratum-W11-2","W11","Anacamptis pyramidalis",0.005
"Plot54","f","Stratum-W11-2","W11","Anthoxanthum odoratum",0.015
"Plot54","f","Stratum-W11-2","W11","Cerastium sp.",0.0675
"Plot54","f","Stratum-W11-2","W11","Eryngium campestre",0.00125
"Plot54","f","Stratum-W11-2","W11","Filago pyramidata",0.02625
"Plot54","f","Stratum-W11-2","W11","Melica ciliata",0.10875
"Plot54","f","Stratum-W11-2","W11","Petrorhagia dubia",0.02
"Plot54","f","Stratum-W11-2","W11","Quercus cerris",0.04625
"Plot54","f","Stratum-W11-2","W11","Sanguisorba minor",0.14625
"Plot54","f","Stratum-W11-2","W11","Torilis arvensis",0.3425
"Plot55","f","Stratum-W11-2","W11","Achillea sp.",0.0775
"Plot55","f","Stratum-W11-2","W11","Anthemis arvensis",0.005
"Plot55","f","Stratum-W11-2","W11","Anthoxanthum odoratum",0.0675
"Plot55","f","Stratum-W11-2","W11","Cerastium sp.",0.005
"Plot55","f","Stratum-W11-2","W11","Convolvulus arvensis",0.02
"Plot55","f","Stratum-W11-2","W11","Eryngium campestre",0.02125
"Plot55","f","Stratum-W11-2","W11","Koeleria macrantha",0.23375
"Plot55","f","Stratum-W11-2","W11","Lotus corniculatus",0.03125
"Plot55","f","Stratum-W11-2","W11","Muscari sp.",0.01
"Plot55","f","Stratum-W11-2","W11","Petrorhagia dubia",0.1825
"Plot55","f","Stratum-W11-2","W11","Plantago lanceolata",0.0375
"Plot55","f","Stratum-W11-2","W11","Potentilla recta",0.0675
"Plot55","f","Stratum-W11-2","W11","Sanguisorba minor",0.01
"Plot55","f","Stratum-W11-2","W11","Thymus sibthorpii",0.015
"Plot55","f","Stratum-W11-2","W11","Trifolium angustifolium",0.00125
"Plot55","f","Stratum-W11-2","W11","Trifolium arvense",0.09375
"Plot55","f","Stratum-W11-2","W11","Veronica verna",0.02125
"Plot55","f","Stratum-W11-2","W11","Vicia minima",0.01
"Plot56","f","Stratum-W12-1","W12","Achillea sp.",0.16125
"Plot56","f","Stratum-W12-1","W12","Aegilops triuncialis",0.0675
"Plot56","f","Stratum-W12-1","W12","Centaurea calcitrapa",0.04625
"Plot56","f","Stratum-W12-1","W12","Convolvulus arvensis",0.015
"Plot56","f","Stratum-W12-1","W12","Galium verum",0.115
"Plot56","f","Stratum-W12-1","W12","Lolium perenne",0.00125
"Plot56","f","Stratum-W12-1","W12","Lotus corniculatus",0.04125
"Plot56","f","Stratum-W12-1","W12","Ononis spinosa",0.04125
"Plot56","f","Stratum-W12-1","W12","Phleum pratense",0.09875
"Plot56","f","Stratum-W12-1","W12","Plantago lanceolata",0.11375
"Plot56","f","Stratum-W12-1","W12","Potentilla recta",0.02
"Plot56","f","Stratum-W12-1","W12","Prunella vulgaris",0.015
"Plot56","f","Stratum-W12-1","W12","Rumex sp.",0.01
"Plot56","f","Stratum-W12-1","W12","Sisymbrium officinale",0.115
"Plot56","f","Stratum-W12-1","W12","Thymus sibthorpii",0.04625
"Plot56","f","Stratum-W12-1","W12","Trifolium angustifolium",0.01
"Plot57","f","Stratum-W11-2","W11","Achillea sp.",0.03125
"Plot57","f","Stratum-W11-2","W11","Anacamptis pyramidalis",0.005
"Plot57","f","Stratum-W11-2","W11","Convolvulus arvensis",0.07375
"Plot57","f","Stratum-W11-2","W11","Filago pyramidata",0.39
"Plot57","f","Stratum-W11-2","W11","Galium verum",0.04625
"Plot57","f","Stratum-W11-2","W11","Lolium perenne",0.005
"Plot57","f","Stratum-W11-2","W11","Microthlaspi perfoliatum",0.08875
"Plot57","f","Stratum-W11-2","W11","Silybum marianum",0.02
"Plot58","f","Stratum-W10-1","W10","Achillea clypeolata",0.00625
"Plot58","f","Stratum-W10-1","W10","Anthoxanthum odoratum",0.0025
"Plot58","f","Stratum-W10-1","W10","Brachypodium sp.",0.01125
"Plot58","f","Stratum-W10-1","W10","Bromus hordeaceus",0.03125
"Plot58","f","Stratum-W10-1","W10","Carpinus orientalis",0.00125
"Plot58","f","Stratum-W10-1","W10","Convolvulus arvensis",0.01
"Plot58","f","Stratum-W10-1","W10","Dactylis glomerata",0.00125
"Plot58","f","Stratum-W10-1","W10","Dianthus sp.",0.00125
"Plot58","f","Stratum-W10-1","W10","Eryngium campestre",0.005
"Plot58","f","Stratum-W10-1","W10","Geranium sp.",0.00125
"Plot58","f","Stratum-W10-1","W10","Helianthemum nummularium",0.00625
"Plot58","f","Stratum-W10-1","W10","Juniperus oxycedrus",0.00125
"Plot58","f","Stratum-W10-1","W10","Lathyrus laxiflorus",0.00125
"Plot58","f","Stratum-W10-1","W10","Medicago minima",0.00125
"Plot58","f","Stratum-W10-1","W10","Plantago lanceolata",0.01125
"Plot58","f","Stratum-W10-1","W10","Polygala nicaeensis",0.00125
"Plot58","f","Stratum-W10-1","W10","Potentilla micrantha",0.0175
"Plot58","f","Stratum-W10-1","W10","Quercus petraea",0.02125
"Plot58","f","Stratum-W10-1","W10","Ruscus aculeatus",0.00125
"Plot58","f","Stratum-W10-1","W10","Sanguisorba minor",0.00125
"Plot58","f","Stratum-W10-1","W10","Saxifraga sp.",0.00125
"Plot58","f","Stratum-W10-1","W10","Sisymbrium officinale",0.01
"Plot58","f","Stratum-W10-1","W10","Stellaria sp.",0.00125
"Plot58","f","Stratum-W10-1","W10","Thymus sibthorpii",0.14625
"Plot58","f","Stratum-W10-1","W10","Trifolium arvense",0.00125
"Plot58","f","Stratum-W10-1","W10","Trifolium nigrescens",0.03125
"Plot58","f","Stratum-W10-1","W10","Trifolium repens",0.03125
"Plot58","f","Stratum-W10-1","W10","Vicia hybrida",0.0225
"Plot58","f","Stratum-W10-1","W10","Vicia sp.",0.04625
"Plot59","f","Stratum-W10-1","W10","Achillea clypeolata",0.03625
"Plot59","f","Stratum-W10-1","W10","Anthemis arvensis",0.00625
"Plot59","f","Stratum-W10-1","W10","Anthoxanthum odoratum",0.01125
"Plot59","f","Stratum-W10-1","W10","Brachypodium sp.",0.09375
"Plot59","f","Stratum-W10-1","W10","Centaurea sp.",0.00125
"Plot59","f","Stratum-W10-1","W10","Cerastium sp.",0.00125
"Plot59","f","Stratum-W10-1","W10","Convolvulus arvensis",0.01
"Plot59","f","Stratum-W10-1","W10","Crepis setosa",0.00125
"Plot59","f","Stratum-W10-1","W10","Crepis sp.",0.00125
"Plot59","f","Stratum-W10-1","W10","Cynosurus echinatus",0.00375
"Plot59","f","Stratum-W10-1","W10","Dactylis glomerata",0.00125
"Plot59","f","Stratum-W10-1","W10","Dianthus cruentus",0.015
"Plot59","f","Stratum-W10-1","W10","Fraxinus ornus",0.00125
"Plot59","f","Stratum-W10-1","W10","Geranium robertianum",0.00125
"Plot59","f","Stratum-W10-1","W10","Hypochaeris sp.",0.01
"Plot59","f","Stratum-W10-1","W10","Lathyrus sp.",0.00125
"Plot59","f","Stratum-W10-1","W10","Lotus corniculatus",0.01
"Plot59","f","Stratum-W10-1","W10","Plantago lanceolata",0.03625
"Plot59","f","Stratum-W10-1","W10","Poa bulbosa",0.00125
"Plot59","f","Stratum-W10-1","W10","Polygala nicaeensis",0.005
"Plot59","f","Stratum-W10-1","W10","Potentilla recta",0.01125
"Plot59","f","Stratum-W10-1","W10","Quercus petraea",0.04625
"Plot59","f","Stratum-W10-1","W10","Rumex sp.",0.00125
"Plot59","f","Stratum-W10-1","W10","Sanguisorba minor",0.0525
"Plot59","f","Stratum-W10-1","W10","Serapias vomeracea",0.00125
"Plot59","f","Stratum-W10-1","W10","Thymus sibthorpii",0.16125
"Plot59","f","Stratum-W10-1","W10","Trifolium arvense",0.05125
"Plot59","f","Stratum-W10-1","W10","Trifolium nigrescens",0.03625
"Plot59","f","Stratum-W10-1","W10","Trifolium stellatum",0.005
"Plot59","f","Stratum-W10-1","W10","Vicia hirsuta",0.01
"Plot59","f","Stratum-W10-1","W10","Vulpia myuros",0.0025
"Plot6","f","Stratum-U4-1","U4","Anthemis arvensis",0.00125
"Plot6","f","Stratum-U4-1","U4","Centaurea sp.",0.0075
"Plot6","f","Stratum-U4-1","U4","Cerastium sp.",0.04125
"Plot6","f","Stratum-U4-1","U4","Crepis sancta",0.00125
"Plot6","f","Stratum-U4-1","U4","Eryngium campestre",0.00125
"Plot6","f","Stratum-U4-1","U4","Hypericum olympicum",0.01
"Plot6","f","Stratum-U4-1","U4","Muscari neglectum",0.0675
"Plot6","f","Stratum-U4-1","U4","Petrorhagia dubia",0.00625
"Plot6","f","Stratum-U4-1","U4","Poaceae sp. 2",0.0625
"Plot6","f","Stratum-U4-1","U4","Pterocephalus plumosus",0.0125
"Plot6","f","Stratum-U4-1","U4","Pyrus spinosa",2.5e-4
"Plot6","f","Stratum-U4-1","U4","Sanguisorba minor",0.0525
"Plot6","f","Stratum-U4-1","U4","Setaria viridis",0.01
"Plot6","f","Stratum-U4-1","U4","Sisymbrium officinale",0.00125
"Plot6","f","Stratum-U4-1","U4","Teucrium capitatum",0.06625
"Plot6","f","Stratum-U4-1","U4","Thymus sibthorpii",0.08875
"Plot60","f","Stratum-W10-1","W10","Bromus sp.",0.02125
"Plot60","f","Stratum-W10-1","W10","Cerastium sp.",0.1025
"Plot60","f","Stratum-W10-1","W10","Cynosurus echinatus",0.01
"Plot60","f","Stratum-W10-1","W10","Eryngium amethystinum",0.09375
"Plot60","f","Stratum-W10-1","W10","Geranium lucidum",0.04625
"Plot60","f","Stratum-W10-1","W10","Juncus sp.",0.02
"Plot60","f","Stratum-W10-1","W10","Lolium perenne",0.00125
"Plot60","f","Stratum-W10-1","W10","Lotus corniculatus",0.0525
"Plot60","f","Stratum-W10-1","W10","Medicago sp.",0.0025
"Plot60","f","Stratum-W10-1","W10","Poaceae sp.",0.095
"Plot60","f","Stratum-W10-1","W10","Potentilla sp.",0.085
"Plot60","f","Stratum-W10-1","W10","Ranunculus arvensis",0.0125
"Plot60","f","Stratum-W10-1","W10","Sanguisorba minor",0.03125
"Plot60","f","Stratum-W10-1","W10","Torilis arvensis",0.0025
"Plot60","f","Stratum-W10-1","W10","Trifolium nigrescens",0.0675
"Plot60","f","Stratum-W10-1","W10","Trifolium repens",0.0825
"Plot60","f","Stratum-W10-1","W10","Veronica sp.",0.00125
"Plot7","f","Stratum-U4-1","U4","Aegilops triuncialis",0.005
"Plot7","f","Stratum-U4-1","U4","Anthoxanthum odoratum",0.01
"Plot7","f","Stratum-U4-1","U4","Avena sterilis",0.00625
"Plot7","f","Stratum-U4-1","U4","Bromus hordeaceus",0.02625
"Plot7","f","Stratum-U4-1","U4","Centaurea solstitialis",0.12375
"Plot7","f","Stratum-U4-1","U4","Cichorium intybus",0.00625
"Plot7","f","Stratum-U4-1","U4","Crepis sancta",0.00125
"Plot7","f","Stratum-U4-1","U4","Eryngium amethystinum",0.01
"Plot7","f","Stratum-U4-1","U4","Eryngium campestre",0.0075
"Plot7","f","Stratum-U4-1","U4","Notobasis syriaca",7.500000000000001e-4
"Plot7","f","Stratum-U4-1","U4","Orobanche sp.",0.015
"Plot7","f","Stratum-U4-1","U4","Paliurus spina-christi",0.09375
"Plot7","f","Stratum-U4-1","U4","Setaria viridis",0.35375
"Plot73","f","Stratum-W11-1","W11","Arbutus andrachne",0.04
"Plot73","f","Stratum-W11-1","W11","Asparagus acutifolius",0.01
"Plot73","f","Stratum-W11-1","W11","Carex flacca",0.0725
"Plot73","f","Stratum-W11-1","W11","Cistus monspeliensis",0.00125
"Plot73","f","Stratum-W11-1","W11","Luzula forsteri",0.01125
"Plot73","f","Stratum-W11-1","W11","Muscari neglectum",0.005
"Plot73","f","Stratum-W11-1","W11","Phillyrea latifolia",0.04
"Plot73","f","Stratum-W11-1","W11","Pinus nigra",0.04
"Plot73","f","Stratum-W11-1","W11","Quercus cerris",0.005
"Plot73","f","Stratum-W11-1","W11","Quercus frainetto",0.6675
"Plot73","f","Stratum-W11-1","W11","Rosa canina",0.02
"Plot73","f","Stratum-W11-1","W11","Rubus sanctus",0.01
"Plot73","f","Stratum-W11-1","W11","Rumex sp.",2.5e-4
"Plot73","f","Stratum-W11-1","W11","Viola alba",2.5e-4
"Plot74","f","Stratum-W11-1","W11","Anthyllis vulneraria",0.04625
"Plot74","f","Stratum-W11-1","W11","Arbutus andrachne",0.0075
"Plot74","f","Stratum-W11-1","W11","Asphodelus ramosus",0.00575
"Plot74","f","Stratum-W11-1","W11","Cistus monspeliensis",0.00625
"Plot74","f","Stratum-W11-1","W11","Erica arborea",0.09375
"Plot74","f","Stratum-W11-1","W11","Juniperus oxycedrus",0.3125
"Plot74","f","Stratum-W11-1","W11","Lonicera etrusca",0.00525
"Plot74","f","Stratum-W11-1","W11","Phillyrea latifolia",0.20875
"Plot74","f","Stratum-W11-1","W11","Quercus cerris",0.02
"Plot74","f","Stratum-W11-1","W11","Teucrium chamaedrys",0.00125
"Plot75","f","Stratum-W11-1","W11","Arbutus andrachne",0.02
"Plot75","f","Stratum-W11-1","W11","Phillyrea latifolia",0.2175
"Plot75","f","Stratum-W11-1","W11","Pinus radiata",0.625
"Plot76","f","Stratum-W11-1","W11","Anthoxanthum odoratum",0.015
"Plot76","f","Stratum-W11-1","W11","Arbutus andrachne",0.05125
"Plot76","f","Stratum-W11-1","W11","Brachypodium sylvaticum",0.00125
"Plot76","f","Stratum-W11-1","W11","Erica arborea",0.0425
"Plot76","f","Stratum-W11-1","W11","Juniperus oxycedrus",0.00125
"Plot76","f","Stratum-W11-1","W11","Lonicera etrusca",0.02
"Plot76","f","Stratum-W11-1","W11","Muscari neglectum",0.00125
"Plot76","f","Stratum-W11-1","W11","Phillyrea latifolia",0.0925
"Plot76","f","Stratum-W11-1","W11","Pinus brutia",0.625
"Plot76","f","Stratum-W11-1","W11","Quercus cerris",0.02
"Plot77","f","Stratum-W11-1","W11","Arbutus andrachne",0.02125
"Plot77","f","Stratum-W11-1","W11","Brachypodium sylvaticum",0.01
"Plot77","f","Stratum-W11-1","W11","Juniperus oxycedrus",0.0425
"Plot77","f","Stratum-W11-1","W11","Lonicera etrusca",0.05625
"Plot77","f","Stratum-W11-1","W11","Phillyrea latifolia",0.105
"Plot77","f","Stratum-W11-1","W11","Pinus brutia",0.875
"Plot77","f","Stratum-W11-1","W11","Quercus cerris",0.02
"Plot78","f","Stratum-W11-1","W11","Cistus monspeliensis",0.00625
"Plot78","f","Stratum-W11-1","W11","Erica arborea",0.2025
"Plot78","f","Stratum-W11-1","W11","Fraxinus ornus",0.01125
"Plot78","f","Stratum-W11-1","W11","Lactuca viminea",0.125
"Plot78","f","Stratum-W11-1","W11","Lonicera etrusca",0.04875
"Plot78","f","Stratum-W11-1","W11","Osyris alba",0.00125
"Plot78","f","Stratum-W11-1","W11","Phillyrea latifolia",0.025
"Plot78","f","Stratum-W11-1","W11","Pinus radiata",0.185
"Plot78","f","Stratum-W11-1","W11","Quercus cerris",0.085
"Plot78","f","Stratum-W11-1","W11","Quercus frainetto",0.005
"Plot79","f","Stratum-W11-1","W11","Arbutus andrachne",0.04625
"Plot79","f","Stratum-W11-1","W11","Arbutus unedo",0.185
"Plot79","f","Stratum-W11-1","W11","Asparagus acutifolius",0.02125
"Plot79","f","Stratum-W11-1","W11","Carex flacca",0.02
"Plot79","f","Stratum-W11-1","W11","Muscari neglectum",0.00125
"Plot79","f","Stratum-W11-1","W11","Phillyrea latifolia",0.0875
"Plot79","f","Stratum-W11-1","W11","Quercus cerris",0.0925
"Plot79","f","Stratum-W11-1","W11","Quercus coccifera",0.00125
"Plot79","f","Stratum-W11-1","W11","Quercus ithaburensis subsp. macrolepis",0.04
"Plot79","f","Stratum-W11-1","W11","Ruscus aculeatus",0.00625
"Plot8","f","Stratum-U4-1","U4","Aegilops triuncialis",0.015
"Plot8","f","Stratum-U4-1","U4","Avena sterilis",0.0075
"Plot8","f","Stratum-U4-1","U4","Brachypodium pinnatum",0.17125
"Plot8","f","Stratum-U4-1","U4","Carlina corymbosa",0.02625
"Plot8","f","Stratum-U4-1","U4","Catapodium rigidum",0.05125
"Plot8","f","Stratum-U4-1","U4","Dactylis glomerata",0.0075
"Plot8","f","Stratum-U4-1","U4","Eryngium campestre",0.0625
"Plot8","f","Stratum-U4-1","U4","Poaceae sp. 1",0.02
"Plot8","f","Stratum-U4-1","U4","Pterocephalus plumosus",0.03
"Plot8","f","Stratum-U4-1","U4","Sanguisorba minor",0.015
"Plot8","f","Stratum-U4-1","U4","Sisymbrium officinale",0.01125
"Plot8","f","Stratum-U4-1","U4","Teucrium capitatum",0.03625
"Plot8","f","Stratum-U4-1","U4","Trifolium angustifolium",0.0575
"Plot8","f","Stratum-U4-1","U4","Trifolium arvense",0.0525
"Plot80","f","Stratum-W11-1","W11","Anthyllis vulneraria",0.0525
"Plot80","f","Stratum-W11-1","W11","Arbutus andrachne",0.04625
"Plot80","f","Stratum-W11-1","W11","Arbutus unedo",0.04
"Plot80","f","Stratum-W11-1","W11","Cistus monspeliensis",0.05125
"Plot80","f","Stratum-W11-1","W11","Dactylis glomerata",0.00125
"Plot80","f","Stratum-W11-1","W11","Filipendula vulgaris",0.00125
"Plot80","f","Stratum-W11-1","W11","Juniperus oxycedrus",0.14
"Plot80","f","Stratum-W11-1","W11","Lactuca viminea",0.01125
"Plot80","f","Stratum-W11-1","W11","Phillyrea latifolia",0.195
"Plot80","f","Stratum-W11-1","W11","Quercus cerris",0.375
"Plot80","f","Stratum-W11-1","W11","Quercus coccifera",0.04625
"Plot80","f","Stratum-W11-1","W11","Sorbus domestica",0.01
"Plot81","f","Stratum-W11-1","W11","Anthoxanthum odoratum",0.01125
"Plot81","f","Stratum-W11-1","W11","Arbutus unedo",0.0925
"Plot81","f","Stratum-W11-1","W11","Asphodelus ramosus",0.005
"Plot81","f","Stratum-W11-1","W11","Cistus monspeliensis",0.02125
"Plot81","f","Stratum-W11-1","W11","Erica arborea",0.03125
"Plot81","f","Stratum-W11-1","W11","Fraxinus ornus",0.04625
"Plot81","f","Stratum-W11-1","W11","Juniperus oxycedrus",0.005
"Plot81","f","Stratum-W11-1","W11","Lactuca viminea",0.11375
"Plot81","f","Stratum-W11-1","W11","Phillyrea latifolia",0.1075
"Plot81","f","Stratum-W11-1","W11","Quercus cerris",0.625
"Plot81","f","Stratum-W11-1","W11","Ruscus aculeatus",0.01
"Plot81","f","Stratum-W11-1","W11","Teucrium chamaedrys",0.01
"Plot82","f","Stratum-W11-1","W11","Arbutus unedo",0.2025
"Plot82","f","Stratum-W11-1","W11","Cistus monspeliensis",0.02125
"Plot82","f","Stratum-W11-1","W11","Clematis vitalba",0.005
"Plot82","f","Stratum-W11-1","W11","Dactylis glomerata",0.00125
"Plot82","f","Stratum-W11-1","W11","Erica arborea",0.03
"Plot82","f","Stratum-W11-1","W11","Filipendula vulgaris",0.02125
"Plot82","f","Stratum-W11-1","W11","Galium aparine",0.01
"Plot82","f","Stratum-W11-1","W11","Lactuca viminea",0.005
"Plot82","f","Stratum-W11-1","W11","Phillyrea latifolia",0.21
"Plot82","f","Stratum-W11-1","W11","Pinus radiata",0.375
"Plot82","f","Stratum-W11-1","W11","Quercus coccifera",0.02125
"Plot82","f","Stratum-W11-1","W11","Vulpia myuros",0.14125
"Plot83","f","Stratum-W11-1","W11","Carex flacca",0.01
"Plot83","f","Stratum-W11-1","W11","Cistus monspeliensis",0.03125
"Plot83","f","Stratum-W11-1","W11","Lactuca viminea",0.12375
"Plot83","f","Stratum-W11-1","W11","Lonicera etrusca",0.02125
"Plot83","f","Stratum-W11-1","W11","Phillyrea latifolia",0.04625
"Plot83","f","Stratum-W11-1","W11","Pinus radiata",0.04
"Plot83","f","Stratum-W11-1","W11","Quercus cerris",0.04
"Plot83","f","Stratum-W11-1","W11","Quercus coccifera",0.01
"Plot83","f","Stratum-W11-1","W11","Rubus sanctus",0.02625
"Plot84","f","Stratum-W11-1","W11","Arbutus unedo",0.085
"Plot84","f","Stratum-W11-1","W11","Dactylis glomerata",0.00125
"Plot84","f","Stratum-W11-1","W11","Erica arborea",0.0625
"Plot84","f","Stratum-W11-1","W11","Luzula forsteri",0.0775
"Plot84","f","Stratum-W11-1","W11","Phillyrea latifolia",0.395
"Plot84","f","Stratum-W11-1","W11","Quercus cerris",0.04
"Plot84","f","Stratum-W11-1","W11","Quercus coccifera",0.02
"Plot9","f","Stratum-U4-1","U4","Eryngium campestre",0.01625
"Plot9","f","Stratum-U4-1","U4","Galium verum",0.01
"Plot9","f","Stratum-U4-1","U4","Hypericum montbretii",0.005
"Plot9","f","Stratum-U4-1","U4","Koeleria macrantha",0.04650000000000001
"Plot9","f","Stratum-U4-1","U4","Petrorhagia dubia",0.00625
"Plot9","f","Stratum-U4-1","U4","Poaceae sp. 2",0.05625
"Plot9","f","Stratum-U4-1","U4","Potentilla argentea",0.005
"Plot9","f","Stratum-U4-1","U4","Pterocephalus plumosus",0.02
"Plot9","f","Stratum-U4-1","U4","Sanguisorba minor",0.05625
"Plot9","f","Stratum-U4-1","U4","Sisymbrium officinale",0.05125
"Plot9","f","Stratum-U4-1","U4","Teucrium capitatum",0.025
"Plot9","f","Stratum-U4-1","U4","Thymus sibthorpii",0.07125
"Plot9","f","Stratum-U4-1","U4","Trifolium arvense",0.1125
"Plot97","f","Stratum-W11-2","W11","Daphne laureola",0.01
"Plot97","f","Stratum-W11-2","W11","Fagus sylvatica",0.7175
"Plot97","f","Stratum-W11-2","W11","Festuca heterophylla",0.005
"Plot97","f","Stratum-W11-2","W11","Geranium rotundifolium",0.0425
"Plot97","f","Stratum-W11-2","W11","Juniperus oxycedrus",0.19625
"Plot97","f","Stratum-W11-2","W11","Lathyrus laxiflorus",0.005
"Plot97","f","Stratum-W11-2","W11","Quercus cerris",0.11375
"Plot97","f","Stratum-W11-2","W11","Rosa canina",0.02125
"Plot98","f","Stratum-W11-2","W11","Carpinus orientalis",0.375
"Plot98","f","Stratum-W11-2","W11","Cornus mas",0.04625
"Plot98","f","Stratum-W11-2","W11","Euphorbia amygdaloides",0.00125
"Plot98","f","Stratum-W11-2","W11","Galium verum",0.005
"Plot98","f","Stratum-W11-2","W11","Hordeum bulbosum",0.11375
"Plot98","f","Stratum-W11-2","W11","Hypericum perforatum",0.00125
"Plot98","f","Stratum-W11-2","W11","Juniperus oxycedrus",0.05125
"Plot98","f","Stratum-W11-2","W11","Ononis reclinata",0.005
"Plot98","f","Stratum-W11-2","W11","Plantago lanceolata",0.01
"Plot98","f","Stratum-W11-2","W11","Potentilla recta",0.02125
"Plot98","f","Stratum-W11-2","W11","Quercus petraea",0.02
"Plot98","f","Stratum-W11-2","W11","Rosa canina",0.005
"Plot98","f","Stratum-W11-2","W11","Sanguisorba minor",0.00125
"Plot98","f","Stratum-W11-2","W11","Securigera varia",0.02125
"Plot98","f","Stratum-W11-2","W11","Silene italica",0.00125
"Plot98","f","Stratum-W11-2","W11","Teucrium capitatum",0.015
"Plot98","f","Stratum-W11-2","W11","Teucrium chamaedrys",0.0225
"Plot98","f","Stratum-W11-2","W11","Thymus sibthorpii",0.06625
"Plot98","f","Stratum-W11-2","W11","Trifolium campestre",0.01
"Plot98","f","Stratum-W11-2","W11","Viola alba",0.005
"Plot99","f","Stratum-W11-2","W11","Acer campestre",0.00125
"Plot99","f","Stratum-W11-2","W11","Cornus mas",0.01625
"Plot99","f","Stratum-W11-2","W11","Cornus sanguinea",0.005
"Plot99","f","Stratum-W11-2","W11","Coryllus avelana",0.02
"Plot99","f","Stratum-W11-2","W11","Euphorbia amygdaloides",0.01
"Plot99","f","Stratum-W11-2","W11","Festuca heterophylla",0.10375
"Plot99","f","Stratum-W11-2","W11","Galium mollugo group",0.01
"Plot99","f","Stratum-W11-2","W11","Hordeum vulgare",0.04625
"Plot99","f","Stratum-W11-2","W11","Lathyrus niger",0.04625
"Plot99","f","Stratum-W11-2","W11","Phleum pratense",0.01
"Plot99","f","Stratum-W11-2","W11","Plantago lanceolata",0.01
"Plot99","f","Stratum-W11-2","W11","Pyrus spinosa",0.04
"Plot99","f","Stratum-W11-2","W11","Quercus cerris",0.635
"Plot99","f","Stratum-W11-2","W11","Rosa canina",0.11375
"Plot99","f","Stratum-W11-2","W11","Rubus idaeus",0.10375
"Plot99","f","Stratum-W11-2","W11","Rumex sp.",0.005
"Plot99","f","Stratum-W11-2","W11","Stachys germanica",0.005
"Plot99","f","Stratum-W11-2","W11","Teucrium chamaedrys",0.005
"Plot99","f","Stratum-W11-2","W11","Torilis arvensis",0.02
"Plot99","f","Stratum-W11-2","W11","Trifolium pratense",0.115
"PlotBm1","b","W21","W21","Aegilops triuncialis",0.00125
"PlotBm1","b","W21","W21","Aira elegans",0.00125
"PlotBm1","b","W21","W21","Anthemis arvensis",0.00125
"PlotBm1","b","W21","W21","Avena sterilis",0.00375
"PlotBm1","b","W21","W21","Ballota acetabulosa",0.00125
"PlotBm1","b","W21","W21","Brachypodium retusum",0.0025
"PlotBm1","b","W21","W21","Bromus hordeaceus",0.0025
"PlotBm1","b","W21","W21","Bromus sterilis",0.0025
"PlotBm1","b","W21","W21","Cerastium brachypetalum",0.00125
"PlotBm1","b","W21","W21","Cistus monspeliensis",0.75
"PlotBm1","b","W21","W21","Crepis sancta",0.00125
"PlotBm1","b","W21","W21","Cynosurus echinatus",0.00125
"PlotBm1","b","W21","W21","Dactylis glomerata",0.00375
"PlotBm1","b","W21","W21","Dittrichia viscosa",0.3125
"PlotBm1","b","W21","W21","Erica manipuliflora",0.0075
"PlotBm1","b","W21","W21","Geranium brutium",0.00125
"PlotBm1","b","W21","W21","Lagurus ovatus",0.00375
"PlotBm1","b","W21","W21","Medicago minima",0.0025
"PlotBm1","b","W21","W21","Micromeria juliana",0.0075
"PlotBm1","b","W21","W21","Orlaya daucoides",0.00125
"PlotBm1","b","W21","W21","Piptatherum miliaceum",0.00875
"PlotBm1","b","W21","W21","Pistacia lentiscus",0.02875
"PlotBm1","b","W21","W21","Poa bulbosa",0.00125
"PlotBm1","b","W21","W21","Taeniatherum caput-medusae",0.00125
"PlotBm1","b","W21","W21","Torilis arvensis",0.00125
"PlotBm1","b","W21","W21","Trifolium angustifolium",0.005
"PlotBm1","b","W21","W21","Trifolium campestre",0.0025
"PlotBm1","b","W21","W21","Trifolium scabrum",0.00375
"PlotBm10","b","W21","W21","Aegilops triuncialis",0.00125
"PlotBm10","b","W21","W21","Anthemis arvensis",0.00125
"PlotBm10","b","W21","W21","Anthoxanthum odoratum",0.00125
"PlotBm10","b","W21","W21","Avena sterilis",0.0025
"PlotBm10","b","W21","W21","Ballota acetabulosa",0.00125
"PlotBm10","b","W21","W21","Brachypodium retusum",0.0025
"PlotBm10","b","W21","W21","Briza maxima",0.00125
"PlotBm10","b","W21","W21","Bromus squarrosus",0.00125
"PlotBm10","b","W21","W21","Cistus monspeliensis",0.4375
"PlotBm10","b","W21","W21","Cynosurus echinatus",0.00125
"PlotBm10","b","W21","W21","Dactylis glomerata",0.00375
"PlotBm10","b","W21","W21","Erica manipuliflora",0.09375
"PlotBm10","b","W21","W21","Lagurus ovatus",0.0025
"PlotBm10","b","W21","W21","Lolium rigidum",0.0075
"PlotBm10","b","W21","W21","Ornithopus compressus",0.00125
"PlotBm10","b","W21","W21","Plantago lanceolata",0.00125
"PlotBm10","b","W21","W21","Poa bulbosa",0.00125
"PlotBm10","b","W21","W21","Quercus coccifera",0.5625
"PlotBm10","b","W21","W21","Sherardia arvensis",0.00125
"PlotBm10","b","W21","W21","Trifolium angustifolium",0.00125
"PlotBm10","b","W21","W21","Trifolium arvense",0.00375
"PlotBm10","b","W21","W21","Trifolium campestre",0.00125
"PlotBm10","b","W21","W21","Trifolium scabrum",0.00375
"PlotBm10","b","W21","W21","Tuberaria guttata",0.0025
"PlotBm10","b","W21","W21","Vicia tetrasperma",0.00125
"PlotBm100","b","W17","W17","Achillea millefolium",0.005
"PlotBm100","b","W17","W17","Anthoxanthum odoratum",0.02125
"PlotBm100","b","W17","W17","Brachypodium sylvaticum",0.4375
"PlotBm100","b","W17","W17","Carex flacca",0.125
"PlotBm100","b","W17","W17","Carpinus orientalis",0.0975
"PlotBm100","b","W17","W17","Cynosurus cristatus",0.0475
"PlotBm100","b","W17","W17","Fraxinus ornus",0.005
"PlotBm100","b","W17","W17","Galium aparine",0.03125
"PlotBm100","b","W17","W17","Holcus lanatus",0.0975
"PlotBm100","b","W17","W17","Lonicera etrusca",0.005
"PlotBm100","b","W17","W17","Lysimachia nummularia",0.005
"PlotBm100","b","W17","W17","Melilotus sp.",0.02125
"PlotBm100","b","W17","W17","Mentha longifolia",0.005
"PlotBm100","b","W17","W17","Ononis spinosa",0.04625
"PlotBm100","b","W17","W17","Phleum pratense",0.005
"PlotBm100","b","W17","W17","Plantago major",0.005
"PlotBm100","b","W17","W17","Poa bulbosa",0.23375
"PlotBm100","b","W17","W17","Potentilla recta",0.0275
"PlotBm100","b","W17","W17","Prunella vulgaris",0.005
"PlotBm100","b","W17","W17","Quercus pubescens",0.375
"PlotBm100","b","W17","W17","Sanguisorba minor",0.005
"PlotBm100","b","W17","W17","Teucrium capitatum",0.02125
"PlotBm100","b","W17","W17","Teucrium chamaedrys",0.02125
"PlotBm100","b","W17","W17","Verbena officinalis",0.005
"PlotBm100","b","W17","W17","Veronica chamaedrys",0.01
"PlotBm100","b","W17","W17","Viola sp.",0.00125
"PlotBm100","b","W17","W17","Xeranthemum cylindraceum",0.0725
"PlotBm101","b","W17","W17","Achillea millefolium",0.09375
"PlotBm101","b","W17","W17","Agrimonia procera",0.02125
"PlotBm101","b","W17","W17","Brachypodium sylvaticum",0.115
"PlotBm101","b","W17","W17","Bromus sterilis",0.11375
"PlotBm101","b","W17","W17","Carex flacca",0.0975
"PlotBm101","b","W17","W17","Carpinus orientalis",0.11875
"PlotBm101","b","W17","W17","Cornus sanguinea",0.015
"PlotBm101","b","W17","W17","Crataegus monogyna",0.09375
"PlotBm101","b","W17","W17","Cynosurus echinatus",0.04625
"PlotBm101","b","W17","W17","Dactylis glomerata",0.04625
"PlotBm101","b","W17","W17","Fragaria vesca",0.02625
"PlotBm101","b","W17","W17","Hedera helix",0.005
"PlotBm101","b","W17","W17","Juniperus oxycedrus",0.0925
"PlotBm101","b","W17","W17","Ligustrum vulgare",0.02125
"PlotBm101","b","W17","W17","Lolium rigidum",0.01
"PlotBm101","b","W17","W17","Melilotus sp.",0.005
"PlotBm101","b","W17","W17","Paliurus spina-christi",0.01
"PlotBm101","b","W17","W17","Quercus pubescens",0.185
"PlotBm101","b","W17","W17","Ramnus sp.",0.16125
"PlotBm101","b","W17","W17","Rosa sp.",0.09375
"PlotBm101","b","W17","W17","Veronica chamaedrys",0.01
"PlotBm101","b","W17","W17","Viola sp.",0.01
"PlotBm102","b","W17","W17","Achillea millefolium",0.12375
"PlotBm102","b","W17","W17","Anthoxanthum odoratum",0.01
"PlotBm102","b","W17","W17","Brachypodium sylvaticum",0.06125
"PlotBm102","b","W17","W17","Calamagrostis arundinacea",0.03125
"PlotBm102","b","W17","W17","Carex flacca",0.11875
"PlotBm102","b","W17","W17","Carpinus orientalis",0.01
"PlotBm102","b","W17","W17","Chrysopogon gryllus",0.04625
"PlotBm102","b","W17","W17","Dactylis glomerata",0.03625
"PlotBm102","b","W17","W17","Eryngium campestre",0.005
"PlotBm102","b","W17","W17","Fragaria vesca",0.005
"PlotBm102","b","W17","W17","Fraxinus ornus",0.00125
"PlotBm102","b","W17","W17","Hedera helix",0.005
"PlotBm102","b","W17","W17","Juniperus oxycedrus",0.04625
"PlotBm102","b","W17","W17","Lolium rigidum",0.01
"PlotBm102","b","W17","W17","Origanum vulgare",0.005
"PlotBm102","b","W17","W17","Plantago major",0.06125
"PlotBm102","b","W17","W17","Quercus pubescens",0.04
"PlotBm102","b","W17","W17","Ramnus sp.",0.005
"PlotBm102","b","W17","W17","Rumex sp.",0.005
"PlotBm102","b","W17","W17","Sanguisorba minor",0.04625
"PlotBm102","b","W17","W17","Teucrium chamaedrys",0.05125
"PlotBm102","b","W17","W17","Thymus sibthorpii",0.09375
"PlotBm102","b","W17","W17","Trifolium angustifolium",0.02125
"PlotBm102","b","W17","W17","Trifolium campestre",0.25
"PlotBm102","b","W17","W17","Trifolium fragiferum",0.04625
"PlotBm102","b","W17","W17","Ulmus minor",0.04625
"PlotBm102","b","W17","W17","Vicia sp.",0.02125
"PlotBm102","b","W17","W17","Viola sp.",0.005
"PlotBm103","b","W17","W17","Achillea millefolium",0.0925
"PlotBm103","b","W17","W17","Aegonychon purpurocaeruleum",0.005
"PlotBm103","b","W17","W17","Brachypodium sylvaticum",0.1025
"PlotBm103","b","W17","W17","Calamagrostis arundinacea",0.14
"PlotBm103","b","W17","W17","Carex flacca",0.0925
"PlotBm103","b","W17","W17","Carpinus orientalis",0.1275
"PlotBm103","b","W17","W17","Chrysopogon gryllus",0.09375
"PlotBm103","b","W17","W17","Cornus sanguinea",0.005
"PlotBm103","b","W17","W17","Dactylis glomerata",0.005
"PlotBm103","b","W17","W17","Fragaria vesca",0.03125
"PlotBm103","b","W17","W17","Juniperus oxycedrus",0.375
"PlotBm103","b","W17","W17","Medicago minima",0.02125
"PlotBm103","b","W17","W17","Plantago major",0.02125
"PlotBm103","b","W17","W17","Prunella vulgaris",0.01
"PlotBm103","b","W17","W17","Quercus pubescens",0.375
"PlotBm103","b","W17","W17","Ruscus aculeatus",0.005
"PlotBm103","b","W17","W17","Teucrium chamaedrys",0.115
"PlotBm103","b","W17","W17","Trifolium campestre",0.0925
"PlotBm103","b","W17","W17","Trifolium fragiferum",0.04625
"PlotBm103","b","W17","W17","Veronica chamaedrys",0.005
"PlotBm103","b","W17","W17","Viola sp.",0.03125
"PlotBm104","b","W17","W17","Achillea millefolium",0.0425
"PlotBm104","b","W17","W17","Aegilops geniculata",0.015
"PlotBm104","b","W17","W17","Brachypodium sylvaticum",0.255
"PlotBm104","b","W17","W17","Calamagrostis arundinacea",0.29625
"PlotBm104","b","W17","W17","Carex flacca",0.135
"PlotBm104","b","W17","W17","Carpinus orientalis",0.02
"PlotBm104","b","W17","W17","Chrysopogon gryllus",0.03125
"PlotBm104","b","W17","W17","Cornus sanguinea",0.02125
"PlotBm104","b","W17","W17","Cynosurus echinatus",0.03125
"PlotBm104","b","W17","W17","Dactylis glomerata",0.06125
"PlotBm104","b","W17","W17","Fragaria vesca",0.02125
"PlotBm104","b","W17","W17","Galium aparine",0.02125
"PlotBm104","b","W17","W17","Hypericum perforatum",0.005
"PlotBm104","b","W17","W17","Lactuca muralis",0.005
"PlotBm104","b","W17","W17","Lolium rigidum",0.005
"PlotBm104","b","W17","W17","Lysimachia nummularia",0.01
"PlotBm104","b","W17","W17","Melilotus sp.",0.04625
"PlotBm104","b","W17","W17","Plantago major",0.015
"PlotBm104","b","W17","W17","Poa bulbosa",0.0675
"PlotBm104","b","W17","W17","Potentilla argentea",0.02125
"PlotBm104","b","W17","W17","Quercus pubescens",0.085
"PlotBm104","b","W17","W17","Rosa sp.",0.02125
"PlotBm104","b","W17","W17","Ruscus aculeatus",0.02125
"PlotBm104","b","W17","W17","Silene conica",0.005
"PlotBm104","b","W17","W17","Teucrium chamaedrys",0.03625
"PlotBm104","b","W17","W17","Thymus sibthorpii",0.02125
"PlotBm104","b","W17","W17","Trifolium angustifolium",0.0425
"PlotBm104","b","W17","W17","Trifolium fragiferum",0.04625
"PlotBm104","b","W17","W17","Veronica chamaedrys",0.005
"PlotBm104","b","W17","W17","Viola sp.",0.02
"PlotBm105","b","W17","W17","Achillea millefolium",0.0525
"PlotBm105","b","W17","W17","Aegilops geniculata",0.00125
"PlotBm105","b","W17","W17","Brachypodium sylvaticum",0.11375
"PlotBm105","b","W17","W17","Bromus sterilis",0.005
"PlotBm105","b","W17","W17","Calamagrostis arundinacea",0.05625
"PlotBm105","b","W17","W17","Carex flacca",0.145
"PlotBm105","b","W17","W17","Carpinus orientalis",0.0675
"PlotBm105","b","W17","W17","Chrysopogon gryllus",0.005
"PlotBm105","b","W17","W17","Crepis sancta",0.02125
"PlotBm105","b","W17","W17","Cynosurus echinatus",0.02
"PlotBm105","b","W17","W17","Dactylis glomerata",0.02625
"PlotBm105","b","W17","W17","Fragaria vesca",0.01
"PlotBm105","b","W17","W17","Juniperus oxycedrus",0.00125
"PlotBm105","b","W17","W17","Lolium rigidum",0.04625
"PlotBm105","b","W17","W17","Medicago sp.",0.005
"PlotBm105","b","W17","W17","Petrorhagia dubia",0.02125
"PlotBm105","b","W17","W17","Poa bulbosa",0.015
"PlotBm105","b","W17","W17","Quercus pubescens",0.185
"PlotBm105","b","W17","W17","Ruscus aculeatus",0.02125
"PlotBm105","b","W17","W17","Stachys germanica",0.05125
"PlotBm105","b","W17","W17","Teucrium chamaedrys",0.03125
"PlotBm105","b","W17","W17","Trifolium angustifolium",0.005
"PlotBm105","b","W17","W17","Trifolium campestre",0.115
"PlotBm105","b","W17","W17","Trifolium fragiferum",0.10375
"PlotBm105","b","W17","W17","Veronica chamaedrys",0.01
"PlotBm105","b","W17","W17","Vicia sp.",0.005
"PlotBm105","b","W17","W17","Viola sp.",0.01
"PlotBm106","b","W17","W17","Brachypodium sylvaticum",0.10375
"PlotBm106","b","W17","W17","Bromus sterilis",0.02125
"PlotBm106","b","W17","W17","Calamagrostis arundinacea",0.0925
"PlotBm106","b","W17","W17","Carex flacca",0.11375
"PlotBm106","b","W17","W17","Carpinus orientalis",0.06125
"PlotBm106","b","W17","W17","Chrysopogon gryllus",0.14125
"PlotBm106","b","W17","W17","Cynosurus echinatus",0.01
"PlotBm106","b","W17","W17","Galium aparine",0.04625
"PlotBm106","b","W17","W17","Hieracium sp.",0.04625
"PlotBm106","b","W17","W17","Juniperus communis",0.01125
"PlotBm106","b","W17","W17","Melilotus sp.",0.01
"PlotBm106","b","W17","W17","Plantago major",0.02625
"PlotBm106","b","W17","W17","Poa bulbosa",0.01
"PlotBm106","b","W17","W17","Quercus pubescens",0.085
"PlotBm106","b","W17","W17","Teucrium capitatum",0.08875
"PlotBm106","b","W17","W17","Teucrium chamaedrys",0.0775
"PlotBm106","b","W17","W17","Thymus sibthorpii",0.28
"PlotBm106","b","W17","W17","Trifolium campestre",0.005
"PlotBm106","b","W17","W17","Viola sp.",0.005
"PlotBm107","b","W17","W17","Achillea setacea",0.02125
"PlotBm107","b","W17","W17","Aegilops geniculata",0.02125
"PlotBm107","b","W17","W17","Anthemis tinctoria subsp. tinctoria",0.005
"PlotBm107","b","W17","W17","Asparagus acutifolius",0.015
"PlotBm107","b","W17","W17","Bromus squarrosus",0.01
"PlotBm107","b","W17","W17","Carex sylvatica",0.25
"PlotBm107","b","W17","W17","Cruciata laevipes",0.02125
"PlotBm107","b","W17","W17","Cynosurus cristatus",0.005
"PlotBm107","b","W17","W17","Dactylis glomerata",0.06125
"PlotBm107","b","W17","W17","Dianthus armeria",0.00125
"PlotBm107","b","W17","W17","Eryngium campestre",0.015
"PlotBm107","b","W17","W17","Festuca sp.",0.02
"PlotBm107","b","W17","W17","Festuca valesiaca",0.23375
"PlotBm107","b","W17","W17","Fragaria vesca",0.115
"PlotBm107","b","W17","W17","Galium sp.",0.05625
"PlotBm107","b","W17","W17","Galium verum",0.02125
"PlotBm107","b","W17","W17","Geum urbanum",0.01
"PlotBm107","b","W17","W17","Helianthemum nummularium",0.01
"PlotBm107","b","W17","W17","Helleborus odorus subsp. cyclophyllus",0.04625
"PlotBm107","b","W17","W17","Hordeum bulbosum",0.01
"PlotBm107","b","W17","W17","Lathyrus laxiflorus",0.01
"PlotBm107","b","W17","W17","Lathyrus saxatilis",0.02
"PlotBm107","b","W17","W17","Medicago sativa subsp. falcata",0.02125
"PlotBm107","b","W17","W17","Nigella arvensis",0.01
"PlotBm107","b","W17","W17","Papaver dubium",0.0025
"PlotBm107","b","W17","W17","Potentilla recta",0.01625
"PlotBm107","b","W17","W17","Prunella sp.",0.00125
"PlotBm107","b","W17","W17","Quercus pubescens",0.02
"PlotBm107","b","W17","W17","Rosa sp.",0.05125
"PlotBm107","b","W17","W17","Salvia virgata",0.015
"PlotBm107","b","W17","W17","Scabiosa atropurpurea",0.005
"PlotBm107","b","W17","W17","Silene italica",0.005
"PlotBm107","b","W17","W17","Silene sp.",0.005
"PlotBm107","b","W17","W17","Thymus longicaulis",0.0925
"PlotBm107","b","W17","W17","Torilis arvensis",0.005
"PlotBm107","b","W17","W17","Trifolium campestre",0.02125
"PlotBm107","b","W17","W17","Trifolium pratense",0.005
"PlotBm107","b","W17","W17","Vicia hybrida",0.005
"PlotBm107","b","W17","W17","Vicia sepium",0.01
"PlotBm107","b","W17","W17","Vicia sp.",0.005
"PlotBm107","b","W17","W17","Viola sp.",0.015
"PlotBm107","b","W17","W17","Xeranthemum cylindraceum",0.0675
"PlotBm108","b","W17","W17","Achillea setacea",0.01
"PlotBm108","b","W17","W17","Aegilops geniculata",0.005
"PlotBm108","b","W17","W17","Anthoxanthum odoratum",0.04625
"PlotBm108","b","W17","W17","Asparagus acutifolius",0.01
"PlotBm108","b","W17","W17","Briza minor",0.01
"PlotBm108","b","W17","W17","Carex flacca",0.02125
"PlotBm108","b","W17","W17","Cerastium sp.",0.015
"PlotBm108","b","W17","W17","Crepis sancta",0.005
"PlotBm108","b","W17","W17","Crupina crupinastrum",0.005
"PlotBm108","b","W17","W17","Cynosurus cristatus",0.01
"PlotBm108","b","W17","W17","Cynosurus echinatus",0.005
"PlotBm108","b","W17","W17","Dactylis glomerata",0.03
"PlotBm108","b","W17","W17","Eryngium campestre",0.015
"PlotBm108","b","W17","W17","Festuca sp.",0.01
"PlotBm108","b","W17","W17","Festuca valesiaca",0.375
"PlotBm108","b","W17","W17","Fragaria vesca",0.01
"PlotBm108","b","W17","W17","Galium verum",0.11375
"PlotBm108","b","W17","W17","Geranium rotundifolium",0.02125
"PlotBm108","b","W17","W17","Helleborus odorus subsp. cyclophyllus",0.01
"PlotBm108","b","W17","W17","Hieracium sp.",0.04625
"PlotBm108","b","W17","W17","Lathyrus saxatilis",0.015
"PlotBm108","b","W17","W17","Lolium rigidum",0.02125
"PlotBm108","b","W17","W17","Medicago minima",0.0675
"PlotBm108","b","W17","W17","Ornithogalum sp.",0.00125
"PlotBm108","b","W17","W17","Phleum pratense",0.01
"PlotBm108","b","W17","W17","Pilosella officinarum",0.01
"PlotBm108","b","W17","W17","Potentilla recta",0.03625
"PlotBm108","b","W17","W17","Prunella sp.",0.005
"PlotBm108","b","W17","W17","Quercus pubescens",0.185
"PlotBm108","b","W17","W17","Sanguisorba minor",0.02
"PlotBm108","b","W17","W17","Senecio sp.",0.015
"PlotBm108","b","W17","W17","Teucrium chamaedrys",0.01
"PlotBm108","b","W17","W17","Thymus longicaulis",0.02
"PlotBm108","b","W17","W17","Torilis arvensis",0.005
"PlotBm108","b","W17","W17","Trifolium campestre",0.005
"PlotBm108","b","W17","W17","Trifolium fragiferum",0.04625
"PlotBm108","b","W17","W17","Trifolium pratense",0.02125
"PlotBm108","b","W17","W17","Veronica sp.",0.005
"PlotBm108","b","W17","W17","Vicia sepium",0.01
"PlotBm108","b","W17","W17","Xeranthemum cylindraceum",0.025
"PlotBm109","b","W11","W11","Brachypodium sylvaticum",0.005
"PlotBm109","b","W11","W11","Clinopodium vulgare",0.00125
"PlotBm109","b","W11","W11","Dactylis glomerata",0.0175
"PlotBm109","b","W11","W11","Genista carinalis",0.00125
"PlotBm109","b","W11","W11","Lathyrus laxiflorus",0.00125
"PlotBm109","b","W11","W11","Lathyrus niger",0.00125
"PlotBm109","b","W11","W11","Luzula forsteri",0.00125
"PlotBm109","b","W11","W11","Physospermum cornubiense",0.00125
"PlotBm109","b","W11","W11","Poa nemoralis",0.0025
"PlotBm109","b","W11","W11","Quercus petraea",0.875
"PlotBm109","b","W11","W11","Silene italica",0.00125
"PlotBm109","b","W11","W11","Teucrium chamaedrys",0.00125
"PlotBm109","b","W11","W11","Trifolium alpestre",0.00875
"PlotBm109","b","W11","W11","Veronica chamaedrys",0.00875
"PlotBm109","b","W11","W11","Vicia cassubica",0.00125
"PlotBm109","b","W11","W11","Vicia grandiflora",0.00125
"PlotBm11","b","W21","W21","Aegilops triuncialis",0.00125
"PlotBm11","b","W21","W21","Allium sp.",0.00125
"PlotBm11","b","W21","W21","Anthemis arvensis",0.00125
"PlotBm11","b","W21","W21","Avena sterilis",0.01625
"PlotBm11","b","W21","W21","Ballota acetabulosa",0.00875
"PlotBm11","b","W21","W21","Briza maxima",0.0025
"PlotBm11","b","W21","W21","Bromus squarrosus",0.00125
"PlotBm11","b","W21","W21","Bromus sterilis",0.00125
"PlotBm11","b","W21","W21","Carlina vulgaris",0.00125
"PlotBm11","b","W21","W21","Centaurea benedicta",0.00125
"PlotBm11","b","W21","W21","Cistus monspeliensis",0.875
"PlotBm11","b","W21","W21","Crepis setosa",0.00125
"PlotBm11","b","W21","W21","Cynosurus echinatus",0.00125
"PlotBm11","b","W21","W21","Dactylis glomerata",0.00125
"PlotBm11","b","W21","W21","Torilis arvensis",0.00125
"PlotBm11","b","W21","W21","Trifolium angustifolium",0.0025
"PlotBm11","b","W21","W21","Trifolium arvense",0.00375
"PlotBm11","b","W21","W21","Trifolium campestre",0.00125
"PlotBm11","b","W21","W21","Trifolium hirtum",0.00875
"PlotBm11","b","W21","W21","Trifolium scabrum",0.00875
"PlotBm11","b","W21","W21","Tuberaria guttata",0.00125
"PlotBm11","b","W21","W21","Vicia tetrasperma",0.00125
"PlotBm110","b","W11","W11","Brachypodium sylvaticum",0.13625
"PlotBm110","b","W11","W11","Carex flacca",0.115
"PlotBm110","b","W11","W11","Carpinus orientalis",0.13625
"PlotBm110","b","W11","W11","Cornus sanguinea",0.00125
"PlotBm110","b","W11","W11","Fraxinus ornus",0.0025
"PlotBm110","b","W11","W11","Hedera helix",0.02625
"PlotBm110","b","W11","W11","Juniperus oxycedrus",0.005
"PlotBm110","b","W11","W11","Lactuca muralis",0.00125
"PlotBm110","b","W11","W11","Lathyrus niger",0.015
"PlotBm110","b","W11","W11","Lonicera etrusca",0.01
"PlotBm110","b","W11","W11","Quercus pubescens",0.625
"PlotBm110","b","W11","W11","Rosa sp.",0.015
"PlotBm110","b","W11","W11","Ruscus aculeatus",0.04125
"PlotBm110","b","W11","W11","Silene italica",0.0025
"PlotBm110","b","W11","W11","Teucrium chamaedrys",0.02125
"PlotBm110","b","W11","W11","Viola sp.",0.0275
"PlotBm111","b","W11","W11","Asparagus acutifolius",0.005
"PlotBm111","b","W11","W11","Brachypodium sylvaticum",0.10375
"PlotBm111","b","W11","W11","Carex flacca",0.06625
"PlotBm111","b","W11","W11","Carpinus orientalis",0.625
"PlotBm111","b","W11","W11","Hedera helix",0.00125
"PlotBm111","b","W11","W11","Lathyrus niger",0.01
"PlotBm111","b","W11","W11","Lonicera etrusca",0.00625
"PlotBm111","b","W11","W11","Quercus pubescens",0.875
"PlotBm111","b","W11","W11","Rosa sp.",0.095
"PlotBm111","b","W11","W11","Ruscus aculeatus",0.14125
"PlotBm111","b","W11","W11","Viola sp.",0.00625
"PlotBm112","b","W11","W11","Asphodeline liburnica",0.0075
"PlotBm112","b","W11","W11","Brachypodium sylvaticum",0.0925
"PlotBm112","b","W11","W11","Campanula spatulata",0.00125
"PlotBm112","b","W11","W11","Cruciata laevipes",0.00875
"PlotBm112","b","W11","W11","Dactylis glomerata",0.0075
"PlotBm112","b","W11","W11","Festuca heterophylla",0.0075
"PlotBm112","b","W11","W11","Filipendula vulgaris",0.00125
"PlotBm112","b","W11","W11","Fragaria vesca",0.00875
"PlotBm112","b","W11","W11","Fraxinus ornus",0.0025
"PlotBm112","b","W11","W11","Geocaryum capillifolium",0.01125
"PlotBm112","b","W11","W11","Geranium sanguineum",0.0075
"PlotBm112","b","W11","W11","Helleborus odorus",0.16875
"PlotBm112","b","W11","W11","Lathyrus laxiflorus",0.00375
"PlotBm112","b","W11","W11","Luzula forsteri",0.0025
"PlotBm112","b","W11","W11","Quercus petraea",0.875
"PlotBm112","b","W11","W11","Symphytum bulbosum",0.0375
"PlotBm112","b","W11","W11","Trifolium heldreichianum",0.0075
"PlotBm112","b","W11","W11","Vicia hirsuta",0.0075
"PlotBm113","b","W11","W11","Acer monspessulanum",0.00125
"PlotBm113","b","W11","W11","Bellis perennis",0.00125
"PlotBm113","b","W11","W11","Brachypodium sylvaticum",0.01875
"PlotBm113","b","W11","W11","Campanula spatulata",0.00125
"PlotBm113","b","W11","W11","Dactylis glomerata",0.0075
"PlotBm113","b","W11","W11","Galium mollugo group",0.00125
"PlotBm113","b","W11","W11","Geocaryum capillifolium",0.0075
"PlotBm113","b","W11","W11","Geranium macrorrhizum",0.00125
"PlotBm113","b","W11","W11","Geum urbanum",0.00125
"PlotBm113","b","W11","W11","Helleborus odorus",0.03
"PlotBm113","b","W11","W11","Lathyrus laxiflorus",0.00375
"PlotBm113","b","W11","W11","Lathyrus niger",0.00125
"PlotBm113","b","W11","W11","Luzula forsteri",0.0025
"PlotBm113","b","W11","W11","Melittis melissophyllum",0.01625
"PlotBm113","b","W11","W11","Poa nemoralis",0.0075
"PlotBm113","b","W11","W11","Quercus petraea",0.875
"PlotBm113","b","W11","W11","Symphytum bulbosum",0.06125
"PlotBm113","b","W11","W11","Trifolium heldreichianum",0.0075
"PlotBm113","b","W11","W11","Vicia grandiflora",0.0075
"PlotBm114","b","W11","W11","Acer campestre",0.185
"PlotBm114","b","W11","W11","Brachypodium sylvaticum",0.03
"PlotBm114","b","W11","W11","Dactylis glomerata",0.00125
"PlotBm114","b","W11","W11","Doronicum caucasicum",0.0025
"PlotBm114","b","W11","W11","Filipendula vulgaris",0.0075
"PlotBm114","b","W11","W11","Fragaria vesca",0.00125
"PlotBm114","b","W11","W11","Geocaryum capillifolium",0.0025
"PlotBm114","b","W11","W11","Geranium macrorrhizum",0.00125
"PlotBm114","b","W11","W11","Helleborus odorus",0.0075
"PlotBm114","b","W11","W11","Lamium maculatum",0.00125
"PlotBm114","b","W11","W11","Lathyrus laxiflorus",0.0025
"PlotBm114","b","W11","W11","Luzula forsteri",0.00375
"PlotBm114","b","W11","W11","Melittis melissophyllum",0.095
"PlotBm114","b","W11","W11","Potentilla recta",0.0025
"PlotBm114","b","W11","W11","Quercus petraea",0.875
"PlotBm114","b","W11","W11","Symphytum bulbosum",0.0375
"PlotBm115","b","W11","W11","Brachypodium sylvaticum",0.0025
"PlotBm115","b","W11","W11","Campanula spatulata",0.00125
"PlotBm115","b","W11","W11","Cardamine graeca",0.00125
"PlotBm115","b","W11","W11","Carex flacca",0.00125
"PlotBm115","b","W11","W11","Dactylis glomerata",0.0025
"PlotBm115","b","W11","W11","Dianthus cruentus",0.00125
"PlotBm115","b","W11","W11","Doronicum caucasicum",0.0025
"PlotBm115","b","W11","W11","Geranium lucidum",0.00375
"PlotBm115","b","W11","W11","Geum urbanum",0.00375
"PlotBm115","b","W11","W11","Helleborus odorus",0.00375
"PlotBm115","b","W11","W11","Lathyrus laxiflorus",0.0025
"PlotBm115","b","W11","W11","Lathyrus venetus",0.00125
"PlotBm115","b","W11","W11","Luzula forsteri",0.00375
"PlotBm115","b","W11","W11","Potentilla recta",0.00375
"PlotBm115","b","W11","W11","Quercus cerris",0.875
"PlotBm115","b","W11","W11","Ranunculus neapolitanus",0.01
"PlotBm115","b","W11","W11","Silene italica",0.0025
"PlotBm115","b","W11","W11","Symphytum bulbosum",0.05375
"PlotBm115","b","W11","W11","Taraxacum officinale group",0.00125
"PlotBm115","b","W11","W11","Trifolium alpestre",0.00125
"PlotBm115","b","W11","W11","Veronica chamaedrys",0.00125
"PlotBm115","b","W11","W11","Vicia grandiflora",0.00375
"PlotBm116","b","W11","W11","Brachypodium sylvaticum",0.00375
"PlotBm116","b","W11","W11","Campanula spatulata",0.0025
"PlotBm116","b","W11","W11","Cardamine graeca",0.00125
"PlotBm116","b","W11","W11","Carex flacca",0.00125
"PlotBm116","b","W11","W11","Carpinus orientalis",0.14
"PlotBm116","b","W11","W11","Clinopodium vulgare",0.005
"PlotBm116","b","W11","W11","Crataegus monogyna",0.02125
"PlotBm116","b","W11","W11","Dactylis glomerata",0.00125
"PlotBm116","b","W11","W11","Fraxinus ornus",0.2275
"PlotBm116","b","W11","W11","Lathyrus laxiflorus",0.00125
"PlotBm116","b","W11","W11","Luzula forsteri",0.005
"PlotBm116","b","W11","W11","Physospermum cornubiense",0.00125
"PlotBm116","b","W11","W11","Potentilla micrantha",0.00375
"PlotBm116","b","W11","W11","Quercus frainetto",0.625
"PlotBm116","b","W11","W11","Silene coronaria",0.00125
"PlotBm116","b","W11","W11","Silene italica",0.00375
"PlotBm116","b","W11","W11","Teucrium chamaedrys",0.0025
"PlotBm116","b","W11","W11","Trifolium alpestre",0.0025
"PlotBm116","b","W11","W11","Trifolium medium subsp. balcanicum",0.00125
"PlotBm116","b","W11","W11","Veronica chamaedrys",0.0025
"PlotBm116","b","W11","W11","Vicia grandiflora",0.0025
"PlotBm116","b","W11","W11","Viola alba",0.00125
"PlotBm117","b","W11","W11","Brachypodium sylvaticum",0.0025
"PlotBm117","b","W11","W11","Cardamine graeca",0.00125
"PlotBm117","b","W11","W11","Carpinus orientalis",0.085
"PlotBm117","b","W11","W11","Clinopodium vulgare",0.00375
"PlotBm117","b","W11","W11","Crataegus monogyna",0.0025
"PlotBm117","b","W11","W11","Dactylis glomerata",0.00125
"PlotBm117","b","W11","W11","Euphorbia amygdaloides",0.00125
"PlotBm117","b","W11","W11","Fraxinus ornus",0.1275
"PlotBm117","b","W11","W11","Hedera helix",0.0025
"PlotBm117","b","W11","W11","Lathyrus laxiflorus",0.00375
"PlotBm117","b","W11","W11","Luzula forsteri",0.00375
"PlotBm117","b","W11","W11","Physospermum cornubiense",0.00125
"PlotBm117","b","W11","W11","Potentilla recta",0.00125
"PlotBm117","b","W11","W11","Quercus frainetto",0.625
"PlotBm117","b","W11","W11","Silene italica",0.0025
"PlotBm117","b","W11","W11","Teucrium chamaedrys",0.0025
"PlotBm117","b","W11","W11","Trifolium alpestre",0.00125
"PlotBm117","b","W11","W11","Vicia grandiflora",0.00375
"PlotBm117","b","W11","W11","Vicia hirsuta",0.0025
"PlotBm117","b","W11","W11","Vicia tetrasperma",0.0025
"PlotBm117","b","W11","W11","Viola alba",0.0025
"PlotBm118","b","W11","W11","Aremonia agrimonoides",0.0075
"PlotBm118","b","W11","W11","Brachypodium sylvaticum",0.00125
"PlotBm118","b","W11","W11","Dactylis glomerata",0.00875
"PlotBm118","b","W11","W11","Festuca heterophylla",0.0025
"PlotBm118","b","W11","W11","Galium aparine",0.00125
"PlotBm118","b","W11","W11","Lathyrus laxiflorus",0.00375
"PlotBm118","b","W11","W11","Ligustrum vulgare",0.0075
"PlotBm118","b","W11","W11","Luzula forsteri",0.005
"PlotBm118","b","W11","W11","Poa bulbosa",0.00125
"PlotBm118","b","W11","W11","Quercus ilex",0.03
"PlotBm118","b","W11","W11","Quercus pubescens",0.875
"PlotBm118","b","W11","W11","Trifolium alpestre",0.00125
"PlotBm118","b","W11","W11","Trifolium medium subsp. balcanicum",0.00125
"PlotBm118","b","W11","W11","Veronica chamaedrys",0.00125
"PlotBm119","b","W11","W11","Aremonia agrimonoides",0.00125
"PlotBm119","b","W11","W11","Brachypodium sylvaticum",0.00125
"PlotBm119","b","W11","W11","Dactylis glomerata",0.00375
"PlotBm119","b","W11","W11","Festuca valesiaca",0.00125
"PlotBm119","b","W11","W11","Galium mollugo group",0.00125
"PlotBm119","b","W11","W11","Helleborus odorus",0.0025
"PlotBm119","b","W11","W11","Lathyrus laxiflorus",0.00375
"PlotBm119","b","W11","W11","Luzula forsteri",0.0025
"PlotBm119","b","W11","W11","Physospermum cornubiense",0.00125
"PlotBm119","b","W11","W11","Poa nemoralis",0.0025
"PlotBm119","b","W11","W11","Quercus frainetto",0.875
"PlotBm119","b","W11","W11","Trifolium alpestre",0.00125
"PlotBm119","b","W11","W11","Trifolium medium subsp. balcanicum",0.00125
"PlotBm119","b","W11","W11","Veronica chamaedrys",0.00375
"PlotBm119","b","W11","W11","Vicia grandiflora",0.0025
"PlotBm12","b","W21","W21","Aegilops triuncialis",0.0025
"PlotBm12","b","W21","W21","Aira elegans",0.00125
"PlotBm12","b","W21","W21","Anthoxanthum odoratum",0.02875
"PlotBm12","b","W21","W21","Avena sterilis",0.00375
"PlotBm12","b","W21","W21","Ballota acetabulosa",0.00125
"PlotBm12","b","W21","W21","Brachypodium retusum",0.0025
"PlotBm12","b","W21","W21","Briza maxima",0.00125
"PlotBm12","b","W21","W21","Bromus squarrosus",0.00125
"PlotBm12","b","W21","W21","Bromus sterilis",0.00125
"PlotBm12","b","W21","W21","Cistus monspeliensis",0.46875
"PlotBm12","b","W21","W21","Crepis sancta",0.00125
"PlotBm12","b","W21","W21","Crepis setosa",0.00125
"PlotBm12","b","W21","W21","Cynodon dactylon",0.02375
"PlotBm12","b","W21","W21","Cynosurus echinatus",0.00875
"PlotBm12","b","W21","W21","Dactylis glomerata",0.0025
"PlotBm12","b","W21","W21","Dittrichia viscosa",0.09375
"PlotBm12","b","W21","W21","Erica manipuliflora",0.1875
"PlotBm12","b","W21","W21","Lagurus ovatus",0.0025
"PlotBm12","b","W21","W21","Plantago lagopus",0.00125
"PlotBm12","b","W21","W21","Sherardia arvensis",0.00125
"PlotBm12","b","W21","W21","Trifolium angustifolium",0.0025
"PlotBm12","b","W21","W21","Trifolium arvense",0.00375
"PlotBm12","b","W21","W21","Trifolium campestre",0.00375
"PlotBm12","b","W21","W21","Trifolium scabrum",0.0025
"PlotBm120","b","W11","W11","Agrostemma githago",0.00125
"PlotBm120","b","W11","W11","Brachypodium sylvaticum",0.0075
"PlotBm120","b","W11","W11","Castanea sativa",0.02125
"PlotBm120","b","W11","W11","Dactylis glomerata",0.0025
"PlotBm120","b","W11","W11","Galium mollugo group",0.00375
"PlotBm120","b","W11","W11","Helleborus odorus",0.00875
"PlotBm120","b","W11","W11","Lathyrus laxiflorus",0.0025
"PlotBm120","b","W11","W11","Luzula forsteri",0.01
"PlotBm120","b","W11","W11","Physospermum cornubiense",0.00125
"PlotBm120","b","W11","W11","Poa nemoralis",0.00125
"PlotBm120","b","W11","W11","Pteridium aquilinum",0.0075
"PlotBm120","b","W11","W11","Quercus frainetto",0.875
"PlotBm120","b","W11","W11","Trifolium alpestre",0.00125
"PlotBm120","b","W11","W11","Trifolium medium subsp. balcanicum",0.0075
"PlotBm120","b","W11","W11","Veronica chamaedrys",0.0025
"PlotBm120","b","W11","W11","Vicia grandiflora",0.0025
"PlotBm121","b","W10","W10","Acer monspessulanum",0.00125
"PlotBm121","b","W10","W10","Aremonia agrimonoides",0.015
"PlotBm121","b","W10","W10","Brachypodium sylvaticum",0.1
"PlotBm121","b","W10","W10","Carex divulsa",0.00125
"PlotBm121","b","W10","W10","Chaerophyllum nodosum",0.0075
"PlotBm121","b","W10","W10","Cruciata laevipes",0.00125
"PlotBm121","b","W10","W10","Dactylis glomerata",0.00125
"PlotBm121","b","W10","W10","Doronicum caucasicum",0.02875
"PlotBm121","b","W10","W10","Fragaria vesca",0.00125
"PlotBm121","b","W10","W10","Galium verum",0.02375
"PlotBm121","b","W10","W10","Geocaryum capillifolium",0.0075
"PlotBm121","b","W10","W10","Geranium macrorrhizum",0.00125
"PlotBm121","b","W10","W10","Geum urbanum",0.00125
"PlotBm121","b","W10","W10","Hieracium murorum",0.0075
"PlotBm121","b","W10","W10","Luzula forsteri",0.0025
"PlotBm121","b","W10","W10","Poa nemoralis",0.0075
"PlotBm121","b","W10","W10","Quercus pubescens",0.375
"PlotBm121","b","W10","W10","Quercus trojana",0.375
"PlotBm121","b","W10","W10","Ranunculus neapolitanus",0.0075
"PlotBm121","b","W10","W10","Rosa arvensis",0.0025
"PlotBm121","b","W10","W10","Veronica chamaedrys",0.00125
"PlotBm122","b","W10","W10","Asplenium trichomaris",0.00125
"PlotBm122","b","W10","W10","Brachypodium sylvaticum",0.00375
"PlotBm122","b","W10","W10","Bromus sterilis",0.00125
"PlotBm122","b","W10","W10","Cardamine graeca",0.00125
"PlotBm122","b","W10","W10","Carex flacca",0.00125
"PlotBm122","b","W10","W10","Clinopodium vulgare",0.00125
"PlotBm122","b","W10","W10","Dactylis glomerata",0.09625
"PlotBm122","b","W10","W10","Galium mollugo group",0.00125
"PlotBm122","b","W10","W10","Geocaryum capillifolium",0.0025
"PlotBm122","b","W10","W10","Helleborus odorus",0.0025
"PlotBm122","b","W10","W10","Lathyrus laxiflorus",0.0025
"PlotBm122","b","W10","W10","Luzula forsteri",0.00125
"PlotBm122","b","W10","W10","Poa nemoralis",0.00375
"PlotBm122","b","W10","W10","Quercus pubescens",0.375
"PlotBm122","b","W10","W10","Quercus trojana",0.375
"PlotBm122","b","W10","W10","Silene italica",0.0025
"PlotBm122","b","W10","W10","Trifolium campestre",0.00125
"PlotBm122","b","W10","W10","Viola alba",0.0025
"PlotBm123","b","W10","W10","Asplenium trichomaris",0.00125
"PlotBm123","b","W10","W10","Brachypodium sylvaticum",0.0025
"PlotBm123","b","W10","W10","Bromus sterilis",0.0025
"PlotBm123","b","W10","W10","Campanula spatulata",0.00125
"PlotBm123","b","W10","W10","Clinopodium vulgare",0.0025
"PlotBm123","b","W10","W10","Cruciata laevipes",0.00125
"PlotBm123","b","W10","W10","Dactylis glomerata",0.115
"PlotBm123","b","W10","W10","Festuca valesiaca",0.09375
"PlotBm123","b","W10","W10","Fragaria vesca",0.00125
"PlotBm123","b","W10","W10","Geocaryum capillifolium",0.00125
"PlotBm123","b","W10","W10","Helleborus odorus",0.02375
"PlotBm123","b","W10","W10","Lathyrus laxiflorus",0.00125
"PlotBm123","b","W10","W10","Luzula forsteri",0.00125
"PlotBm123","b","W10","W10","Poa nemoralis",0.00125
"PlotBm123","b","W10","W10","Potentilla micrantha",0.00125
"PlotBm123","b","W10","W10","Quercus pubescens",0.875
"PlotBm123","b","W10","W10","Quercus trojana",0.875
"PlotBm123","b","W10","W10","Silene coronaria",0.00125
"PlotBm123","b","W10","W10","Teucrium chamaedrys",0.00125
"PlotBm123","b","W10","W10","Veronica chamaedrys",0.0025
"PlotBm123","b","W10","W10","Viola alba",0.00125
"PlotBm124","b","W10","W10","Acer campestre",0.01
"PlotBm124","b","W10","W10","Asplenium onopteris",0.00125
"PlotBm124","b","W10","W10","Brachypodium sylvaticum",0.02375
"PlotBm124","b","W10","W10","Bromus sterilis",0.00125
"PlotBm124","b","W10","W10","Campanula spatulata",0.00125
"PlotBm124","b","W10","W10","Clinopodium vulgare",0.0025
"PlotBm124","b","W10","W10","Cruciata laevipes",0.00375
"PlotBm124","b","W10","W10","Dactylis glomerata",0.00375
"PlotBm124","b","W10","W10","Fragaria vesca",0.00125
"PlotBm124","b","W10","W10","Helleborus odorus",0.0175
"PlotBm124","b","W10","W10","Physospermum cornubiense",0.00125
"PlotBm124","b","W10","W10","Poa nemoralis",0.00125
"PlotBm124","b","W10","W10","Potentilla argentea",0.00125
"PlotBm124","b","W10","W10","Quercus pubescens",0.875
"PlotBm124","b","W10","W10","Quercus trojana",0.875
"PlotBm124","b","W10","W10","Rosa canina",0.00125
"PlotBm124","b","W10","W10","Silene italica",0.00125
"PlotBm124","b","W10","W10","Teucrium chamaedrys",0.00125
"PlotBm124","b","W10","W10","Viola alba",0.00125
"PlotBm125","b","W10","W10","Aremonia agrimonoides",0.00125
"PlotBm125","b","W10","W10","Bellis perennis",0.00125
"PlotBm125","b","W10","W10","Brachypodium sylvaticum",0.00125
"PlotBm125","b","W10","W10","Campanula spatulata",0.00125
"PlotBm125","b","W10","W10","Cardamine graeca",0.0025
"PlotBm125","b","W10","W10","Chaerophyllum nodosum",0.00875
"PlotBm125","b","W10","W10","Dactylis glomerata",0.00125
"PlotBm125","b","W10","W10","Galium aparine",0.00125
"PlotBm125","b","W10","W10","Geranium lucidum",0.1075
"PlotBm125","b","W10","W10","Helleborus odorus",0.11375
"PlotBm125","b","W10","W10","Lamium maculatum",0.00125
"PlotBm125","b","W10","W10","Luzula forsteri",0.00125
"PlotBm125","b","W10","W10","Poa bulbosa",0.00125
"PlotBm125","b","W10","W10","Potentilla recta",0.0025
"PlotBm125","b","W10","W10","Quercus pubescens",0.375
"PlotBm125","b","W10","W10","Quercus trojana",0.375
"PlotBm125","b","W10","W10","Silene italica",0.00375
"PlotBm125","b","W10","W10","Symphytum bulbosum",0.06125
"PlotBm125","b","W10","W10","Trifolium alpestre",0.00125
"PlotBm125","b","W10","W10","Trifolium campestre",0.00125
"PlotBm125","b","W10","W10","Vicia grandiflora",0.0025
"PlotBm126","b","W10","W10","Acer monspessulanum",0.085
"PlotBm126","b","W10","W10","Aremonia agrimonoides",0.00125
"PlotBm126","b","W10","W10","Brachypodium sylvaticum",0.0025
"PlotBm126","b","W10","W10","Campanula spatulata",0.0025
"PlotBm126","b","W10","W10","Cardamine graeca",0.00125
"PlotBm126","b","W10","W10","Carex divulsa",0.00125
"PlotBm126","b","W10","W10","Clinopodium vulgare",0.00375
"PlotBm126","b","W10","W10","Cruciata laevipes",0.015
"PlotBm126","b","W10","W10","Dactylis glomerata",0.01
"PlotBm126","b","W10","W10","Doronicum caucasicum",0.02375
"PlotBm126","b","W10","W10","Euphorbia amygdaloides",0.00375
"PlotBm126","b","W10","W10","Fragaria vesca",0.00125
"PlotBm126","b","W10","W10","Galium mollugo group",0.00125
"PlotBm126","b","W10","W10","Geranium macrorrhizum",0.01
"PlotBm126","b","W10","W10","Geum urbanum",0.00125
"PlotBm126","b","W10","W10","Helleborus odorus",0.015
"PlotBm126","b","W10","W10","Lamium maculatum",0.0575
"PlotBm126","b","W10","W10","Lathyrus laxiflorus",0.01125
"PlotBm126","b","W10","W10","Luzula forsteri",0.0025
"PlotBm126","b","W10","W10","Melica uniflora",0.0025
"PlotBm126","b","W10","W10","Potentilla recta",0.00125
"PlotBm126","b","W10","W10","Quercus cerris",0.185
"PlotBm126","b","W10","W10","Quercus pubescens",0.375
"PlotBm126","b","W10","W10","Quercus trojana",0.185
"PlotBm126","b","W10","W10","Rosa canina",0.00875
"PlotBm126","b","W10","W10","Silene italica",0.00875
"PlotBm126","b","W10","W10","Silene viridiflora",0.0075
"PlotBm126","b","W10","W10","Symphytum bulbosum",0.015
"PlotBm126","b","W10","W10","Trifolium alpestre",0.00125
"PlotBm126","b","W10","W10","Veronica chamaedrys",0.0025
"PlotBm126","b","W10","W10","Vicia grandiflora",0.00875
"PlotBm127","b","W10","W10","Bellis perennis",0.0075
"PlotBm127","b","W10","W10","Brachypodium sylvaticum",0.00125
"PlotBm127","b","W10","W10","Campanula spatulata",0.00125
"PlotBm127","b","W10","W10","Dactylis glomerata",0.01
"PlotBm127","b","W10","W10","Euphorbia amygdaloides",0.01125
"PlotBm127","b","W10","W10","Festuca valesiaca",0.00125
"PlotBm127","b","W10","W10","Fragaria vesca",0.00875
"PlotBm127","b","W10","W10","Geranium macrorrhizum",0.00875
"PlotBm127","b","W10","W10","Helleborus odorus",0.0025
"PlotBm127","b","W10","W10","Lathyrus aphaca",0.01
"PlotBm127","b","W10","W10","Lathyrus nissolia",0.0025
"PlotBm127","b","W10","W10","Luzula forsteri",0.00125
"PlotBm127","b","W10","W10","Poa bulbosa",0.00125
"PlotBm127","b","W10","W10","Poa nemoralis",0.00875
"PlotBm127","b","W10","W10","Potentilla micrantha",0.00125
"PlotBm127","b","W10","W10","Quercus pubescens",0.375
"PlotBm127","b","W10","W10","Quercus trojana",0.185
"PlotBm127","b","W10","W10","Scorzoneroides cichoriacea",0.0075
"PlotBm127","b","W10","W10","Silene coronaria",0.00125
"PlotBm127","b","W10","W10","Silene italica",0.01
"PlotBm127","b","W10","W10","Teucrium chamaedrys",0.0075
"PlotBm127","b","W10","W10","Trifolium campestre",0.00125
"PlotBm127","b","W10","W10","Trifolium heldreichianum",0.00125
"PlotBm127","b","W10","W10","Trifolium pratense",0.0075
"PlotBm127","b","W10","W10","Veronica chamaedrys",0.00375
"PlotBm127","b","W10","W10","Vicia grandiflora",0.01
"PlotBm127","b","W10","W10","Vicia sativa",0.00875
"PlotBm128","b","W10","W10","Achnatherum bromoides",0.01
"PlotBm128","b","W10","W10","Carex flacca",0.04625
"PlotBm128","b","W10","W10","Colutea arborescens",0.0425
"PlotBm128","b","W10","W10","Dictamnus albus",0.005
"PlotBm128","b","W10","W10","Festuca heterophylla",0.23375
"PlotBm128","b","W10","W10","Galium verum",0.03125
"PlotBm128","b","W10","W10","Hippocrepis emerus",0.1875
"PlotBm128","b","W10","W10","Iris sp.",0.005
"PlotBm128","b","W10","W10","Juniperus oxycedrus",0.0925
"PlotBm128","b","W10","W10","Microthlaspi perfoliatum",0.005
"PlotBm128","b","W10","W10","Pistacia terebinthus",0.085
"PlotBm128","b","W10","W10","Quercus pubescens",0.185
"PlotBm128","b","W10","W10","Quercus trojana",0.5625
"PlotBm128","b","W10","W10","Silene italica",0.02125
"PlotBm128","b","W10","W10","Teucrium chamaedrys",0.0725
"PlotBm128","b","W10","W10","Thymus longicaulis",0.02
"PlotBm128","b","W10","W10","Veronica chamaedrys",0.03125
"PlotBm128","b","W10","W10","Veronica officinalis",0.005
"PlotBm128","b","W10","W10","Viola sp.",0.005
"PlotBm129","b","W10","W10","Carex flacca",0.01
"PlotBm129","b","W10","W10","Dactylis glomerata",0.1025
"PlotBm129","b","W10","W10","Dorycnium herbaceum",0.04625
"PlotBm129","b","W10","W10","Euphorbia cyparissias",0.02
"PlotBm129","b","W10","W10","Fraxinus ornus",0.0425
"PlotBm129","b","W10","W10","Galium verum",0.02125
"PlotBm129","b","W10","W10","Juniperus oxycedrus",0.0925
"PlotBm129","b","W10","W10","Linum trigynum",0.005
"PlotBm129","b","W10","W10","Lonicera etrusca",0.05125
"PlotBm129","b","W10","W10","Microthlaspi perfoliatum",0.02125
"PlotBm129","b","W10","W10","Quercus pubescens",0.11625
"PlotBm129","b","W10","W10","Quercus trojana",0.7175
"PlotBm129","b","W10","W10","Rosa sp.",0.01
"PlotBm129","b","W10","W10","Silene italica",0.0525
"PlotBm129","b","W10","W10","Teucrium chamaedrys",0.03125
"PlotBm129","b","W10","W10","Thymus longicaulis",0.005
"PlotBm129","b","W10","W10","Torilis sp.",0.01
"PlotBm129","b","W10","W10","Veronica chamaedrys",0.02
"PlotBm129","b","W10","W10","Viola sp.",0.00625
"PlotBm13","b","W2","W2","Asparagus acutifolius",0.0025
"PlotBm13","b","W2","W2","Dactylis glomerata",0.00125
"PlotBm13","b","W2","W2","Festuca heterophylla",0.03
"PlotBm13","b","W2","W2","Fraxinus ornus",0.00125
"PlotBm13","b","W2","W2","Quercus coccifera",0.9175
"PlotBm13","b","W2","W2","Ruscus aculeatus",0.0025
"PlotBm13","b","W2","W2","Teucrium chamaedrys",0.00125
"PlotBm13","b","W2","W2","Veronica chamaedrys",0.00125
"PlotBm130","b","W10","W10","Carex flacca",0.005
"PlotBm130","b","W10","W10","Dactylis glomerata",0.01
"PlotBm130","b","W10","W10","Galium sp.",0.01
"PlotBm130","b","W10","W10","Geranium sanguineum",0.00625
"PlotBm130","b","W10","W10","Juniperus communis",0.02125
"PlotBm130","b","W10","W10","Juniperus oxycedrus",0.10375
"PlotBm130","b","W10","W10","Lactuca muralis",0.00125
"PlotBm130","b","W10","W10","Lathyrus laxiflorus",0.005
"PlotBm130","b","W10","W10","Pistacia terebinthus",0.02625
"PlotBm130","b","W10","W10","Quercus pubescens",0.185
"PlotBm130","b","W10","W10","Quercus trojana",0.125
"PlotBm130","b","W10","W10","Teucrium chamaedrys",0.005
"PlotBm130","b","W10","W10","Torilis sp.",0.025
"PlotBm130","b","W10","W10","Veronica chamaedrys",0.01125
"PlotBm131","b","W10","W10","Acer campestre",0.005
"PlotBm131","b","W10","W10","Carex flacca",0.0425
"PlotBm131","b","W10","W10","Carpinus orientalis",0.04
"PlotBm131","b","W10","W10","Dactylis glomerata",0.03
"PlotBm131","b","W10","W10","Daphne laureola",0.01125
"PlotBm131","b","W10","W10","Dictamnus albus",0.005
"PlotBm131","b","W10","W10","Fragaria vesca",0.02125
"PlotBm131","b","W10","W10","Fraxinus ornus",0.005
"PlotBm131","b","W10","W10","Galium sp.",0.01
"PlotBm131","b","W10","W10","Geranium sanguineum",0.025
"PlotBm131","b","W10","W10","Iris sp.",0.09375
"PlotBm131","b","W10","W10","Juniperus oxycedrus",0.09375
"PlotBm131","b","W10","W10","Lathyrus laxiflorus",0.015
"PlotBm131","b","W10","W10","Lonicera etrusca",0.005
"PlotBm131","b","W10","W10","Pistacia terebinthus",0.03125
"PlotBm131","b","W10","W10","Quercus pubescens",0.375
"PlotBm131","b","W10","W10","Quercus trojana",0.375
"PlotBm131","b","W10","W10","Rosa sp.",0.015
"PlotBm131","b","W10","W10","Silene italica",0.01
"PlotBm131","b","W10","W10","Teucrium chamaedrys",0.0675
"PlotBm131","b","W10","W10","Torilis sp.",0.04625
"PlotBm131","b","W10","W10","Trifolium ochroleucon",0.01
"PlotBm132","b","W10","W10","Acer campestre",0.02
"PlotBm132","b","W10","W10","Carex flacca",0.03
"PlotBm132","b","W10","W10","Carpinus orientalis",0.5
"PlotBm132","b","W10","W10","Cornus mas",0.01
"PlotBm132","b","W10","W10","Dactylis glomerata",0.06625
"PlotBm132","b","W10","W10","Festuca valesiaca",0.1875
"PlotBm132","b","W10","W10","Iris sp.",0.005
"PlotBm132","b","W10","W10","Juniperus communis",0.0425
"PlotBm132","b","W10","W10","Pistacia terebinthus",0.01
"PlotBm132","b","W10","W10","Quercus pubescens",0.375
"PlotBm132","b","W10","W10","Quercus trojana",0.185
"PlotBm132","b","W10","W10","Silene italica",0.02125
"PlotBm132","b","W10","W10","Torilis sp.",0.03125
"PlotBm132","b","W10","W10","Trifolium ochroleucon",0.05125
"PlotBm132","b","W10","W10","Veronica chamaedrys",0.0575
"PlotBm133","b","W10","W10","Acer campestre",0.025
"PlotBm133","b","W10","W10","Carex flacca",0.1825
"PlotBm133","b","W10","W10","Dactylis glomerata",0.17125
"PlotBm133","b","W10","W10","Daphne laureola",0.03
"PlotBm133","b","W10","W10","Euphorbia cyparissias",0.005
"PlotBm133","b","W10","W10","Festuca valesiaca",0.125
"PlotBm133","b","W10","W10","Fragaria vesca",0.015
"PlotBm133","b","W10","W10","Fraxinus ornus",0.02125
"PlotBm133","b","W10","W10","Galium sp.",0.02125
"PlotBm133","b","W10","W10","Galium verum",0.01
"PlotBm133","b","W10","W10","Geranium sanguineum",0.02125
"PlotBm133","b","W10","W10","Juniperus communis",0.09375
"PlotBm133","b","W10","W10","Juniperus oxycedrus",0.005
"PlotBm133","b","W10","W10","Lathyrus laxiflorus",0.01
"PlotBm133","b","W10","W10","Polygonatum hirtum",0.025
"PlotBm133","b","W10","W10","Quercus pubescens",0.375
"PlotBm133","b","W10","W10","Quercus trojana",0.375
"PlotBm133","b","W10","W10","Silene italica",0.03
"PlotBm133","b","W10","W10","Teucrium chamaedrys",0.05625
"PlotBm133","b","W10","W10","Trifolium ochroleucon",0.02
"PlotBm133","b","W10","W10","Veronica chamaedrys",0.14875
"PlotBm133","b","W10","W10","Viola sp.",0.015
"PlotBm134","b","W16","W16","Allium sp.",0.005
"PlotBm134","b","W16","W16","Carex flacca",0.0675
"PlotBm134","b","W16","W16","Crataegus monogyna",0.01
"PlotBm134","b","W16","W16","Epipactis helleborine",0.00125
"PlotBm134","b","W16","W16","Festuca sp.",0.1275
"PlotBm134","b","W16","W16","Fraxinus ornus",0.0925
"PlotBm134","b","W16","W16","Galium tricornutum",0.005
"PlotBm134","b","W16","W16","Lathyrus laxiflorus",0.03125
"PlotBm134","b","W16","W16","Muscari comosum",0.005
"PlotBm134","b","W16","W16","Pinus brutia",0.185
"PlotBm134","b","W16","W16","Pteridium aquilinum",0.01
"PlotBm134","b","W16","W16","Quercus coccifera",0.005
"PlotBm134","b","W16","W16","Quercus frainetto",0.2075
"PlotBm134","b","W16","W16","Trifolium fragiferum",0.005
"PlotBm134","b","W16","W16","Vicia villosa",0.02125
"PlotBm135","b","W16","W16","Bromus hordeaceus",0.115
"PlotBm135","b","W16","W16","Bromus sterilis",0.04625
"PlotBm135","b","W16","W16","Capsella bursa-pastoris",0.005
"PlotBm135","b","W16","W16","Carex flacca",0.30625
"PlotBm135","b","W16","W16","Dactylis glomerata",0.12
"PlotBm135","b","W16","W16","Elytrigia repens",0.01
"PlotBm135","b","W16","W16","Festuca sp.",0.04625
"PlotBm135","b","W16","W16","Galium aparine",0.0775
"PlotBm135","b","W16","W16","Lathyrus laxiflorus",0.01
"PlotBm135","b","W16","W16","Melilotus indicus",0.0675
"PlotBm135","b","W16","W16","Ononis spinosa",0.01
"PlotBm135","b","W16","W16","Pinus brutia",0.085
"PlotBm135","b","W16","W16","Quercus frainetto",0.625
"PlotBm135","b","W16","W16","Rubus sanctus",0.0675
"PlotBm135","b","W16","W16","Teucrium chamaedrys",0.01
"PlotBm135","b","W16","W16","Trifolium fragiferum",0.0425
"PlotBm136","b","W16","W16","Acer monspessulanum",0.005
"PlotBm136","b","W16","W16","Carex flacca",0.04625
"PlotBm136","b","W16","W16","Carpinus orientalis",0.02125
"PlotBm136","b","W16","W16","Cornus mas",0.16125
"PlotBm136","b","W16","W16","Dactylis glomerata",0.015
"PlotBm136","b","W16","W16","Erica arborea",0.02125
"PlotBm136","b","W16","W16","Fraxinus ornus",0.0675
"PlotBm136","b","W16","W16","Juniperus oxycedrus",0.1875
"PlotBm136","b","W16","W16","Lathyrus laxiflorus",0.005
"PlotBm136","b","W16","W16","Pinus brutia",0.085
"PlotBm136","b","W16","W16","Quercus frainetto",0.375
"PlotBm136","b","W16","W16","Quercus pubescens",0.035
"PlotBm136","b","W16","W16","Rosa sp.",0.005
"PlotBm136","b","W16","W16","Sorbus torminalis",0.0925
"PlotBm137","b","W16","W16","Aira elegans",0.005
"PlotBm137","b","W16","W16","Carex flacca",0.10375
"PlotBm137","b","W16","W16","Cistus creticus",0.02125
"PlotBm137","b","W16","W16","Festuca sp.",0.02125
"PlotBm137","b","W16","W16","Muscari comosum",0.03
"PlotBm137","b","W16","W16","Phillyrea latifolia",0.04
"PlotBm137","b","W16","W16","Pinus brutia",0.375
"PlotBm137","b","W16","W16","Quercus coccifera",0.02625
"PlotBm137","b","W16","W16","Quercus frainetto",0.085
"PlotBm137","b","W16","W16","Silene italica",0.005
"PlotBm137","b","W16","W16","Trifolium campestre",0.02
"PlotBm137","b","W16","W16","Trifolium fragiferum",0.04625
"PlotBm138","b","W16","W16","Asparagus acutifolius",0.01
"PlotBm138","b","W16","W16","Dactylis glomerata",0.015
"PlotBm138","b","W16","W16","Erica arborea",0.02
"PlotBm138","b","W16","W16","Muscari comosum",0.02
"PlotBm138","b","W16","W16","Phillyrea latifolia",0.03125
"PlotBm138","b","W16","W16","Quercus frainetto",0.0675
"PlotBm138","b","W16","W16","Ruscus aculeatus",0.01
"PlotBm138","b","W16","W16","Trifolium fragiferum",0.025
"PlotBm139","b","W16","W16","Carex flacca",0.02125
"PlotBm139","b","W16","W16","Dactylis glomerata",0.01
"PlotBm139","b","W16","W16","Erica arborea",0.02
"PlotBm139","b","W16","W16","Muscari comosum",0.01
"PlotBm139","b","W16","W16","Phillyrea latifolia",0.01
"PlotBm139","b","W16","W16","Pinus brutia",0.185
"PlotBm139","b","W16","W16","Quercus coccifera",0.01
"PlotBm139","b","W16","W16","Quercus frainetto",0.375
"PlotBm139","b","W16","W16","Quercus pubescens",0.01
"PlotBm139","b","W16","W16","Trifolium fragiferum",0.02
"PlotBm14","b","W2","W2","Aegilops triuncialis",0.0025
"PlotBm14","b","W2","W2","Asplenium ceterach",0.0075
"PlotBm14","b","W2","W2","Brachypodium sylvaticum",0.04625
"PlotBm14","b","W2","W2","Carpinus orientalis",0.4175
"PlotBm14","b","W2","W2","Clinopodium vulgare",0.00125
"PlotBm14","b","W2","W2","Crepis sancta",0.00375
"PlotBm14","b","W2","W2","Crepis setosa",0.00125
"PlotBm14","b","W2","W2","Cruciata pedemontana",0.00125
"PlotBm14","b","W2","W2","Dactylis glomerata",0.0075
"PlotBm14","b","W2","W2","Doronicum caucasicum",0.0075
"PlotBm14","b","W2","W2","Festuca heterophylla",0.0075
"PlotBm14","b","W2","W2","Fraxinus ornus",0.375
"PlotBm14","b","W2","W2","Galium mollugo group",0.00875
"PlotBm14","b","W2","W2","Piptatherum miliaceum",0.06125
"PlotBm14","b","W2","W2","Potentilla recta",0.00125
"PlotBm14","b","W2","W2","Quercus coccifera",0.4175
"PlotBm14","b","W2","W2","Quercus pubescens",0.0075
"PlotBm14","b","W2","W2","Ruscus aculeatus",0.04625
"PlotBm14","b","W2","W2","Thymus sibthorpii",0.0025
"PlotBm140","b","W16","W16","Avena sterilis",0.005
"PlotBm140","b","W16","W16","Briza maxima",0.00125
"PlotBm140","b","W16","W16","Carex flacca",0.02625
"PlotBm140","b","W16","W16","Carpinus orientalis",0.02
"PlotBm140","b","W16","W16","Cynosurus echinatus",0.10375
"PlotBm140","b","W16","W16","Dactylis glomerata",0.0675
"PlotBm140","b","W16","W16","Festuca sp.",0.0775
"PlotBm140","b","W16","W16","Juniperus oxycedrus",0.01
"PlotBm140","b","W16","W16","Lathyrus laxiflorus",0.01125
"PlotBm140","b","W16","W16","Muscari comosum",0.0025
"PlotBm140","b","W16","W16","Orlaya grandiflora",0.00625
"PlotBm140","b","W16","W16","Osyris alba",0.02125
"PlotBm140","b","W16","W16","Pinus brutia",0.375
"PlotBm140","b","W16","W16","Poa bulbosa",0.00125
"PlotBm140","b","W16","W16","Quercus cerris",0.105
"PlotBm140","b","W16","W16","Quercus frainetto",0.085
"PlotBm140","b","W16","W16","Quercus pubescens",0.0025
"PlotBm140","b","W16","W16","Rosa canina",0.01
"PlotBm140","b","W16","W16","Ruscus aculeatus",0.01
"PlotBm140","b","W16","W16","Torilis arvensis",0.01125
"PlotBm140","b","W16","W16","Trifolium stellatum",0.01
"PlotBm141","b","W16","W16","Carex flacca",0.28625
"PlotBm141","b","W16","W16","Juniperus oxycedrus",0.16125
"PlotBm141","b","W16","W16","Pinus brutia",0.625
"PlotBm141","b","W16","W16","Quercus frainetto",0.04
"PlotBm141","b","W16","W16","Quercus pubescens",0.00375
"PlotBm142","b","W16","W16","Carex flacca",0.28125
"PlotBm142","b","W16","W16","Festuca sp.",0.0675
"PlotBm142","b","W16","W16","Muscari comosum",0.0025
"PlotBm142","b","W16","W16","Pinus brutia",0.625
"PlotBm142","b","W16","W16","Quercus frainetto",0.635
"PlotBm143","b","W16","W16","Carex flacca",0.2125
"PlotBm143","b","W16","W16","Crepis setosa",0.005
"PlotBm143","b","W16","W16","Dactylis glomerata",0.00125
"PlotBm143","b","W16","W16","Festuca sp.",0.0325
"PlotBm143","b","W16","W16","Iris sp.",0.01
"PlotBm143","b","W16","W16","Juniperus oxycedrus",0.0925
"PlotBm143","b","W16","W16","Muscari comosum",0.04375
"PlotBm143","b","W16","W16","Pilosela sp.",0.005
"PlotBm143","b","W16","W16","Pinus brutia",0.625
"PlotBm143","b","W16","W16","Quercus frainetto",0.085
"PlotBm144","b","W16","W16","Arbutus unedo",0.04
"PlotBm144","b","W16","W16","Cistus creticus",0.02125
"PlotBm144","b","W16","W16","Festuca sp.",0.135
"PlotBm144","b","W16","W16","Fraxinus ornus",0.0425
"PlotBm144","b","W16","W16","Juniperus oxycedrus",0.02125
"PlotBm144","b","W16","W16","Lonicera etrusca",0.005
"PlotBm144","b","W16","W16","Phillyrea latifolia",0.125
"PlotBm144","b","W16","W16","Pinus brutia",0.185
"PlotBm144","b","W16","W16","Quercus cerris",0.05625
"PlotBm144","b","W16","W16","Quercus frainetto",0.0675
"PlotBm145","b","W16","W16","Arbutus unedo",0.02125
"PlotBm145","b","W16","W16","Carex flacca",0.255
"PlotBm145","b","W16","W16","Cistus creticus",0.005
"PlotBm145","b","W16","W16","Dactylis glomerata",0.09375
"PlotBm145","b","W16","W16","Erica arborea",0.01
"PlotBm145","b","W16","W16","Galium aparine",0.005
"PlotBm145","b","W16","W16","Muscari comosum",0.00125
"PlotBm145","b","W16","W16","Phillyrea latifolia",0.085
"PlotBm145","b","W16","W16","Pinus brutia",0.01
"PlotBm145","b","W16","W16","Quercus frainetto",0.2275
"PlotBm145","b","W16","W16","Quercus pubescens",0.01
"PlotBm145","b","W16","W16","Rosa canina",0.01
"PlotBm15","b","W2","W2","Asparagus acutifolius",0.00125
"PlotBm15","b","W2","W2","Cistus creticus",0.015
"PlotBm15","b","W2","W2","Clinopodium vulgare",0.00125
"PlotBm15","b","W2","W2","Colutea arborescens",0.0075
"PlotBm15","b","W2","W2","Erysimum microstylum",0.0075
"PlotBm15","b","W2","W2","Fraxinus ornus",0.00125
"PlotBm15","b","W2","W2","Juniperus oxycedrus",0.39
"PlotBm15","b","W2","W2","Odontarrhena muralis",0.0075
"PlotBm15","b","W2","W2","Quercus coccifera",0.28
"PlotBm15","b","W2","W2","Silene italica",0.00125
"PlotBm16","b","W2","W2","Arabis turrita",0.00125
"PlotBm16","b","W2","W2","Asparagus acutifolius",0.05625
"PlotBm16","b","W2","W2","Bromus squarrosus",0.00125
"PlotBm16","b","W2","W2","Clinopodium vulgare",0.00125
"PlotBm16","b","W2","W2","Juniperus oxycedrus",0.14
"PlotBm16","b","W2","W2","Piptatherum miliaceum",0.00125
"PlotBm16","b","W2","W2","Pistacia terebinthus",0.00125
"PlotBm16","b","W2","W2","Quercus coccifera",0.375
"PlotBm16","b","W2","W2","Smilax aspera",0.00125
"PlotBm16","b","W2","W2","Teucrium capitatum",0.00125
"PlotBm16","b","W2","W2","Teucrium chamaedrys",0.04625
"PlotBm17","b","W2","W2","Asplenium onopteris",0.00875
"PlotBm17","b","W2","W2","Carpinus orientalis",0.1575
"PlotBm17","b","W2","W2","Dactylis glomerata",0.00875
"PlotBm17","b","W2","W2","Fraxinus ornus",0.0075
"PlotBm17","b","W2","W2","Hypericum montbretii",0.00125
"PlotBm17","b","W2","W2","Juniperus oxycedrus",0.02125
"PlotBm17","b","W2","W2","Piptatherum miliaceum",0.00125
"PlotBm17","b","W2","W2","Quercus coccifera",0.625
"PlotBm17","b","W2","W2","Silene italica",0.00125
"PlotBm17","b","W2","W2","Thymus sibthorpii",0.02125
"PlotBm17","b","W2","W2","Trifolium arvense",0.00125
"PlotBm17","b","W2","W2","Trifolium campestre",0.00125
"PlotBm18","b","W2","W2","Aegilops triuncialis",0.13
"PlotBm18","b","W2","W2","Arenaria sp.",0.145
"PlotBm18","b","W2","W2","Bromus sterilis",0.01
"PlotBm18","b","W2","W2","Crataegus monogyna",0.10375
"PlotBm18","b","W2","W2","Cynosurus echinatus",0.01
"PlotBm18","b","W2","W2","Dactylis glomerata",0.05625
"PlotBm18","b","W2","W2","Dasypyrum villosum",0.02625
"PlotBm18","b","W2","W2","Dorycnium herbaceum",0.01
"PlotBm18","b","W2","W2","Eryngium campestre",0.03625
"PlotBm18","b","W2","W2","Euphorbia seguieriana",0.005
"PlotBm18","b","W2","W2","Festuca sp.",0.03125
"PlotBm18","b","W2","W2","Hypericum perforatum",0.005
"PlotBm18","b","W2","W2","Potentilla sp.",0.01
"PlotBm18","b","W2","W2","Prunus dulcis",0.005
"PlotBm18","b","W2","W2","Quercus coccifera",1
"PlotBm18","b","W2","W2","Rubia peregrina",0.005
"PlotBm18","b","W2","W2","Teucrium capitatum",0.01
"PlotBm18","b","W2","W2","Thlaspi arvense",0.005
"PlotBm18","b","W2","W2","Torilis arvensis",0.005
"PlotBm18","b","W2","W2","Trifolium angustifolium",0.01
"PlotBm18","b","W2","W2","Trifolium sp.",0.03125
"PlotBm19","b","W2","W2","Briza minor",0.005
"PlotBm19","b","W2","W2","Carex flacca",0.17125
"PlotBm19","b","W2","W2","Carpinus orientalis",0.375
"PlotBm19","b","W2","W2","Fragaria vesca",0.015
"PlotBm19","b","W2","W2","Hedera helix",0.025
"PlotBm19","b","W2","W2","Juniperus oxycedrus",0.01
"PlotBm19","b","W2","W2","Lonicera sp.",0.05625
"PlotBm19","b","W2","W2","Melilotus indicus",0.015
"PlotBm19","b","W2","W2","Quercus coccifera",0.375
"PlotBm19","b","W2","W2","Rostraria cristata",0.0775
"PlotBm19","b","W2","W2","Scabiosa atropurpurea",0.01
"PlotBm19","b","W2","W2","Silene italica",0.005
"PlotBm19","b","W2","W2","Teucrium chamaedrys",0.04625
"PlotBm19","b","W2","W2","Viola sp.",0.01
"PlotBm2","b","W21","W21","Acinos alpinus",0.00125
"PlotBm2","b","W21","W21","Aegilops triuncialis",0.0025
"PlotBm2","b","W21","W21","Allium sp.",0.00125
"PlotBm2","b","W21","W21","Anthemis arvensis",0.00125
"PlotBm2","b","W21","W21","Avena sterilis",0.00375
"PlotBm2","b","W21","W21","Ballota acetabulosa",0.10125
"PlotBm2","b","W21","W21","Brachypodium retusum",0.0025
"PlotBm2","b","W21","W21","Briza maxima",0.00125
"PlotBm2","b","W21","W21","Bromus squarrosus",0.00125
"PlotBm2","b","W21","W21","Bromus sterilis",0.00375
"PlotBm2","b","W21","W21","Centaurea benedicta",0.00125
"PlotBm2","b","W21","W21","Cistus creticus",0.0075
"PlotBm2","b","W21","W21","Cistus monspeliensis",0.875
"PlotBm2","b","W21","W21","Crepis sancta",0.00125
"PlotBm2","b","W21","W21","Dactylis glomerata",0.00375
"PlotBm2","b","W21","W21","Geranium brutium",0.00125
"PlotBm2","b","W21","W21","Lagurus ovatus",0.0025
"PlotBm2","b","W21","W21","Medicago minima",0.00125
"PlotBm2","b","W21","W21","Petrorhagia dubia",0.00125
"PlotBm2","b","W21","W21","Poa bulbosa",0.0025
"PlotBm2","b","W21","W21","Taeniatherum caput-medusae",0.0025
"PlotBm2","b","W21","W21","Trifolium angustifolium",0.0025
"PlotBm2","b","W21","W21","Trifolium arvense",0.025
"PlotBm2","b","W21","W21","Trifolium scabrum",0.025
"PlotBm2","b","W21","W21","Tuberaria guttata",0.005
"PlotBm2","b","W21","W21","Vulpia muralis",0.00125
"PlotBm20","b","W2","W2","Bromus sterilis",0.06125
"PlotBm20","b","W2","W2","Carex flacca",0.03125
"PlotBm20","b","W2","W2","Carpinus orientalis",0.19625
"PlotBm20","b","W2","W2","Cerastium brachypetalum",0.01
"PlotBm20","b","W2","W2","Cynosurus echinatus",0.375
"PlotBm20","b","W2","W2","Dactylis glomerata",0.02
"PlotBm20","b","W2","W2","Fraxinus ornus",0.02125
"PlotBm20","b","W2","W2","Galium aparine",0.01
"PlotBm20","b","W2","W2","Lathyrus pratensis",0.005
"PlotBm20","b","W2","W2","Paliurus spina-christi",0.0925
"PlotBm20","b","W2","W2","Poa bulbosa",0.005
"PlotBm20","b","W2","W2","Quercus coccifera",0.625
"PlotBm20","b","W2","W2","Sanguisorba minor",0.005
"PlotBm20","b","W2","W2","Silene italica",0.05125
"PlotBm20","b","W2","W2","Teucrium chamaedrys",0.015
"PlotBm20","b","W2","W2","Thymus sibthorpii",0.03625
"PlotBm20","b","W2","W2","Trifolium angustifolium",0.005
"PlotBm20","b","W2","W2","Trifolium fragiferum",0.01
"PlotBm20","b","W2","W2","Viola sp.",0.015
"PlotBm21","b","W2","W2","Arenaria sp.",0.01
"PlotBm21","b","W2","W2","Asparagus acutifolius",0.025
"PlotBm21","b","W2","W2","Carex flacca",0.04125
"PlotBm21","b","W2","W2","Carpinus orientalis",0.04
"PlotBm21","b","W2","W2","Cistus creticus",0.025
"PlotBm21","b","W2","W2","Crataegus monogyna",0.01
"PlotBm21","b","W2","W2","Cynosurus echinatus",0.005
"PlotBm21","b","W2","W2","Dactylis glomerata",0.005
"PlotBm21","b","W2","W2","Galium murale",0.005
"PlotBm21","b","W2","W2","Lathyrus laxiflorus",0.005
"PlotBm21","b","W2","W2","Oxalis corniculata",0.01
"PlotBm21","b","W2","W2","Quercus coccifera",0.3125
"PlotBm21","b","W2","W2","Quercus frainetto",0.02
"PlotBm21","b","W2","W2","Quercus pubescens",0.185
"PlotBm21","b","W2","W2","Ruscus aculeatus",0.0475
"PlotBm21","b","W2","W2","Silene italica",0.015
"PlotBm22","b","W2","W2","Avena sterilis",0.005
"PlotBm22","b","W2","W2","Bromus sterilis",0.005
"PlotBm22","b","W2","W2","Cerastium brachypetalum",0.015
"PlotBm22","b","W2","W2","Cistus creticus",0.05125
"PlotBm22","b","W2","W2","Cynosurus echinatus",0.005
"PlotBm22","b","W2","W2","Festuca sp.",0.02625
"PlotBm22","b","W2","W2","Fraxinus ornus",0.02625
"PlotBm22","b","W2","W2","Juniperus oxycedrus",0.0925
"PlotBm22","b","W2","W2","Oxalis corniculata",0.005
"PlotBm22","b","W2","W2","Quercus coccifera",0.405
"PlotBm22","b","W2","W2","Quercus frainetto",0.07375
"PlotBm22","b","W2","W2","Quercus pubescens",0.185
"PlotBm22","b","W2","W2","Ruscus aculeatus",0.025
"PlotBm22","b","W2","W2","Silene italica",0.01
"PlotBm22","b","W2","W2","Trifolium angustifolium",0.01
"PlotBm22","b","W2","W2","Trifolium campestre",0.01
"PlotBm22","b","W2","W2","Trifolium sp.",0.005
"PlotBm23","b","W2","W2","Acer campestre",0.04
"PlotBm23","b","W2","W2","Aegilops triuncialis",0.005
"PlotBm23","b","W2","W2","Avena sterilis",0.005
"PlotBm23","b","W2","W2","Carex flacca",0.0675
"PlotBm23","b","W2","W2","Clematis flammula",0.01
"PlotBm23","b","W2","W2","Cynosurus echinatus",0.005
"PlotBm23","b","W2","W2","Festuca sp.",0.0675
"PlotBm23","b","W2","W2","Fraxinus ornus",0.085
"PlotBm23","b","W2","W2","Galium murale",0.02125
"PlotBm23","b","W2","W2","Juniperus oxycedrus",0.015
"PlotBm23","b","W2","W2","Phillyrea latifolia",0.1125
"PlotBm23","b","W2","W2","Quercus coccifera",0.5
"PlotBm23","b","W2","W2","Ruscus aculeatus",0.0425
"PlotBm23","b","W2","W2","Trifolium angustifolium",0.01
"PlotBm24","b","W2","W2","Asparagus acutifolius",0.02
"PlotBm24","b","W2","W2","Avena sterilis",0.01
"PlotBm24","b","W2","W2","Carex flacca",0.115
"PlotBm24","b","W2","W2","Crataegus monogyna",0.01
"PlotBm24","b","W2","W2","Euphorbia sp.",0.0925
"PlotBm24","b","W2","W2","Festuca sp.",0.115
"PlotBm24","b","W2","W2","Fraxinus ornus",0.10375
"PlotBm24","b","W2","W2","Galium murale",0.01
"PlotBm24","b","W2","W2","Lathyrus grandiflorus",0.005
"PlotBm24","b","W2","W2","Papaver rhoeas",0.005
"PlotBm24","b","W2","W2","Phillyrea latifolia",0.13625
"PlotBm24","b","W2","W2","Pistacia terebinthus",0.02125
"PlotBm24","b","W2","W2","Quercus coccifera",0.375
"PlotBm24","b","W2","W2","Quercus pubescens",0.085
"PlotBm24","b","W2","W2","Ruscus aculeatus",0.0725
"PlotBm24","b","W2","W2","Silene italica",0.04625
"PlotBm24","b","W2","W2","Trifolium sp.",0.015
"PlotBm25","b","M24","M24","Agrostis stolonifera",0.05375
"PlotBm25","b","M24","M24","Bromus sterilis",0.09375
"PlotBm25","b","M24","M24","Carduus sp.",0.1075
"PlotBm25","b","M24","M24","Daucus guttatus",0.05375
"PlotBm25","b","M24","M24","Glycyrrhiza echinata",0.05375
"PlotBm25","b","M24","M24","Holcus lanatus",0.135
"PlotBm25","b","M24","M24","Iris pseudacorus",0.04625
"PlotBm25","b","M24","M24","Medicago minima",0.015
"PlotBm25","b","M24","M24","Mentha pulegium",0.0075
"PlotBm25","b","M24","M24","Potentilla reptans",0.05
"PlotBm25","b","M24","M24","Rhinanthus sintenisii",0.0425
"PlotBm25","b","M24","M24","Trifolium repens",0.185
"PlotBm25","b","M24","M24","Vicia villosa",0.02875
"PlotBm26","b","M24","M24","Agrostis stolonifera",0.0675
"PlotBm26","b","M24","M24","Carduus sp.",0.0075
"PlotBm26","b","M24","M24","Daucus guttatus",0.00125
"PlotBm26","b","M24","M24","Holcus lanatus",0.00875
"PlotBm26","b","M24","M24","Iris pseudacorus",0.0225
"PlotBm26","b","M24","M24","Medicago minima",0.02875
"PlotBm26","b","M24","M24","Myosotis ramosissima",0.04625
"PlotBm26","b","M24","M24","Potentilla reptans",0.075
"PlotBm26","b","M24","M24","Rhinanthus sintenisii",0.28
"PlotBm26","b","M24","M24","Trifolium repens",0.1075
"PlotBm26","b","M24","M24","Vicia villosa",0.0075
"PlotBm27","b","M24","M24","Agrostis stolonifera",0.4525
"PlotBm27","b","M24","M24","Cynodon dactylon",0.02125
"PlotBm27","b","M24","M24","Juncus effusus",0.0075
"PlotBm27","b","M24","M24","Phalaris paradoxa",0.00125
"PlotBm27","b","M24","M24","Taraxacum officinale group",0.015
"PlotBm27","b","M24","M24","Trifolium campestre",0.02125
"PlotBm27","b","M24","M24","Trifolium nigrescens",0.02125
"PlotBm27","b","M24","M24","Trifolium repens",0.2325
"PlotBm28","b","M24","M24","Aegilops triuncialis",0.00125
"PlotBm28","b","M24","M24","Bromus sterilis",0.04625
"PlotBm28","b","M24","M24","Capsella bursa-pastoris",0.0075
"PlotBm28","b","M24","M24","Cichorium intybus",0.0075
"PlotBm28","b","M24","M24","Crepis sancta",0.01625
"PlotBm28","b","M24","M24","Cynodon dactylon",0.0675
"PlotBm28","b","M24","M24","Dasypyrum villosum",0.00875
"PlotBm28","b","M24","M24","Erodium ciconium",0.0075
"PlotBm28","b","M24","M24","Filago arvensis",0.00125
"PlotBm28","b","M24","M24","Heliotropium suaveolens",0.04875
"PlotBm28","b","M24","M24","Juncus effusus",0.15625
"PlotBm28","b","M24","M24","Matricaria chamomilla",0.03625
"PlotBm28","b","M24","M24","Medicago minima",0.0425
"PlotBm28","b","M24","M24","Petrorhagia dubia",0.02375
"PlotBm28","b","M24","M24","Phalaris canariensis",0.11375
"PlotBm28","b","M24","M24","Trifolium campestre",0.02875
"PlotBm28","b","M24","M24","Trifolium scabrum",0.0225
"PlotBm29","b","M24","M24","Agrostis stolonifera",0.01
"PlotBm29","b","M24","M24","Aira elegans",0.01
"PlotBm29","b","M24","M24","Avena sterilis",0.005
"PlotBm29","b","M24","M24","Ballota nigra",0.005
"PlotBm29","b","M24","M24","Crepis pulchra",0.02125
"PlotBm29","b","M24","M24","Descurainia sophia",0.005
"PlotBm29","b","M24","M24","Elytrigia repens",0.8125
"PlotBm29","b","M24","M24","Galium parisiense",0.0675
"PlotBm29","b","M24","M24","Poa pratensis",0.015
"PlotBm3","b","W21","W21","Aegilops triuncialis",0.00375
"PlotBm3","b","W21","W21","Anthemis arvensis",0.00125
"PlotBm3","b","W21","W21","Avena sterilis",0.0175
"PlotBm3","b","W21","W21","Ballota acetabulosa",0.00125
"PlotBm3","b","W21","W21","Brachypodium retusum",0.0025
"PlotBm3","b","W21","W21","Briza maxima",0.0075
"PlotBm3","b","W21","W21","Bromus hordeaceus",0.00125
"PlotBm3","b","W21","W21","Bromus squarrosus",0.00125
"PlotBm3","b","W21","W21","Bromus sterilis",0.01
"PlotBm3","b","W21","W21","Carlina vulgaris",0.00125
"PlotBm3","b","W21","W21","Cistus monspeliensis",0.625
"PlotBm3","b","W21","W21","Convolvulus althaeoides",0.00125
"PlotBm3","b","W21","W21","Crepis setosa",0.00125
"PlotBm3","b","W21","W21","Dactylis glomerata",0.00375
"PlotBm3","b","W21","W21","Dittrichia viscosa",0.0075
"PlotBm3","b","W21","W21","Erica arborea",0.09375
"PlotBm3","b","W21","W21","Lagurus ovatus",0.01
"PlotBm3","b","W21","W21","Medicago minima",0.00125
"PlotBm3","b","W21","W21","Petrorhagia dubia",0.00125
"PlotBm3","b","W21","W21","Phillyrea latifolia",0.00125
"PlotBm3","b","W21","W21","Piptatherum miliaceum",0.00125
"PlotBm3","b","W21","W21","Pistacia lentiscus",0.0075
"PlotBm3","b","W21","W21","Poa bulbosa",0.0025
"PlotBm3","b","W21","W21","Quercus coccifera",0.15625
"PlotBm3","b","W21","W21","Trifolium angustifolium",0.00125
"PlotBm3","b","W21","W21","Trifolium arvense",0.01125
"PlotBm3","b","W21","W21","Trifolium campestre",0.0025
"PlotBm3","b","W21","W21","Trifolium scabrum",0.0025
"PlotBm3","b","W21","W21","Tuberaria guttata",0.0025
"PlotBm3","b","W21","W21","Vicia tetrasperma",0.0075
"PlotBm3","b","W21","W21","Vulpia muralis",0.00125
"PlotBm30","b","M24","M24","Cerastium sp.",0.02
"PlotBm30","b","M24","M24","Crepis pulchra",0.015
"PlotBm30","b","M24","M24","Elytrigia repens",0.625
"PlotBm30","b","M24","M24","Galium parisiense",0.0475
"PlotBm30","b","M24","M24","Poa pratensis",0.015
"PlotBm31","b","M24","M24","Agrostis stolonifera",0.02
"PlotBm31","b","M24","M24","Aira elegans",0.005
"PlotBm31","b","M24","M24","Cerastium sp.",0.03125
"PlotBm31","b","M24","M24","Elytrigia repens",0.6875
"PlotBm31","b","M24","M24","Galium parisiense",0.04625
"PlotBm31","b","M24","M24","Poa pratensis",0.01
"PlotBm32","b","M24","M24","Agrostis stolonifera",0.1525
"PlotBm32","b","M24","M24","Calamagrostis canescens",0.04625
"PlotBm32","b","M24","M24","Crepis pulchra",0.005
"PlotBm32","b","M24","M24","Elytrigia repens",0.515
"PlotBm32","b","M24","M24","Galium parisiense",0.02
"PlotBm32","b","M24","M24","Gaudinia fragilis",0.01
"PlotBm32","b","M24","M24","Poa pratensis",0.14
"PlotBm32","b","M24","M24","Silene conica",0.005
"PlotBm33","b","M24","M24","Agrostis stolonifera",0.04125
"PlotBm33","b","M24","M24","Elytrigia repens",0.5625
"PlotBm33","b","M24","M24","Galium parisiense",0.05625
"PlotBm33","b","M24","M24","Juncus sp.",0.01
"PlotBm33","b","M24","M24","Reseda lutea",0.005
"PlotBm34","b","M24","M24","Agrostis stolonifera",0.02125
"PlotBm34","b","M24","M24","Elytrigia repens",0.75
"PlotBm34","b","M24","M24","Galium parisiense",0.02
"PlotBm34","b","M24","M24","Juncus sp.",0.0475
"PlotBm34","b","M24","M24","Poa pratensis",0.01
"PlotBm35","b","M24","M24","Avena sterilis",0.01
"PlotBm35","b","M24","M24","Cynosurus echinatus",0.005
"PlotBm35","b","M24","M24","Juncus effusus",0.6875
"PlotBm35","b","M24","M24","Petrorhagia prolifera",0.00125
"PlotBm35","b","M24","M24","Phragmites australis",0.02125
"PlotBm35","b","M24","M24","Rostraria cristata",0.005
"PlotBm36","b","M24","M24","Avena sterilis",0.005
"PlotBm36","b","M24","M24","Juncus effusus",0.625
"PlotBm37","b","W12","W12","Aremonia agrimonoides",0.00125
"PlotBm37","b","W12","W12","Fagus sylvatica",0.875
"PlotBm37","b","W12","W12","Hedera helix",0.0075
"PlotBm37","b","W12","W12","Luzula luzuloides",0.00125
"PlotBm37","b","W12","W12","Taxus baccata",0.16375
"PlotBm37","b","W12","W12","Viola reichenbachiana",0.00125
"PlotBm38","b","W12","W12","Aremonia agrimonoides",0.00125
"PlotBm38","b","W12","W12","Euonymus europaeus",0.00125
"PlotBm38","b","W12","W12","Fagus sylvatica",0.875
"PlotBm38","b","W12","W12","Galium odoratum",0.00125
"PlotBm38","b","W12","W12","Hordelymus europaeus",0.00125
"PlotBm38","b","W12","W12","Lathyrus venetus",0.00125
"PlotBm38","b","W12","W12","Poa nemoralis",0.00125
"PlotBm38","b","W12","W12","Quercus petraea",0.00125
"PlotBm38","b","W12","W12","Viola alba",0.00125
"PlotBm39","b","W12","W12","Castanea sativa",0.00125
"PlotBm39","b","W12","W12","Fagus sylvatica",0.875
"PlotBm39","b","W12","W12","Festuca heterophylla",0.00125
"PlotBm39","b","W12","W12","Lactuca muralis",0.0075
"PlotBm39","b","W12","W12","Luzula luzuloides",0.04625
"PlotBm39","b","W12","W12","Melica uniflora",0.00125
"PlotBm39","b","W12","W12","Veronica chamaedrys",0.00125
"PlotBm4","b","W21","W21","Aegilops triuncialis",0.0025
"PlotBm4","b","W21","W21","Aira elegans",0.00125
"PlotBm4","b","W21","W21","Anthemis arvensis",0.00125
"PlotBm4","b","W21","W21","Avena sterilis",0.00375
"PlotBm4","b","W21","W21","Ballota acetabulosa",0.0475
"PlotBm4","b","W21","W21","Brachypodium retusum",0.00125
"PlotBm4","b","W21","W21","Briza maxima",0.00125
"PlotBm4","b","W21","W21","Bromus squarrosus",0.00125
"PlotBm4","b","W21","W21","Bromus sterilis",0.0025
"PlotBm4","b","W21","W21","Cichorium intybus",0.0075
"PlotBm4","b","W21","W21","Cistus monspeliensis",0.625
"PlotBm4","b","W21","W21","Convolvulus althaeoides",0.00125
"PlotBm4","b","W21","W21","Crepis setosa",0.00125
"PlotBm4","b","W21","W21","Cynosurus echinatus",0.00125
"PlotBm4","b","W21","W21","Dactylis glomerata",0.00375
"PlotBm4","b","W21","W21","Erica manipuliflora",0.1875
"PlotBm4","b","W21","W21","Geranium brutium",0.00125
"PlotBm4","b","W21","W21","Lagurus ovatus",0.00375
"PlotBm4","b","W21","W21","Lathyrus aphaca",0.0075
"PlotBm4","b","W21","W21","Medicago minima",0.0025
"PlotBm4","b","W21","W21","Piptatherum miliaceum",0.00125
"PlotBm4","b","W21","W21","Poa bulbosa",0.00125
"PlotBm4","b","W21","W21","Taeniatherum caput-medusae",0.0025
"PlotBm4","b","W21","W21","Trifolium angustifolium",0.00125
"PlotBm4","b","W21","W21","Trifolium arvense",0.01
"PlotBm4","b","W21","W21","Trifolium scabrum",0.00125
"PlotBm4","b","W21","W21","Tuberaria guttata",0.00125
"PlotBm40","b","W12","W12","Cardamine bulbifera",2.5e-4
"PlotBm40","b","W12","W12","Euphorbia amygdaloides",0.00125
"PlotBm40","b","W12","W12","Fagus sylvatica",0.875
"PlotBm40","b","W12","W12","Galium odoratum",2.5e-4
"PlotBm40","b","W12","W12","Lathyrus laxiflorus",2.5e-4
"PlotBm40","b","W12","W12","Poa nemoralis",0.00875
"PlotBm40","b","W12","W12","Pteridium aquilinum",0.0075
"PlotBm40","b","W12","W12","Rubus canescens",0.00375
"PlotBm40","b","W12","W12","Viola alba",0.0025
"PlotBm41","b","W12","W12","Cardamine graeca",0.00125
"PlotBm41","b","W12","W12","Euphorbia amygdaloides",0.0075
"PlotBm41","b","W12","W12","Fagus sylvatica",0.875
"PlotBm41","b","W12","W12","Galium odoratum",0.02125
"PlotBm41","b","W12","W12","Glechoma hirsuta",0.00125
"PlotBm41","b","W12","W12","Lactuca muralis",0.00875
"PlotBm41","b","W12","W12","Lamium maculatum",0.02125
"PlotBm41","b","W12","W12","Melica uniflora",0.0075
"PlotBm41","b","W12","W12","Poa nemoralis",0.0075
"PlotBm41","b","W12","W12","Rubus idaeus",0.03625
"PlotBm42","b","W12","W12","Acer pseudoplatanus",0.00125
"PlotBm42","b","W12","W12","Fagus sylvatica",0.875
"PlotBm42","b","W12","W12","Galium odoratum",0.0225
"PlotBm42","b","W12","W12","Lamium maculatum",0.00125
"PlotBm42","b","W12","W12","Melittis melissophyllum",0.00125
"PlotBm42","b","W12","W12","Pteridium aquilinum",0.01
"PlotBm43","b","W12","W12","Cardamine bulbifera",0.0075
"PlotBm43","b","W12","W12","Euphorbia amygdaloides",0.00125
"PlotBm43","b","W12","W12","Fagus sylvatica",0.875
"PlotBm43","b","W12","W12","Galium rotundifolium",0.0075
"PlotBm43","b","W12","W12","Milium effusum",0.185
"PlotBm43","b","W12","W12","Orthilia secunda",0.0075
"PlotBm43","b","W12","W12","Rubus canescens",0.0175
"PlotBm43","b","W12","W12","Sanicula europaea",0.00125
"PlotBm43","b","W12","W12","Viola riviniana",0.00125
"PlotBm44","b","W12","W12","Fagus sylvatica",0.875
"PlotBm44","b","W12","W12","Galium rotundifolium",0.00125
"PlotBm44","b","W12","W12","Luzula luzuloides",0.0225
"PlotBm44","b","W12","W12","Milium effusum",0.0075
"PlotBm44","b","W12","W12","Poa nemoralis",0.00125
"PlotBm44","b","W12","W12","Prenanthes purpurea",0.0375
"PlotBm45","b","W12","W12","Cardamine bulbifera",0.00125
"PlotBm45","b","W12","W12","Fagus sylvatica",0.875
"PlotBm45","b","W12","W12","Galium odoratum",0.05375
"PlotBm45","b","W12","W12","Glechoma hirsuta",0.00125
"PlotBm45","b","W12","W12","Lactuca muralis",0.0075
"PlotBm45","b","W12","W12","Neottia nidus-avis",0.00125
"PlotBm45","b","W12","W12","Poa nemoralis",0.0025
"PlotBm45","b","W12","W12","Potentilla micrantha",0.00125
"PlotBm46","b","W12","W12","Brachypodium sylvaticum",0.00125
"PlotBm46","b","W12","W12","Epilobium montanum",0.00125
"PlotBm46","b","W12","W12","Fagus sylvatica",0.875
"PlotBm46","b","W12","W12","Galium odoratum",0.015
"PlotBm46","b","W12","W12","Galium rotundifolium",2.5e-4
"PlotBm46","b","W12","W12","Lactuca muralis",0.0015
"PlotBm46","b","W12","W12","Sanicula europaea",0.00125
"PlotBm47","b","W12","W12","Fagus sylvatica",0.875
"PlotBm47","b","W12","W12","Galium rotundifolium",0.0025
"PlotBm47","b","W12","W12","Lactuca muralis",0.00125
"PlotBm47","b","W12","W12","Poa nemoralis",0.00875
"PlotBm48","b","W12","W12","Cardamine bulbifera",0.00125
"PlotBm48","b","W12","W12","Fagus sylvatica",0.875
"PlotBm48","b","W12","W12","Galium odoratum",0.00875
"PlotBm48","b","W12","W12","Lactuca muralis",0.00125
"PlotBm48","b","W12","W12","Poa nemoralis",0.00125
"PlotBm49","b","W18","W18","Carex flacca",0.405
"PlotBm49","b","W18","W18","Festuca sp.",0.04625
"PlotBm49","b","W18","W18","Muscari comosum",0.0025
"PlotBm49","b","W18","W18","Pinus brutia",0.875
"PlotBm49","b","W18","W18","Quercus cerris",0.00625
"PlotBm49","b","W18","W18","Quercus frainetto",0.0325
"PlotBm49","b","W18","W18","Quercus pubescens",0.0075
"PlotBm5","b","W21","W21","Aegilops triuncialis",0.0025
"PlotBm5","b","W21","W21","Aira elegans",0.0025
"PlotBm5","b","W21","W21","Anthemis arvensis",0.00125
"PlotBm5","b","W21","W21","Avena sterilis",0.00375
"PlotBm5","b","W21","W21","Ballota acetabulosa",0.00125
"PlotBm5","b","W21","W21","Briza maxima",0.00125
"PlotBm5","b","W21","W21","Bromus hordeaceus",0.00125
"PlotBm5","b","W21","W21","Bromus squarrosus",0.00125
"PlotBm5","b","W21","W21","Bromus sterilis",0.0025
"PlotBm5","b","W21","W21","Centaurea benedicta",0.00125
"PlotBm5","b","W21","W21","Cichorium intybus",0.0075
"PlotBm5","b","W21","W21","Cistus monspeliensis",0.75
"PlotBm5","b","W21","W21","Convolvulus althaeoides",0.00125
"PlotBm5","b","W21","W21","Crepis sancta",0.00125
"PlotBm5","b","W21","W21","Cynosurus echinatus",0.00125
"PlotBm5","b","W21","W21","Dactylis glomerata",0.00875
"PlotBm5","b","W21","W21","Daucus guttatus",0.00125
"PlotBm5","b","W21","W21","Geranium lucidum",0.00125
"PlotBm5","b","W21","W21","Lagurus ovatus",0.0025
"PlotBm5","b","W21","W21","Lathyrus aphaca",0.00125
"PlotBm5","b","W21","W21","Medicago arabica",0.00125
"PlotBm5","b","W21","W21","Medicago minima",0.0025
"PlotBm5","b","W21","W21","Medicago orbicularis",0.00125
"PlotBm5","b","W21","W21","Micromeria juliana",0.00125
"PlotBm5","b","W21","W21","Petrorhagia dubia",0.00125
"PlotBm5","b","W21","W21","Piptatherum miliaceum",0.00875
"PlotBm5","b","W21","W21","Pistacia lentiscus",0.1875
"PlotBm5","b","W21","W21","Poa bulbosa",0.00125
"PlotBm5","b","W21","W21","Trifolium angustifolium",0.00375
"PlotBm5","b","W21","W21","Trifolium arvense",0.0025
"PlotBm5","b","W21","W21","Trifolium scabrum",0.00875
"PlotBm50","b","W18","W18","Carex flacca",0.14375
"PlotBm50","b","W18","W18","Muscari comosum",0.0025
"PlotBm50","b","W18","W18","Pinus brutia",0.625
"PlotBm50","b","W18","W18","Quercus frainetto",0.425
"PlotBm50","b","W18","W18","Quercus pubescens",0.02
"PlotBm51","b","W18","W18","Carex flacca",0.3175
"PlotBm51","b","W18","W18","Cirsium vulgare",0.00125
"PlotBm51","b","W18","W18","Festuca sp.",0.14
"PlotBm51","b","W18","W18","Juniperus oxycedrus",0.1875
"PlotBm51","b","W18","W18","Muscari comosum",0.00625
"PlotBm51","b","W18","W18","Pinus brutia",0.625
"PlotBm51","b","W18","W18","Quercus frainetto",0.00625
"PlotBm51","b","W18","W18","Quercus pubescens",0.0225
"PlotBm52","b","W18","W18","Carex flacca",0.1875
"PlotBm52","b","W18","W18","Festuca sp.",0.1025
"PlotBm52","b","W18","W18","Juniperus oxycedrus",0.00625
"PlotBm52","b","W18","W18","Muscari comosum",0.005
"PlotBm52","b","W18","W18","Pilosela sp.",0.005
"PlotBm52","b","W18","W18","Pinus brutia",0.875
"PlotBm52","b","W18","W18","Quercus frainetto",0.02
"PlotBm53","b","W18","W18","Carex flacca",0.245
"PlotBm53","b","W18","W18","Festuca sp.",0.11375
"PlotBm53","b","W18","W18","Phillyrea latifolia",0.01
"PlotBm53","b","W18","W18","Pinus brutia",0.625
"PlotBm53","b","W18","W18","Quercus frainetto",0.0025
"PlotBm53","b","W18","W18","Ruscus aculeatus",0.00125
"PlotBm54","b","W18","W18","Aira elegans",0.005
"PlotBm54","b","W18","W18","Anthoxanthum odoratum",0.005
"PlotBm54","b","W18","W18","Arenaria sp.",0.00125
"PlotBm54","b","W18","W18","Briza maxima",0.005
"PlotBm54","b","W18","W18","Carex flacca",0.06125
"PlotBm54","b","W18","W18","Crepis sancta",0.09375
"PlotBm54","b","W18","W18","Cynosurus echinatus",0.005
"PlotBm54","b","W18","W18","Dactylis glomerata",0.00625
"PlotBm54","b","W18","W18","Dianthus giganteus",0.005
"PlotBm54","b","W18","W18","Galium aparine",0.09375
"PlotBm54","b","W18","W18","Juniperus oxycedrus",0.005
"PlotBm54","b","W18","W18","Lonicera etrusca",0.01
"PlotBm54","b","W18","W18","Muscari comosum",0.005
"PlotBm54","b","W18","W18","Orlaya grandiflora",0.00125
"PlotBm54","b","W18","W18","Pinus brutia",0.625
"PlotBm54","b","W18","W18","Poa bulbosa",0.02125
"PlotBm54","b","W18","W18","Quercus frainetto",0.115
"PlotBm54","b","W18","W18","Quercus pubescens",0.01
"PlotBm54","b","W18","W18","Rumex acetosella",0.00125
"PlotBm54","b","W18","W18","Trifolium angustifolium",0.01
"PlotBm54","b","W18","W18","Trifolium scabrum",0.04625
"PlotBm54","b","W18","W18","Trifolium stellatum",0.02125
"PlotBm54","b","W18","W18","Vicia villosa",0.005
"PlotBm55","b","W18","W18","Carex flacca",0.00875
"PlotBm55","b","W18","W18","Elytrigia repens",0.01125
"PlotBm55","b","W18","W18","Festuca sp.",0.0575
"PlotBm55","b","W18","W18","Pilosela sp.",0.0225
"PlotBm55","b","W18","W18","Pinus brutia",0.095
"PlotBm55","b","W18","W18","Quercus frainetto",0.0075
"PlotBm55","b","W18","W18","Quercus pubescens",0.00375
"PlotBm55","b","W18","W18","Silene italica",0.00625
"PlotBm56","b","W18","W18","Carex flacca",0.0725
"PlotBm56","b","W18","W18","Festuca sp.",0.03125
"PlotBm56","b","W18","W18","Juniperus oxycedrus",0.0725
"PlotBm56","b","W18","W18","Muscari comosum",2.5e-4
"PlotBm56","b","W18","W18","Pinus brutia",0.875
"PlotBm56","b","W18","W18","Quercus frainetto",0.095
"PlotBm57","b","W18","W18","Avena sterilis",0.005
"PlotBm57","b","W18","W18","Festuca sp.",0.0425
"PlotBm57","b","W18","W18","Juniperus communis",0.05125
"PlotBm57","b","W18","W18","Phillyrea latifolia",0.0925
"PlotBm57","b","W18","W18","Pinus brutia",0.875
"PlotBm57","b","W18","W18","Quercus frainetto",0.02125
"PlotBm57","b","W18","W18","Quercus pubescens",0.03125
"PlotBm58","b","W18","W18","Muscari comosum",0.005
"PlotBm58","b","W18","W18","Pinus brutia",0.875
"PlotBm58","b","W18","W18","Quercus pubescens",0.015
"PlotBm59","b","W18","W18","Avena sterilis",0.005
"PlotBm59","b","W18","W18","Briza maxima",0.04625
"PlotBm59","b","W18","W18","Festuca sp.",0.5
"PlotBm59","b","W18","W18","Pinus brutia",0.625
"PlotBm59","b","W18","W18","Quercus pubescens",0.02
"PlotBm6","b","W21","W21","Aegilops triuncialis",0.0025
"PlotBm6","b","W21","W21","Aira elegans",0.00125
"PlotBm6","b","W21","W21","Avena sterilis",0.005
"PlotBm6","b","W21","W21","Ballota acetabulosa",0.00125
"PlotBm6","b","W21","W21","Brachypodium retusum",0.00125
"PlotBm6","b","W21","W21","Briza maxima",0.0025
"PlotBm6","b","W21","W21","Bromus hordeaceus",0.00125
"PlotBm6","b","W21","W21","Bromus sterilis",0.0025
"PlotBm6","b","W21","W21","Carlina vulgaris",0.00125
"PlotBm6","b","W21","W21","Cichorium intybus",0.00125
"PlotBm6","b","W21","W21","Cistus creticus",0.0075
"PlotBm6","b","W21","W21","Cistus monspeliensis",0.17125
"PlotBm6","b","W21","W21","Convolvulus althaeoides",0.00125
"PlotBm6","b","W21","W21","Cruciata pedemontana",0.00125
"PlotBm6","b","W21","W21","Dactylis glomerata",0.00125
"PlotBm6","b","W21","W21","Erica manipuliflora",0.615
"PlotBm6","b","W21","W21","Galium divaricatum",0.00125
"PlotBm6","b","W21","W21","Geranium brutium",0.0025
"PlotBm6","b","W21","W21","Lagurus ovatus",0.00375
"PlotBm6","b","W21","W21","Medicago arabica",0.00125
"PlotBm6","b","W21","W21","Medicago minima",0.00125
"PlotBm6","b","W21","W21","Petrorhagia dubia",0.00125
"PlotBm6","b","W21","W21","Piptatherum miliaceum",0.00125
"PlotBm6","b","W21","W21","Poa bulbosa",0.0025
"PlotBm6","b","W21","W21","Taeniatherum caput-medusae",0.00125
"PlotBm6","b","W21","W21","Trifolium angustifolium",0.00375
"PlotBm6","b","W21","W21","Trifolium arvense",0.00375
"PlotBm6","b","W21","W21","Trifolium campestre",0.00125
"PlotBm6","b","W21","W21","Trifolium scabrum",0.0075
"PlotBm6","b","W21","W21","Tuberaria guttata",0.015
"PlotBm6","b","W21","W21","Vulpia muralis",0.00125
"PlotBm60","b","W18","W18","Allium sp.",0.00125
"PlotBm60","b","W18","W18","Avena sterilis",0.005
"PlotBm60","b","W18","W18","Cistus creticus",0.01
"PlotBm60","b","W18","W18","Dactylis glomerata",0.0425
"PlotBm60","b","W18","W18","Festuca sp.",0.4375
"PlotBm60","b","W18","W18","Muscari comosum",0.005
"PlotBm60","b","W18","W18","Pinus brutia",0.875
"PlotBm60","b","W18","W18","Quercus pubescens",0.005
"PlotBm61","b","U17","U17","Aira elegans",0.015
"PlotBm61","b","U17","U17","Arbutus unedo",0.1875
"PlotBm61","b","U17","U17","Bromus hordeaceus",0.01
"PlotBm61","b","U17","U17","Bromus sterilis",0.3125
"PlotBm61","b","U17","U17","Capsella bursa-pastoris",0.01
"PlotBm61","b","U17","U17","Cistus creticus",0.04125
"PlotBm61","b","U17","U17","Cynosurus echinatus",0.005
"PlotBm61","b","U17","U17","Dactylis glomerata",0.01
"PlotBm61","b","U17","U17","Erica arborea",0.185
"PlotBm61","b","U17","U17","Festuca sp.",0.03
"PlotBm61","b","U17","U17","Galium aparine",0.01
"PlotBm61","b","U17","U17","Juniperus oxycedrus",0.01
"PlotBm61","b","U17","U17","Phillyrea latifolia",0.085
"PlotBm61","b","U17","U17","Pistacia terebinthus",0.005
"PlotBm61","b","U17","U17","Poa bulbosa",0.02
"PlotBm61","b","U17","U17","Quercus cerris",0.085
"PlotBm61","b","U17","U17","Quercus pubescens",0.04625
"PlotBm61","b","U17","U17","Trifolium angustifolium",0.005
"PlotBm62","b","U17","U17","Achnatherum bromoides",0.02125
"PlotBm62","b","U17","U17","Agrostis stolonifera",0.02125
"PlotBm62","b","U17","U17","Asparagus sp.",0.02125
"PlotBm62","b","U17","U17","Brachypodium pinnatum",0.005
"PlotBm62","b","U17","U17","Carpinus orientalis",0.01
"PlotBm62","b","U17","U17","Cerastium brachypetalum",0.005
"PlotBm62","b","U17","U17","Cistus creticus",0.16125
"PlotBm62","b","U17","U17","Dactylis glomerata",0.01
"PlotBm62","b","U17","U17","Erica arborea",0.03125
"PlotBm62","b","U17","U17","Festuca sp.",0.1125
"PlotBm62","b","U17","U17","Juniperus oxycedrus",0.3125
"PlotBm62","b","U17","U17","Phillyrea latifolia",0.01
"PlotBm62","b","U17","U17","Quercus coccifera",0.875
"PlotBm62","b","U17","U17","Teucrium capitatum",0.01
"PlotBm62","b","U17","U17","Thymus sibthorpii",0.03125
"PlotBm62","b","U17","U17","Trifolium angustifolium",0.005
"PlotBm62","b","U17","U17","Trifolium arvense",0.01
"PlotBm63","b","U17","U17","Achnatherum bromoides",0.005
"PlotBm63","b","U17","U17","Alyssum sp.",0.015
"PlotBm63","b","U17","U17","Anthemis arvensis",0.02125
"PlotBm63","b","U17","U17","Avena fatua",0.005
"PlotBm63","b","U17","U17","Avena sterilis",0.015
"PlotBm63","b","U17","U17","Chondrilla juncea",0.04625
"PlotBm63","b","U17","U17","Cistus creticus",0.10375
"PlotBm63","b","U17","U17","Cynosurus echinatus",0.005
"PlotBm63","b","U17","U17","Dasypyrum villosum",0.01
"PlotBm63","b","U17","U17","Erica arborea",0.1875
"PlotBm63","b","U17","U17","Euphorbia characias",0.04625
"PlotBm63","b","U17","U17","Festuca sp.",0.04625
"PlotBm63","b","U17","U17","Galium aparine",0.02125
"PlotBm63","b","U17","U17","Helianthemum sp.",0.01
"PlotBm63","b","U17","U17","Medicago minima",0.01
"PlotBm63","b","U17","U17","Micromeria sp.",0.03625
"PlotBm63","b","U17","U17","Pentanema verbascifolium",0.01
"PlotBm63","b","U17","U17","Phillyrea latifolia",0.015
"PlotBm63","b","U17","U17","Quercus coccifera",0.2075
"PlotBm63","b","U17","U17","Rostraria cristata",0.01
"PlotBm63","b","U17","U17","Silene conica",0.015
"PlotBm63","b","U17","U17","Teucrium capitatum",0.06625
"PlotBm63","b","U17","U17","Thymus sibthorpii",0.1025
"PlotBm63","b","U17","U17","Torilis arvensis",0.01
"PlotBm63","b","U17","U17","Trifolium angustifolium",0.01
"PlotBm63","b","U17","U17","Xeranthemum cylindraceum",0.01
"PlotBm64","b","U17","U17","Alyssum sp.",0.01
"PlotBm64","b","U17","U17","Asperula cynanchica",0.09375
"PlotBm64","b","U17","U17","Avena sterilis",0.015
"PlotBm64","b","U17","U17","Bombycilaena erecta",0.0425
"PlotBm64","b","U17","U17","Brachypodium pinnatum",0.01
"PlotBm64","b","U17","U17","Bromus squarrosus",0.005
"PlotBm64","b","U17","U17","Cerastium brachypetalum",0.015
"PlotBm64","b","U17","U17","Cercis siliquastrum",0.005
"PlotBm64","b","U17","U17","Cistus creticus",0.255
"PlotBm64","b","U17","U17","Cynodon dactylon",0.01
"PlotBm64","b","U17","U17","Dasypyrum villosum",0.015
"PlotBm64","b","U17","U17","Euphorbia characias",0.01
"PlotBm64","b","U17","U17","Festuca sp.",0.0675
"PlotBm64","b","U17","U17","Fumana sp.",0.01
"PlotBm64","b","U17","U17","Galium aparine",0.02125
"PlotBm64","b","U17","U17","Medicago minima",0.015
"PlotBm64","b","U17","U17","Paliurus spina-christi",0.02125
"PlotBm64","b","U17","U17","Petrorhagia prolifera",0.02125
"PlotBm64","b","U17","U17","Poa nemoralis",0.01
"PlotBm64","b","U17","U17","Quercus coccifera",0.1875
"PlotBm64","b","U17","U17","Rostraria cristata",0.03125
"PlotBm64","b","U17","U17","Scutellaria albida",0.005
"PlotBm64","b","U17","U17","Silene italica",0.015
"PlotBm64","b","U17","U17","Stachys germanica",0.01
"PlotBm64","b","U17","U17","Thymus sibthorpii",0.04625
"PlotBm64","b","U17","U17","Torilis arvensis",0.015
"PlotBm64","b","U17","U17","Trifolium angustifolium",0.02
"PlotBm64","b","U17","U17","Trifolium fragiferum",0.02
"PlotBm65","b","U17","U17","Agrostis stolonifera",0.01
"PlotBm65","b","U17","U17","Aira elegans",0.005
"PlotBm65","b","U17","U17","Anthemis arvensis",0.005
"PlotBm65","b","U17","U17","Anthyllis hermanniae",0.0925
"PlotBm65","b","U17","U17","Asparagus acutifolius",0.01
"PlotBm65","b","U17","U17","Carpinus orientalis",0.185
"PlotBm65","b","U17","U17","Chrysopogon gryllus",0.01
"PlotBm65","b","U17","U17","Cistus creticus",0.24375
"PlotBm65","b","U17","U17","Dactylis glomerata",0.02
"PlotBm65","b","U17","U17","Eryngium campestre",0.005
"PlotBm65","b","U17","U17","Euphorbia seguieriana",0.01
"PlotBm65","b","U17","U17","Festuca valesiaca",0.16
"PlotBm65","b","U17","U17","Fraxinus ornus",0.04
"PlotBm65","b","U17","U17","Galium divaricatum",0.01
"PlotBm65","b","U17","U17","Juniperus oxycedrus",0.01
"PlotBm65","b","U17","U17","Linum usitatissimum",0.04625
"PlotBm65","b","U17","U17","Phalaris paradoxa",0.01
"PlotBm65","b","U17","U17","Phillyrea latifolia",0.04625
"PlotBm65","b","U17","U17","Quercus coccifera",0.375
"PlotBm65","b","U17","U17","Quercus pubescens",0.0425
"PlotBm65","b","U17","U17","Silene italica",0.01
"PlotBm65","b","U17","U17","Spergula arvensis",0.005
"PlotBm65","b","U17","U17","Thymus sibthorpii",0.01
"PlotBm65","b","U17","U17","Trifolium fragiferum",0.02125
"PlotBm65","b","U17","U17","Vicia sp.",0.05625
"PlotBm65","b","U17","U17","Xeranthemum inapertum",0.01
"PlotBm66","b","U17","U17","Anthemis arvensis",0.005
"PlotBm66","b","U17","U17","Cistus creticus",0.16
"PlotBm66","b","U17","U17","Crataegus monogyna",0.01
"PlotBm66","b","U17","U17","Dactylis glomerata",0.02125
"PlotBm66","b","U17","U17","Festuca valesiaca",0.12375
"PlotBm66","b","U17","U17","Fraxinus ornus",0.085
"PlotBm66","b","U17","U17","Galium divaricatum",0.01
"PlotBm66","b","U17","U17","Hieracium sp.",0.01
"PlotBm66","b","U17","U17","Juniperus oxycedrus",0.01
"PlotBm66","b","U17","U17","Linum usitatissimum",0.04625
"PlotBm66","b","U17","U17","Phillyrea latifolia",0.03125
"PlotBm66","b","U17","U17","Phleum pratense",0.05625
"PlotBm66","b","U17","U17","Pyrus spinosa",0.02
"PlotBm66","b","U17","U17","Quercus coccifera",0.405
"PlotBm66","b","U17","U17","Quercus pubescens",0.185
"PlotBm66","b","U17","U17","Teucrium capitatum",0.01
"PlotBm66","b","U17","U17","Teucrium chamaedrys",0.005
"PlotBm66","b","U17","U17","Thymus sibthorpii",0.03125
"PlotBm66","b","U17","U17","Trifolium scabrum",0.02125
"PlotBm66","b","U17","U17","Veronica sp.",0.02125
"PlotBm67","b","U16","U16","Allium sp.",0.0075
"PlotBm67","b","U16","U16","Asparagus acutifolius",0.02125
"PlotBm67","b","U16","U16","Brachypodium sylvaticum",0.02125
"PlotBm67","b","U16","U16","Crepis sancta",0.0075
"PlotBm67","b","U16","U16","Crepis setosa",0.04625
"PlotBm67","b","U16","U16","Cynodon dactylon",0.1875
"PlotBm67","b","U16","U16","Eryngium campestre",0.0475
"PlotBm67","b","U16","U16","Fraxinus ornus",0.09375
"PlotBm67","b","U16","U16","Goniolimon tataricum",0.0075
"PlotBm67","b","U16","U16","Helianthemum nummularium",0.10125
"PlotBm67","b","U16","U16","Juniperus oxycedrus",0.00125
"PlotBm67","b","U16","U16","Melica ciliata",0.00125
"PlotBm67","b","U16","U16","Piptatherum miliaceum",0.00125
"PlotBm67","b","U16","U16","Poa bulbosa",0.0075
"PlotBm67","b","U16","U16","Quercus coccifera",0.625
"PlotBm67","b","U16","U16","Ruscus aculeatus",0.00125
"PlotBm67","b","U16","U16","Silene conica",0.0425
"PlotBm67","b","U16","U16","Silene italica",0.0925
"PlotBm67","b","U16","U16","Teucrium capitatum",0.11375
"PlotBm67","b","U16","U16","Trifolium angustifolium",0.02875
"PlotBm68","b","U16","U16","Asparagus acutifolius",0.0225
"PlotBm68","b","U16","U16","Bromus hordeaceus",0.0075
"PlotBm68","b","U16","U16","Crepis setosa",0.00125
"PlotBm68","b","U16","U16","Cruciata pedemontana",0.00125
"PlotBm68","b","U16","U16","Cynosurus echinatus",0.00125
"PlotBm68","b","U16","U16","Dactylis glomerata",0.0075
"PlotBm68","b","U16","U16","Dasypyrum villosum",0.03625
"PlotBm68","b","U16","U16","Eryngium campestre",0.00125
"PlotBm68","b","U16","U16","Filago arvensis",0.00125
"PlotBm68","b","U16","U16","Hypericum perforatum",0.00125
"PlotBm68","b","U16","U16","Myosotis ramosissima",0.00125
"PlotBm68","b","U16","U16","Paliurus spina-christi",0.00125
"PlotBm68","b","U16","U16","Piptatherum miliaceum",0.00125
"PlotBm68","b","U16","U16","Quercus coccifera",0.53125
"PlotBm68","b","U16","U16","Trifolium angustifolium",0.0025
"PlotBm68","b","U16","U16","Trifolium campestre",0.00125
"PlotBm68","b","U16","U16","Trifolium scabrum",0.005
"PlotBm68","b","U16","U16","Ulmus glabra",0.00125
"PlotBm68","b","U16","U16","Vicia grandiflora",0.02125
"PlotBm69","b","U16","U16","Aegilops triuncialis",0.00875
"PlotBm69","b","U16","U16","Anthemis arvensis",0.00125
"PlotBm69","b","U16","U16","Asparagus acutifolius",0.0075
"PlotBm69","b","U16","U16","Bromus hordeaceus",0.00125
"PlotBm69","b","U16","U16","Crepis sancta",0.02125
"PlotBm69","b","U16","U16","Cruciata pedemontana",0.0025
"PlotBm69","b","U16","U16","Cynodon dactylon",0.0625
"PlotBm69","b","U16","U16","Dactylis glomerata",0.02875
"PlotBm69","b","U16","U16","Dasypyrum villosum",0.0025
"PlotBm69","b","U16","U16","Eryngium campestre",0.00125
"PlotBm69","b","U16","U16","Fraxinus ornus",0.00125
"PlotBm69","b","U16","U16","Juniperus oxycedrus",0.02125
"PlotBm69","b","U16","U16","Melica ciliata",0.00125
"PlotBm69","b","U16","U16","Myosotis ramosissima",0.00125
"PlotBm69","b","U16","U16","Paliurus spina-christi",0.0075
"PlotBm69","b","U16","U16","Phleum pratense",0.00125
"PlotBm69","b","U16","U16","Piptatherum miliaceum",0.05
"PlotBm69","b","U16","U16","Quercus coccifera",0.34375
"PlotBm69","b","U16","U16","Silene italica",0.0075
"PlotBm69","b","U16","U16","Trifolium angustifolium",0.00125
"PlotBm69","b","U16","U16","Trifolium scabrum",0.00125
"PlotBm7","b","W21","W21","Aegilops triuncialis",0.0025
"PlotBm7","b","W21","W21","Anthemis arvensis",0.00125
"PlotBm7","b","W21","W21","Anthoxanthum odoratum",0.00125
"PlotBm7","b","W21","W21","Avena sterilis",0.01
"PlotBm7","b","W21","W21","Ballota acetabulosa",0.00125
"PlotBm7","b","W21","W21","Brachypodium retusum",0.00125
"PlotBm7","b","W21","W21","Briza maxima",0.00125
"PlotBm7","b","W21","W21","Bromus squarrosus",0.0025
"PlotBm7","b","W21","W21","Bromus sterilis",0.0075
"PlotBm7","b","W21","W21","Centaurea benedicta",0.00125
"PlotBm7","b","W21","W21","Cistus monspeliensis",0.24125
"PlotBm7","b","W21","W21","Crepis sancta",0.00125
"PlotBm7","b","W21","W21","Cynosurus echinatus",0.00125
"PlotBm7","b","W21","W21","Dactylis glomerata",0.0025
"PlotBm7","b","W21","W21","Erica manipuliflora",0.65625
"PlotBm7","b","W21","W21","Helianthemum nummularium",0.00125
"PlotBm7","b","W21","W21","Lagurus ovatus",0.00875
"PlotBm7","b","W21","W21","Plantago lagopus",0.00125
"PlotBm7","b","W21","W21","Sherardia arvensis",0.0025
"PlotBm7","b","W21","W21","Trifolium angustifolium",0.00375
"PlotBm7","b","W21","W21","Trifolium arvense",0.00375
"PlotBm7","b","W21","W21","Trifolium hirtum",0.00125
"PlotBm7","b","W21","W21","Trifolium scabrum",0.00375
"PlotBm7","b","W21","W21","Tuberaria guttata",0.00125
"PlotBm70","b","U16","U16","Acinos alpinus",0.00125
"PlotBm70","b","U16","U16","Aegilops triuncialis",0.0025
"PlotBm70","b","U16","U16","Anthemis arvensis",0.00125
"PlotBm70","b","U16","U16","Asparagus acutifolius",0.0075
"PlotBm70","b","U16","U16","Asplenium onopteris",0.00125
"PlotBm70","b","U16","U16","Atractylis cancellata",0.04625
"PlotBm70","b","U16","U16","Avena sterilis",0.0025
"PlotBm70","b","U16","U16","Bupleurum praealtum",0.00875
"PlotBm70","b","U16","U16","Carlina vulgaris",0.00125
"PlotBm70","b","U16","U16","Crepis setosa",0.01
"PlotBm70","b","U16","U16","Cruciata pedemontana",0.0025
"PlotBm70","b","U16","U16","Cynodon dactylon",0.015
"PlotBm70","b","U16","U16","Cynosurus echinatus",0.0025
"PlotBm70","b","U16","U16","Dactylis glomerata",0.04875
"PlotBm70","b","U16","U16","Dasypyrum villosum",0.00125
"PlotBm70","b","U16","U16","Doronicum caucasicum",0.00125
"PlotBm70","b","U16","U16","Helianthemum nummularium",0.03625
"PlotBm70","b","U16","U16","Linum bienne",0.00125
"PlotBm70","b","U16","U16","Paliurus spina-christi",0.4375
"PlotBm70","b","U16","U16","Piptatherum miliaceum",0.00375
"PlotBm70","b","U16","U16","Quercus coccifera",0.185
"PlotBm70","b","U16","U16","Silene italica",0.00125
"PlotBm70","b","U16","U16","Solanum elaeagnifolium",0.00125
"PlotBm70","b","U16","U16","Teucrium capitatum",0.16875
"PlotBm70","b","U16","U16","Thymus sibthorpii",0.00125
"PlotBm70","b","U16","U16","Trifolium angustifolium",0.0025
"PlotBm70","b","U16","U16","Trifolium hirtum",0.0075
"PlotBm70","b","U16","U16","Trifolium scabrum",0.01
"PlotBm70","b","U16","U16","Xeranthemum inapertum",0.00125
"PlotBm71","b","U16","U16","Aira elegans",0.00125
"PlotBm71","b","U16","U16","Allium sp.",0.00125
"PlotBm71","b","U16","U16","Asparagus acutifolius",0.0075
"PlotBm71","b","U16","U16","Crepis setosa",0.00125
"PlotBm71","b","U16","U16","Cynodon dactylon",0.1775
"PlotBm71","b","U16","U16","Dactylis glomerata",0.0075
"PlotBm71","b","U16","U16","Fraxinus ornus",0.00125
"PlotBm71","b","U16","U16","Helianthemum nummularium",0.0075
"PlotBm71","b","U16","U16","Hypericum montbretii",0.0225
"PlotBm71","b","U16","U16","Ornithopus compressus",0.0075
"PlotBm71","b","U16","U16","Petrorhagia dubia",0.0075
"PlotBm71","b","U16","U16","Poa bulbosa",0.00125
"PlotBm71","b","U16","U16","Quercus coccifera",0.1875
"PlotBm71","b","U16","U16","Scabiosa columbaria",0.00125
"PlotBm71","b","U16","U16","Thymus sibthorpii",0.0475
"PlotBm71","b","U16","U16","Trifolium angustifolium",0.015
"PlotBm71","b","U16","U16","Trifolium hirtum",0.0425
"PlotBm71","b","U16","U16","Trifolium scabrum",0.00125
"PlotBm72","b","U16","U16","Asplenium onopteris",0.06375
"PlotBm72","b","U16","U16","Dactylis glomerata",0.0025
"PlotBm72","b","U16","U16","Fraxinus ornus",0.015
"PlotBm72","b","U16","U16","Piptatherum miliaceum",0.04375
"PlotBm72","b","U16","U16","Quercus coccifera",0.875
"PlotBm72","b","U16","U16","Silene italica",0.01
"PlotBm72","b","U16","U16","Trifolium angustifolium",0.00125
"PlotBm72","b","U16","U16","Trifolium hirtum",0.00125
"PlotBm73","b","U17","U17","Asphodelus ramosus",0.00125
"PlotBm73","b","U17","U17","Avena sterilis",0.00375
"PlotBm73","b","U17","U17","Brachypodium retusum",0.075
"PlotBm73","b","U17","U17","Cistus creticus",0.02125
"PlotBm73","b","U17","U17","Crupina vulgaris",0.0025
"PlotBm73","b","U17","U17","Cynosurus echinatus",0.00125
"PlotBm73","b","U17","U17","Eryngium campestre",0.00125
"PlotBm73","b","U17","U17","Festuca valesiaca",0.00125
"PlotBm73","b","U17","U17","Filago arvensis",0.00125
"PlotBm73","b","U17","U17","Helianthemum nummularium",0.01625
"PlotBm73","b","U17","U17","Hypericum perforatum",0.00125
"PlotBm73","b","U17","U17","Juniperus oxycedrus",0.00125
"PlotBm73","b","U17","U17","Linum usitatissimum",0.00125
"PlotBm73","b","U17","U17","Micromeria juliana",0.0025
"PlotBm73","b","U17","U17","Odontarrhena muralis",0.00125
"PlotBm73","b","U17","U17","Osyris alba",0.05375
"PlotBm73","b","U17","U17","Phillyrea latifolia",0.04625
"PlotBm73","b","U17","U17","Piptatherum miliaceum",0.00125
"PlotBm73","b","U17","U17","Pistacia lentiscus",0.02125
"PlotBm73","b","U17","U17","Poa bulbosa",0.00125
"PlotBm73","b","U17","U17","Quercus coccifera",0.3125
"PlotBm73","b","U17","U17","Sanguisorba minor",0.00125
"PlotBm73","b","U17","U17","Sedum sp.",0.00125
"PlotBm73","b","U17","U17","Trifolium campestre",0.00125
"PlotBm74","b","U17","U17","Avena sterilis",0.0025
"PlotBm74","b","U17","U17","Brachypodium retusum",0.055
"PlotBm74","b","U17","U17","Cistus creticus",0.02875
"PlotBm74","b","U17","U17","Convolvulus althaeoides",0.0025
"PlotBm74","b","U17","U17","Crupina vulgaris",0.00875
"PlotBm74","b","U17","U17","Dianthus cruentus",0.00125
"PlotBm74","b","U17","U17","Erica manipuliflora",0.0075
"PlotBm74","b","U17","U17","Euphorbia myrsinites",0.00125
"PlotBm74","b","U17","U17","Filago arvensis",0.02875
"PlotBm74","b","U17","U17","Geranium brutium",0.00125
"PlotBm74","b","U17","U17","Helianthemum nummularium",0.05
"PlotBm74","b","U17","U17","Juniperus oxycedrus",0.00125
"PlotBm74","b","U17","U17","Myosotis ramosissima",0.00125
"PlotBm74","b","U17","U17","Onobrychis aequidentata",0.00125
"PlotBm74","b","U17","U17","Osyris alba",0.0075
"PlotBm74","b","U17","U17","Piptatherum miliaceum",0.00875
"PlotBm74","b","U17","U17","Pistacia lentiscus",0.02125
"PlotBm74","b","U17","U17","Poa bulbosa",0.0025
"PlotBm74","b","U17","U17","Quercus coccifera",0.1875
"PlotBm74","b","U17","U17","Silene conica",0.00125
"PlotBm74","b","U17","U17","Trifolium arvense",0.00125
"PlotBm74","b","U17","U17","Trifolium fragiferum",0.00125
"PlotBm74","b","U17","U17","Trifolium scabrum",0.00125
"PlotBm75","b","U17","U17","Allium sp.",0.00125
"PlotBm75","b","U17","U17","Asparagus acutifolius",0.0075
"PlotBm75","b","U17","U17","Avena sterilis",0.01
"PlotBm75","b","U17","U17","Brachypodium retusum",0.165
"PlotBm75","b","U17","U17","Cistus creticus",0.00125
"PlotBm75","b","U17","U17","Daucus guttatus",0.00125
"PlotBm75","b","U17","U17","Filago arvensis",0.0075
"PlotBm75","b","U17","U17","Geranium lucidum",0.00125
"PlotBm75","b","U17","U17","Helianthemum nummularium",0.0225
"PlotBm75","b","U17","U17","Hordeum murinum",0.00125
"PlotBm75","b","U17","U17","Hypericum olympicum",0.00875
"PlotBm75","b","U17","U17","Lathyrus nissolia",0.00125
"PlotBm75","b","U17","U17","Medicago minima",0.00125
"PlotBm75","b","U17","U17","Olea europaea",0.02125
"PlotBm75","b","U17","U17","Osyris alba",0.05375
"PlotBm75","b","U17","U17","Phillyrea latifolia",0.0075
"PlotBm75","b","U17","U17","Piptatherum miliaceum",0.00875
"PlotBm75","b","U17","U17","Pistacia lentiscus",0.0075
"PlotBm75","b","U17","U17","Poa bulbosa",0.0025
"PlotBm75","b","U17","U17","Quercus coccifera",0.1775
"PlotBm75","b","U17","U17","Solanum elaeagnifolium",0.0075
"PlotBm75","b","U17","U17","Torilis arvensis",0.00125
"PlotBm75","b","U17","U17","Trifolium angustifolium",0.00125
"PlotBm75","b","U17","U17","Trifolium hirtum",0.00125
"PlotBm76","b","U17","U17","Asparagus acutifolius",0.00125
"PlotBm76","b","U17","U17","Avena sterilis",0.01
"PlotBm76","b","U17","U17","Bromus squarrosus",0.00125
"PlotBm76","b","U17","U17","Bromus sterilis",0.0025
"PlotBm76","b","U17","U17","Carlina vulgaris",0.00125
"PlotBm76","b","U17","U17","Cerastium brachypetalum",0.0025
"PlotBm76","b","U17","U17","Crepis sancta",0.00125
"PlotBm76","b","U17","U17","Crepis setosa",0.00125
"PlotBm76","b","U17","U17","Cruciata pedemontana",0.00125
"PlotBm76","b","U17","U17","Cynosurus echinatus",0.00125
"PlotBm76","b","U17","U17","Dasypyrum villosum",0.0025
"PlotBm76","b","U17","U17","Filago arvensis",0.00125
"PlotBm76","b","U17","U17","Helianthemum nummularium",0.00875
"PlotBm76","b","U17","U17","Matricaria chamomilla",0.0075
"PlotBm76","b","U17","U17","Medicago minima",0.01
"PlotBm76","b","U17","U17","Olea europaea",0.0075
"PlotBm76","b","U17","U17","Phillyrea latifolia",0.055
"PlotBm76","b","U17","U17","Piptatherum miliaceum",0.00875
"PlotBm76","b","U17","U17","Pistacia lentiscus",0.0075
"PlotBm76","b","U17","U17","Plantago lagopus",0.0075
"PlotBm76","b","U17","U17","Poa bulbosa",0.015
"PlotBm76","b","U17","U17","Quercus coccifera",0.39625
"PlotBm76","b","U17","U17","Solanum elaeagnifolium",0.00125
"PlotBm76","b","U17","U17","Trifolium angustifolium",0.0025
"PlotBm76","b","U17","U17","Trifolium arvense",0.00125
"PlotBm76","b","U17","U17","Trifolium campestre",0.00125
"PlotBm76","b","U17","U17","Trifolium scabrum",0.00125
"PlotBm77","b","U17","U17","Aira elegans",0.00875
"PlotBm77","b","U17","U17","Allium sp.",0.0025
"PlotBm77","b","U17","U17","Asparagus acutifolius",0.00125
"PlotBm77","b","U17","U17","Avena sterilis",0.0025
"PlotBm77","b","U17","U17","Brachypodium retusum",0.00375
"PlotBm77","b","U17","U17","Briza maxima",0.0075
"PlotBm77","b","U17","U17","Bromus sterilis",0.0025
"PlotBm77","b","U17","U17","Cerastium brachypetalum",0.00125
"PlotBm77","b","U17","U17","Cistus creticus",0.31125
"PlotBm77","b","U17","U17","Crepis sancta",0.00125
"PlotBm77","b","U17","U17","Crepis setosa",0.00125
"PlotBm77","b","U17","U17","Cynosurus echinatus",0.00125
"PlotBm77","b","U17","U17","Dasypyrum villosum",0.00125
"PlotBm77","b","U17","U17","Erica manipuliflora",0.09375
"PlotBm77","b","U17","U17","Helianthemum nummularium",0.0075
"PlotBm77","b","U17","U17","Medicago minima",0.00375
"PlotBm77","b","U17","U17","Phillyrea latifolia",0.02125
"PlotBm77","b","U17","U17","Pistacia lentiscus",0.16125
"PlotBm77","b","U17","U17","Plantago lagopus",0.00875
"PlotBm77","b","U17","U17","Poa bulbosa",0.00125
"PlotBm77","b","U17","U17","Potentilla recta",0.00125
"PlotBm77","b","U17","U17","Trifolium angustifolium",0.02875
"PlotBm77","b","U17","U17","Trifolium arvense",0.0075
"PlotBm77","b","U17","U17","Trifolium campestre",0.00875
"PlotBm77","b","U17","U17","Trifolium hirtum",0.0025
"PlotBm77","b","U17","U17","Trifolium scabrum",0.00125
"PlotBm77","b","U17","U17","Tuberaria guttata",0.02125
"PlotBm78","b","U17","U17","Arbutus unedo",0.09375
"PlotBm78","b","U17","U17","Avena sterilis",0.00875
"PlotBm78","b","U17","U17","Briza maxima",0.00125
"PlotBm78","b","U17","U17","Bromus sterilis",0.0025
"PlotBm78","b","U17","U17","Bunias erucago",0.00125
"PlotBm78","b","U17","U17","Carlina vulgaris",0.0075
"PlotBm78","b","U17","U17","Cistus creticus",0.13875
"PlotBm78","b","U17","U17","Crepis setosa",0.00125
"PlotBm78","b","U17","U17","Cynosurus echinatus",0.00125
"PlotBm78","b","U17","U17","Erica manipuliflora",0.4525
"PlotBm78","b","U17","U17","Medicago minima",0.0025
"PlotBm78","b","U17","U17","Melica ciliata",0.00125
"PlotBm78","b","U17","U17","Pistacia terebinthus",0.00125
"PlotBm78","b","U17","U17","Poa bulbosa",0.00125
"PlotBm78","b","U17","U17","Quercus coccifera",0.3125
"PlotBm78","b","U17","U17","Trifolium arvense",0.0225
"PlotBm78","b","U17","U17","Trifolium campestre",0.0025
"PlotBm78","b","U17","U17","Trifolium scabrum",0.00125
"PlotBm78","b","U17","U17","Vicia hirsuta",0.00125
"PlotBm78","b","U17","U17","Vicia hybrida",0.00125
"PlotBm79","b","U16","U16","Acinos alpinus",0.00125
"PlotBm79","b","U16","U16","Aegilops triuncialis",0.00125
"PlotBm79","b","U16","U16","Asplenium onopteris",0.0075
"PlotBm79","b","U16","U16","Asplenium trichomaris",0.00125
"PlotBm79","b","U16","U16","Avena sterilis",0.00125
"PlotBm79","b","U16","U16","Carpinus orientalis",0.25
"PlotBm79","b","U16","U16","Clinopodium vulgare",0.00875
"PlotBm79","b","U16","U16","Crepis sancta",0.00125
"PlotBm79","b","U16","U16","Cynodon dactylon",0.115
"PlotBm79","b","U16","U16","Dactylis glomerata",0.115
"PlotBm79","b","U16","U16","Helianthemum nummularium",0.00875
"PlotBm79","b","U16","U16","Juniperus oxycedrus",0.00125
"PlotBm79","b","U16","U16","Paliurus spina-christi",0.00125
"PlotBm79","b","U16","U16","Piptatherum miliaceum",0.00125
"PlotBm79","b","U16","U16","Potentilla recta",0.0025
"PlotBm79","b","U16","U16","Prunella vulgaris",0.00125
"PlotBm79","b","U16","U16","Quercus coccifera",0.02125
"PlotBm79","b","U16","U16","Teucrium chamaedrys",0.04625
"PlotBm79","b","U16","U16","Trifolium angustifolium",0.0075
"PlotBm79","b","U16","U16","Trifolium arvense",0.00125
"PlotBm8","b","W21","W21","Aegilops triuncialis",0.00125
"PlotBm8","b","W21","W21","Anthemis arvensis",0.00125
"PlotBm8","b","W21","W21","Avena sterilis",0.00375
"PlotBm8","b","W21","W21","Brachypodium retusum",0.0025
"PlotBm8","b","W21","W21","Briza maxima",0.00125
"PlotBm8","b","W21","W21","Bromus squarrosus",0.00125
"PlotBm8","b","W21","W21","Carlina vulgaris",0.00125
"PlotBm8","b","W21","W21","Cerastium brachypetalum",0.00125
"PlotBm8","b","W21","W21","Cistus monspeliensis",0.625
"PlotBm8","b","W21","W21","Cruciata pedemontana",0.00125
"PlotBm8","b","W21","W21","Cynodon dactylon",0.00375
"PlotBm8","b","W21","W21","Dactylis glomerata",0.0025
"PlotBm8","b","W21","W21","Dittrichia viscosa",0.0075
"PlotBm8","b","W21","W21","Geranium brutium",0.00125
"PlotBm8","b","W21","W21","Lagurus ovatus",0.00125
"PlotBm8","b","W21","W21","Ornithopus compressus",0.00125
"PlotBm8","b","W21","W21","Plantago lagopus",0.00125
"PlotBm8","b","W21","W21","Poa bulbosa",0.00125
"PlotBm8","b","W21","W21","Sherardia arvensis",0.00125
"PlotBm8","b","W21","W21","Trifolium angustifolium",0.0025
"PlotBm8","b","W21","W21","Trifolium arvense",0.01125
"PlotBm8","b","W21","W21","Trifolium campestre",0.0025
"PlotBm8","b","W21","W21","Trifolium hirtum",0.00125
"PlotBm8","b","W21","W21","Trifolium scabrum",0.00375
"PlotBm8","b","W21","W21","Tuberaria guttata",0.0025
"PlotBm8","b","W21","W21","Vulpia muralis",0.00125
"PlotBm80","b","U16","U16","Aegilops geniculata",0.2075
"PlotBm80","b","U16","U16","Carex flacca",0.05625
"PlotBm80","b","U16","U16","Convolvulus cantabrica",0.11375
"PlotBm80","b","U16","U16","Crataegus monogyna",0.09375
"PlotBm80","b","U16","U16","Crepis sancta",0.02625
"PlotBm80","b","U16","U16","Dactylis glomerata",0.06625
"PlotBm80","b","U16","U16","Echinops ritro",0.01
"PlotBm80","b","U16","U16","Epilobium sp.",0.01
"PlotBm80","b","U16","U16","Eryngium campestre",0.015
"PlotBm80","b","U16","U16","Euphorbia seguieriana",0.015
"PlotBm80","b","U16","U16","Festuca rubra",0.015
"PlotBm80","b","U16","U16","Filago sp.",0.01
"PlotBm80","b","U16","U16","Medicago minima",0.005
"PlotBm80","b","U16","U16","Medicago sp.",0.015
"PlotBm80","b","U16","U16","Nigella arvensis",0.02125
"PlotBm80","b","U16","U16","Odontites vernus",0.01
"PlotBm80","b","U16","U16","Paliurus spina-christi",0.005
"PlotBm80","b","U16","U16","Plantago lanceolata",0.01
"PlotBm80","b","U16","U16","Poa trivialis ",0.1025
"PlotBm80","b","U16","U16","Potentilla sp.",0.005
"PlotBm80","b","U16","U16","Quercus coccifera",0.0925
"PlotBm80","b","U16","U16","Rosa canina",0.005
"PlotBm80","b","U16","U16","Rostraria cristata",0.005
"PlotBm80","b","U16","U16","Rumex sp.",0.00625
"PlotBm80","b","U16","U16","Sanguisorba minor",0.005
"PlotBm80","b","U16","U16","Solanum elaeagnifolium",0.005
"PlotBm80","b","U16","U16","Teucrium capitatum",0.11625
"PlotBm80","b","U16","U16","Teucrium chamaedrys",0.02625
"PlotBm80","b","U16","U16","Thlaspi arvense",0.005
"PlotBm80","b","U16","U16","Torilis arvensis",0.00125
"PlotBm80","b","U16","U16","Trifolium angustifolium",0.01
"PlotBm80","b","U16","U16","Trifolium campestre",0.005
"PlotBm80","b","U16","U16","Ulmus minor",0.005
"PlotBm81","b","U16","U16","Aegilops geniculata",0.13625
"PlotBm81","b","U16","U16","Anthemis arvensis",0.005
"PlotBm81","b","U16","U16","Bromus sterilis",0.0725
"PlotBm81","b","U16","U16","Carex flacca",0.04625
"PlotBm81","b","U16","U16","Convolvulus cantabrica",0.135
"PlotBm81","b","U16","U16","Crepis sancta",0.01
"PlotBm81","b","U16","U16","Dactylis glomerata",0.01
"PlotBm81","b","U16","U16","Dasypyrum villosum",0.19625
"PlotBm81","b","U16","U16","Echinops ritro",0.01
"PlotBm81","b","U16","U16","Eryngium campestre",0.005
"PlotBm81","b","U16","U16","Euphorbia myrsinites",0.005
"PlotBm81","b","U16","U16","Medicago minima",0.02
"PlotBm81","b","U16","U16","Odontites vernus",0.005
"PlotBm81","b","U16","U16","Petrorhagia dubia",0.005
"PlotBm81","b","U16","U16","Poa trivialis ",0.0925
"PlotBm81","b","U16","U16","Quercus coccifera",0.185
"PlotBm81","b","U16","U16","Rumex sp.",0.005
"PlotBm81","b","U16","U16","Sanguisorba minor",0.015
"PlotBm81","b","U16","U16","Teucrium capitatum",0.0575
"PlotBm81","b","U16","U16","Teucrium chamaedrys",0.01
"PlotBm81","b","U16","U16","Thymelaea passerina",0.03125
"PlotBm81","b","U16","U16","Trifolium sp.",0.025
"PlotBm82","b","U16","U16","Aegilops triuncialis",0.15
"PlotBm82","b","U16","U16","Anthemis arvensis",0.005
"PlotBm82","b","U16","U16","Arenaria sp.",0.11875
"PlotBm82","b","U16","U16","Avena sterilis",0.04625
"PlotBm82","b","U16","U16","Bromus sterilis",0.07125
"PlotBm82","b","U16","U16","Carex flacca",0.01
"PlotBm82","b","U16","U16","Crataegus monogyna",0.04625
"PlotBm82","b","U16","U16","Dactylis glomerata",0.0525
"PlotBm82","b","U16","U16","Dasypyrum villosum",0.0425
"PlotBm82","b","U16","U16","Echium parviflorum",0.015
"PlotBm82","b","U16","U16","Epilobium sp.",0.01
"PlotBm82","b","U16","U16","Euphorbia seguieriana",0.01
"PlotBm82","b","U16","U16","Festuca sp.",0.0675
"PlotBm82","b","U16","U16","Galium aparine",0.01
"PlotBm82","b","U16","U16","Medicago minima",0.15
"PlotBm82","b","U16","U16","Mentha spicata",0.10625
"PlotBm82","b","U16","U16","Plantago lanceolata",0.01
"PlotBm82","b","U16","U16","Quercus coccifera",0.04
"PlotBm82","b","U16","U16","Sanguisorba minor",0.005
"PlotBm82","b","U16","U16","Teucrium capitatum",0.0825
"PlotBm82","b","U16","U16","Teucrium chamaedrys",0.04625
"PlotBm82","b","U16","U16","Torilis arvensis",0.005
"PlotBm82","b","U16","U16","Trifolium angustifolium",0.14
"PlotBm82","b","U16","U16","Trifolium sp.",0.0525
"PlotBm82","b","U16","U16","Trigonella gladiata",0.01
"PlotBm83","b","U16","U16","Aegilops triuncialis",0.09375
"PlotBm83","b","U16","U16","Arenaria sp.",0.0875
"PlotBm83","b","U16","U16","Bromus sterilis",0.03
"PlotBm83","b","U16","U16","Centaurea sp.",0.01
"PlotBm83","b","U16","U16","Crepis sancta",0.01
"PlotBm83","b","U16","U16","Dactylis glomerata",0.04625
"PlotBm83","b","U16","U16","Dasypyrum villosum",0.0825
"PlotBm83","b","U16","U16","Echium parviflorum",0.02125
"PlotBm83","b","U16","U16","Festuca rubra",0.02125
"PlotBm83","b","U16","U16","Festuca sp.",0.02125
"PlotBm83","b","U16","U16","Medicago minima",0.03125
"PlotBm83","b","U16","U16","Mentha spicata",0.09875
"PlotBm83","b","U16","U16","Onobrychis arenaria",0.04625
"PlotBm83","b","U16","U16","Phillyrea latifolia",0.005
"PlotBm83","b","U16","U16","Plantago lanceolata",0.015
"PlotBm83","b","U16","U16","Poa trivialis ",0.01
"PlotBm83","b","U16","U16","Potentilla sp.",0.005
"PlotBm83","b","U16","U16","Quercus coccifera",0.14
"PlotBm83","b","U16","U16","Sanguisorba minor",0.005
"PlotBm83","b","U16","U16","Silene conica",0.00125
"PlotBm83","b","U16","U16","Teucrium capitatum",0.035
"PlotBm83","b","U16","U16","Teucrium chamaedrys",0.02125
"PlotBm83","b","U16","U16","Torilis arvensis",0.005
"PlotBm83","b","U16","U16","Trifolium campestre",0.02125
"PlotBm83","b","U16","U16","Trifolium sp.",0.11
"PlotBm83","b","U16","U16","Ulmus minor",0.01
"PlotBm83","b","U16","U16","Vicia sp.",0.01
"PlotBm84","b","U16","U16","Aegilops triuncialis",0.05625
"PlotBm84","b","U16","U16","Althaea cannabina",0.01
"PlotBm84","b","U16","U16","Arenaria sp.",0.0475
"PlotBm84","b","U16","U16","Avena sterilis",0.04625
"PlotBm84","b","U16","U16","Bromus sterilis",0.04625
"PlotBm84","b","U16","U16","Crataegus monogyna",0.03125
"PlotBm84","b","U16","U16","Crepis sp.",0.005
"PlotBm84","b","U16","U16","Dactylis glomerata",0.02
"PlotBm84","b","U16","U16","Dasypyrum villosum",0.0425
"PlotBm84","b","U16","U16","Eryngium campestre",0.005
"PlotBm84","b","U16","U16","Euphorbia seguieriana",0.01
"PlotBm84","b","U16","U16","Galium murale",0.04625
"PlotBm84","b","U16","U16","Geranium sanguineum",0.005
"PlotBm84","b","U16","U16","Hypericum perforatum",0.005
"PlotBm84","b","U16","U16","Melica ciliata",0.01
"PlotBm84","b","U16","U16","Paliurus spina-christi",0.02
"PlotBm84","b","U16","U16","Plantago lanceolata",0.01
"PlotBm84","b","U16","U16","Poa trivialis ",0.01
"PlotBm84","b","U16","U16","Potentilla sp.",0.005
"PlotBm84","b","U16","U16","Quercus coccifera",0.42125
"PlotBm84","b","U16","U16","Rubia peregrina",0.01
"PlotBm84","b","U16","U16","Solanum elaeagnifolium",0.02875
"PlotBm84","b","U16","U16","Thlaspi arvense",0.01
"PlotBm84","b","U16","U16","Torilis arvensis",0.01
"PlotBm84","b","U16","U16","Trifolium campestre",0.02125
"PlotBm84","b","U16","U16","Trifolium sp.",0.02125
"PlotBm84","b","U16","U16","Vicia sp.",0.01
"PlotBm85","b","U4","U4","Achillea setacea",0.2075
"PlotBm85","b","U4","U4","Anthemis tinctoria subsp. tinctoria",0.3025
"PlotBm85","b","U4","U4","Bromus squarrosus",0.00125
"PlotBm85","b","U4","U4","Centaurea cyanus",0.02125
"PlotBm85","b","U4","U4","Centaurea solstitialis",0.3025
"PlotBm85","b","U4","U4","Chrysopogon gryllus",0.03125
"PlotBm85","b","U4","U4","Cirsium sp.",0.01
"PlotBm85","b","U4","U4","Cynosurus echinatus",0.01
"PlotBm85","b","U4","U4","Lotus corniculatus",0.005
"PlotBm85","b","U4","U4","Papaver dubium",0.0075
"PlotBm85","b","U4","U4","Phleum pratense",0.005
"PlotBm85","b","U4","U4","Plantago lanceolata",0.07375
"PlotBm85","b","U4","U4","Poa bulbosa",0.005
"PlotBm85","b","U4","U4","Potentilla recta",0.02125
"PlotBm85","b","U4","U4","Sanguisorba minor",0.005
"PlotBm85","b","U4","U4","Torilis arvensis",0.0425
"PlotBm85","b","U4","U4","Trifolium fragiferum",0.01
"PlotBm85","b","U4","U4","Trifolium ochroleucon",0.01
"PlotBm86","b","U4","U4","Achillea setacea",0.14875
"PlotBm86","b","U4","U4","Arenaria sp.",0.03125
"PlotBm86","b","U4","U4","Bromus squarrosus",0.05125
"PlotBm86","b","U4","U4","Cruciata pedemontana",0.005
"PlotBm86","b","U4","U4","Cynosurus echinatus",0.015
"PlotBm86","b","U4","U4","Dianthus sp.",0.04125
"PlotBm86","b","U4","U4","Eryngium campestre",0.015
"PlotBm86","b","U4","U4","Euphorbia myrsinites",0.01
"PlotBm86","b","U4","U4","Festuca valesiaca",0.28125
"PlotBm86","b","U4","U4","Filago sp.",0.005
"PlotBm86","b","U4","U4","Hypericum barbatum",0.005
"PlotBm86","b","U4","U4","Melica ciliata",0.01
"PlotBm86","b","U4","U4","Ononis spinosa",0.17125
"PlotBm86","b","U4","U4","Phleum pratense",0.03125
"PlotBm86","b","U4","U4","Silene conica",0.02
"PlotBm86","b","U4","U4","Thymus sibthorpii",0.19625
"PlotBm86","b","U4","U4","Trifolium fragiferum",0.02
"PlotBm86","b","U4","U4","Verbascum sp.",0.015
"PlotBm86","b","U4","U4","Verbena officinalis",0.03125
"PlotBm86","b","U4","U4","Veronica sp.",0.015
"PlotBm86","b","U4","U4","Xeranthemum cylindraceum",0.05125
"PlotBm87","b","U4","U4","Achillea setacea",0.0525
"PlotBm87","b","U4","U4","Alyssum alyssoides",0.025
"PlotBm87","b","U4","U4","Asyneuma limonifolium",0.005
"PlotBm87","b","U4","U4","Bromus squarrosus",0.025
"PlotBm87","b","U4","U4","Chamaecytisus hirsutus",0.04625
"PlotBm87","b","U4","U4","Cichorium intybus",0.015
"PlotBm87","b","U4","U4","Cruciata pedemontana",0.005
"PlotBm87","b","U4","U4","Cruciata verna",0.01
"PlotBm87","b","U4","U4","Cynosurus echinatus",0.005
"PlotBm87","b","U4","U4","Eryngium campestre",0.03625
"PlotBm87","b","U4","U4","Festuca valesiaca",0.3275
"PlotBm87","b","U4","U4","Herniaria incana",0.015
"PlotBm87","b","U4","U4","Linaria genistifolia",0.01
"PlotBm87","b","U4","U4","Ononis spinosa",0.02
"PlotBm87","b","U4","U4","Oxytropis purpurea",0.025
"PlotBm87","b","U4","U4","Plantago lanceolata",0.09875
"PlotBm87","b","U4","U4","Potentilla recta",0.13875
"PlotBm87","b","U4","U4","Reseda luteola",0.005
"PlotBm87","b","U4","U4","Rumex sp.",0.025
"PlotBm87","b","U4","U4","Thymelaea passerina",0.01
"PlotBm87","b","U4","U4","Thymus sibthorpii",0.23375
"PlotBm87","b","U4","U4","Trifolium fragiferum",0.02625
"PlotBm87","b","U4","U4","Xeranthemum cylindraceum",0.02625
"PlotBm88","b","U4","U4","Adonis flammea",0.00125
"PlotBm88","b","U4","U4","Aegilops triuncialis",0.03625
"PlotBm88","b","U4","U4","Anthemis arvensis",0.0225
"PlotBm88","b","U4","U4","Arenaria leptoclados",0.0075
"PlotBm88","b","U4","U4","Bellardia latifolia",0.00875
"PlotBm88","b","U4","U4","Bromus hordeaceus",0.06125
"PlotBm88","b","U4","U4","Bromus sterilis",0.0075
"PlotBm88","b","U4","U4","Bunias erucago",0.0075
"PlotBm88","b","U4","U4","Crepis sancta",0.16875
"PlotBm88","b","U4","U4","Cruciata pedemontana",0.0075
"PlotBm88","b","U4","U4","Erodium absinthoides",0.0075
"PlotBm88","b","U4","U4","Euphorbia myrsinites",0.015
"PlotBm88","b","U4","U4","Galium divaricatum",0.00125
"PlotBm88","b","U4","U4","Helianthemum nummularium",0.03625
"PlotBm88","b","U4","U4","Medicago minima",0.03125
"PlotBm88","b","U4","U4","Medicago orbicularis",0.00875
"PlotBm88","b","U4","U4","Plantago lanceolata",0.0425
"PlotBm88","b","U4","U4","Poa bulbosa",0.02125
"PlotBm88","b","U4","U4","Poa trivialis ",0.0225
"PlotBm88","b","U4","U4","Rumex acetosella",0.0075
"PlotBm88","b","U4","U4","Scandix australis",0.00125
"PlotBm88","b","U4","U4","Sherardia arvensis",0.0025
"PlotBm88","b","U4","U4","Silene conica",0.075
"PlotBm88","b","U4","U4","Teucrium chamaedrys",0.0075
"PlotBm88","b","U4","U4","Thymus sibthorpii",0.09625
"PlotBm88","b","U4","U4","Trifolium campestre",0.00125
"PlotBm88","b","U4","U4","Trifolium fragiferum",0.0075
"PlotBm88","b","U4","U4","Trifolium nigrescens",0.0075
"PlotBm88","b","U4","U4","Valerianella locusta",0.0075
"PlotBm89","b","U4","U4","Adonis flammea",0.00125
"PlotBm89","b","U4","U4","Aegilops triuncialis",0.09875
"PlotBm89","b","U4","U4","Ajuga chamaepitys",0.0075
"PlotBm89","b","U4","U4","Anthoxanthum odoratum",0.00875
"PlotBm89","b","U4","U4","Arenaria leptoclados",0.02125
"PlotBm89","b","U4","U4","Bromus hordeaceus",0.015
"PlotBm89","b","U4","U4","Carex flacca",0.02125
"PlotBm89","b","U4","U4","Centaurea sp.",0.0075
"PlotBm89","b","U4","U4","Convolvulus arvensis",0.00125
"PlotBm89","b","U4","U4","Cruciata pedemontana",0.00125
"PlotBm89","b","U4","U4","Crupina vulgaris",0.00125
"PlotBm89","b","U4","U4","Draba muralis",0.00125
"PlotBm89","b","U4","U4","Eryngium campestre",0.0075
"PlotBm89","b","U4","U4","Galium aparine",0.0075
"PlotBm89","b","U4","U4","Leontodon crispus",0.00125
"PlotBm89","b","U4","U4","Malva setigera",0.00125
"PlotBm89","b","U4","U4","Medicago lupulina",0.00125
"PlotBm89","b","U4","U4","Medicago minima",0.0375
"PlotBm89","b","U4","U4","Micromeria juliana",0.0075
"PlotBm89","b","U4","U4","Microthlaspi perfoliatum",0.00125
"PlotBm89","b","U4","U4","Myosotis ramosissima",0.00125
"PlotBm89","b","U4","U4","Odontarrhena muralis",0.0025
"PlotBm89","b","U4","U4","Onobrychis aequidentata",0.0075
"PlotBm89","b","U4","U4","Phleum pratense",0.02125
"PlotBm89","b","U4","U4","Plantago lanceolata",0.0075
"PlotBm89","b","U4","U4","Poa bulbosa",0.06125
"PlotBm89","b","U4","U4","Poa trivialis ",0.02875
"PlotBm89","b","U4","U4","Potentilla recta",0.015
"PlotBm89","b","U4","U4","Scandix australis",0.00125
"PlotBm89","b","U4","U4","Sherardia arvensis",0.00125
"PlotBm89","b","U4","U4","Silene conica",0.0025
"PlotBm89","b","U4","U4","Spergularia rubra",0.00125
"PlotBm89","b","U4","U4","Teucrium chamaedrys",0.11
"PlotBm89","b","U4","U4","Thymus sibthorpii",0.0225
"PlotBm89","b","U4","U4","Tragopogon samaritanii",0.00125
"PlotBm89","b","U4","U4","Trifolium campestre",0.0225
"PlotBm89","b","U4","U4","Trifolium fragiferum",0.02875
"PlotBm89","b","U4","U4","Trifolium scabrum",0.015
"PlotBm89","b","U4","U4","Valerianella locusta",0.00125
"PlotBm9","b","W21","W21","Aegilops triuncialis",0.0025
"PlotBm9","b","W21","W21","Anthemis arvensis",0.00125
"PlotBm9","b","W21","W21","Avena sterilis",0.00375
"PlotBm9","b","W21","W21","Ballota acetabulosa",0.00125
"PlotBm9","b","W21","W21","Briza maxima",0.00125
"PlotBm9","b","W21","W21","Bromus squarrosus",0.00125
"PlotBm9","b","W21","W21","Cichorium intybus",0.00125
"PlotBm9","b","W21","W21","Cistus monspeliensis",0.625
"PlotBm9","b","W21","W21","Crepis setosa",0.00125
"PlotBm9","b","W21","W21","Cynodon dactylon",0.00125
"PlotBm9","b","W21","W21","Cynosurus echinatus",0.0025
"PlotBm9","b","W21","W21","Dactylis glomerata",0.0025
"PlotBm9","b","W21","W21","Dittrichia viscosa",0.00875
"PlotBm9","b","W21","W21","Geranium lucidum",0.00125
"PlotBm9","b","W21","W21","Lagurus ovatus",0.0025
"PlotBm9","b","W21","W21","Plantago lagopus",0.0025
"PlotBm9","b","W21","W21","Poa bulbosa",0.00125
"PlotBm9","b","W21","W21","Torilis arvensis",0.00125
"PlotBm9","b","W21","W21","Trifolium angustifolium",0.0025
"PlotBm9","b","W21","W21","Trifolium arvense",0.01125
"PlotBm9","b","W21","W21","Trifolium campestre",0.0025
"PlotBm9","b","W21","W21","Trifolium hirtum",0.00125
"PlotBm9","b","W21","W21","Trifolium scabrum",0.00375
"PlotBm9","b","W21","W21","Tuberaria guttata",0.0075
"PlotBm9","b","W21","W21","Vulpia muralis",0.00125
"PlotBm90","b","U4","U4","Achillea clypeolata",0.00125
"PlotBm90","b","U4","U4","Achillea millefolium",0.00875
"PlotBm90","b","U4","U4","Adonis flammea",0.00125
"PlotBm90","b","U4","U4","Aegilops triuncialis",0.0825
"PlotBm90","b","U4","U4","Arenaria leptoclados",0.0025
"PlotBm90","b","U4","U4","Bellardia latifolia",0.00125
"PlotBm90","b","U4","U4","Bromus sterilis",0.0225
"PlotBm90","b","U4","U4","Centaurea sp.",0.0075
"PlotBm90","b","U4","U4","Convolvulus arvensis",0.00125
"PlotBm90","b","U4","U4","Crepis sancta",0.02375
"PlotBm90","b","U4","U4","Cruciata pedemontana",0.00875
"PlotBm90","b","U4","U4","Dasypyrum villosum",0.02125
"PlotBm90","b","U4","U4","Dianthus pinifolius",0.00125
"PlotBm90","b","U4","U4","Erodium absinthoides",0.0025
"PlotBm90","b","U4","U4","Eryngium campestre",0.0225
"PlotBm90","b","U4","U4","Erysimum microstylum",0.0075
"PlotBm90","b","U4","U4","Euphorbia myrsinites",0.0025
"PlotBm90","b","U4","U4","Filago arvensis",0.00125
"PlotBm90","b","U4","U4","Geranium brutium",0.00125
"PlotBm90","b","U4","U4","Helianthemum nummularium",0.0225
"PlotBm90","b","U4","U4","Malva setigera",0.0025
"PlotBm90","b","U4","U4","Matricaria chamomilla",0.015
"PlotBm90","b","U4","U4","Medicago minima",0.01625
"PlotBm90","b","U4","U4","Medicago orbicularis",0.00125
"PlotBm90","b","U4","U4","Micromeria juliana",0.03
"PlotBm90","b","U4","U4","Odontarrhena muralis",0.00375
"PlotBm90","b","U4","U4","Onobrychis aequidentata",0.00125
"PlotBm90","b","U4","U4","Phleum pratense",0.0075
"PlotBm90","b","U4","U4","Plantago lanceolata",0.00125
"PlotBm90","b","U4","U4","Poa bulbosa",0.0225
"PlotBm90","b","U4","U4","Potentilla recta",0.00125
"PlotBm90","b","U4","U4","Silene conica",0.01625
"PlotBm90","b","U4","U4","Spergularia rubra",0.0075
"PlotBm90","b","U4","U4","Teucrium chamaedrys",0.02875
"PlotBm90","b","U4","U4","Thymus sibthorpii",0.07625
"PlotBm90","b","U4","U4","Trifolium campestre",0.0075
"PlotBm90","b","U4","U4","Trifolium fragiferum",0.00125
"PlotBm90","b","U4","U4","Trifolium scabrum",0.00875
"PlotBm90","b","U4","U4","Valerianella locusta",0.00125
"PlotBm90","b","U4","U4","Veronica verna",0.00125
"PlotBm91","b","U4","U4","Achillea millefolium",0.1225
"PlotBm91","b","U4","U4","Aegilops triuncialis",0.01
"PlotBm91","b","U4","U4","Crupina vulgaris",0.00125
"PlotBm91","b","U4","U4","Dactylis glomerata",0.00125
"PlotBm91","b","U4","U4","Erysimum microstylum",0.00125
"PlotBm91","b","U4","U4","Festuca valesiaca",0.06875
"PlotBm91","b","U4","U4","Filago arvensis",0.0075
"PlotBm91","b","U4","U4","Herniaria hirsuta",0.00125
"PlotBm91","b","U4","U4","Linum tenuifolium",0.00125
"PlotBm91","b","U4","U4","Medicago minima",0.0575
"PlotBm91","b","U4","U4","Myosotis ramosissima",0.01
"PlotBm91","b","U4","U4","Pilosella leucopsilon",0.0225
"PlotBm91","b","U4","U4","Plantago lanceolata",0.0075
"PlotBm91","b","U4","U4","Poa bulbosa",0.00875
"PlotBm91","b","U4","U4","Potentilla recta",0.00125
"PlotBm91","b","U4","U4","Sanguisorba minor",0.055
"PlotBm91","b","U4","U4","Scandix australis",0.03625
"PlotBm91","b","U4","U4","Stachys germanica",0.01625
"PlotBm91","b","U4","U4","Taraxacum officinale group",0.00875
"PlotBm91","b","U4","U4","Trifolium scabrum",0.03625
"PlotBm92","b","U4","U4","Adonis flammea",0.00875
"PlotBm92","b","U4","U4","Aegilops triuncialis",0.0075
"PlotBm92","b","U4","U4","Arenaria leptoclados",0.00125
"PlotBm92","b","U4","U4","Biscutella didyma",0.00125
"PlotBm92","b","U4","U4","Bromus sterilis",0.0025
"PlotBm92","b","U4","U4","Capsella bursa-pastoris",0.00125
"PlotBm92","b","U4","U4","Cerastium brachypetalum",0.0225
"PlotBm92","b","U4","U4","Cerastium semidecandrum",0.00125
"PlotBm92","b","U4","U4","Convolvulus cantabrica",0.00125
"PlotBm92","b","U4","U4","Crepis sancta",0.02125
"PlotBm92","b","U4","U4","Crepis setosa",0.0475
"PlotBm92","b","U4","U4","Dactylis glomerata",0.03625
"PlotBm92","b","U4","U4","Dianthus cruentus",0.00125
"PlotBm92","b","U4","U4","Euphorbia myrsinites",0.00125
"PlotBm92","b","U4","U4","Galium mollugo group",0.00125
"PlotBm92","b","U4","U4","Herniaria hirsuta",0.00125
"PlotBm92","b","U4","U4","Malva setigera",0.00125
"PlotBm92","b","U4","U4","Matricaria chamomilla",0.015
"PlotBm92","b","U4","U4","Medicago minima",0.015
"PlotBm92","b","U4","U4","Medicago orbicularis",0.0075
"PlotBm92","b","U4","U4","Micromeria juliana",0.015
"PlotBm92","b","U4","U4","Minuartia hamata",0.02125
"PlotBm92","b","U4","U4","Odontarrhena muralis",0.01625
"PlotBm92","b","U4","U4","Orlaya daucoides",0.0075
"PlotBm92","b","U4","U4","Phleum pratense",0.0075
"PlotBm92","b","U4","U4","Scandix australis",0.02875
"PlotBm92","b","U4","U4","Sedum amplexicaule",0.00875
"PlotBm92","b","U4","U4","Teucrium chamaedrys",0.02125
"PlotBm92","b","U4","U4","Thymus sibthorpii",0.02125
"PlotBm92","b","U4","U4","Veronica verna",0.0025
"PlotBm93","b","U4","U4","Bellis perennis",0.0025
"PlotBm93","b","U4","U4","Cerastium brachypetalum",0.02875
"PlotBm93","b","U4","U4","Cerastium semidecandrum",0.00875
"PlotBm93","b","U4","U4","Cruciata pedemontana",0.00125
"PlotBm93","b","U4","U4","Cynosurus echinatus",0.00125
"PlotBm93","b","U4","U4","Dasypyrum villosum",0.0025
"PlotBm93","b","U4","U4","Eryngium campestre",0.0075
"PlotBm93","b","U4","U4","Geranium brutium",0.00875
"PlotBm93","b","U4","U4","Hordeum murinum",0.0375
"PlotBm93","b","U4","U4","Lolium perenne",0.0075
"PlotBm93","b","U4","U4","Mentha longifolia",0.0075
"PlotBm93","b","U4","U4","Petrorhagia dubia",0.0025
"PlotBm93","b","U4","U4","Plantago lanceolata",0.045
"PlotBm93","b","U4","U4","Poa bulbosa",0.015
"PlotBm93","b","U4","U4","Sanguisorba minor",0.0075
"PlotBm93","b","U4","U4","Sherardia arvensis",0.0075
"PlotBm93","b","U4","U4","Taraxacum officinale group",0.0075
"PlotBm93","b","U4","U4","Trifolium angustifolium",0.00125
"PlotBm93","b","U4","U4","Trifolium fragiferum",0.00125
"PlotBm93","b","U4","U4","Trifolium nigrescens",0.02875
"PlotBm93","b","U4","U4","Valerianella locusta",0.00125
"PlotBm93","b","U4","U4","Veronica chamaedrys",0.0075
"PlotBm93","b","U4","U4","Vicia hirsuta",0.0075
"PlotBm93","b","U4","U4","Vicia villosa",0.00875
"PlotBm94","b","U4","U4","Achillea millefolium",0.02875
"PlotBm94","b","U4","U4","Bellardia latifolia",0.0075
"PlotBm94","b","U4","U4","Bromus sterilis",0.02125
"PlotBm94","b","U4","U4","Centaurea sp.",0.01
"PlotBm94","b","U4","U4","Cerastium brachypetalum",0.00875
"PlotBm94","b","U4","U4","Cerastium semidecandrum",0.00875
"PlotBm94","b","U4","U4","Crepis sancta",0.00125
"PlotBm94","b","U4","U4","Cynosurus echinatus",0.0075
"PlotBm94","b","U4","U4","Dactylis glomerata",0.00125
"PlotBm94","b","U4","U4","Dasypyrum villosum",0.0075
"PlotBm94","b","U4","U4","Eryngium campestre",0.03125
"PlotBm94","b","U4","U4","Festuca valesiaca",0.255
"PlotBm94","b","U4","U4","Geranium brutium",0.00125
"PlotBm94","b","U4","U4","Hieracium murorum",0.0075
"PlotBm94","b","U4","U4","Myosotis ramosissima",0.00125
"PlotBm94","b","U4","U4","Petrorhagia dubia",0.00125
"PlotBm94","b","U4","U4","Pilosella leucopsilon",0.02125
"PlotBm94","b","U4","U4","Piptatherum miliaceum",0.0075
"PlotBm94","b","U4","U4","Plantago lanceolata",0.01625
"PlotBm94","b","U4","U4","Potentilla argentea",0.00125
"PlotBm94","b","U4","U4","Potentilla recta",0.00875
"PlotBm94","b","U4","U4","Rumex acetosella",0.00125
"PlotBm94","b","U4","U4","Sanguisorba minor",0.00875
"PlotBm94","b","U4","U4","Sherardia arvensis",0.00125
"PlotBm94","b","U4","U4","Teucrium chamaedrys",0.00125
"PlotBm94","b","U4","U4","Trifolium fragiferum",0.00125
"PlotBm94","b","U4","U4","Trifolium hirtum",0.0075
"PlotBm94","b","U4","U4","Trifolium scabrum",0.0075
"PlotBm94","b","U4","U4","Veronica chamaedrys",0.0075
"PlotBm94","b","U4","U4","Vicia hirsuta",0.01625
"PlotBm94","b","U4","U4","Vicia villosa",0.0075
"PlotBm95","b","U4","U4","Achillea millefolium",0.135
"PlotBm95","b","U4","U4","Aira elegans",0.08875
"PlotBm95","b","U4","U4","Ajuga genevensis",0.0225
"PlotBm95","b","U4","U4","Bromus hordeaceus",0.0225
"PlotBm95","b","U4","U4","Bromus sterilis",0.08875
"PlotBm95","b","U4","U4","Cerastium brachypetalum",0.0075
"PlotBm95","b","U4","U4","Cerastium semidecandrum",0.00125
"PlotBm95","b","U4","U4","Cruciata pedemontana",0.0225
"PlotBm95","b","U4","U4","Cynosurus echinatus",0.0075
"PlotBm95","b","U4","U4","Filago gallica",0.00125
"PlotBm95","b","U4","U4","Galium mollugo group",0.00125
"PlotBm95","b","U4","U4","Geranium brutium",0.00125
"PlotBm95","b","U4","U4","Hypericum perforatum",0.00875
"PlotBm95","b","U4","U4","Lathyrus nissolia",0.02125
"PlotBm95","b","U4","U4","Matricaria chamomilla",0.00875
"PlotBm95","b","U4","U4","Mentha longifolia",0.00125
"PlotBm95","b","U4","U4","Plantago lanceolata",0.03
"PlotBm95","b","U4","U4","Poa bulbosa",0.015
"PlotBm95","b","U4","U4","Prunella vulgaris",0.00875
"PlotBm95","b","U4","U4","Rumex acetosella",0.07625
"PlotBm95","b","U4","U4","Sanguisorba minor",0.00125
"PlotBm95","b","U4","U4","Sherardia arvensis",0.00125
"PlotBm95","b","U4","U4","Trifolium angustifolium",0.00125
"PlotBm95","b","U4","U4","Trifolium campestre",0.02875
"PlotBm95","b","U4","U4","Trifolium repens",0.015
"PlotBm95","b","U4","U4","Vicia hirsuta",0.02125
"PlotBm95","b","U4","U4","Vicia hybrida",0.0225
"PlotBm95","b","U4","U4","Viola macedonica",0.0075
"PlotBm96","b","U4","U4","Achnatherum bromoides",0.0075
"PlotBm96","b","U4","U4","Aegilops triuncialis",0.024
"PlotBm96","b","U4","U4","Ajuga chamaepitys",0.00125
"PlotBm96","b","U4","U4","Anchusa officinalis",0.0075
"PlotBm96","b","U4","U4","Arenaria leptoclados",0.00875
"PlotBm96","b","U4","U4","Avena sterilis",0.00775
"PlotBm96","b","U4","U4","Bromus tectorum",0.02125
"PlotBm96","b","U4","U4","Catapodium rigidum",2.5e-4
"PlotBm96","b","U4","U4","Centaurea sp.",0.00125
"PlotBm96","b","U4","U4","Chrysopogon gryllus",0.00125
"PlotBm96","b","U4","U4","Convolvulus althaeoides",0.03
"PlotBm96","b","U4","U4","Crepis setosa",0.00125
"PlotBm96","b","U4","U4","Dactylis glomerata",0.00125
"PlotBm96","b","U4","U4","Helianthemum aegyptiacum",0.03
"PlotBm96","b","U4","U4","Medicago minima",0.0025
"PlotBm96","b","U4","U4","Melica ciliata",0.0075
"PlotBm96","b","U4","U4","Micromeria juliana",0.00125
"PlotBm96","b","U4","U4","Onobrychis aequidentata",0.00875
"PlotBm96","b","U4","U4","Osyris alba",0.02125
"PlotBm96","b","U4","U4","Plantago afra",0.0075
"PlotBm96","b","U4","U4","Rostraria cristata",0.015
"PlotBm96","b","U4","U4","Sanguisorba minor",0.00875
"PlotBm96","b","U4","U4","Solanum elaeagnifolium",0.00125
"PlotBm96","b","U4","U4","Stipa capensis",0.00125
"PlotBm96","b","U4","U4","Teucrium capitatum",0.03625
"PlotBm96","b","U4","U4","Thymus sibthorpii",0.02875
"PlotBm96","b","U4","U4","Verbascum sp.",0.00125
"PlotBm97","b","W17","W17","Aegilops geniculata",0.01
"PlotBm97","b","W17","W17","Aira elegans",0.005
"PlotBm97","b","W17","W17","Asparagus acutifolius",0.10375
"PlotBm97","b","W17","W17","Brachypodium sylvaticum",0.39
"PlotBm97","b","W17","W17","Carex flacca",0.03125
"PlotBm97","b","W17","W17","Carpinus orientalis",0.2025
"PlotBm97","b","W17","W17","Centaurea sp.",0.005
"PlotBm97","b","W17","W17","Cynodon dactylon",0.02125
"PlotBm97","b","W17","W17","Dactylis glomerata",0.015
"PlotBm97","b","W17","W17","Fragaria vesca",0.01
"PlotBm97","b","W17","W17","Galium aparine",0.0675
"PlotBm97","b","W17","W17","Melilotus sp.",0.005
"PlotBm97","b","W17","W17","Paliurus spina-christi",0.0025
"PlotBm97","b","W17","W17","Plantago lanceolata",0.005
"PlotBm97","b","W17","W17","Plantago major",0.005
"PlotBm97","b","W17","W17","Poa bulbosa",0.05125
"PlotBm97","b","W17","W17","Quercus pubescens",0.185
"PlotBm97","b","W17","W17","Rubus sanctus",0.005
"PlotBm97","b","W17","W17","Rumex sp.",0.01
"PlotBm97","b","W17","W17","Ruscus aculeatus",0.00125
"PlotBm97","b","W17","W17","Veronica chamaedrys",0.005
"PlotBm97","b","W17","W17","Viola sp.",0.03125
"PlotBm98","b","W17","W17","Brachypodium sylvaticum",0.34875
"PlotBm98","b","W17","W17","Carex flacca",0.10375
"PlotBm98","b","W17","W17","Carpinus orientalis",0.19375
"PlotBm98","b","W17","W17","Cornus sanguinea",0.115
"PlotBm98","b","W17","W17","Dactylis glomerata",0.00625
"PlotBm98","b","W17","W17","Fragaria vesca",0.005
"PlotBm98","b","W17","W17","Fraxinus ornus",0.005
"PlotBm98","b","W17","W17","Galium aparine",0.0675
"PlotBm98","b","W17","W17","Geranium rotundifolium",0.00125
"PlotBm98","b","W17","W17","Hedera helix",0.01
"PlotBm98","b","W17","W17","Juniperus oxycedrus",0.04625
"PlotBm98","b","W17","W17","Lactuca muralis",0.005
"PlotBm98","b","W17","W17","Lathyrus niger",0.02
"PlotBm98","b","W17","W17","Melilotus sp.",0.00125
"PlotBm98","b","W17","W17","Prunella vulgaris",0.01125
"PlotBm98","b","W17","W17","Quercus pubescens",0.375
"PlotBm98","b","W17","W17","Ramnus sp.",0.00125
"PlotBm98","b","W17","W17","Rumex sp.",0.00125
"PlotBm98","b","W17","W17","Silene italica",0.01
"PlotBm98","b","W17","W17","Teucrium chamaedrys",0.04625
"PlotBm98","b","W17","W17","Veronica chamaedrys",0.005
"PlotBm98","b","W17","W17","Vicia sp.",0.005
"PlotBm98","b","W17","W17","Viola sp.",0.03625
"PlotBm98","b","W17","W17","Xeranthemum cylindraceum",0.0925
"PlotBm99","b","W17","W17","Achillea millefolium",0.0475
"PlotBm99","b","W17","W17","Brachypodium sylvaticum",0.15
"PlotBm99","b","W17","W17","Briza minor",0.01
"PlotBm99","b","W17","W17","Bromus sp.",0.09875
"PlotBm99","b","W17","W17","Carex flacca",0.12
"PlotBm99","b","W17","W17","Carpinus orientalis",0.10375
"PlotBm99","b","W17","W17","Chrysopogon gryllus",0.09875
"PlotBm99","b","W17","W17","Cornus sanguinea",0.00625
"PlotBm99","b","W17","W17","Dactylis glomerata",0.06125
"PlotBm99","b","W17","W17","Eryngium campestre",0.0025
"PlotBm99","b","W17","W17","Fragaria vesca",0.0975
"PlotBm99","b","W17","W17","Fraxinus ornus",0.015
"PlotBm99","b","W17","W17","Galium rotundifolium",0.02125
"PlotBm99","b","W17","W17","Juniperus oxycedrus",0.1875
"PlotBm99","b","W17","W17","Plantago major",0.00125
"PlotBm99","b","W17","W17","Quercus pubescens",0.085
"PlotBm99","b","W17","W17","Rumex sp.",0.0025
"PlotBm99","b","W17","W17","Ruscus aculeatus",0.02125
"PlotBm99","b","W17","W17","Sanguisorba minor",0.005
"PlotBm99","b","W17","W17","Silene italica",0.01
"PlotBm99","b","W17","W17","Teucrium chamaedrys",0.365
"PlotBm99","b","W17","W17","Trifolium angustifolium",0.005
"PlotBm99","b","W17","W17","Veronica chamaedrys",0.005
"PlotBm99","b","W17","W17","Vicia sp.",0.02
"PlotBm99","b","W17","W17","Viola sp.",0.02
