"plotCode","focalOrBenchmark","landCover","vegClass","species","cover"
"BB_A2","f","BF/BS Forest, Early-Mid [Reclaimed]","BF/BS Forest, Early-Mid","Agrostis scabra",0.4
"BB_A2","f","BF/BS Forest, Early-Mid [Reclaimed]","BF/BS Forest, Early-Mid","Anaphalis margaritacea",0.05
"BB_A2","f","BF/BS Forest, Early-Mid [Reclaimed]","BF/BS Forest, Early-Mid","Calamagrostis canadensis",0.02
"BB_A2","f","BF/BS Forest, Early-Mid [Reclaimed]","BF/BS Forest, Early-Mid","Euthamia graminifolia",0.4
"BB_A2","f","BF/BS Forest, Early-Mid [Reclaimed]","BF/BS Forest, Early-Mid","Lentodon autumnalis",0.02
"BB_A2","f","BF/BS Forest, Early-Mid [Reclaimed]","BF/BS Forest, Early-Mid","Rumex acetosella",0.02
"BB_A2","f","BF/BS Forest, Early-Mid [Reclaimed]","BF/BS Forest, Early-Mid","Scirpus cyperinus",0.02
"BB_A2","f","BF/BS Forest, Early-Mid [Reclaimed]","BF/BS Forest, Early-Mid","Tussilago farfara",0.02
"BB_A2","f","BF/BS Forest, Early-Mid [Reclaimed]","BF/BS Forest, Early-Mid","Unidentified Grass",0.02
"BB_A2","f","BF/BS Forest, Early-Mid [Reclaimed]","BF/BS Forest, Early-Mid","Veronica officinalis",0.02
"BB_S_Oc","b","Wetland","Wetland","Abies balsamea",0.02
"BB_S_Oc","b","Wetland","Wetland","Alnus rugosa",0.55
"BB_S_Oc","b","Wetland","Wetland","Amelanchier sp.",0.02
"BB_S_Oc","b","Wetland","Wetland","Betula papyrifera",0.02
"BB_S_Oc","b","Wetland","Wetland","Cornus canadensis",0.1
"BB_S_Oc","b","Wetland","Wetland","Lycopodium annotinum",0.15
"BB_S_Oc","b","Wetland","Wetland","Picea mariana",0.05
"BB_S_Oc","b","Wetland","Wetland","Pleurozium schreberi",0.25
"BB_S_Oc","b","Wetland","Wetland","Ribes lacustre",0.02
"BB_S_Oc","b","Wetland","Wetland","Rubus pubescens",0.1
"BB_S_Oc","b","Wetland","Wetland","Solidago rugosa",0.6
"BB_S_Oc","b","Wetland","Wetland","Unidentified Grass",0.02
"BB_S_Oc","b","Wetland","Wetland","Viburnum cassinoides",0.05
"BB_S_Oc","b","Wetland","Wetland","Viburnum edule",0.02
"BB_S_Oc","b","Wetland","Wetland","Viola sp.",0.02
"BB_V8","b","Wetland","Wetland","Alnus rugosa",0.2
"BB_V8","b","Wetland","Wetland","Aster nemoralis",0.02
"BB_V8","b","Wetland","Wetland","Carex trisperma",0.1
"BB_V8","b","Wetland","Wetland","Chamaedaphne calyculata",0.02
"BB_V8","b","Wetland","Wetland","Cornus canadensis",0.05
"BB_V8","b","Wetland","Wetland","Dasiphora fruticosa",0.05
"BB_V8","b","Wetland","Wetland","Gaultheria hispidula",0.1
"BB_V8","b","Wetland","Wetland","Glyceria canadensis",0.1
"BB_V8","b","Wetland","Wetland","Kalmia angustifolia",0.05
"BB_V8","b","Wetland","Wetland","Larix laricina",0.1
"BB_V8","b","Wetland","Wetland",NA,0.02
"BB_V8","b","Wetland","Wetland","Nemopanthus mucronata",0.02
"BB_V8","b","Wetland","Wetland","Picea mariana",0.3
"BB_V8","b","Wetland","Wetland","Pleurozium schreberi",0.1
"BB_V8","b","Wetland","Wetland","Rosa nitida",0.05
"BB_V8","b","Wetland","Wetland","Rubus idaeus",0.05
"BB_V8","b","Wetland","Wetland","Sanguisorba canadensis",0.05
"BB_V8","b","Wetland","Wetland","Sphagnum sp.",0.5
"BB_V8","b","Wetland","Wetland","Typha latifolia",0.02
"BB_V8","b","Wetland","Wetland","Unidentified Grass",0.1
"BB_V8","b","Wetland","Wetland","Unidentified Rush",0.05
"BB_WL_7","b","Wetland","Wetland","Andromeda glaucophylla",0.02
"BB_WL_7","b","Wetland","Wetland","Aronia prunifolia",0.05
"BB_WL_7","b","Wetland","Wetland","Aster nemoralis",0.02
"BB_WL_7","b","Wetland","Wetland","Betula michauxii",0.1
"BB_WL_7","b","Wetland","Wetland","Betula pumila",0.02
"BB_WL_7","b","Wetland","Wetland","Carex oligosperma",0.6
"BB_WL_7","b","Wetland","Wetland","Chamaedaphne calyculata",0.1
"BB_WL_7","b","Wetland","Wetland","Juniperus communis",0.02
"BB_WL_7","b","Wetland","Wetland","Kalmia polifolia",0.02
"BB_WL_7","b","Wetland","Wetland","Larix laricina",0.05
"BB_WL_7","b","Wetland","Wetland","Lonicera villosa",0.02
"BB_WL_7","b","Wetland","Wetland","Myrica gale",0.1
"BB_WL_7","b","Wetland","Wetland",NA,0.02
"BB_WL_7","b","Wetland","Wetland","Picea mariana",0.05
"BB_WL_7","b","Wetland","Wetland","Pleurozium schreberi",0.05
"BB_WL_7","b","Wetland","Wetland","Rosa nitida",0.02
"BB_WL_7","b","Wetland","Wetland","Sanguisorba canadensis",0.02
"BB_WL_7","b","Wetland","Wetland","Sarracenia purpurea",0.02
"BB_WL_7","b","Wetland","Wetland","Sphagnum sp.",0.9
"BB_WL_7","b","Wetland","Wetland","Vaccinium oxycoccos",0.02
"BB_WL1","b","Wetland","Wetland","Agrostis capillaris",0.3
"BB_WL1","b","Wetland","Wetland","Andromeda glaucophylla",0.02
"BB_WL1","b","Wetland","Wetland","Aronia prunifolia",0.02
"BB_WL1","b","Wetland","Wetland","Aster nemoralis",0.05
"BB_WL1","b","Wetland","Wetland","Betula michauxii",0.15
"BB_WL1","b","Wetland","Wetland","Carex oligosperma",0.3
"BB_WL1","b","Wetland","Wetland","Chamaedaphne calyculata",0.1
"BB_WL1","b","Wetland","Wetland","Cladonia raniferina",0.02
"BB_WL1","b","Wetland","Wetland","Juniperus communis",0.05
"BB_WL1","b","Wetland","Wetland","Kalmia polifolia",0.02
"BB_WL1","b","Wetland","Wetland","Larix laricina",0.05
"BB_WL1","b","Wetland","Wetland","Myrica gale",0.1
"BB_WL1","b","Wetland","Wetland",NA,0.02
"BB_WL1","b","Wetland","Wetland","Picea mariana",0.05
"BB_WL1","b","Wetland","Wetland","Polytrichum strictum",0.05
"BB_WL1","b","Wetland","Wetland","Rosa nitida",0.02
"BB_WL1","b","Wetland","Wetland","Sanguisorba canadensis",0.02
"BB_WL1","b","Wetland","Wetland","Sarracenia purpurea",0.02
"BB_WL1","b","Wetland","Wetland","Sphagnum sp.",0.95
"BB_WL1","b","Wetland","Wetland","Unidentified Sedge",0.05
"BB_WL1","b","Wetland","Wetland","Vaccinium oxycoccos",0.02
"BB_WL10","b","Wetland","Wetland","Andromeda glaucophylla",0.02
"BB_WL10","b","Wetland","Wetland","Chamaedaphne calyculata",0.15
"BB_WL10","b","Wetland","Wetland","Cladonia raniferina",0.3
"BB_WL10","b","Wetland","Wetland","Empetrum spp.",0.05
"BB_WL10","b","Wetland","Wetland","Eriophorum angustifolium",0.02
"BB_WL10","b","Wetland","Wetland","Kalmia angustifolia",0.05
"BB_WL10","b","Wetland","Wetland","Kalmia polifolia",0.05
"BB_WL10","b","Wetland","Wetland","Larix laricina",0.05
"BB_WL10","b","Wetland","Wetland",NA,0.02
"BB_WL10","b","Wetland","Wetland","Picea mariana",0.1
"BB_WL10","b","Wetland","Wetland","Rubus chamaemorus",0.05
"BB_WL10","b","Wetland","Wetland","Sarracenia purpurea",0.02
"BB_WL10","b","Wetland","Wetland","Sphagnum sp.",0.7
"BB_WL10","b","Wetland","Wetland","Unidentified Rush",0.25
"BB_WL10","b","Wetland","Wetland","Vaccinium macrocarpon",0.02
"BB_WL10","b","Wetland","Wetland","Vaccinium oxycoccos",0.02
"BBA7OCT","f","BF/BS Forest, Early-Mid [Reclaimed]","BF/BS Forest, Early-Mid","Agrostis capillaris",0.2
"BBA7OCT","f","BF/BS Forest, Early-Mid [Reclaimed]","BF/BS Forest, Early-Mid","Anaphalis margaritacea",0.05
"BBA7OCT","f","BF/BS Forest, Early-Mid [Reclaimed]","BF/BS Forest, Early-Mid","Aralia hispida",0.02
"BBA7OCT","f","BF/BS Forest, Early-Mid [Reclaimed]","BF/BS Forest, Early-Mid","Euthamia graminifolia",0.2
"BBA7OCT","f","BF/BS Forest, Early-Mid [Reclaimed]","BF/BS Forest, Early-Mid","Hieracium sp.",0.1
"BBA7OCT","f","BF/BS Forest, Early-Mid [Reclaimed]","BF/BS Forest, Early-Mid","Kalmia angustifolia",0.02
"BBA7OCT","f","BF/BS Forest, Early-Mid [Reclaimed]","BF/BS Forest, Early-Mid","Lentodon autumnalis",0.02
"BBA7OCT","f","BF/BS Forest, Early-Mid [Reclaimed]","BF/BS Forest, Early-Mid","Polytrichum strictum",0.02
"BBA7OCT","f","BF/BS Forest, Early-Mid [Reclaimed]","BF/BS Forest, Early-Mid","Rosa nitida",0.02
"BBA7OCT","f","BF/BS Forest, Early-Mid [Reclaimed]","BF/BS Forest, Early-Mid","Rubus idaeus",0.02
"BBA7OCT","f","BF/BS Forest, Early-Mid [Reclaimed]","BF/BS Forest, Early-Mid","Rubus pubescens",0.02
"BBA7OCT","f","BF/BS Forest, Early-Mid [Reclaimed]","BF/BS Forest, Early-Mid","Rumex acetosella",0.05
"BBA7OCT","f","BF/BS Forest, Early-Mid [Reclaimed]","BF/BS Forest, Early-Mid","Salix discolor",0.02
"BBA7OCT","f","BF/BS Forest, Early-Mid [Reclaimed]","BF/BS Forest, Early-Mid","Tussilago farfara",0.1
"BBA7OCT","f","BF/BS Forest, Early-Mid [Reclaimed]","BF/BS Forest, Early-Mid","Unidentified Grass",0.05
"BBA7OCT","f","BF/BS Forest, Early-Mid [Reclaimed]","BF/BS Forest, Early-Mid","Vaccinium angustifolium",0.02
"BBA8OCT","f","BF/BS Forest, Early-Mid [Reclaimed]","BF/BS Forest, Early-Mid","Agrostis capillaris",0.6
"BBA8OCT","f","BF/BS Forest, Early-Mid [Reclaimed]","BF/BS Forest, Early-Mid","Anaphalis margaritacea",0.4
"BBA8OCT","f","BF/BS Forest, Early-Mid [Reclaimed]","BF/BS Forest, Early-Mid","Aralia hispida",0.02
"BBA8OCT","f","BF/BS Forest, Early-Mid [Reclaimed]","BF/BS Forest, Early-Mid","Aster umbellatus",0.02
"BBA8OCT","f","BF/BS Forest, Early-Mid [Reclaimed]","BF/BS Forest, Early-Mid","Calamagrostis canadensis",0.05
"BBA8OCT","f","BF/BS Forest, Early-Mid [Reclaimed]","BF/BS Forest, Early-Mid","Chamerion angustifolium",0.05
"BBA8OCT","f","BF/BS Forest, Early-Mid [Reclaimed]","BF/BS Forest, Early-Mid","Equisetum arvense",0.02
"BBA8OCT","f","BF/BS Forest, Early-Mid [Reclaimed]","BF/BS Forest, Early-Mid","Euthamia graminifolia",0.4
"BBA8OCT","f","BF/BS Forest, Early-Mid [Reclaimed]","BF/BS Forest, Early-Mid","Lentodon autumnalis",0.1
"BBA8OCT","f","BF/BS Forest, Early-Mid [Reclaimed]","BF/BS Forest, Early-Mid","Oenothera parviflora",0.02
"BBA8OCT","f","BF/BS Forest, Early-Mid [Reclaimed]","BF/BS Forest, Early-Mid","Pleurozium schreberi",0.05
"BBA8OCT","f","BF/BS Forest, Early-Mid [Reclaimed]","BF/BS Forest, Early-Mid","Polytrichum strictum",0.05
"BBA8OCT","f","BF/BS Forest, Early-Mid [Reclaimed]","BF/BS Forest, Early-Mid","Ranunculus repens",0.02
"BBA8OCT","f","BF/BS Forest, Early-Mid [Reclaimed]","BF/BS Forest, Early-Mid","Rubus idaeus",0.05
"BBA8OCT","f","BF/BS Forest, Early-Mid [Reclaimed]","BF/BS Forest, Early-Mid","Rubus pubescens",0.02
"BBA8OCT","f","BF/BS Forest, Early-Mid [Reclaimed]","BF/BS Forest, Early-Mid","Scirpus cyperinus",0.02
"BBA8OCT","f","BF/BS Forest, Early-Mid [Reclaimed]","BF/BS Forest, Early-Mid","Tussilago farfara",0.05
"BBAOCT1","f","BF/BS Forest, Early-Mid [Established Rec]","BF/BS Forest, Early-Mid","Abies balsamea",0.02
"BBAOCT1","f","BF/BS Forest, Early-Mid [Established Rec]","BF/BS Forest, Early-Mid","Agrostis capillaris",0.02
"BBAOCT1","f","BF/BS Forest, Early-Mid [Established Rec]","BF/BS Forest, Early-Mid","Anaphalis margaritacea",0.1
"BBAOCT1","f","BF/BS Forest, Early-Mid [Established Rec]","BF/BS Forest, Early-Mid","Betula alleghaniensis",0.05
"BBAOCT1","f","BF/BS Forest, Early-Mid [Established Rec]","BF/BS Forest, Early-Mid","Carex scoparia",0.1
"BBAOCT1","f","BF/BS Forest, Early-Mid [Established Rec]","BF/BS Forest, Early-Mid","Chamerion angustifolium",0.02
"BBAOCT1","f","BF/BS Forest, Early-Mid [Established Rec]","BF/BS Forest, Early-Mid","Cladonia cristatella",0.02
"BBAOCT1","f","BF/BS Forest, Early-Mid [Established Rec]","BF/BS Forest, Early-Mid","Equisetum arvense",0.02
"BBAOCT1","f","BF/BS Forest, Early-Mid [Established Rec]","BF/BS Forest, Early-Mid","Euthamia graminifolia",0.1
"BBAOCT1","f","BF/BS Forest, Early-Mid [Established Rec]","BF/BS Forest, Early-Mid","Gaultheria hispidula",0.1
"BBAOCT1","f","BF/BS Forest, Early-Mid [Established Rec]","BF/BS Forest, Early-Mid","Hieracium aurantiacum",0.02
"BBAOCT1","f","BF/BS Forest, Early-Mid [Established Rec]","BF/BS Forest, Early-Mid","Hieracium caespitosum ",0.02
"BBAOCT1","f","BF/BS Forest, Early-Mid [Established Rec]","BF/BS Forest, Early-Mid","Juncus effusus",0.02
"BBAOCT1","f","BF/BS Forest, Early-Mid [Established Rec]","BF/BS Forest, Early-Mid","Juncus tenuis",0.02
"BBAOCT1","f","BF/BS Forest, Early-Mid [Established Rec]","BF/BS Forest, Early-Mid","Kalmia angustifolia",0.02
"BBAOCT1","f","BF/BS Forest, Early-Mid [Established Rec]","BF/BS Forest, Early-Mid","Larix laricina",0.05
"BBAOCT1","f","BF/BS Forest, Early-Mid [Established Rec]","BF/BS Forest, Early-Mid",NA,0.02
"BBAOCT1","f","BF/BS Forest, Early-Mid [Established Rec]","BF/BS Forest, Early-Mid","Picea mariana",0.05
"BBAOCT1","f","BF/BS Forest, Early-Mid [Established Rec]","BF/BS Forest, Early-Mid","Pleurozium schreberi",0.3
"BBAOCT1","f","BF/BS Forest, Early-Mid [Established Rec]","BF/BS Forest, Early-Mid","Polytrichum strictum",0.3
"BBAOCT1","f","BF/BS Forest, Early-Mid [Established Rec]","BF/BS Forest, Early-Mid","Ptilium crista-castrensis",0.1
"BBAOCT1","f","BF/BS Forest, Early-Mid [Established Rec]","BF/BS Forest, Early-Mid","Rubus idaeus",0.02
"BBAOCT1","f","BF/BS Forest, Early-Mid [Established Rec]","BF/BS Forest, Early-Mid","Salix discolor",0.02
"BBAOCT1","f","BF/BS Forest, Early-Mid [Established Rec]","BF/BS Forest, Early-Mid","Sanguisorba canadensis",0.02
"BBAOCT1","f","BF/BS Forest, Early-Mid [Established Rec]","BF/BS Forest, Early-Mid","Scirpus cyperinus",0.02
"BBAOCT1","f","BF/BS Forest, Early-Mid [Established Rec]","BF/BS Forest, Early-Mid","Solidago rugosa",0.05
"BBAOCT1","f","BF/BS Forest, Early-Mid [Established Rec]","BF/BS Forest, Early-Mid","Sphagnum sp.",0.1
"BBAOCT1","f","BF/BS Forest, Early-Mid [Established Rec]","BF/BS Forest, Early-Mid","Tussilago farfara",0.02
"BBAOCT1","f","BF/BS Forest, Early-Mid [Established Rec]","BF/BS Forest, Early-Mid","Unidentified Grass",0.1
"BBAOCT1","f","BF/BS Forest, Early-Mid [Established Rec]","BF/BS Forest, Early-Mid","Unidentified Herbaceous Plant",0.02
"BBAOCT1","f","BF/BS Forest, Early-Mid [Established Rec]","BF/BS Forest, Early-Mid","Unidentified Rush",0.02
"BBAOCT1","f","BF/BS Forest, Early-Mid [Established Rec]","BF/BS Forest, Early-Mid","Vaccinium angustifolium",0.02
"BBAOCT1","f","BF/BS Forest, Early-Mid [Established Rec]","BF/BS Forest, Early-Mid","Viola sp.",0.02
"BBAOct2","f","BF/BS Forest, Early-Mid [Reclaimed]","BF/BS Forest, Early-Mid","Agrostis capillaris",0.5
"BBAOct2","f","BF/BS Forest, Early-Mid [Reclaimed]","BF/BS Forest, Early-Mid","Anaphalis margaritacea",0.02
"BBAOct2","f","BF/BS Forest, Early-Mid [Reclaimed]","BF/BS Forest, Early-Mid","Calamagrostis canadensis",0.5
"BBAOct2","f","BF/BS Forest, Early-Mid [Reclaimed]","BF/BS Forest, Early-Mid","Euthamia graminifolia",0.05
"BBAOct2","f","BF/BS Forest, Early-Mid [Reclaimed]","BF/BS Forest, Early-Mid","Glyceria canadensis",0.05
"BBAOct2","f","BF/BS Forest, Early-Mid [Reclaimed]","BF/BS Forest, Early-Mid","Hieracium lachenalii",0.02
"BBAOct2","f","BF/BS Forest, Early-Mid [Reclaimed]","BF/BS Forest, Early-Mid","Juncus effusus",0.05
"BBAOct2","f","BF/BS Forest, Early-Mid [Reclaimed]","BF/BS Forest, Early-Mid","Juncus tenuis",0.1
"BBAOct2","f","BF/BS Forest, Early-Mid [Reclaimed]","BF/BS Forest, Early-Mid","Phleum pratense",0.02
"BBAOct2","f","BF/BS Forest, Early-Mid [Reclaimed]","BF/BS Forest, Early-Mid","Plantago major",0.02
"BBAOct2","f","BF/BS Forest, Early-Mid [Reclaimed]","BF/BS Forest, Early-Mid","Polytrichum strictum",0.1
"BBAOct2","f","BF/BS Forest, Early-Mid [Reclaimed]","BF/BS Forest, Early-Mid","Ranunculus repens",0.02
"BBAOct2","f","BF/BS Forest, Early-Mid [Reclaimed]","BF/BS Forest, Early-Mid","Rubus idaeus",0.02
"BBAOct2","f","BF/BS Forest, Early-Mid [Reclaimed]","BF/BS Forest, Early-Mid","Sanguisorba canadensis",0.02
"BBAOct2","f","BF/BS Forest, Early-Mid [Reclaimed]","BF/BS Forest, Early-Mid","Scirpus cyperinus",0.2
"BBAOct2","f","BF/BS Forest, Early-Mid [Reclaimed]","BF/BS Forest, Early-Mid","Solidago rugosa",0.02
"BBAOct2","f","BF/BS Forest, Early-Mid [Reclaimed]","BF/BS Forest, Early-Mid","Taraxicum officinale",0.02
"BBAOct2","f","BF/BS Forest, Early-Mid [Reclaimed]","BF/BS Forest, Early-Mid","Tussilago farfara",0.02
"BBAOct2","f","BF/BS Forest, Early-Mid [Reclaimed]","BF/BS Forest, Early-Mid","Viola sp.",0.02
"BBAOct3","f","BF/BS Forest, Early-Mid [Reclaimed]","BF/BS Forest, Early-Mid","Anaphalis margaritacea",0.05
"BBAOct3","f","BF/BS Forest, Early-Mid [Reclaimed]","BF/BS Forest, Early-Mid","Chamerion angustifolium",0.02
"BBAOct3","f","BF/BS Forest, Early-Mid [Reclaimed]","BF/BS Forest, Early-Mid","Euthamia graminifolia",0.2
"BBAOct3","f","BF/BS Forest, Early-Mid [Reclaimed]","BF/BS Forest, Early-Mid","Fragaria virginiana",0.02
"BBAOct3","f","BF/BS Forest, Early-Mid [Reclaimed]","BF/BS Forest, Early-Mid","Hieracium lachenalii",0.02
"BBAOct3","f","BF/BS Forest, Early-Mid [Reclaimed]","BF/BS Forest, Early-Mid","Oenothera parviflora",0.02
"BBAOct3","f","BF/BS Forest, Early-Mid [Reclaimed]","BF/BS Forest, Early-Mid","Rubus idaeus",0.02
"BBAOct3","f","BF/BS Forest, Early-Mid [Reclaimed]","BF/BS Forest, Early-Mid","Rumex acetosella",0.05
"BBAOct3","f","BF/BS Forest, Early-Mid [Reclaimed]","BF/BS Forest, Early-Mid","Unidentified Grass",0.02
"BBAOct3","f","BF/BS Forest, Early-Mid [Reclaimed]","BF/BS Forest, Early-Mid","Veronica officinalis",0.02
"BBAOct3","f","BF/BS Forest, Early-Mid [Reclaimed]","BF/BS Forest, Early-Mid","Viola sp.",0.02
"BBREGO","f","BF/BS Forest, Early-Mid [Established Rec]","BF/BS Forest, Early-Mid","Abies balsamea",0.05
"BBREGO","f","BF/BS Forest, Early-Mid [Established Rec]","BF/BS Forest, Early-Mid","Agrostis scabra",0.02
"BBREGO","f","BF/BS Forest, Early-Mid [Established Rec]","BF/BS Forest, Early-Mid","Anaphalis margaritacea",0.02
"BBREGO","f","BF/BS Forest, Early-Mid [Established Rec]","BF/BS Forest, Early-Mid","Aralia hispida",0.02
"BBREGO","f","BF/BS Forest, Early-Mid [Established Rec]","BF/BS Forest, Early-Mid","Aster umbellatus",0.02
"BBREGO","f","BF/BS Forest, Early-Mid [Established Rec]","BF/BS Forest, Early-Mid","Betula papyrifera",0.05
"BBREGO","f","BF/BS Forest, Early-Mid [Established Rec]","BF/BS Forest, Early-Mid","Chamerion angustifolium",0.02
"BBREGO","f","BF/BS Forest, Early-Mid [Established Rec]","BF/BS Forest, Early-Mid","Cladonia cristatella",0.02
"BBREGO","f","BF/BS Forest, Early-Mid [Established Rec]","BF/BS Forest, Early-Mid","Cornus canadensis",0.35
"BBREGO","f","BF/BS Forest, Early-Mid [Established Rec]","BF/BS Forest, Early-Mid","Euthamia graminifolia",0.05
"BBREGO","f","BF/BS Forest, Early-Mid [Established Rec]","BF/BS Forest, Early-Mid","Gaultheria hispidula",0.2
"BBREGO","f","BF/BS Forest, Early-Mid [Established Rec]","BF/BS Forest, Early-Mid","Hylocomium splendens",0.15
"BBREGO","f","BF/BS Forest, Early-Mid [Established Rec]","BF/BS Forest, Early-Mid","Juncus effusus",0.05
"BBREGO","f","BF/BS Forest, Early-Mid [Established Rec]","BF/BS Forest, Early-Mid","Kalmia angustifolia",0.2
"BBREGO","f","BF/BS Forest, Early-Mid [Established Rec]","BF/BS Forest, Early-Mid",NA,0.05
"BBREGO","f","BF/BS Forest, Early-Mid [Established Rec]","BF/BS Forest, Early-Mid","Picea mariana",0.25
"BBREGO","f","BF/BS Forest, Early-Mid [Established Rec]","BF/BS Forest, Early-Mid","Pleurozium schreberi",0.4
"BBREGO","f","BF/BS Forest, Early-Mid [Established Rec]","BF/BS Forest, Early-Mid","Polytrichum strictum",0.1
"BBREGO","f","BF/BS Forest, Early-Mid [Established Rec]","BF/BS Forest, Early-Mid","Prunus pensylvanica",0.02
"BBREGO","f","BF/BS Forest, Early-Mid [Established Rec]","BF/BS Forest, Early-Mid","Rosa nitida",0.02
"BBREGO","f","BF/BS Forest, Early-Mid [Established Rec]","BF/BS Forest, Early-Mid","Rubus idaeus",0.2
"BBREGO","f","BF/BS Forest, Early-Mid [Established Rec]","BF/BS Forest, Early-Mid","Rubus pubescens",0.15
"BBREGO","f","BF/BS Forest, Early-Mid [Established Rec]","BF/BS Forest, Early-Mid","Scirpus cyperinus",0.02
"BBREGO","f","BF/BS Forest, Early-Mid [Established Rec]","BF/BS Forest, Early-Mid","Solidago rugosa",0.02
"BBREGO","f","BF/BS Forest, Early-Mid [Established Rec]","BF/BS Forest, Early-Mid","Unidentified Herbaceous Plant",0.02
"BBREGO","f","BF/BS Forest, Early-Mid [Established Rec]","BF/BS Forest, Early-Mid","Vaccinium angustifolium",0.05
"BBREGO","f","BF/BS Forest, Early-Mid [Established Rec]","BF/BS Forest, Early-Mid","Vaccinium vitis-idaea",0.02
"BBS6REV","b","Wetland","Wetland","Chamaedaphne calyculata",0.1
"BBS6REV","b","Wetland","Wetland","Cladonia raniferina",0.02
"BBS6REV","b","Wetland","Wetland","Coptis trifolia",0.02
"BBS6REV","b","Wetland","Wetland","Cornus canadensis",0.05
"BBS6REV","b","Wetland","Wetland","Eriophorum angustifolium",0.02
"BBS6REV","b","Wetland","Wetland","Gaultheria hispidula",0.05
"BBS6REV","b","Wetland","Wetland","Kalmia angustifolia",0.2
"BBS6REV","b","Wetland","Wetland","Kalmia polifolia",0.02
"BBS6REV","b","Wetland","Wetland","Lycopodium annotinum",0.02
"BBS6REV","b","Wetland","Wetland","Maianthemum canadense",0.02
"BBS6REV","b","Wetland","Wetland","Myrica gale",0.05
"BBS6REV","b","Wetland","Wetland",NA,0.1
"BBS6REV","b","Wetland","Wetland","Picea mariana",0.45
"BBS6REV","b","Wetland","Wetland","Sphagnum sp.",0.95
"BBS6REV","b","Wetland","Wetland","Vaccinium angustifolium",0.02
"BBS6REV","b","Wetland","Wetland","Vaccinium oxycoccos",0.02
"BBS6REV","b","Wetland","Wetland","Vaccinium vitis-idaea",0.02
"BBV2REV","b","BF/BS Forest, Early-Mid","BF/BS Forest, Early-Mid","Abies balsamea",0.4
"BBV2REV","b","BF/BS Forest, Early-Mid","BF/BS Forest, Early-Mid","Clintonia borealis",0.05
"BBV2REV","b","BF/BS Forest, Early-Mid","BF/BS Forest, Early-Mid","Cornus canadensis",0.1
"BBV2REV","b","BF/BS Forest, Early-Mid","BF/BS Forest, Early-Mid","Gaultheria hispidula",0.1
"BBV2REV","b","BF/BS Forest, Early-Mid","BF/BS Forest, Early-Mid","Hylocomium splendens",0.2
"BBV2REV","b","BF/BS Forest, Early-Mid","BF/BS Forest, Early-Mid","Linnaea borealis",0.05
"BBV2REV","b","BF/BS Forest, Early-Mid","BF/BS Forest, Early-Mid","Picea mariana",0.85
"BBV2REV","b","BF/BS Forest, Early-Mid","BF/BS Forest, Early-Mid","Pleurozium schreberi",0.2
"BBV2REV","b","BF/BS Forest, Early-Mid","BF/BS Forest, Early-Mid","Ptilium crista-castrensis",0.25
"BBV2REV","b","BF/BS Forest, Early-Mid","BF/BS Forest, Early-Mid","Sphagnum sp.",0.2
"BBV2REV","b","BF/BS Forest, Early-Mid","BF/BS Forest, Early-Mid","Vaccinium angustifolium",0.05
"BBWL4","b","Wetland","Wetland","Chamaedaphne calyculata",0.1
"BBWL4","b","Wetland","Wetland","Cladonia raniferina",0.3
"BBWL4","b","Wetland","Wetland","Eleocharis tenuis",0.05
"BBWL4","b","Wetland","Wetland","Eriophorum virginicum",0.02
"BBWL4","b","Wetland","Wetland","Kalmia angustifolia",0.05
"BBWL4","b","Wetland","Wetland","Kalmia polifolia",0.05
"BBWL4","b","Wetland","Wetland",NA,0.05
"BBWL4","b","Wetland","Wetland","Picea mariana",0.1
"BBWL4","b","Wetland","Wetland","Rubus chamaemorus",0.02
"BBWL4","b","Wetland","Wetland","Sarracenia purpurea",0.02
"BBWL4","b","Wetland","Wetland","Sphagnum sp.",0.95
"BBWL4","b","Wetland","Wetland","Vaccinium oxycoccos",0.02
"DP23-10","b","Wetland","Wetland","Abies balsamea",0.15
"DP23-10","b","Wetland","Wetland","Carex limosa",0.01
"DP23-10","b","Wetland","Wetland","Clintonia borealis",0.001
"DP23-10","b","Wetland","Wetland","Coptis trifolia",0.01
"DP23-10","b","Wetland","Wetland","Cornus canadensis",0.07
"DP23-10","b","Wetland","Wetland","Gaultheria hispidula",0.005
"DP23-10","b","Wetland","Wetland","Kalmia angustifolia",0.1
"DP23-10","b","Wetland","Wetland","Linnaea borealis subsp. longiflora",0.005
"DP23-10","b","Wetland","Wetland","Lycopodium spp.",0.1
"DP23-10","b","Wetland","Wetland","Maianthemum trifolium",0.02
"DP23-10","b","Wetland","Wetland",NA,0.25
"DP23-10","b","Wetland","Wetland","Picea mariana",0.2
"DP23-10","b","Wetland","Wetland","Pleurozium schreberi",0.01
"DP23-10","b","Wetland","Wetland","Rhododendron groenlandicum",0.1
"DP23-10","b","Wetland","Wetland","Rubus chamaemorus",0.01
"DP23-10","b","Wetland","Wetland","Rubus pubescens",0.01
"DP23-10","b","Wetland","Wetland","Scirpus cyperinus",0.01
"DP23-10","b","Wetland","Wetland","Sphagnum capillifolium",0.65
"DP23-10","b","Wetland","Wetland","Vaccinium angustifolium",0.07
"DP23-11","b","Wetland","Wetland","Cornus canadensis",0.05
"DP23-11","b","Wetland","Wetland","Dicranum polysetum",0.005
"DP23-11","b","Wetland","Wetland","Gaultheria hispidula",0.02
"DP23-11","b","Wetland","Wetland","Hylocomium splendens",0.005
"DP23-11","b","Wetland","Wetland","Kalmia angustifolia",0.5
"DP23-11","b","Wetland","Wetland","Larix laricina",0.12
"DP23-11","b","Wetland","Wetland","Picea mariana",0.3
"DP23-11","b","Wetland","Wetland","Pleurozium schreberi",0.5
"DP23-11","b","Wetland","Wetland","Ptilium crista-castrensis",0.1
"DP23-11","b","Wetland","Wetland","Sphagnum capillifolium",0.05
"DP23-11","b","Wetland","Wetland","Vaccinium angustifolium",0.2
"DP23-11","b","Wetland","Wetland","Vaccinium vitis-idaea",0.005
"DP23-13","f","BF/BS Forest, Early-Mid [Disturbed/Logged]","BF/BS Forest, Early-Mid","Abies balsamea",0.35
"DP23-13","f","BF/BS Forest, Early-Mid [Disturbed/Logged]","BF/BS Forest, Early-Mid","Clintonia borealis",0.003
"DP23-13","f","BF/BS Forest, Early-Mid [Disturbed/Logged]","BF/BS Forest, Early-Mid","Cornus canadensis",0.005
"DP23-13","f","BF/BS Forest, Early-Mid [Disturbed/Logged]","BF/BS Forest, Early-Mid","Gaultheria hispidula",0.01
"DP23-13","f","BF/BS Forest, Early-Mid [Disturbed/Logged]","BF/BS Forest, Early-Mid","Hylocomium splendens",0.3
"DP23-13","f","BF/BS Forest, Early-Mid [Disturbed/Logged]","BF/BS Forest, Early-Mid","Linnaea borealis subsp. longiflora",0.01
"DP23-13","f","BF/BS Forest, Early-Mid [Disturbed/Logged]","BF/BS Forest, Early-Mid","Picea mariana",0.3
"DP23-13","f","BF/BS Forest, Early-Mid [Disturbed/Logged]","BF/BS Forest, Early-Mid","Pleurozium schreberi",0.4
"DP23-13","f","BF/BS Forest, Early-Mid [Disturbed/Logged]","BF/BS Forest, Early-Mid","Ptilium crista-castrensis",0.01
"DP23-13","f","BF/BS Forest, Early-Mid [Disturbed/Logged]","BF/BS Forest, Early-Mid","Rubus idaeus subsp. strigosus",0.002
"DP23-13","f","BF/BS Forest, Early-Mid [Disturbed/Logged]","BF/BS Forest, Early-Mid","Rubus pubescens",0.002
"DP23-15","f","BF/BS Forest, Early-Mid [Disturbed/Logged]","BF/BS Forest, Early-Mid","Abies balsamea",0.2
"DP23-15","f","BF/BS Forest, Early-Mid [Disturbed/Logged]","BF/BS Forest, Early-Mid","Clintonia borealis",0.003
"DP23-15","f","BF/BS Forest, Early-Mid [Disturbed/Logged]","BF/BS Forest, Early-Mid","Cornus canadensis",0.04
"DP23-15","f","BF/BS Forest, Early-Mid [Disturbed/Logged]","BF/BS Forest, Early-Mid","Gaultheria hispidula",0.001
"DP23-15","f","BF/BS Forest, Early-Mid [Disturbed/Logged]","BF/BS Forest, Early-Mid","Hylocomium splendens",0.1
"DP23-15","f","BF/BS Forest, Early-Mid [Disturbed/Logged]","BF/BS Forest, Early-Mid",NA,0.001
"DP23-15","f","BF/BS Forest, Early-Mid [Disturbed/Logged]","BF/BS Forest, Early-Mid","Orthilia secunda",0.001
"DP23-15","f","BF/BS Forest, Early-Mid [Disturbed/Logged]","BF/BS Forest, Early-Mid","Picea mariana",0.4
"DP23-15","f","BF/BS Forest, Early-Mid [Disturbed/Logged]","BF/BS Forest, Early-Mid","Pleurozium schreberi",0.8
"DP23-15","f","BF/BS Forest, Early-Mid [Disturbed/Logged]","BF/BS Forest, Early-Mid","Ptilium crista-castrensis",0.02
"DP23-15","f","BF/BS Forest, Early-Mid [Disturbed/Logged]","BF/BS Forest, Early-Mid","Vaccinium angustifolium",0.002
"DP23-17","f","BF/BS Forest, Early-Mid","BF/BS Forest, Early-Mid","Abies balsamea",0.7
"DP23-17","f","BF/BS Forest, Early-Mid","BF/BS Forest, Early-Mid","Betula papyrifera",0.05
"DP23-17","f","BF/BS Forest, Early-Mid","BF/BS Forest, Early-Mid","Cornus canadensis",0.005
"DP23-17","f","BF/BS Forest, Early-Mid","BF/BS Forest, Early-Mid","Gaultheria hispidula",0.001
"DP23-17","f","BF/BS Forest, Early-Mid","BF/BS Forest, Early-Mid","Hylocomium splendens",0.03
"DP23-17","f","BF/BS Forest, Early-Mid","BF/BS Forest, Early-Mid","Pleurozium schreberi",0.18
"DP23-17","f","BF/BS Forest, Early-Mid","BF/BS Forest, Early-Mid","Populus tremuloides",0.1
"DP23-17","f","BF/BS Forest, Early-Mid","BF/BS Forest, Early-Mid","Ptilium crista-castrensis",0.01
"DP23-18","b","BF/BS Forest, Early-Mid","BF/BS Forest, Early-Mid","Abies balsamea",0.65
"DP23-18","b","BF/BS Forest, Early-Mid","BF/BS Forest, Early-Mid","Alnus alnobetula subsp. crispa",0.02
"DP23-18","b","BF/BS Forest, Early-Mid","BF/BS Forest, Early-Mid","Betula papyrifera",0.03
"DP23-18","b","BF/BS Forest, Early-Mid","BF/BS Forest, Early-Mid","Hylocomium splendens",0.1
"DP23-18","b","BF/BS Forest, Early-Mid","BF/BS Forest, Early-Mid",NA,0.01
"DP23-18","b","BF/BS Forest, Early-Mid","BF/BS Forest, Early-Mid","Pleurozium schreberi",0.2
"DP23-18","b","BF/BS Forest, Early-Mid","BF/BS Forest, Early-Mid","Ptilium crista-castrensis",0.005
"DP23-18","b","BF/BS Forest, Early-Mid","BF/BS Forest, Early-Mid","Rubus pubescens",0.003
"DP23-18","b","BF/BS Forest, Early-Mid","BF/BS Forest, Early-Mid","Sphagnum capillifolium",0.2
"DP23-18","b","BF/BS Forest, Early-Mid","BF/BS Forest, Early-Mid","Sphagnum riparium",0.15
"DP23-19","f","BF/BS Forest, Early-Mid","BF/BS Forest, Early-Mid","Abies balsamea",0.8
"DP23-19","f","BF/BS Forest, Early-Mid","BF/BS Forest, Early-Mid","Alnus alnobetula subsp. crispa",0.02
"DP23-19","f","BF/BS Forest, Early-Mid","BF/BS Forest, Early-Mid","Betula papyrifera",0.02
"DP23-19","f","BF/BS Forest, Early-Mid","BF/BS Forest, Early-Mid","Carex tenuiflora",0.02
"DP23-19","f","BF/BS Forest, Early-Mid","BF/BS Forest, Early-Mid","Cornus canadensis",0.005
"DP23-19","f","BF/BS Forest, Early-Mid","BF/BS Forest, Early-Mid","Dryopteris carthusiana",0.01
"DP23-19","f","BF/BS Forest, Early-Mid","BF/BS Forest, Early-Mid","Hylocomium splendens",0.5
"DP23-19","f","BF/BS Forest, Early-Mid","BF/BS Forest, Early-Mid","Linnaea borealis subsp. longiflora",0.02
"DP23-19","f","BF/BS Forest, Early-Mid","BF/BS Forest, Early-Mid","Pleurozium schreberi",0.2
"DP23-19","f","BF/BS Forest, Early-Mid","BF/BS Forest, Early-Mid","Ptilium crista-castrensis",0.03
"DP23-19","f","BF/BS Forest, Early-Mid","BF/BS Forest, Early-Mid","Rubus pubescens",0.01
"DP23-19","f","BF/BS Forest, Early-Mid","BF/BS Forest, Early-Mid","Sphagnum capillifolium",0.01
"DP23-19","f","BF/BS Forest, Early-Mid","BF/BS Forest, Early-Mid","Sphagnum girgensohnii",0.01
"DP23-19","f","BF/BS Forest, Early-Mid","BF/BS Forest, Early-Mid","Sphagnum magellanicum",0.05
"DP23-2","b","Wetland","Wetland","Carex echinata",0.1
"DP23-2","b","Wetland","Wetland","Carex michauxiana",0.15
"DP23-2","b","Wetland","Wetland","Eriophorum vaginatum subsp. spissum",0.1
"DP23-2","b","Wetland","Wetland","Euthamia graminifolia",0.01
"DP23-2","b","Wetland","Wetland","Eutrochium maculatum",0.02
"DP23-2","b","Wetland","Wetland","Hypericum canadense",0.03
"DP23-2","b","Wetland","Wetland","Menyanthes trifoliata",0.01
"DP23-2","b","Wetland","Wetland","Myrica gale",0.2
"DP23-2","b","Wetland","Wetland",NA,0.3
"DP23-2","b","Wetland","Wetland","Sanguisorba canadensis",0.03
"DP23-2","b","Wetland","Wetland","Sphagnum compactum",0.01
"DP23-2","b","Wetland","Wetland","Sphagnum sp.",0.01
"DP23-2","b","Wetland","Wetland","Sphagnum teres",0.01
"DP23-2","b","Wetland","Wetland","Spiraea alba var. latifolia",0.05
"DP23-2","b","Wetland","Wetland","Thalictrum pubescens",0.05
"DP23-2","b","Wetland","Wetland","Typha latifolia",0.01
"DP23-2","b","Wetland","Wetland","Unknown",0.08
"DP23-20","b","BF/BS Forest, Early-Mid","BF/BS Forest, Early-Mid","Abies balsamea",0.4
"DP23-20","b","BF/BS Forest, Early-Mid","BF/BS Forest, Early-Mid","Betula papyrifera",0.03
"DP23-20","b","BF/BS Forest, Early-Mid","BF/BS Forest, Early-Mid","Cornus canadensis",0.08
"DP23-20","b","BF/BS Forest, Early-Mid","BF/BS Forest, Early-Mid","Dicranum polysetum",0.03
"DP23-20","b","BF/BS Forest, Early-Mid","BF/BS Forest, Early-Mid","Hylocomium splendens",0.6
"DP23-20","b","BF/BS Forest, Early-Mid","BF/BS Forest, Early-Mid","Kalmia angustifolia",0.05
"DP23-20","b","BF/BS Forest, Early-Mid","BF/BS Forest, Early-Mid","Linnaea borealis subsp. longiflora",0.02
"DP23-20","b","BF/BS Forest, Early-Mid","BF/BS Forest, Early-Mid","Picea mariana",0.2
"DP23-20","b","BF/BS Forest, Early-Mid","BF/BS Forest, Early-Mid","Pleurozium schreberi",0.2
"DP23-20","b","BF/BS Forest, Early-Mid","BF/BS Forest, Early-Mid","Ptilium crista-castrensis",0.02
"DP23-21","f","BF/BS Forest, Early-Mid [Disturbed/Logged]","BF/BS Forest, Early-Mid","Abies balsamea",0.47
"DP23-21","f","BF/BS Forest, Early-Mid [Disturbed/Logged]","BF/BS Forest, Early-Mid","Betula papyrifera",0.02
"DP23-21","f","BF/BS Forest, Early-Mid [Disturbed/Logged]","BF/BS Forest, Early-Mid","Cornus canadensis",0.15
"DP23-21","f","BF/BS Forest, Early-Mid [Disturbed/Logged]","BF/BS Forest, Early-Mid","Gaultheria hispidula",0.005
"DP23-21","f","BF/BS Forest, Early-Mid [Disturbed/Logged]","BF/BS Forest, Early-Mid","Hylocomium splendens",0.7
"DP23-21","f","BF/BS Forest, Early-Mid [Disturbed/Logged]","BF/BS Forest, Early-Mid","Kalmia angustifolia",0.02
"DP23-21","f","BF/BS Forest, Early-Mid [Disturbed/Logged]","BF/BS Forest, Early-Mid","Linnaea borealis subsp. longiflora",0.01
"DP23-21","f","BF/BS Forest, Early-Mid [Disturbed/Logged]","BF/BS Forest, Early-Mid","Lysimachia spp.",0.002
"DP23-21","f","BF/BS Forest, Early-Mid [Disturbed/Logged]","BF/BS Forest, Early-Mid",NA,0.005
"DP23-21","f","BF/BS Forest, Early-Mid [Disturbed/Logged]","BF/BS Forest, Early-Mid","Orthilia secunda",0.005
"DP23-21","f","BF/BS Forest, Early-Mid [Disturbed/Logged]","BF/BS Forest, Early-Mid","Picea mariana",0.18
"DP23-21","f","BF/BS Forest, Early-Mid [Disturbed/Logged]","BF/BS Forest, Early-Mid","Pleurozium schreberi",0.15
"DP23-21","f","BF/BS Forest, Early-Mid [Disturbed/Logged]","BF/BS Forest, Early-Mid","Polytrichum sp.",0.01
"DP23-21","f","BF/BS Forest, Early-Mid [Disturbed/Logged]","BF/BS Forest, Early-Mid","Ptilium crista-castrensis",0.05
"DP23-21","f","BF/BS Forest, Early-Mid [Disturbed/Logged]","BF/BS Forest, Early-Mid","Sphagnum capillifolium",0.01
"DP23-21","f","BF/BS Forest, Early-Mid [Disturbed/Logged]","BF/BS Forest, Early-Mid","Vaccinium angustifolium",0.003
"DP23-23","f","BF/BS Forest, Early-Mid [Disturbed/Logged]","BF/BS Forest, Early-Mid","Abies balsamea",0.45
"DP23-23","f","BF/BS Forest, Early-Mid [Disturbed/Logged]","BF/BS Forest, Early-Mid","Alnus alnobetula subsp. crispa",0.06
"DP23-23","f","BF/BS Forest, Early-Mid [Disturbed/Logged]","BF/BS Forest, Early-Mid","Aneura pinguis",0.01
"DP23-23","f","BF/BS Forest, Early-Mid [Disturbed/Logged]","BF/BS Forest, Early-Mid","Betula papyrifera",0.05
"DP23-23","f","BF/BS Forest, Early-Mid [Disturbed/Logged]","BF/BS Forest, Early-Mid","Blepharostoma trichophyllum",0.01
"DP23-23","f","BF/BS Forest, Early-Mid [Disturbed/Logged]","BF/BS Forest, Early-Mid","Carex echinata",0.01
"DP23-23","f","BF/BS Forest, Early-Mid [Disturbed/Logged]","BF/BS Forest, Early-Mid","Cephalozia sp.",0.01
"DP23-23","f","BF/BS Forest, Early-Mid [Disturbed/Logged]","BF/BS Forest, Early-Mid","Cladonia sp.",0.3
"DP23-23","f","BF/BS Forest, Early-Mid [Disturbed/Logged]","BF/BS Forest, Early-Mid","Clintonia borealis",0.01
"DP23-23","f","BF/BS Forest, Early-Mid [Disturbed/Logged]","BF/BS Forest, Early-Mid","Cornus canadensis",0.03
"DP23-23","f","BF/BS Forest, Early-Mid [Disturbed/Logged]","BF/BS Forest, Early-Mid","Dicranum polysetum",0.01
"DP23-23","f","BF/BS Forest, Early-Mid [Disturbed/Logged]","BF/BS Forest, Early-Mid","Dryopteris carthusiana",0.01
"DP23-23","f","BF/BS Forest, Early-Mid [Disturbed/Logged]","BF/BS Forest, Early-Mid","Gaultheria hispidula",0.001
"DP23-23","f","BF/BS Forest, Early-Mid [Disturbed/Logged]","BF/BS Forest, Early-Mid","Hylocomium splendens",0.5
"DP23-23","f","BF/BS Forest, Early-Mid [Disturbed/Logged]","BF/BS Forest, Early-Mid","Kalmia angustifolia",0.1
"DP23-23","f","BF/BS Forest, Early-Mid [Disturbed/Logged]","BF/BS Forest, Early-Mid","Linnaea borealis subsp. longiflora",0.02
"DP23-23","f","BF/BS Forest, Early-Mid [Disturbed/Logged]","BF/BS Forest, Early-Mid",NA,0.05
"DP23-23","f","BF/BS Forest, Early-Mid [Disturbed/Logged]","BF/BS Forest, Early-Mid","Picea mariana",0.35
"DP23-23","f","BF/BS Forest, Early-Mid [Disturbed/Logged]","BF/BS Forest, Early-Mid","Pleurozium schreberi",0.15
"DP23-23","f","BF/BS Forest, Early-Mid [Disturbed/Logged]","BF/BS Forest, Early-Mid","Ptilium crista-castrensis",0.03
"DP23-23","f","BF/BS Forest, Early-Mid [Disturbed/Logged]","BF/BS Forest, Early-Mid","Rhododendron canadense",0.05
"DP23-23","f","BF/BS Forest, Early-Mid [Disturbed/Logged]","BF/BS Forest, Early-Mid","Rhododendron groenlandicum",0.2
"DP23-23","f","BF/BS Forest, Early-Mid [Disturbed/Logged]","BF/BS Forest, Early-Mid","Rubus pubescens",0.02
"DP23-23","f","BF/BS Forest, Early-Mid [Disturbed/Logged]","BF/BS Forest, Early-Mid","Sphagnum fuscum",0.2
"DP23-23","f","BF/BS Forest, Early-Mid [Disturbed/Logged]","BF/BS Forest, Early-Mid","Sphagnum girgensohnii",0.05
"DP23-24","b","Wetland","Wetland","Chamaedaphne calyculata",0.15
"DP23-24","b","Wetland","Wetland","Pleurozium schreberi",0.05
"DP23-24","b","Wetland","Wetland","Rubus chamaemorus",0.02
"DP23-25","f","BF/BS Forest, Early-Mid [Reclaimed]","BF/BS Forest, Early-Mid","Picea glauca",0.01
"DP23-26","f","BF/BS Forest, Early-Mid [Reclaimed]","BF/BS Forest, Early-Mid","Calamagrostis canadensis",0.002
"DP23-26","f","BF/BS Forest, Early-Mid [Reclaimed]","BF/BS Forest, Early-Mid","Equisetum arvense",0.001
"DP23-26","f","BF/BS Forest, Early-Mid [Reclaimed]","BF/BS Forest, Early-Mid","Euthamia graminifolia",0.001
"DP23-26","f","BF/BS Forest, Early-Mid [Reclaimed]","BF/BS Forest, Early-Mid",NA,0.001
"DP23-26","f","BF/BS Forest, Early-Mid [Reclaimed]","BF/BS Forest, Early-Mid","Picea mariana",0.002
"DP23-26","f","BF/BS Forest, Early-Mid [Reclaimed]","BF/BS Forest, Early-Mid","Rosa nitida",0.001
"DP23-27","f","BF/BS Forest, Early-Mid [Reclaimed]","BF/BS Forest, Early-Mid","Agrostis scabra",0.15
"DP23-27","f","BF/BS Forest, Early-Mid [Reclaimed]","BF/BS Forest, Early-Mid","Atrichum tenellum",0.01
"DP23-27","f","BF/BS Forest, Early-Mid [Reclaimed]","BF/BS Forest, Early-Mid","Calamagrostis canadensis",0.01
"DP23-27","f","BF/BS Forest, Early-Mid [Reclaimed]","BF/BS Forest, Early-Mid","Campylopus flexuosus",0.01
"DP23-27","f","BF/BS Forest, Early-Mid [Reclaimed]","BF/BS Forest, Early-Mid","Euthamia graminifolia",0.2
"DP23-27","f","BF/BS Forest, Early-Mid [Reclaimed]","BF/BS Forest, Early-Mid","Juncus effusus",0.005
"DP23-27","f","BF/BS Forest, Early-Mid [Reclaimed]","BF/BS Forest, Early-Mid","Larix laricina",0.001
"DP23-27","f","BF/BS Forest, Early-Mid [Reclaimed]","BF/BS Forest, Early-Mid","Luzula parviflora",0.002
"DP23-27","f","BF/BS Forest, Early-Mid [Reclaimed]","BF/BS Forest, Early-Mid","Picea glauca",0.002
"DP23-27","f","BF/BS Forest, Early-Mid [Reclaimed]","BF/BS Forest, Early-Mid","Picea mariana",0.002
"DP23-28","f","BF/BS Forest, Early-Mid [Reclaimed]","BF/BS Forest, Early-Mid","Agrostis scabra",0.05
"DP23-28","f","BF/BS Forest, Early-Mid [Reclaimed]","BF/BS Forest, Early-Mid","Anaphalis margaritacea",0.002
"DP23-28","f","BF/BS Forest, Early-Mid [Reclaimed]","BF/BS Forest, Early-Mid","Campylopus flexuosus",0.2
"DP23-28","f","BF/BS Forest, Early-Mid [Reclaimed]","BF/BS Forest, Early-Mid","Euthamia graminifolia",0.07
"DP23-28","f","BF/BS Forest, Early-Mid [Reclaimed]","BF/BS Forest, Early-Mid","Glyceria canadensis",0.005
"DP23-28","f","BF/BS Forest, Early-Mid [Reclaimed]","BF/BS Forest, Early-Mid","Juncus effusus",0.2
"DP23-28","f","BF/BS Forest, Early-Mid [Reclaimed]","BF/BS Forest, Early-Mid","Jungermannia sp.",0.01
"DP23-28","f","BF/BS Forest, Early-Mid [Reclaimed]","BF/BS Forest, Early-Mid","Larix laricina",0.001
"DP23-28","f","BF/BS Forest, Early-Mid [Reclaimed]","BF/BS Forest, Early-Mid","Luzula parviflora",0.4
"DP23-28","f","BF/BS Forest, Early-Mid [Reclaimed]","BF/BS Forest, Early-Mid",NA,0.003
"DP23-28","f","BF/BS Forest, Early-Mid [Reclaimed]","BF/BS Forest, Early-Mid","Picea glauca",0.002
"DP23-28","f","BF/BS Forest, Early-Mid [Reclaimed]","BF/BS Forest, Early-Mid","Picea mariana",0.002
"DP23-28","f","BF/BS Forest, Early-Mid [Reclaimed]","BF/BS Forest, Early-Mid","Schofieldia sp.",0.01
"DP23-28","f","BF/BS Forest, Early-Mid [Reclaimed]","BF/BS Forest, Early-Mid","Tussilago farfara",0.05
"DP23-29","f","BF/BS Forest, Early-Mid [Disturbed/Logged]","BF/BS Forest, Early-Mid","Abies balsamea",0.5
"DP23-29","f","BF/BS Forest, Early-Mid [Disturbed/Logged]","BF/BS Forest, Early-Mid","Carex trisperma",0.005
"DP23-29","f","BF/BS Forest, Early-Mid [Disturbed/Logged]","BF/BS Forest, Early-Mid","Cladonia sp.",0.005
"DP23-29","f","BF/BS Forest, Early-Mid [Disturbed/Logged]","BF/BS Forest, Early-Mid","Cornus canadensis",0.15
"DP23-29","f","BF/BS Forest, Early-Mid [Disturbed/Logged]","BF/BS Forest, Early-Mid","Gaultheria hispidula",0.03
"DP23-29","f","BF/BS Forest, Early-Mid [Disturbed/Logged]","BF/BS Forest, Early-Mid","Hylocomium splendens",0.7
"DP23-29","f","BF/BS Forest, Early-Mid [Disturbed/Logged]","BF/BS Forest, Early-Mid","Linnaea borealis subsp. longiflora",0.01
"DP23-29","f","BF/BS Forest, Early-Mid [Disturbed/Logged]","BF/BS Forest, Early-Mid","Picea mariana",0.15
"DP23-29","f","BF/BS Forest, Early-Mid [Disturbed/Logged]","BF/BS Forest, Early-Mid","Pleurozium schreberi",0.1
"DP23-29","f","BF/BS Forest, Early-Mid [Disturbed/Logged]","BF/BS Forest, Early-Mid","Ptilium crista-castrensis",0.01
"DP23-29","f","BF/BS Forest, Early-Mid [Disturbed/Logged]","BF/BS Forest, Early-Mid","Sphagnum capillifolium",0.05
"DP23-31","f","BF/BS Forest, Early-Mid [Disturbed/Logged]","BF/BS Forest, Early-Mid","Abies balsamea",0.45
"DP23-31","f","BF/BS Forest, Early-Mid [Disturbed/Logged]","BF/BS Forest, Early-Mid","Clintonia borealis",0.005
"DP23-31","f","BF/BS Forest, Early-Mid [Disturbed/Logged]","BF/BS Forest, Early-Mid","Cornus canadensis",0.03
"DP23-31","f","BF/BS Forest, Early-Mid [Disturbed/Logged]","BF/BS Forest, Early-Mid","Dendrolycopodium dendroideum",0.001
"DP23-31","f","BF/BS Forest, Early-Mid [Disturbed/Logged]","BF/BS Forest, Early-Mid","Dryopteris carthusiana",0.002
"DP23-31","f","BF/BS Forest, Early-Mid [Disturbed/Logged]","BF/BS Forest, Early-Mid","Gaultheria hispidula",0.001
"DP23-31","f","BF/BS Forest, Early-Mid [Disturbed/Logged]","BF/BS Forest, Early-Mid","Hylocomium splendens",0.7
"DP23-31","f","BF/BS Forest, Early-Mid [Disturbed/Logged]","BF/BS Forest, Early-Mid","Linnaea borealis subsp. longiflora",0.01
"DP23-31","f","BF/BS Forest, Early-Mid [Disturbed/Logged]","BF/BS Forest, Early-Mid",NA,0.001
"DP23-31","f","BF/BS Forest, Early-Mid [Disturbed/Logged]","BF/BS Forest, Early-Mid","Picea mariana",0.08
"DP23-31","f","BF/BS Forest, Early-Mid [Disturbed/Logged]","BF/BS Forest, Early-Mid","Pleurozium schreberi",0.15
"DP23-31","f","BF/BS Forest, Early-Mid [Disturbed/Logged]","BF/BS Forest, Early-Mid","Ptilium crista-castrensis",0.05
"DP23-31","f","BF/BS Forest, Early-Mid [Disturbed/Logged]","BF/BS Forest, Early-Mid","Rubus pubescens",0.003
"DP23-31","f","BF/BS Forest, Early-Mid [Disturbed/Logged]","BF/BS Forest, Early-Mid","Viburnum edule",0.002
"DP23-34","f","BF/BS Forest, Early-Mid [Disturbed/Logged]","BF/BS Forest, Early-Mid","Abies balsamea",0.4
"DP23-34","f","BF/BS Forest, Early-Mid [Disturbed/Logged]","BF/BS Forest, Early-Mid","Clintonia borealis",0.07
"DP23-34","f","BF/BS Forest, Early-Mid [Disturbed/Logged]","BF/BS Forest, Early-Mid","Cornus canadensis",0.03
"DP23-34","f","BF/BS Forest, Early-Mid [Disturbed/Logged]","BF/BS Forest, Early-Mid","Dendrolycopodium dendroideum",0.001
"DP23-34","f","BF/BS Forest, Early-Mid [Disturbed/Logged]","BF/BS Forest, Early-Mid","Dryopteris carthusiana",0.005
"DP23-34","f","BF/BS Forest, Early-Mid [Disturbed/Logged]","BF/BS Forest, Early-Mid","Eurybia radula",0.001
"DP23-34","f","BF/BS Forest, Early-Mid [Disturbed/Logged]","BF/BS Forest, Early-Mid","Gaultheria hispidula",0.005
"DP23-34","f","BF/BS Forest, Early-Mid [Disturbed/Logged]","BF/BS Forest, Early-Mid","Gymnocarpium dryopteris",0.005
"DP23-34","f","BF/BS Forest, Early-Mid [Disturbed/Logged]","BF/BS Forest, Early-Mid","Hylocomium splendens",0.6
"DP23-34","f","BF/BS Forest, Early-Mid [Disturbed/Logged]","BF/BS Forest, Early-Mid","Linnaea borealis subsp. longiflora",0.001
"DP23-34","f","BF/BS Forest, Early-Mid [Disturbed/Logged]","BF/BS Forest, Early-Mid",NA,0.03
"DP23-34","f","BF/BS Forest, Early-Mid [Disturbed/Logged]","BF/BS Forest, Early-Mid","Orthilia secunda",0.001
"DP23-34","f","BF/BS Forest, Early-Mid [Disturbed/Logged]","BF/BS Forest, Early-Mid","Picea mariana",0.2
"DP23-34","f","BF/BS Forest, Early-Mid [Disturbed/Logged]","BF/BS Forest, Early-Mid","Pleurozium schreberi",0.2
"DP23-34","f","BF/BS Forest, Early-Mid [Disturbed/Logged]","BF/BS Forest, Early-Mid","Polytrichum commune",0.01
"DP23-34","f","BF/BS Forest, Early-Mid [Disturbed/Logged]","BF/BS Forest, Early-Mid","Ptilium crista-castrensis",0.05
"DP23-34","f","BF/BS Forest, Early-Mid [Disturbed/Logged]","BF/BS Forest, Early-Mid","Rhytidiadelphus loreus",0.01
"DP23-34","f","BF/BS Forest, Early-Mid [Disturbed/Logged]","BF/BS Forest, Early-Mid","Rubus pubescens",0.001
"DP23-34","f","BF/BS Forest, Early-Mid [Disturbed/Logged]","BF/BS Forest, Early-Mid","Solidago rugosa",0.003
"DP23-34","f","BF/BS Forest, Early-Mid [Disturbed/Logged]","BF/BS Forest, Early-Mid","Sphagnum russowii",0.01
"DP23-34","f","BF/BS Forest, Early-Mid [Disturbed/Logged]","BF/BS Forest, Early-Mid","Sphagnum squarrosum",0.01
"DP23-35","f","BF/BS Forest, Early-Mid [Disturbed/Logged]","BF/BS Forest, Early-Mid","Abies balsamea",0.45
"DP23-35","f","BF/BS Forest, Early-Mid [Disturbed/Logged]","BF/BS Forest, Early-Mid","Cladonia sp.",0.01
"DP23-35","f","BF/BS Forest, Early-Mid [Disturbed/Logged]","BF/BS Forest, Early-Mid","Clintonia borealis",0.05
"DP23-35","f","BF/BS Forest, Early-Mid [Disturbed/Logged]","BF/BS Forest, Early-Mid","Cornus canadensis",0.1
"DP23-35","f","BF/BS Forest, Early-Mid [Disturbed/Logged]","BF/BS Forest, Early-Mid","Dryopteris carthusiana",0.07
"DP23-35","f","BF/BS Forest, Early-Mid [Disturbed/Logged]","BF/BS Forest, Early-Mid","Gaultheria hispidula",0.005
"DP23-35","f","BF/BS Forest, Early-Mid [Disturbed/Logged]","BF/BS Forest, Early-Mid","Hylocomium splendens",0.6
"DP23-35","f","BF/BS Forest, Early-Mid [Disturbed/Logged]","BF/BS Forest, Early-Mid","Linnaea borealis subsp. longiflora",0.03
"DP23-35","f","BF/BS Forest, Early-Mid [Disturbed/Logged]","BF/BS Forest, Early-Mid",NA,0.1
"DP23-35","f","BF/BS Forest, Early-Mid [Disturbed/Logged]","BF/BS Forest, Early-Mid","Picea mariana",0.08
"DP23-35","f","BF/BS Forest, Early-Mid [Disturbed/Logged]","BF/BS Forest, Early-Mid","Pleurozium schreberi",0.23
"DP23-35","f","BF/BS Forest, Early-Mid [Disturbed/Logged]","BF/BS Forest, Early-Mid","Ptilium crista-castrensis",0.01
"DP23-35","f","BF/BS Forest, Early-Mid [Disturbed/Logged]","BF/BS Forest, Early-Mid","Rubus pubescens",0.03
"DP23-35","f","BF/BS Forest, Early-Mid [Disturbed/Logged]","BF/BS Forest, Early-Mid","Sphagnum capillifolium",0.01
"DP23-35","f","BF/BS Forest, Early-Mid [Disturbed/Logged]","BF/BS Forest, Early-Mid","Sphagnum squarrosum",0.01
"DP23-36","f","BF/BS Forest, Early-Mid [Disturbed/Logged]","BF/BS Forest, Early-Mid","Abies balsamea",0.45
"DP23-36","f","BF/BS Forest, Early-Mid [Disturbed/Logged]","BF/BS Forest, Early-Mid","Barbilophozia sp.",0.01
"DP23-36","f","BF/BS Forest, Early-Mid [Disturbed/Logged]","BF/BS Forest, Early-Mid","Cornus canadensis",0.001
"DP23-36","f","BF/BS Forest, Early-Mid [Disturbed/Logged]","BF/BS Forest, Early-Mid","Dicranum fuscescens",0.03
"DP23-36","f","BF/BS Forest, Early-Mid [Disturbed/Logged]","BF/BS Forest, Early-Mid","Hylocomium splendens",0.55
"DP23-36","f","BF/BS Forest, Early-Mid [Disturbed/Logged]","BF/BS Forest, Early-Mid","Linnaea borealis subsp. longiflora",0.002
"DP23-36","f","BF/BS Forest, Early-Mid [Disturbed/Logged]","BF/BS Forest, Early-Mid","Orthilia secunda",0.001
"DP23-36","f","BF/BS Forest, Early-Mid [Disturbed/Logged]","BF/BS Forest, Early-Mid","Picea mariana",0.15
"DP23-36","f","BF/BS Forest, Early-Mid [Disturbed/Logged]","BF/BS Forest, Early-Mid","Pleurozium schreberi",0.17
"DP23-38","b","Wetland","Wetland","Carex echinata",0.03
"DP23-38","b","Wetland","Wetland","Carex oligosperma",0.1
"DP23-38","b","Wetland","Wetland","Chamaedaphne calyculata",0.02
"DP23-38","b","Wetland","Wetland","Cladium mariscoides",0.03
"DP23-38","b","Wetland","Wetland","Clintonia borealis",0.005
"DP23-38","b","Wetland","Wetland","Cornus canadensis",0.005
"DP23-38","b","Wetland","Wetland","Eurybia radula",0.005
"DP23-38","b","Wetland","Wetland","Larix laricina",0.07
"DP23-38","b","Wetland","Wetland","Linnaea borealis subsp. longiflora",0.005
"DP23-38","b","Wetland","Wetland","Lonicera villosa",0.002
"DP23-38","b","Wetland","Wetland","Maianthemum trifolium",0.02
"DP23-38","b","Wetland","Wetland",NA,0.15
"DP23-38","b","Wetland","Wetland","Picea mariana",0.3
"DP23-38","b","Wetland","Wetland","Pleurozium schreberi",0.05
"DP23-38","b","Wetland","Wetland","Rhododendron groenlandicum",0.03
"DP23-38","b","Wetland","Wetland","Rosa nitida",0.01
"DP23-38","b","Wetland","Wetland","Rubus pubescens",0.01
"DP23-38","b","Wetland","Wetland","Sanguisorba canadensis",0.15
"DP23-38","b","Wetland","Wetland","Sphagnum angustifolium",0.25
"DP23-38","b","Wetland","Wetland","Sphagnum magellanicum",0.05
"DP23-38","b","Wetland","Wetland","Sphagnum warnstorfii",0.1
"DP23-38","b","Wetland","Wetland","Vaccinium oxycoccos",0.003
"DP23-4","f","BF/BS Forest, Early-Mid [Disturbed/Logged]","BF/BS Forest, Early-Mid","Abies balsamea",0.07
"DP23-4","f","BF/BS Forest, Early-Mid [Disturbed/Logged]","BF/BS Forest, Early-Mid","Dicranum fuscescens",0.003
"DP23-4","f","BF/BS Forest, Early-Mid [Disturbed/Logged]","BF/BS Forest, Early-Mid","Gaultheria hispidula",0.002
"DP23-4","f","BF/BS Forest, Early-Mid [Disturbed/Logged]","BF/BS Forest, Early-Mid","Hylocomium splendens",0.4
"DP23-4","f","BF/BS Forest, Early-Mid [Disturbed/Logged]","BF/BS Forest, Early-Mid","Kalmia angustifolia",0.003
"DP23-4","f","BF/BS Forest, Early-Mid [Disturbed/Logged]","BF/BS Forest, Early-Mid","Picea mariana",0.6
"DP23-4","f","BF/BS Forest, Early-Mid [Disturbed/Logged]","BF/BS Forest, Early-Mid","Pleurozium schreberi",0.15
"DP23-4","f","BF/BS Forest, Early-Mid [Disturbed/Logged]","BF/BS Forest, Early-Mid","Ptilium crista-castrensis",0.4
"DP23-4","f","BF/BS Forest, Early-Mid [Disturbed/Logged]","BF/BS Forest, Early-Mid","Sphagnum sp.",0.001
"DP23-4","f","BF/BS Forest, Early-Mid [Disturbed/Logged]","BF/BS Forest, Early-Mid","Unknown",0.01
"DP23-4","f","BF/BS Forest, Early-Mid [Disturbed/Logged]","BF/BS Forest, Early-Mid","Vaccinium angustifolium",0.001
"DP23-41","f","BF/BS Forest, Early-Mid [Established Rec]","BF/BS Forest, Early-Mid","Abies balsamea",0.05
"DP23-41","f","BF/BS Forest, Early-Mid [Established Rec]","BF/BS Forest, Early-Mid","Betula papyrifera",0.005
"DP23-41","f","BF/BS Forest, Early-Mid [Established Rec]","BF/BS Forest, Early-Mid","Carex echinata",0.005
"DP23-41","f","BF/BS Forest, Early-Mid [Established Rec]","BF/BS Forest, Early-Mid","Clintonia borealis",0.005
"DP23-41","f","BF/BS Forest, Early-Mid [Established Rec]","BF/BS Forest, Early-Mid","Cornus canadensis",0.04
"DP23-41","f","BF/BS Forest, Early-Mid [Established Rec]","BF/BS Forest, Early-Mid","Gaultheria hispidula",0.005
"DP23-41","f","BF/BS Forest, Early-Mid [Established Rec]","BF/BS Forest, Early-Mid","Kalmia angustifolia",0.65
"DP23-41","f","BF/BS Forest, Early-Mid [Established Rec]","BF/BS Forest, Early-Mid","Picea mariana",0.15
"DP23-41","f","BF/BS Forest, Early-Mid [Established Rec]","BF/BS Forest, Early-Mid","Pleurozium schreberi",0.07
"DP23-41","f","BF/BS Forest, Early-Mid [Established Rec]","BF/BS Forest, Early-Mid","Ptilium crista-castrensis",0.01
"DP23-41","f","BF/BS Forest, Early-Mid [Established Rec]","BF/BS Forest, Early-Mid","Vaccinium angustifolium",0.01
"DP23-41","f","BF/BS Forest, Early-Mid [Established Rec]","BF/BS Forest, Early-Mid","Vaccinium vitis-idaea",0.04
"DP23-42","f","BF/BS Forest, Early-Mid [Established Rec]","BF/BS Forest, Early-Mid","Alnus alnobetula subsp. crispa",0.1
"DP23-42","f","BF/BS Forest, Early-Mid [Established Rec]","BF/BS Forest, Early-Mid","Betula papyrifera",0.03
"DP23-42","f","BF/BS Forest, Early-Mid [Established Rec]","BF/BS Forest, Early-Mid","Calamagrostis canadensis",0.01
"DP23-42","f","BF/BS Forest, Early-Mid [Established Rec]","BF/BS Forest, Early-Mid","Cornus canadensis",0.01
"DP23-42","f","BF/BS Forest, Early-Mid [Established Rec]","BF/BS Forest, Early-Mid","Euthamia graminifolia",0.04
"DP23-42","f","BF/BS Forest, Early-Mid [Established Rec]","BF/BS Forest, Early-Mid",NA,0.002
"DP23-42","f","BF/BS Forest, Early-Mid [Established Rec]","BF/BS Forest, Early-Mid","Picea mariana",0.02
"DP23-42","f","BF/BS Forest, Early-Mid [Established Rec]","BF/BS Forest, Early-Mid","Rubus idaeus subsp. strigosus",0.75
"DP23-43","f","BF/BS Forest, Early-Mid [Reclaimed]","BF/BS Forest, Early-Mid","Abies balsamea",0.01
"DP23-43","f","BF/BS Forest, Early-Mid [Reclaimed]","BF/BS Forest, Early-Mid","Betula papyrifera",0.002
"DP23-43","f","BF/BS Forest, Early-Mid [Reclaimed]","BF/BS Forest, Early-Mid","Cornus canadensis",0.015
"DP23-43","f","BF/BS Forest, Early-Mid [Reclaimed]","BF/BS Forest, Early-Mid","Gaultheria hispidula",0.005
"DP23-43","f","BF/BS Forest, Early-Mid [Reclaimed]","BF/BS Forest, Early-Mid","Kalmia angustifolia",0.4
"DP23-43","f","BF/BS Forest, Early-Mid [Reclaimed]","BF/BS Forest, Early-Mid","Maianthemum trifolium",0.001
"DP23-43","f","BF/BS Forest, Early-Mid [Reclaimed]","BF/BS Forest, Early-Mid","Picea mariana",0.2
"DP23-43","f","BF/BS Forest, Early-Mid [Reclaimed]","BF/BS Forest, Early-Mid","Pleurozium schreberi",0.05
"DP23-43","f","BF/BS Forest, Early-Mid [Reclaimed]","BF/BS Forest, Early-Mid","Rubus idaeus subsp. strigosus",0.001
"DP23-43","f","BF/BS Forest, Early-Mid [Reclaimed]","BF/BS Forest, Early-Mid","Vaccinium angustifolium",0.05
"DP23-43","f","BF/BS Forest, Early-Mid [Reclaimed]","BF/BS Forest, Early-Mid","Vaccinium vitis-idaea",0.07
"DP23-44","f","BF/BS Forest, Early-Mid [Established Rec]","BF/BS Forest, Early-Mid","Abies balsamea",0.005
"DP23-44","f","BF/BS Forest, Early-Mid [Established Rec]","BF/BS Forest, Early-Mid","Cornus canadensis",0.02
"DP23-44","f","BF/BS Forest, Early-Mid [Established Rec]","BF/BS Forest, Early-Mid","Euthamia graminifolia",0.001
"DP23-44","f","BF/BS Forest, Early-Mid [Established Rec]","BF/BS Forest, Early-Mid","Gaultheria hispidula",0.01
"DP23-44","f","BF/BS Forest, Early-Mid [Established Rec]","BF/BS Forest, Early-Mid","Kalmia angustifolia",0.45
"DP23-44","f","BF/BS Forest, Early-Mid [Established Rec]","BF/BS Forest, Early-Mid","Larix laricina",0.01
"DP23-44","f","BF/BS Forest, Early-Mid [Established Rec]","BF/BS Forest, Early-Mid","Picea mariana",0.3
"DP23-44","f","BF/BS Forest, Early-Mid [Established Rec]","BF/BS Forest, Early-Mid","Pleurozium schreberi",0.05
"DP23-44","f","BF/BS Forest, Early-Mid [Established Rec]","BF/BS Forest, Early-Mid","Rhododendron groenlandicum",0.002
"DP23-44","f","BF/BS Forest, Early-Mid [Established Rec]","BF/BS Forest, Early-Mid","Rubus idaeus subsp. strigosus",0.005
"DP23-44","f","BF/BS Forest, Early-Mid [Established Rec]","BF/BS Forest, Early-Mid","Vaccinium angustifolium",0.01
"DP23-44","f","BF/BS Forest, Early-Mid [Established Rec]","BF/BS Forest, Early-Mid","Vaccinium vitis-idaea",0.05
"DP23-45","f","BF/BS Forest, Early-Mid [Established Rec]","BF/BS Forest, Early-Mid","Abies balsamea",0.003
"DP23-45","f","BF/BS Forest, Early-Mid [Established Rec]","BF/BS Forest, Early-Mid","Cornus canadensis",0.02
"DP23-45","f","BF/BS Forest, Early-Mid [Established Rec]","BF/BS Forest, Early-Mid","Gaultheria hispidula",0.005
"DP23-45","f","BF/BS Forest, Early-Mid [Established Rec]","BF/BS Forest, Early-Mid","Kalmia angustifolia",0.55
"DP23-45","f","BF/BS Forest, Early-Mid [Established Rec]","BF/BS Forest, Early-Mid","Larix laricina",0.001
"DP23-45","f","BF/BS Forest, Early-Mid [Established Rec]","BF/BS Forest, Early-Mid","Picea mariana",0.2
"DP23-45","f","BF/BS Forest, Early-Mid [Established Rec]","BF/BS Forest, Early-Mid","Pleurozium schreberi",0.04
"DP23-45","f","BF/BS Forest, Early-Mid [Established Rec]","BF/BS Forest, Early-Mid","Ptilium crista-castrensis",0.01
"DP23-45","f","BF/BS Forest, Early-Mid [Established Rec]","BF/BS Forest, Early-Mid","Rubus idaeus subsp. strigosus",0.005
"DP23-45","f","BF/BS Forest, Early-Mid [Established Rec]","BF/BS Forest, Early-Mid","Vaccinium angustifolium",0.03
"DP23-45","f","BF/BS Forest, Early-Mid [Established Rec]","BF/BS Forest, Early-Mid","Vaccinium vitis-idaea",0.02
"DP23-46","f","BF/BS Forest, Early-Mid [Established Rec]","BF/BS Forest, Early-Mid","Cornus canadensis",0.02
"DP23-46","f","BF/BS Forest, Early-Mid [Established Rec]","BF/BS Forest, Early-Mid","Gaultheria hispidula",0.01
"DP23-46","f","BF/BS Forest, Early-Mid [Established Rec]","BF/BS Forest, Early-Mid","Kalmia angustifolia",0.2
"DP23-46","f","BF/BS Forest, Early-Mid [Established Rec]","BF/BS Forest, Early-Mid",NA,0.15
"DP23-46","f","BF/BS Forest, Early-Mid [Established Rec]","BF/BS Forest, Early-Mid","Picea mariana",0.15
"DP23-46","f","BF/BS Forest, Early-Mid [Established Rec]","BF/BS Forest, Early-Mid","Pleurozium schreberi",0.05
"DP23-46","f","BF/BS Forest, Early-Mid [Established Rec]","BF/BS Forest, Early-Mid","Rubus idaeus subsp. strigosus",0.005
"DP23-46","f","BF/BS Forest, Early-Mid [Established Rec]","BF/BS Forest, Early-Mid","Vaccinium angustifolium",0.03
"DP23-46","f","BF/BS Forest, Early-Mid [Established Rec]","BF/BS Forest, Early-Mid","Vaccinium vitis-idaea",0.005
"DP23-47","f","BF/BS Forest, Early-Mid [Established Rec]","BF/BS Forest, Early-Mid","Calamagrostis canadensis",0.1
"DP23-47","f","BF/BS Forest, Early-Mid [Established Rec]","BF/BS Forest, Early-Mid","Chamaedaphne calyculata",0.35
"DP23-47","f","BF/BS Forest, Early-Mid [Established Rec]","BF/BS Forest, Early-Mid","Coptis trifolia",0.001
"DP23-47","f","BF/BS Forest, Early-Mid [Established Rec]","BF/BS Forest, Early-Mid","Cornus canadensis",0.002
"DP23-47","f","BF/BS Forest, Early-Mid [Established Rec]","BF/BS Forest, Early-Mid","Euthamia graminifolia",0.001
"DP23-47","f","BF/BS Forest, Early-Mid [Established Rec]","BF/BS Forest, Early-Mid","Kalmia angustifolia",0.01
"DP23-47","f","BF/BS Forest, Early-Mid [Established Rec]","BF/BS Forest, Early-Mid","Larix laricina",0.1
"DP23-47","f","BF/BS Forest, Early-Mid [Established Rec]","BF/BS Forest, Early-Mid","Myrica gale",0.05
"DP23-47","f","BF/BS Forest, Early-Mid [Established Rec]","BF/BS Forest, Early-Mid",NA,0.03
"DP23-47","f","BF/BS Forest, Early-Mid [Established Rec]","BF/BS Forest, Early-Mid","Picea mariana",0.07
"DP23-47","f","BF/BS Forest, Early-Mid [Established Rec]","BF/BS Forest, Early-Mid","Rhododendron groenlandicum",0.01
"DP23-47","f","BF/BS Forest, Early-Mid [Established Rec]","BF/BS Forest, Early-Mid","Unknown",0.02
"DP23-47","f","BF/BS Forest, Early-Mid [Established Rec]","BF/BS Forest, Early-Mid","unknown graminoid",0.01
"DP23-47","f","BF/BS Forest, Early-Mid [Established Rec]","BF/BS Forest, Early-Mid","Vaccinium angustifolium",0.005
"DP23-47","f","BF/BS Forest, Early-Mid [Established Rec]","BF/BS Forest, Early-Mid","Vaccinium oxycoccos",0.001
"DP23-48","f","BF/BS Forest, Early-Mid [Established Rec]","BF/BS Forest, Early-Mid","Abies balsamea",0.02
"DP23-48","f","BF/BS Forest, Early-Mid [Established Rec]","BF/BS Forest, Early-Mid","Anaphalis margaritacea",0.07
"DP23-48","f","BF/BS Forest, Early-Mid [Established Rec]","BF/BS Forest, Early-Mid","Betula papyrifera",0.03
"DP23-48","f","BF/BS Forest, Early-Mid [Established Rec]","BF/BS Forest, Early-Mid","Calamagrostis canadensis",0.005
"DP23-48","f","BF/BS Forest, Early-Mid [Established Rec]","BF/BS Forest, Early-Mid","Cornus canadensis",0.001
"DP23-48","f","BF/BS Forest, Early-Mid [Established Rec]","BF/BS Forest, Early-Mid","Equisetum arvense",0.003
"DP23-48","f","BF/BS Forest, Early-Mid [Established Rec]","BF/BS Forest, Early-Mid","Euthamia graminifolia",0.07
"DP23-48","f","BF/BS Forest, Early-Mid [Established Rec]","BF/BS Forest, Early-Mid","Gaultheria hispidula",0.002
"DP23-48","f","BF/BS Forest, Early-Mid [Established Rec]","BF/BS Forest, Early-Mid","Larix laricina",0.005
"DP23-48","f","BF/BS Forest, Early-Mid [Established Rec]","BF/BS Forest, Early-Mid","Luzula parviflora",0.003
"DP23-48","f","BF/BS Forest, Early-Mid [Established Rec]","BF/BS Forest, Early-Mid","Picea mariana",0.07
"DP23-48","f","BF/BS Forest, Early-Mid [Established Rec]","BF/BS Forest, Early-Mid","Pleurozium schreberi",0.002
"DP23-48","f","BF/BS Forest, Early-Mid [Established Rec]","BF/BS Forest, Early-Mid","Polytrichum commune",0.07
"DP23-48","f","BF/BS Forest, Early-Mid [Established Rec]","BF/BS Forest, Early-Mid","Ptilium crista-castrensis",0.001
"DP23-48","f","BF/BS Forest, Early-Mid [Established Rec]","BF/BS Forest, Early-Mid","Rubus pubescens",0.003
"DP23-48","f","BF/BS Forest, Early-Mid [Established Rec]","BF/BS Forest, Early-Mid","Salix lucida",0.02
"DP23-49","f","BF/BS Forest, Early-Mid [Established Rec]","BF/BS Forest, Early-Mid","Alnus alnobetula subsp. crispa",0.004
"DP23-49","f","BF/BS Forest, Early-Mid [Established Rec]","BF/BS Forest, Early-Mid","Anaphalis margaritacea",0.15
"DP23-49","f","BF/BS Forest, Early-Mid [Established Rec]","BF/BS Forest, Early-Mid","Atrichum undulatum",0.05
"DP23-49","f","BF/BS Forest, Early-Mid [Established Rec]","BF/BS Forest, Early-Mid","Betula papyrifera",0.001
"DP23-49","f","BF/BS Forest, Early-Mid [Established Rec]","BF/BS Forest, Early-Mid","Calamagrostis canadensis",0.001
"DP23-49","f","BF/BS Forest, Early-Mid [Established Rec]","BF/BS Forest, Early-Mid","Campylopus schimperi",0.05
"DP23-49","f","BF/BS Forest, Early-Mid [Established Rec]","BF/BS Forest, Early-Mid","Carex adusta",0.01
"DP23-49","f","BF/BS Forest, Early-Mid [Established Rec]","BF/BS Forest, Early-Mid","Equisetum arvense",0.15
"DP23-49","f","BF/BS Forest, Early-Mid [Established Rec]","BF/BS Forest, Early-Mid","Euthamia graminifolia",0.35
"DP23-49","f","BF/BS Forest, Early-Mid [Established Rec]","BF/BS Forest, Early-Mid","Glyceria canadensis",0.005
"DP23-49","f","BF/BS Forest, Early-Mid [Established Rec]","BF/BS Forest, Early-Mid","Juncus brevicaudatus",0.01
"DP23-49","f","BF/BS Forest, Early-Mid [Established Rec]","BF/BS Forest, Early-Mid","Juncus effusus",0.005
"DP23-49","f","BF/BS Forest, Early-Mid [Established Rec]","BF/BS Forest, Early-Mid","Luzula parviflora",0.01
"DP23-49","f","BF/BS Forest, Early-Mid [Established Rec]","BF/BS Forest, Early-Mid","Pilosella caespitosa",0.02
"DP23-49","f","BF/BS Forest, Early-Mid [Established Rec]","BF/BS Forest, Early-Mid","Polytrichum formosum",0.05
"DP23-49","f","BF/BS Forest, Early-Mid [Established Rec]","BF/BS Forest, Early-Mid","Rubus pubescens",0.003
"DP23-49","f","BF/BS Forest, Early-Mid [Established Rec]","BF/BS Forest, Early-Mid","Scorzoneroides autumnalis",0.02
"DP23-49","f","BF/BS Forest, Early-Mid [Established Rec]","BF/BS Forest, Early-Mid","Syzygiella autumnalis",0.05
"DP23-49","f","BF/BS Forest, Early-Mid [Established Rec]","BF/BS Forest, Early-Mid","Tussilago farfara",0.003
"DP23-50","f","BF/BS Forest, Early-Mid [Disturbed/Logged]","BF/BS Forest, Early-Mid","Abies balsamea",0.35
"DP23-50","f","BF/BS Forest, Early-Mid [Disturbed/Logged]","BF/BS Forest, Early-Mid","Coptis trifolia",0.001
"DP23-50","f","BF/BS Forest, Early-Mid [Disturbed/Logged]","BF/BS Forest, Early-Mid","Cornus canadensis",0.08
"DP23-50","f","BF/BS Forest, Early-Mid [Disturbed/Logged]","BF/BS Forest, Early-Mid","Gaultheria hispidula",0.001
"DP23-50","f","BF/BS Forest, Early-Mid [Disturbed/Logged]","BF/BS Forest, Early-Mid","Hylocomium splendens",0.8
"DP23-50","f","BF/BS Forest, Early-Mid [Disturbed/Logged]","BF/BS Forest, Early-Mid","Kalmia angustifolia",0.05
"DP23-50","f","BF/BS Forest, Early-Mid [Disturbed/Logged]","BF/BS Forest, Early-Mid","Picea mariana",0.3
"DP23-50","f","BF/BS Forest, Early-Mid [Disturbed/Logged]","BF/BS Forest, Early-Mid","Pleurozium schreberi",0.05
"DP23-50","f","BF/BS Forest, Early-Mid [Disturbed/Logged]","BF/BS Forest, Early-Mid","Ptilium crista-castrensis",0.05
"DP23-52","b","Wetland","Wetland","Abies balsamea",0.003
"DP23-52","b","Wetland","Wetland","Carex limosa",0.001
"DP23-52","b","Wetland","Wetland","Carex trisperma",0.002
"DP23-52","b","Wetland","Wetland","Coptis trifolia",0.003
"DP23-52","b","Wetland","Wetland","Cornus canadensis",0.01
"DP23-52","b","Wetland","Wetland","Gaultheria hispidula",0.08
"DP23-52","b","Wetland","Wetland","Hylocomium splendens",0.02
"DP23-52","b","Wetland","Wetland","Kalmia angustifolia",0.2
"DP23-52","b","Wetland","Wetland","Linnaea borealis subsp. longiflora",0.003
"DP23-52","b","Wetland","Wetland","Maianthemum trifolium",0.002
"DP23-52","b","Wetland","Wetland",NA,0.02
"DP23-52","b","Wetland","Wetland","Picea mariana",0.5
"DP23-52","b","Wetland","Wetland","Pleurozium schreberi",0.18
"DP23-52","b","Wetland","Wetland","Rhododendron groenlandicum",0.1
"DP23-52","b","Wetland","Wetland","Sphagnum capillifolium",0.35
"DP23-52","b","Wetland","Wetland","Sphagnum magellanicum",0.35
"DP23-53","f","BF/BS Forest, Early-Mid [Disturbed/Logged]","BF/BS Forest, Early-Mid","Abies balsamea",0.03
"DP23-53","f","BF/BS Forest, Early-Mid [Disturbed/Logged]","BF/BS Forest, Early-Mid","Alnus alnobetula subsp. crispa",0.05
"DP23-53","f","BF/BS Forest, Early-Mid [Disturbed/Logged]","BF/BS Forest, Early-Mid","Betula papyrifera",0.03
"DP23-53","f","BF/BS Forest, Early-Mid [Disturbed/Logged]","BF/BS Forest, Early-Mid","Carex trisperma",0.003
"DP23-53","f","BF/BS Forest, Early-Mid [Disturbed/Logged]","BF/BS Forest, Early-Mid","Cornus canadensis",0.04
"DP23-53","f","BF/BS Forest, Early-Mid [Disturbed/Logged]","BF/BS Forest, Early-Mid","Gaultheria hispidula",0.005
"DP23-53","f","BF/BS Forest, Early-Mid [Disturbed/Logged]","BF/BS Forest, Early-Mid","Hylocomium splendens",0.08
"DP23-53","f","BF/BS Forest, Early-Mid [Disturbed/Logged]","BF/BS Forest, Early-Mid","Kalmia angustifolia",0.01
"DP23-53","f","BF/BS Forest, Early-Mid [Disturbed/Logged]","BF/BS Forest, Early-Mid","Picea mariana",0.4
"DP23-53","f","BF/BS Forest, Early-Mid [Disturbed/Logged]","BF/BS Forest, Early-Mid","Pleurozium schreberi",0.01
"DP23-53","f","BF/BS Forest, Early-Mid [Disturbed/Logged]","BF/BS Forest, Early-Mid","Ptilium crista-castrensis",0.01
"DP23-53","f","BF/BS Forest, Early-Mid [Disturbed/Logged]","BF/BS Forest, Early-Mid","Sphagnum capillifolium",0.35
"DP23-53","f","BF/BS Forest, Early-Mid [Disturbed/Logged]","BF/BS Forest, Early-Mid","Sphagnum fallax",0.35
"DP23-54","b","Wetland","Wetland","Alnus alnobetula subsp. crispa",0.8
"DP23-54","b","Wetland","Wetland","Betula papyrifera",0.02
"DP23-54","b","Wetland","Wetland","Carex trisperma",0.005
"DP23-54","b","Wetland","Wetland","Cornus canadensis",0.05
"DP23-54","b","Wetland","Wetland","Dryopteris carthusiana",0.2
"DP23-54","b","Wetland","Wetland","Galium triflorum",0.005
"DP23-54","b","Wetland","Wetland","Linnaea borealis subsp. longiflora",0.01
"DP23-54","b","Wetland","Wetland",NA,0.3
"DP23-54","b","Wetland","Wetland","Pleurozium schreberi",0.01
"DP23-54","b","Wetland","Wetland","Rubus idaeus subsp. strigosus",0.01
"DP23-54","b","Wetland","Wetland","Rubus pubescens",0.2
"DP23-54","b","Wetland","Wetland","Sphagnum girgensohnii",0.01
"DP23-54","b","Wetland","Wetland","Sphagnum magellanicum",0.01
"DP23-54","b","Wetland","Wetland","Sphagnum squarrosum",0.04
"DP23-54","b","Wetland","Wetland","Unknown",0.05
"DP23-57","b","Wetland","Wetland","Chamaedaphne calyculata",0.01
"DP23-57","b","Wetland","Wetland","Cladonia sp.",0.3
"DP23-57","b","Wetland","Wetland","Coptis trifolia",0.001
"DP23-57","b","Wetland","Wetland","Cornus canadensis",0.01
"DP23-57","b","Wetland","Wetland","Empetrum nigrum",0.01
"DP23-57","b","Wetland","Wetland","Gaultheria hispidula",0.005
"DP23-57","b","Wetland","Wetland","Kalmia angustifolia",0.55
"DP23-57","b","Wetland","Wetland","Larix laricina",0.001
"DP23-57","b","Wetland","Wetland","Myrica gale",0.001
"DP23-57","b","Wetland","Wetland","Picea mariana",0.1
"DP23-57","b","Wetland","Wetland","Pleurozium schreberi",0.6
"DP23-57","b","Wetland","Wetland","Rhododendron canadense",0.05
"DP23-57","b","Wetland","Wetland","Rhododendron groenlandicum",0.05
"DP23-57","b","Wetland","Wetland","Sphagnum capillifolium",0.05
"DP23-57","b","Wetland","Wetland","Vaccinium angustifolium",0.002
"DP23-57","b","Wetland","Wetland","Vaccinium oxycoccos",0.001
"DP23-58","f","BF/BS Forest, Early-Mid [Disturbed/Logged]","BF/BS Forest, Early-Mid","Abies balsamea",0.08
"DP23-58","f","BF/BS Forest, Early-Mid [Disturbed/Logged]","BF/BS Forest, Early-Mid","Carex trisperma",0.005
"DP23-58","f","BF/BS Forest, Early-Mid [Disturbed/Logged]","BF/BS Forest, Early-Mid","Clintonia borealis",0.02
"DP23-58","f","BF/BS Forest, Early-Mid [Disturbed/Logged]","BF/BS Forest, Early-Mid","Coptis trifolia",0.005
"DP23-58","f","BF/BS Forest, Early-Mid [Disturbed/Logged]","BF/BS Forest, Early-Mid","Cornus canadensis",0.14
"DP23-58","f","BF/BS Forest, Early-Mid [Disturbed/Logged]","BF/BS Forest, Early-Mid","Dryopteris carthusiana",0.003
"DP23-58","f","BF/BS Forest, Early-Mid [Disturbed/Logged]","BF/BS Forest, Early-Mid","Gaultheria hispidula",0.005
"DP23-58","f","BF/BS Forest, Early-Mid [Disturbed/Logged]","BF/BS Forest, Early-Mid","Hylocomium splendens",0.5
"DP23-58","f","BF/BS Forest, Early-Mid [Disturbed/Logged]","BF/BS Forest, Early-Mid","Linnaea borealis subsp. longiflora",0.02
"DP23-58","f","BF/BS Forest, Early-Mid [Disturbed/Logged]","BF/BS Forest, Early-Mid","Orthilia secunda",0.001
"DP23-58","f","BF/BS Forest, Early-Mid [Disturbed/Logged]","BF/BS Forest, Early-Mid","Picea mariana",0.4
"DP23-58","f","BF/BS Forest, Early-Mid [Disturbed/Logged]","BF/BS Forest, Early-Mid","Pleurozium schreberi",0.35
"DP23-58","f","BF/BS Forest, Early-Mid [Disturbed/Logged]","BF/BS Forest, Early-Mid","Ptilium crista-castrensis",0.05
"DP23-58","f","BF/BS Forest, Early-Mid [Disturbed/Logged]","BF/BS Forest, Early-Mid","Rubus pubescens",0.002
"DP23-59","f","BF/BS Forest, Early-Mid [Disturbed/Logged]","BF/BS Forest, Early-Mid","Abies balsamea",0.17
"DP23-59","f","BF/BS Forest, Early-Mid [Disturbed/Logged]","BF/BS Forest, Early-Mid","Carex echinata",0.06
"DP23-59","f","BF/BS Forest, Early-Mid [Disturbed/Logged]","BF/BS Forest, Early-Mid","Carex trisperma",0.03
"DP23-59","f","BF/BS Forest, Early-Mid [Disturbed/Logged]","BF/BS Forest, Early-Mid","Clintonia borealis",0.002
"DP23-59","f","BF/BS Forest, Early-Mid [Disturbed/Logged]","BF/BS Forest, Early-Mid","Cornus canadensis",0.08
"DP23-59","f","BF/BS Forest, Early-Mid [Disturbed/Logged]","BF/BS Forest, Early-Mid","Dryopteris carthusiana",0.04
"DP23-59","f","BF/BS Forest, Early-Mid [Disturbed/Logged]","BF/BS Forest, Early-Mid","Equisetum pratense",0.04
"DP23-59","f","BF/BS Forest, Early-Mid [Disturbed/Logged]","BF/BS Forest, Early-Mid","Eurybia radula",0.02
"DP23-59","f","BF/BS Forest, Early-Mid [Disturbed/Logged]","BF/BS Forest, Early-Mid","Gaultheria hispidula",0.005
"DP23-59","f","BF/BS Forest, Early-Mid [Disturbed/Logged]","BF/BS Forest, Early-Mid","Hylocomium splendens",0.03
"DP23-59","f","BF/BS Forest, Early-Mid [Disturbed/Logged]","BF/BS Forest, Early-Mid","Kalmia angustifolia",0.005
"DP23-59","f","BF/BS Forest, Early-Mid [Disturbed/Logged]","BF/BS Forest, Early-Mid","Linnaea borealis subsp. longiflora",0.02
"DP23-59","f","BF/BS Forest, Early-Mid [Disturbed/Logged]","BF/BS Forest, Early-Mid","Luzula parviflora",0.03
"DP23-59","f","BF/BS Forest, Early-Mid [Disturbed/Logged]","BF/BS Forest, Early-Mid",NA,0.08
"DP23-59","f","BF/BS Forest, Early-Mid [Disturbed/Logged]","BF/BS Forest, Early-Mid","Picea mariana",0.12
"DP23-59","f","BF/BS Forest, Early-Mid [Disturbed/Logged]","BF/BS Forest, Early-Mid","Pleurozium schreberi",0.35
"DP23-59","f","BF/BS Forest, Early-Mid [Disturbed/Logged]","BF/BS Forest, Early-Mid","Ptilium crista-castrensis",0.02
"DP23-59","f","BF/BS Forest, Early-Mid [Disturbed/Logged]","BF/BS Forest, Early-Mid","Ranunculus hispidus var. caricetorum",0.005
"DP23-59","f","BF/BS Forest, Early-Mid [Disturbed/Logged]","BF/BS Forest, Early-Mid","Rubus pubescens",0.06
"DP23-59","f","BF/BS Forest, Early-Mid [Disturbed/Logged]","BF/BS Forest, Early-Mid","Sphagnum capillifolium",0.4
"DP23-59","f","BF/BS Forest, Early-Mid [Disturbed/Logged]","BF/BS Forest, Early-Mid","Sphagnum squarrosum",0.2
"DP23-61","f","BF/BS Forest, Early-Mid [Disturbed/Logged]","BF/BS Forest, Early-Mid","Abies balsamea",0.15
"DP23-61","f","BF/BS Forest, Early-Mid [Disturbed/Logged]","BF/BS Forest, Early-Mid","Clintonia borealis",0.001
"DP23-61","f","BF/BS Forest, Early-Mid [Disturbed/Logged]","BF/BS Forest, Early-Mid","Cornus canadensis",0.09
"DP23-61","f","BF/BS Forest, Early-Mid [Disturbed/Logged]","BF/BS Forest, Early-Mid","Dryopteris carthusiana",0.02
"DP23-61","f","BF/BS Forest, Early-Mid [Disturbed/Logged]","BF/BS Forest, Early-Mid","Gaultheria hispidula",0.002
"DP23-61","f","BF/BS Forest, Early-Mid [Disturbed/Logged]","BF/BS Forest, Early-Mid","Hylocomium splendens",0.5
"DP23-61","f","BF/BS Forest, Early-Mid [Disturbed/Logged]","BF/BS Forest, Early-Mid","Linnaea borealis subsp. longiflora",0.08
"DP23-61","f","BF/BS Forest, Early-Mid [Disturbed/Logged]","BF/BS Forest, Early-Mid","Orthilia secunda",0.001
"DP23-61","f","BF/BS Forest, Early-Mid [Disturbed/Logged]","BF/BS Forest, Early-Mid","Picea mariana",0.55
"DP23-61","f","BF/BS Forest, Early-Mid [Disturbed/Logged]","BF/BS Forest, Early-Mid","Pleurozium schreberi",0.35
"DP23-61","f","BF/BS Forest, Early-Mid [Disturbed/Logged]","BF/BS Forest, Early-Mid","Ptilium crista-castrensis",0.01
"DP23-61","f","BF/BS Forest, Early-Mid [Disturbed/Logged]","BF/BS Forest, Early-Mid","Rubus pubescens",0.001
"DP23-62","f","BF/BS Forest, Early-Mid [Disturbed/Logged]","BF/BS Forest, Early-Mid","Abies balsamea",0.1
"DP23-62","f","BF/BS Forest, Early-Mid [Disturbed/Logged]","BF/BS Forest, Early-Mid","Carex trisperma",0.002
"DP23-62","f","BF/BS Forest, Early-Mid [Disturbed/Logged]","BF/BS Forest, Early-Mid","Clintonia borealis",0.002
"DP23-62","f","BF/BS Forest, Early-Mid [Disturbed/Logged]","BF/BS Forest, Early-Mid","Cornus canadensis",0.1
"DP23-62","f","BF/BS Forest, Early-Mid [Disturbed/Logged]","BF/BS Forest, Early-Mid","Gaultheria hispidula",0.02
"DP23-62","f","BF/BS Forest, Early-Mid [Disturbed/Logged]","BF/BS Forest, Early-Mid","Gymnocarpium dryopteris",0.01
"DP23-62","f","BF/BS Forest, Early-Mid [Disturbed/Logged]","BF/BS Forest, Early-Mid","Hylocomium splendens",0.6
"DP23-62","f","BF/BS Forest, Early-Mid [Disturbed/Logged]","BF/BS Forest, Early-Mid","Linnaea borealis subsp. longiflora",0.07
"DP23-62","f","BF/BS Forest, Early-Mid [Disturbed/Logged]","BF/BS Forest, Early-Mid","Orthilia secunda",0.001
"DP23-62","f","BF/BS Forest, Early-Mid [Disturbed/Logged]","BF/BS Forest, Early-Mid","Picea mariana",0.4
"DP23-62","f","BF/BS Forest, Early-Mid [Disturbed/Logged]","BF/BS Forest, Early-Mid","Pleurozium schreberi",0.25
"DP23-62","f","BF/BS Forest, Early-Mid [Disturbed/Logged]","BF/BS Forest, Early-Mid","Ptilium crista-castrensis",0.05
"DP23-63","f","BF/BS Forest, Early-Mid [Disturbed/Logged]","BF/BS Forest, Early-Mid","Abies balsamea",0.15
"DP23-63","f","BF/BS Forest, Early-Mid [Disturbed/Logged]","BF/BS Forest, Early-Mid","Betula papyrifera",0.002
"DP23-63","f","BF/BS Forest, Early-Mid [Disturbed/Logged]","BF/BS Forest, Early-Mid","Clintonia borealis",0.003
"DP23-63","f","BF/BS Forest, Early-Mid [Disturbed/Logged]","BF/BS Forest, Early-Mid","Cornus canadensis",0.08
"DP23-63","f","BF/BS Forest, Early-Mid [Disturbed/Logged]","BF/BS Forest, Early-Mid","Dryopteris carthusiana",0.005
"DP23-63","f","BF/BS Forest, Early-Mid [Disturbed/Logged]","BF/BS Forest, Early-Mid","Gaultheria hispidula",0.04
"DP23-63","f","BF/BS Forest, Early-Mid [Disturbed/Logged]","BF/BS Forest, Early-Mid","Hylocomium splendens",0.5
"DP23-63","f","BF/BS Forest, Early-Mid [Disturbed/Logged]","BF/BS Forest, Early-Mid","Linnaea borealis subsp. longiflora",0.005
"DP23-63","f","BF/BS Forest, Early-Mid [Disturbed/Logged]","BF/BS Forest, Early-Mid","Orthilia secunda",0.005
"DP23-63","f","BF/BS Forest, Early-Mid [Disturbed/Logged]","BF/BS Forest, Early-Mid","Picea mariana",0.2
"DP23-63","f","BF/BS Forest, Early-Mid [Disturbed/Logged]","BF/BS Forest, Early-Mid","Pleurozium schreberi",0.35
"DP23-63","f","BF/BS Forest, Early-Mid [Disturbed/Logged]","BF/BS Forest, Early-Mid","Ptilium crista-castrensis",0.05
"DP23-63","f","BF/BS Forest, Early-Mid [Disturbed/Logged]","BF/BS Forest, Early-Mid","Rhododendron groenlandicum",0.001
"DP23-63","f","BF/BS Forest, Early-Mid [Disturbed/Logged]","BF/BS Forest, Early-Mid","Rubus pubescens",0.001
"DP23-64","b","Wetland","Wetland","Clintonia borealis",0.02
"DP23-64","b","Wetland","Wetland","Cornus canadensis",0.05
"DP23-64","b","Wetland","Wetland","Gaultheria hispidula",0.1
"DP23-64","b","Wetland","Wetland","Hylocomium splendens",0.15
"DP23-64","b","Wetland","Wetland","Kalmia angustifolia",0.3
"DP23-64","b","Wetland","Wetland","Maianthemum trifolium",0.005
"DP23-64","b","Wetland","Wetland","Picea mariana",0.3
"DP23-64","b","Wetland","Wetland","Pleurozium schreberi",0.05
"DP23-64","b","Wetland","Wetland","Ptilium crista-castrensis",0.01
"DP23-64","b","Wetland","Wetland","Rhododendron groenlandicum",0.04
"DP23-64","b","Wetland","Wetland","Rubus chamaemorus",0.01
"DP23-64","b","Wetland","Wetland","Rubus pubescens",0.01
"DP23-64","b","Wetland","Wetland","Sphagnum capillifolium",0.7
"DP23-64","b","Wetland","Wetland","Vaccinium angustifolium",0.01
"DP23-64","b","Wetland","Wetland","Vaccinium vitis-idaea",0.01
"DP23-65","f","BF/BS Forest, Early-Mid","BF/BS Forest, Early-Mid","Abies balsamea",0.02
"DP23-65","f","BF/BS Forest, Early-Mid","BF/BS Forest, Early-Mid","Alnus alnobetula subsp. crispa",0.07
"DP23-65","f","BF/BS Forest, Early-Mid","BF/BS Forest, Early-Mid","Anaphalis margaritacea",0.003
"DP23-65","f","BF/BS Forest, Early-Mid","BF/BS Forest, Early-Mid","Betula papyrifera",0.05
"DP23-65","f","BF/BS Forest, Early-Mid","BF/BS Forest, Early-Mid","Calamagrostis canadensis",0.1
"DP23-65","f","BF/BS Forest, Early-Mid","BF/BS Forest, Early-Mid","Carex echinata",0.002
"DP23-65","f","BF/BS Forest, Early-Mid","BF/BS Forest, Early-Mid","Clintonia borealis",0.005
"DP23-65","f","BF/BS Forest, Early-Mid","BF/BS Forest, Early-Mid","Cornus canadensis",0.07
"DP23-65","f","BF/BS Forest, Early-Mid","BF/BS Forest, Early-Mid","Dryopteris carthusiana",0.02
"DP23-65","f","BF/BS Forest, Early-Mid","BF/BS Forest, Early-Mid","Eurybia radula",0.005
"DP23-65","f","BF/BS Forest, Early-Mid","BF/BS Forest, Early-Mid","Gaultheria hispidula",0.02
"DP23-65","f","BF/BS Forest, Early-Mid","BF/BS Forest, Early-Mid","Glyceria canadensis",0.01
"DP23-65","f","BF/BS Forest, Early-Mid","BF/BS Forest, Early-Mid","Juncus effusus",0.08
"DP23-65","f","BF/BS Forest, Early-Mid","BF/BS Forest, Early-Mid","Luzula parviflora",0.1
"DP23-65","f","BF/BS Forest, Early-Mid","BF/BS Forest, Early-Mid","Maianthemum trifolium",0.005
"DP23-65","f","BF/BS Forest, Early-Mid","BF/BS Forest, Early-Mid",NA,0.003
"DP23-65","f","BF/BS Forest, Early-Mid","BF/BS Forest, Early-Mid","Picea mariana",0.2
"DP23-65","f","BF/BS Forest, Early-Mid","BF/BS Forest, Early-Mid","Pleurozium schreberi",0.15
"DP23-65","f","BF/BS Forest, Early-Mid","BF/BS Forest, Early-Mid","Rubus idaeus subsp. strigosus",0.005
"DP23-65","f","BF/BS Forest, Early-Mid","BF/BS Forest, Early-Mid","Rubus pubescens",0.25
"DP23-65","f","BF/BS Forest, Early-Mid","BF/BS Forest, Early-Mid","Sphagnum girgensohnii",0.05
"DP23-66","b","BF/BS Forest, Early-Mid","BF/BS Forest, Early-Mid","Abies balsamea",0.05
"DP23-66","b","BF/BS Forest, Early-Mid","BF/BS Forest, Early-Mid","Betula papyrifera",0.02
"DP23-66","b","BF/BS Forest, Early-Mid","BF/BS Forest, Early-Mid","Clintonia borealis",0.001
"DP23-66","b","BF/BS Forest, Early-Mid","BF/BS Forest, Early-Mid","Cornus canadensis",0.04
"DP23-66","b","BF/BS Forest, Early-Mid","BF/BS Forest, Early-Mid","Dryopteris carthusiana",0.02
"DP23-66","b","BF/BS Forest, Early-Mid","BF/BS Forest, Early-Mid","Gaultheria hispidula",0.005
"DP23-66","b","BF/BS Forest, Early-Mid","BF/BS Forest, Early-Mid","Hylocomium splendens",0.35
"DP23-66","b","BF/BS Forest, Early-Mid","BF/BS Forest, Early-Mid","Linnaea borealis subsp. longiflora",0.003
"DP23-66","b","BF/BS Forest, Early-Mid","BF/BS Forest, Early-Mid",NA,0.002
"DP23-66","b","BF/BS Forest, Early-Mid","BF/BS Forest, Early-Mid","Picea mariana",0.6
"DP23-66","b","BF/BS Forest, Early-Mid","BF/BS Forest, Early-Mid","Pleurozium schreberi",0.15
"DP23-66","b","BF/BS Forest, Early-Mid","BF/BS Forest, Early-Mid","Ptilium crista-castrensis",0.1
"DP23-66","b","BF/BS Forest, Early-Mid","BF/BS Forest, Early-Mid","Spinulum annotinum subsp. alpestre",0.002
"DP23-69","b","Wetland","Wetland","Betula michauxii",0.001
"DP23-69","b","Wetland","Wetland","Betula minor",0.003
"DP23-69","b","Wetland","Wetland","Betula pumila",0.002
"DP23-69","b","Wetland","Wetland","Carex oligosperma",0.01
"DP23-69","b","Wetland","Wetland","Cladium mariscoides",0.5
"DP23-69","b","Wetland","Wetland","Equisetum fluviatile",0.02
"DP23-69","b","Wetland","Wetland","Eurybia radula",0.002
"DP23-69","b","Wetland","Wetland","Larix laricina",0.03
"DP23-69","b","Wetland","Wetland","Myrica gale",0.01
"DP23-69","b","Wetland","Wetland",NA,0.003
"DP23-69","b","Wetland","Wetland","Picea mariana",0.005
"DP23-69","b","Wetland","Wetland","Rhododendron groenlandicum",0.002
"DP23-69","b","Wetland","Wetland","Sanguisorba canadensis",0.02
"DP23-69","b","Wetland","Wetland","Sarracenia purpurea",0.005
"DP23-69","b","Wetland","Wetland","Solidago uliginosa",0.02
"DP23-69","b","Wetland","Wetland","Unknown",0.9
"DP23-69","b","Wetland","Wetland","Vaccinium oxycoccos",0.003
"DP23-70","f","BF/BS Forest, Early-Mid [Disturbed/Logged]","BF/BS Forest, Early-Mid","Abies balsamea",0.05
"DP23-70","f","BF/BS Forest, Early-Mid [Disturbed/Logged]","BF/BS Forest, Early-Mid","Anaphalis margaritacea",0.001
"DP23-70","f","BF/BS Forest, Early-Mid [Disturbed/Logged]","BF/BS Forest, Early-Mid","Carex echinata",0.05
"DP23-70","f","BF/BS Forest, Early-Mid [Disturbed/Logged]","BF/BS Forest, Early-Mid","Carex limosa",0.005
"DP23-70","f","BF/BS Forest, Early-Mid [Disturbed/Logged]","BF/BS Forest, Early-Mid","Clintonia borealis",0.015
"DP23-70","f","BF/BS Forest, Early-Mid [Disturbed/Logged]","BF/BS Forest, Early-Mid","Coptis trifolia",0.001
"DP23-70","f","BF/BS Forest, Early-Mid [Disturbed/Logged]","BF/BS Forest, Early-Mid","Cornus canadensis",0.06
"DP23-70","f","BF/BS Forest, Early-Mid [Disturbed/Logged]","BF/BS Forest, Early-Mid","Dryopteris carthusiana",0.05
"DP23-70","f","BF/BS Forest, Early-Mid [Disturbed/Logged]","BF/BS Forest, Early-Mid","Gaultheria hispidula",0.01
"DP23-70","f","BF/BS Forest, Early-Mid [Disturbed/Logged]","BF/BS Forest, Early-Mid","Glyceria canadensis",0.005
"DP23-70","f","BF/BS Forest, Early-Mid [Disturbed/Logged]","BF/BS Forest, Early-Mid","Hylocomium splendens",0.02
"DP23-70","f","BF/BS Forest, Early-Mid [Disturbed/Logged]","BF/BS Forest, Early-Mid","Juncus effusus",0.002
"DP23-70","f","BF/BS Forest, Early-Mid [Disturbed/Logged]","BF/BS Forest, Early-Mid","Linnaea borealis subsp. longiflora",0.002
"DP23-70","f","BF/BS Forest, Early-Mid [Disturbed/Logged]","BF/BS Forest, Early-Mid","Luzula parviflora",0.005
"DP23-70","f","BF/BS Forest, Early-Mid [Disturbed/Logged]","BF/BS Forest, Early-Mid",NA,0.005
"DP23-70","f","BF/BS Forest, Early-Mid [Disturbed/Logged]","BF/BS Forest, Early-Mid","Picea mariana",0.6
"DP23-70","f","BF/BS Forest, Early-Mid [Disturbed/Logged]","BF/BS Forest, Early-Mid","Pleurozium schreberi",0.03
"DP23-70","f","BF/BS Forest, Early-Mid [Disturbed/Logged]","BF/BS Forest, Early-Mid","Rubus pubescens",0.05
"DP23-70","f","BF/BS Forest, Early-Mid [Disturbed/Logged]","BF/BS Forest, Early-Mid","Solidago rugosa",0.01
"DP23-70","f","BF/BS Forest, Early-Mid [Disturbed/Logged]","BF/BS Forest, Early-Mid","Sphagnum capillifolium",0.25
"DP23-70","f","BF/BS Forest, Early-Mid [Disturbed/Logged]","BF/BS Forest, Early-Mid","Sphagnum magellanicum",0.25
"DP23-70","f","BF/BS Forest, Early-Mid [Disturbed/Logged]","BF/BS Forest, Early-Mid","Sphagnum warnstorfii",0.25
"DP23-8","f","BF/BS Forest, Early-Mid [Disturbed/Logged]","BF/BS Forest, Early-Mid","Abies balsamea",0.75
"DP23-8","f","BF/BS Forest, Early-Mid [Disturbed/Logged]","BF/BS Forest, Early-Mid","Clintonia borealis",0.001
"DP23-8","f","BF/BS Forest, Early-Mid [Disturbed/Logged]","BF/BS Forest, Early-Mid","Cornus canadensis",0.01
"DP23-8","f","BF/BS Forest, Early-Mid [Disturbed/Logged]","BF/BS Forest, Early-Mid","Dicranum fuscescens",0.001
"DP23-8","f","BF/BS Forest, Early-Mid [Disturbed/Logged]","BF/BS Forest, Early-Mid","Dicranum polysetum",0.001
"DP23-8","f","BF/BS Forest, Early-Mid [Disturbed/Logged]","BF/BS Forest, Early-Mid","Hylocomium splendens",0.25
"DP23-8","f","BF/BS Forest, Early-Mid [Disturbed/Logged]","BF/BS Forest, Early-Mid","Linnaea borealis subsp. longiflora",0.005
"DP23-8","f","BF/BS Forest, Early-Mid [Disturbed/Logged]","BF/BS Forest, Early-Mid","Picea glauca",0.05
"DP23-8","f","BF/BS Forest, Early-Mid [Disturbed/Logged]","BF/BS Forest, Early-Mid","Pleurozium schreberi",0.25
"DP23-8","f","BF/BS Forest, Early-Mid [Disturbed/Logged]","BF/BS Forest, Early-Mid","Ptilium crista-castrensis",0.2
"DP23-8","f","BF/BS Forest, Early-Mid [Disturbed/Logged]","BF/BS Forest, Early-Mid","Rubus pubescens",0.001
"DP23-8","f","BF/BS Forest, Early-Mid [Disturbed/Logged]","BF/BS Forest, Early-Mid","Sphagnum capillifolium",0.001
"DP23-8","f","BF/BS Forest, Early-Mid [Disturbed/Logged]","BF/BS Forest, Early-Mid","Unknown",0.001
"DP23-9","b","BF/BS Forest, Early-Mid","BF/BS Forest, Early-Mid","Abies balsamea",0.1
"DP23-9","b","BF/BS Forest, Early-Mid","BF/BS Forest, Early-Mid","Cladonia sp.",0.01
"DP23-9","b","BF/BS Forest, Early-Mid","BF/BS Forest, Early-Mid","Cornus canadensis",0.07
"DP23-9","b","BF/BS Forest, Early-Mid","BF/BS Forest, Early-Mid","Dicranum polysetum",0.01
"DP23-9","b","BF/BS Forest, Early-Mid","BF/BS Forest, Early-Mid","Gaultheria hispidula",0.04
"DP23-9","b","BF/BS Forest, Early-Mid","BF/BS Forest, Early-Mid","Hylocomium splendens",0.05
"DP23-9","b","BF/BS Forest, Early-Mid","BF/BS Forest, Early-Mid","Kalmia angustifolia",0.05
"DP23-9","b","BF/BS Forest, Early-Mid","BF/BS Forest, Early-Mid","Picea mariana",0.45
"DP23-9","b","BF/BS Forest, Early-Mid","BF/BS Forest, Early-Mid","Pleurozium schreberi",0.7
"DP23-9","b","BF/BS Forest, Early-Mid","BF/BS Forest, Early-Mid","Ptilium crista-castrensis",0.1
"DP23-9","b","BF/BS Forest, Early-Mid","BF/BS Forest, Early-Mid","Vaccinium angustifolium",0.05
"DP23-9","b","BF/BS Forest, Early-Mid","BF/BS Forest, Early-Mid","Vaccinium vitis-idaea",0.001
"DP2401","f","Wetland [Reclaimed]","Wetland","Betula michauxii",0.03
"DP2401","f","Wetland [Reclaimed]","Wetland","Carex utriculata",0.02
"DP2401","f","Wetland [Reclaimed]","Wetland","Chamaedaphne calyculata",0.001
"DP2401","f","Wetland [Reclaimed]","Wetland","Drosera rotundifolia",0.005
"DP2401","f","Wetland [Reclaimed]","Wetland","Larix laricina",0.03
"DP2401","f","Wetland [Reclaimed]","Wetland","Linnaea borealis subsp. longiflora",0.001
"DP2401","f","Wetland [Reclaimed]","Wetland","Lonicera villosa",0.001
"DP2401","f","Wetland [Reclaimed]","Wetland","Myrica gale",0.06
"DP2401","f","Wetland [Reclaimed]","Wetland",NA,0.02
"DP2401","f","Wetland [Reclaimed]","Wetland","Picea mariana",0.02
"DP2401","f","Wetland [Reclaimed]","Wetland","Platanthera blephariglottis",0.001
"DP2401","f","Wetland [Reclaimed]","Wetland","Pleurozium schreberi",0.001
"DP2401","f","Wetland [Reclaimed]","Wetland","Rhododendron groenlandicum",0.03
"DP2401","f","Wetland [Reclaimed]","Wetland","Sanguisorba canadensis",0.12
"DP2401","f","Wetland [Reclaimed]","Wetland","Sarracenia purpurea",0.02
"DP2401","f","Wetland [Reclaimed]","Wetland","Solidago uliginosa",0.02
"DP2401","f","Wetland [Reclaimed]","Wetland","Sphagnum capillifolium",0.001
"DP2401","f","Wetland [Reclaimed]","Wetland","Sphagnum contortum",0.001
"DP2401","f","Wetland [Reclaimed]","Wetland","Sphagnum fuscum",0.001
"DP2401","f","Wetland [Reclaimed]","Wetland","Sphagnum magellanicum",0.001
"DP2401","f","Wetland [Reclaimed]","Wetland","Unknown",0.01
"DP2401","f","Wetland [Reclaimed]","Wetland","Utricularia cornuta",0.001
"DP2401","f","Wetland [Reclaimed]","Wetland","Vaccinium oxycoccos",0.005
"DP2402","f","BF/BS Forest, Early-Mid [Disturbed/Logged]","BF/BS Forest, Early-Mid","Alnus alnobetula subsp. crispa",0.15
"DP2402","f","BF/BS Forest, Early-Mid [Disturbed/Logged]","BF/BS Forest, Early-Mid","Anaphalis margaritacea",0.001
"DP2402","f","BF/BS Forest, Early-Mid [Disturbed/Logged]","BF/BS Forest, Early-Mid","Angelica atropurpurea",0.005
"DP2402","f","BF/BS Forest, Early-Mid [Disturbed/Logged]","BF/BS Forest, Early-Mid","Athyrium filix-femina var. angustum",0.001
"DP2402","f","BF/BS Forest, Early-Mid [Disturbed/Logged]","BF/BS Forest, Early-Mid","Calamagrostis canadensis",0.1
"DP2402","f","BF/BS Forest, Early-Mid [Disturbed/Logged]","BF/BS Forest, Early-Mid","Chamerion angustifolium",0.005
"DP2402","f","BF/BS Forest, Early-Mid [Disturbed/Logged]","BF/BS Forest, Early-Mid","Clintonia borealis",0.005
"DP2402","f","BF/BS Forest, Early-Mid [Disturbed/Logged]","BF/BS Forest, Early-Mid","Cornus canadensis",0.01
"DP2402","f","BF/BS Forest, Early-Mid [Disturbed/Logged]","BF/BS Forest, Early-Mid","Dicranum polysetum",0.001
"DP2402","f","BF/BS Forest, Early-Mid [Disturbed/Logged]","BF/BS Forest, Early-Mid","Epilobium palustre",0.001
"DP2402","f","BF/BS Forest, Early-Mid [Disturbed/Logged]","BF/BS Forest, Early-Mid","Equisetum pratense",0.05
"DP2402","f","BF/BS Forest, Early-Mid [Disturbed/Logged]","BF/BS Forest, Early-Mid","Euthamia graminifolia",0.15
"DP2402","f","BF/BS Forest, Early-Mid [Disturbed/Logged]","BF/BS Forest, Early-Mid","Eutrochium maculatum",0.001
"DP2402","f","BF/BS Forest, Early-Mid [Disturbed/Logged]","BF/BS Forest, Early-Mid","Gaylussacia bigeloviana",0.005
"DP2402","f","BF/BS Forest, Early-Mid [Disturbed/Logged]","BF/BS Forest, Early-Mid","Geum macrophyllum",0.001
"DP2402","f","BF/BS Forest, Early-Mid [Disturbed/Logged]","BF/BS Forest, Early-Mid","Kalmia angustifolia",0.005
"DP2402","f","BF/BS Forest, Early-Mid [Disturbed/Logged]","BF/BS Forest, Early-Mid","Larix laricina",0.005
"DP2402","f","BF/BS Forest, Early-Mid [Disturbed/Logged]","BF/BS Forest, Early-Mid","Linnaea borealis subsp. longiflora",0.01
"DP2402","f","BF/BS Forest, Early-Mid [Disturbed/Logged]","BF/BS Forest, Early-Mid","Lonicera villosa",0.005
"DP2402","f","BF/BS Forest, Early-Mid [Disturbed/Logged]","BF/BS Forest, Early-Mid",NA,0.001
"DP2402","f","BF/BS Forest, Early-Mid [Disturbed/Logged]","BF/BS Forest, Early-Mid","Oenothera biennis",0.001
"DP2402","f","BF/BS Forest, Early-Mid [Disturbed/Logged]","BF/BS Forest, Early-Mid","Phleum pratense",0.005
"DP2402","f","BF/BS Forest, Early-Mid [Disturbed/Logged]","BF/BS Forest, Early-Mid","Picea mariana",0.15
"DP2402","f","BF/BS Forest, Early-Mid [Disturbed/Logged]","BF/BS Forest, Early-Mid","Platanthera dilatata",0.001
"DP2402","f","BF/BS Forest, Early-Mid [Disturbed/Logged]","BF/BS Forest, Early-Mid","Pleurozium schreberi",0.001
"DP2402","f","BF/BS Forest, Early-Mid [Disturbed/Logged]","BF/BS Forest, Early-Mid","Prunus virginiana",0.005
"DP2402","f","BF/BS Forest, Early-Mid [Disturbed/Logged]","BF/BS Forest, Early-Mid","Ptilium crista-castrensis",0.001
"DP2402","f","BF/BS Forest, Early-Mid [Disturbed/Logged]","BF/BS Forest, Early-Mid","Rhododendron groenlandicum",0.001
"DP2402","f","BF/BS Forest, Early-Mid [Disturbed/Logged]","BF/BS Forest, Early-Mid","Ribes triste",0.01
"DP2402","f","BF/BS Forest, Early-Mid [Disturbed/Logged]","BF/BS Forest, Early-Mid","Rubus idaeus subsp. strigosus",0.05
"DP2402","f","BF/BS Forest, Early-Mid [Disturbed/Logged]","BF/BS Forest, Early-Mid","Rubus pubescens",0.03
"DP2402","f","BF/BS Forest, Early-Mid [Disturbed/Logged]","BF/BS Forest, Early-Mid","Schoenoplectus tabernaemontani",0.05
"DP2402","f","BF/BS Forest, Early-Mid [Disturbed/Logged]","BF/BS Forest, Early-Mid","Scirpus atrocinctus",0.15
"DP2402","f","BF/BS Forest, Early-Mid [Disturbed/Logged]","BF/BS Forest, Early-Mid","Solidago rugosa",0.01
"DP2402","f","BF/BS Forest, Early-Mid [Disturbed/Logged]","BF/BS Forest, Early-Mid","Solidago uliginosa",0.005
"DP2402","f","BF/BS Forest, Early-Mid [Disturbed/Logged]","BF/BS Forest, Early-Mid","Unknown",0.001
"DP2402","f","BF/BS Forest, Early-Mid [Disturbed/Logged]","BF/BS Forest, Early-Mid","Viburnum cassinoides",0.005
"DP2403","f","Wetland [Reclaimed]","Wetland","Alnus alnobetula subsp. crispa",0.2
"DP2403","f","Wetland [Reclaimed]","Wetland","Anastrophyllum hellerianum",0.005
"DP2403","f","Wetland [Reclaimed]","Wetland","Angelica atropurpurea",0.005
"DP2403","f","Wetland [Reclaimed]","Wetland","Bromus ciliatus",0.07
"DP2403","f","Wetland [Reclaimed]","Wetland","Calamagrostis canadensis",0.05
"DP2403","f","Wetland [Reclaimed]","Wetland","Chamaedaphne calyculata",0.001
"DP2403","f","Wetland [Reclaimed]","Wetland","Cirsium muticum",0.001
"DP2403","f","Wetland [Reclaimed]","Wetland","Clintonia borealis",0.005
"DP2403","f","Wetland [Reclaimed]","Wetland","Cornus canadensis",0.01
"DP2403","f","Wetland [Reclaimed]","Wetland","Dasiphora fruticosa",0.01
"DP2403","f","Wetland [Reclaimed]","Wetland","Equisetum palustre",0.005
"DP2403","f","Wetland [Reclaimed]","Wetland","Gaylussacia bigeloviana",0.001
"DP2403","f","Wetland [Reclaimed]","Wetland","Geum macrophyllum",0.01
"DP2403","f","Wetland [Reclaimed]","Wetland","Kalmia angustifolia",0.01
"DP2403","f","Wetland [Reclaimed]","Wetland","Larix laricina",0.01
"DP2403","f","Wetland [Reclaimed]","Wetland","Linnaea borealis subsp. longiflora",0.03
"DP2403","f","Wetland [Reclaimed]","Wetland","Lonicera villosa",0.01
"DP2403","f","Wetland [Reclaimed]","Wetland","Myrica gale",0.05
"DP2403","f","Wetland [Reclaimed]","Wetland",NA,0.01
"DP2403","f","Wetland [Reclaimed]","Wetland","Nabalus trifoliolatus",0.001
"DP2403","f","Wetland [Reclaimed]","Wetland","Picea mariana",0.07
"DP2403","f","Wetland [Reclaimed]","Wetland","Platanthera clavellata",0.001
"DP2403","f","Wetland [Reclaimed]","Wetland","Platanthera dilatata",0.005
"DP2403","f","Wetland [Reclaimed]","Wetland","Pleurozium schreberi",0.001
"DP2403","f","Wetland [Reclaimed]","Wetland","Polytrichum strictum",0.001
"DP2403","f","Wetland [Reclaimed]","Wetland","Rhododendron groenlandicum",0.03
"DP2403","f","Wetland [Reclaimed]","Wetland","Rubus idaeus subsp. strigosus",0.01
"DP2403","f","Wetland [Reclaimed]","Wetland","Rubus pubescens",0.05
"DP2403","f","Wetland [Reclaimed]","Wetland","Salix spp.",0.001
"DP2403","f","Wetland [Reclaimed]","Wetland","Sanguisorba canadensis",0.03
"DP2403","f","Wetland [Reclaimed]","Wetland","Schoenoplectus tabernaemontani",0.01
"DP2403","f","Wetland [Reclaimed]","Wetland","Scirpus atrocinctus",0.03
"DP2403","f","Wetland [Reclaimed]","Wetland","Solidago rugosa",0.01
"DP2403","f","Wetland [Reclaimed]","Wetland","Solidago uliginosa",0.02
"DP2403","f","Wetland [Reclaimed]","Wetland","Sphagnum capillifolium",0.001
"DP2403","f","Wetland [Reclaimed]","Wetland","Sphagnum magellanicum",0.001
"DP2403","f","Wetland [Reclaimed]","Wetland","Sphagnum warnstorfii",0.001
"DP2403","f","Wetland [Reclaimed]","Wetland","Thalictrum pubescens",0.001
"DP2403","f","Wetland [Reclaimed]","Wetland","Unknown",0.001
"DP2403","f","Wetland [Reclaimed]","Wetland","Vaccinium angustifolium",0.001
"DP2403","f","Wetland [Reclaimed]","Wetland","Vaccinium oxycoccos",0.005
"DP2404","f","Wetland [Reclaimed]","Wetland","Alnus alnobetula subsp. crispa",0.5
"DP2404","f","Wetland [Reclaimed]","Wetland","Anaphalis margaritacea",0.001
"DP2404","f","Wetland [Reclaimed]","Wetland","Calamagrostis canadensis",0.01
"DP2404","f","Wetland [Reclaimed]","Wetland","Clintonia borealis",0.005
"DP2404","f","Wetland [Reclaimed]","Wetland","Cornus canadensis",0.01
"DP2404","f","Wetland [Reclaimed]","Wetland","Dasiphora fruticosa",0.1
"DP2404","f","Wetland [Reclaimed]","Wetland","Equisetum pratense",0.01
"DP2404","f","Wetland [Reclaimed]","Wetland","Euthamia graminifolia",0.005
"DP2404","f","Wetland [Reclaimed]","Wetland","Geum macrophyllum",0.001
"DP2404","f","Wetland [Reclaimed]","Wetland","Kalmia angustifolia",0.01
"DP2404","f","Wetland [Reclaimed]","Wetland","Larix laricina",0.05
"DP2404","f","Wetland [Reclaimed]","Wetland","Linnaea borealis subsp. longiflora",0.03
"DP2404","f","Wetland [Reclaimed]","Wetland","Lonicera villosa",0.03
"DP2404","f","Wetland [Reclaimed]","Wetland","Maianthemum canadense",0.001
"DP2404","f","Wetland [Reclaimed]","Wetland","Myrica gale",0.02
"DP2404","f","Wetland [Reclaimed]","Wetland",NA,0.005
"DP2404","f","Wetland [Reclaimed]","Wetland","Picea mariana",0.02
"DP2404","f","Wetland [Reclaimed]","Wetland","Platanthera dilatata",0.001
"DP2404","f","Wetland [Reclaimed]","Wetland","Populus balsamifera",0.005
"DP2404","f","Wetland [Reclaimed]","Wetland","Rhododendron groenlandicum",0.03
"DP2404","f","Wetland [Reclaimed]","Wetland","Rosa nitida",0.01
"DP2404","f","Wetland [Reclaimed]","Wetland","Rubus idaeus subsp. strigosus",0.03
"DP2404","f","Wetland [Reclaimed]","Wetland","Rubus pubescens",0.05
"DP2404","f","Wetland [Reclaimed]","Wetland","Salix spp.",0.001
"DP2404","f","Wetland [Reclaimed]","Wetland","Sanguisorba canadensis",0.15
"DP2404","f","Wetland [Reclaimed]","Wetland","Schoenoplectus tabernaemontani",0.01
"DP2404","f","Wetland [Reclaimed]","Wetland","Scirpus atrocinctus",0.03
"DP2404","f","Wetland [Reclaimed]","Wetland","Scorpidium revolvens",0.001
"DP2404","f","Wetland [Reclaimed]","Wetland","Solidago rugosa",0.001
"DP2404","f","Wetland [Reclaimed]","Wetland","Solidago uliginosa",0.001
"DP2404","f","Wetland [Reclaimed]","Wetland","Sphagnum capillifolium",0.001
"DP2404","f","Wetland [Reclaimed]","Wetland","Sphagnum magellanicum",0.001
"DP2404","f","Wetland [Reclaimed]","Wetland","Symphyotrichum sp.",0.005
"DP2404","f","Wetland [Reclaimed]","Wetland","Thalictrum pubescens",0.005
"DP2404","f","Wetland [Reclaimed]","Wetland","Vaccinium oxycoccos",0.001
"DP2405","f","BF/BS Forest, Early-Mid [Disturbed/Logged]","BF/BS Forest, Early-Mid","Abies balsamea",0.05
"DP2405","f","BF/BS Forest, Early-Mid [Disturbed/Logged]","BF/BS Forest, Early-Mid","Alnus alnobetula subsp. crispa",0.35
"DP2405","f","BF/BS Forest, Early-Mid [Disturbed/Logged]","BF/BS Forest, Early-Mid","Anaphalis margaritacea",0.01
"DP2405","f","BF/BS Forest, Early-Mid [Disturbed/Logged]","BF/BS Forest, Early-Mid","Athyrium filix-femina var. angustum",0.005
"DP2405","f","BF/BS Forest, Early-Mid [Disturbed/Logged]","BF/BS Forest, Early-Mid","Brachythecium turgidum",0.001
"DP2405","f","BF/BS Forest, Early-Mid [Disturbed/Logged]","BF/BS Forest, Early-Mid","Calamagrostis canadensis",0.03
"DP2405","f","BF/BS Forest, Early-Mid [Disturbed/Logged]","BF/BS Forest, Early-Mid","Chamerion angustifolium",0.001
"DP2405","f","BF/BS Forest, Early-Mid [Disturbed/Logged]","BF/BS Forest, Early-Mid","Cirsium arvense",0.02
"DP2405","f","BF/BS Forest, Early-Mid [Disturbed/Logged]","BF/BS Forest, Early-Mid","Cornus canadensis",0.07
"DP2405","f","BF/BS Forest, Early-Mid [Disturbed/Logged]","BF/BS Forest, Early-Mid","Dicranum fuscescens",0.001
"DP2405","f","BF/BS Forest, Early-Mid [Disturbed/Logged]","BF/BS Forest, Early-Mid","Dicranum scoparium",0.001
"DP2405","f","BF/BS Forest, Early-Mid [Disturbed/Logged]","BF/BS Forest, Early-Mid","Equisetum pratense",0.005
"DP2405","f","BF/BS Forest, Early-Mid [Disturbed/Logged]","BF/BS Forest, Early-Mid","Euthamia graminifolia",0.2
"DP2405","f","BF/BS Forest, Early-Mid [Disturbed/Logged]","BF/BS Forest, Early-Mid","Galium triflorum",0.001
"DP2405","f","BF/BS Forest, Early-Mid [Disturbed/Logged]","BF/BS Forest, Early-Mid","Gaultheria hispidula",0.01
"DP2405","f","BF/BS Forest, Early-Mid [Disturbed/Logged]","BF/BS Forest, Early-Mid","Geum macrophyllum",0.001
"DP2405","f","BF/BS Forest, Early-Mid [Disturbed/Logged]","BF/BS Forest, Early-Mid","Hieracium lachenalii",0.005
"DP2405","f","BF/BS Forest, Early-Mid [Disturbed/Logged]","BF/BS Forest, Early-Mid","Hylocomiastrum umbratum",0.001
"DP2405","f","BF/BS Forest, Early-Mid [Disturbed/Logged]","BF/BS Forest, Early-Mid","Hylocomium splendens",0.001
"DP2405","f","BF/BS Forest, Early-Mid [Disturbed/Logged]","BF/BS Forest, Early-Mid","Larix laricina",0.1
"DP2405","f","BF/BS Forest, Early-Mid [Disturbed/Logged]","BF/BS Forest, Early-Mid","Linnaea borealis subsp. longiflora",0.02
"DP2405","f","BF/BS Forest, Early-Mid [Disturbed/Logged]","BF/BS Forest, Early-Mid","Lonicera villosa",0.01
"DP2405","f","BF/BS Forest, Early-Mid [Disturbed/Logged]","BF/BS Forest, Early-Mid",NA,0.05
"DP2405","f","BF/BS Forest, Early-Mid [Disturbed/Logged]","BF/BS Forest, Early-Mid","Phleum pratense",0.001
"DP2405","f","BF/BS Forest, Early-Mid [Disturbed/Logged]","BF/BS Forest, Early-Mid","Picea mariana",0.15
"DP2405","f","BF/BS Forest, Early-Mid [Disturbed/Logged]","BF/BS Forest, Early-Mid","Platanthera dilatata",0.001
"DP2405","f","BF/BS Forest, Early-Mid [Disturbed/Logged]","BF/BS Forest, Early-Mid","Pleurozium schreberi",0.005
"DP2405","f","BF/BS Forest, Early-Mid [Disturbed/Logged]","BF/BS Forest, Early-Mid","Prunus pensylvanica",0.005
"DP2405","f","BF/BS Forest, Early-Mid [Disturbed/Logged]","BF/BS Forest, Early-Mid","Ptilidium pulcherrimum",0.001
"DP2405","f","BF/BS Forest, Early-Mid [Disturbed/Logged]","BF/BS Forest, Early-Mid","Ptilium crista-castrensis",0.005
"DP2405","f","BF/BS Forest, Early-Mid [Disturbed/Logged]","BF/BS Forest, Early-Mid","Ribes triste",0.01
"DP2405","f","BF/BS Forest, Early-Mid [Disturbed/Logged]","BF/BS Forest, Early-Mid","Rubus idaeus subsp. strigosus",0.1
"DP2405","f","BF/BS Forest, Early-Mid [Disturbed/Logged]","BF/BS Forest, Early-Mid","Rubus pubescens",0.15
"DP2405","f","BF/BS Forest, Early-Mid [Disturbed/Logged]","BF/BS Forest, Early-Mid","Salix spp.",0.02
"DP2405","f","BF/BS Forest, Early-Mid [Disturbed/Logged]","BF/BS Forest, Early-Mid","Schoenoplectus tabernaemontani",0.005
"DP2405","f","BF/BS Forest, Early-Mid [Disturbed/Logged]","BF/BS Forest, Early-Mid","Scirpus atrocinctus",0.05
"DP2405","f","BF/BS Forest, Early-Mid [Disturbed/Logged]","BF/BS Forest, Early-Mid","Solidago rugosa",0.01
"DP2405","f","BF/BS Forest, Early-Mid [Disturbed/Logged]","BF/BS Forest, Early-Mid","Solidago uliginosa",0.001
"DP2405","f","BF/BS Forest, Early-Mid [Disturbed/Logged]","BF/BS Forest, Early-Mid","Sphagnum capillifolium",0.001
"DP2405","f","BF/BS Forest, Early-Mid [Disturbed/Logged]","BF/BS Forest, Early-Mid","Spiraea alba var. latifolia",0.005
"DP2405","f","BF/BS Forest, Early-Mid [Disturbed/Logged]","BF/BS Forest, Early-Mid","Symphyotrichum puniceum",0.001
"DP2405","f","BF/BS Forest, Early-Mid [Disturbed/Logged]","BF/BS Forest, Early-Mid","Trientalis borealis",0.001
"DP2405","f","BF/BS Forest, Early-Mid [Disturbed/Logged]","BF/BS Forest, Early-Mid","Trifolium hybridum",0.001
"DP2405","f","BF/BS Forest, Early-Mid [Disturbed/Logged]","BF/BS Forest, Early-Mid","Unknown",0.005
"DP2406","f","BF/BS Forest, Early-Mid [Disturbed/Logged]","BF/BS Forest, Early-Mid","Alnus alnobetula subsp. crispa",0.6
"DP2406","f","BF/BS Forest, Early-Mid [Disturbed/Logged]","BF/BS Forest, Early-Mid","Angelica atropurpurea",0.01
"DP2406","f","BF/BS Forest, Early-Mid [Disturbed/Logged]","BF/BS Forest, Early-Mid","Brachythecium campestre",0.001
"DP2406","f","BF/BS Forest, Early-Mid [Disturbed/Logged]","BF/BS Forest, Early-Mid","Campylium stellatum",0.001
"DP2406","f","BF/BS Forest, Early-Mid [Disturbed/Logged]","BF/BS Forest, Early-Mid","Chamerion angustifolium",0.005
"DP2406","f","BF/BS Forest, Early-Mid [Disturbed/Logged]","BF/BS Forest, Early-Mid","Chelone glabra",0.001
"DP2406","f","BF/BS Forest, Early-Mid [Disturbed/Logged]","BF/BS Forest, Early-Mid","Clintonia borealis",0.01
"DP2406","f","BF/BS Forest, Early-Mid [Disturbed/Logged]","BF/BS Forest, Early-Mid","Codriophorus fascicularis",0.001
"DP2406","f","BF/BS Forest, Early-Mid [Disturbed/Logged]","BF/BS Forest, Early-Mid","Cornus canadensis",0.02
"DP2406","f","BF/BS Forest, Early-Mid [Disturbed/Logged]","BF/BS Forest, Early-Mid","Dasiphora fruticosa",0.005
"DP2406","f","BF/BS Forest, Early-Mid [Disturbed/Logged]","BF/BS Forest, Early-Mid","Dicranum scoparium",0.001
"DP2406","f","BF/BS Forest, Early-Mid [Disturbed/Logged]","BF/BS Forest, Early-Mid","Equisetum pratense",0.005
"DP2406","f","BF/BS Forest, Early-Mid [Disturbed/Logged]","BF/BS Forest, Early-Mid","Euthamia graminifolia",0.1
"DP2406","f","BF/BS Forest, Early-Mid [Disturbed/Logged]","BF/BS Forest, Early-Mid","Galium triflorum",0.005
"DP2406","f","BF/BS Forest, Early-Mid [Disturbed/Logged]","BF/BS Forest, Early-Mid","Geum macrophyllum",0.005
"DP2406","f","BF/BS Forest, Early-Mid [Disturbed/Logged]","BF/BS Forest, Early-Mid","Larix laricina",0.02
"DP2406","f","BF/BS Forest, Early-Mid [Disturbed/Logged]","BF/BS Forest, Early-Mid","Lonicera villosa",0.001
"DP2406","f","BF/BS Forest, Early-Mid [Disturbed/Logged]","BF/BS Forest, Early-Mid","Maianthemum canadense",0.005
"DP2406","f","BF/BS Forest, Early-Mid [Disturbed/Logged]","BF/BS Forest, Early-Mid",NA,0.005
"DP2406","f","BF/BS Forest, Early-Mid [Disturbed/Logged]","BF/BS Forest, Early-Mid","Picea mariana",0.05
"DP2406","f","BF/BS Forest, Early-Mid [Disturbed/Logged]","BF/BS Forest, Early-Mid","Pleurozium schreberi",0.001
"DP2406","f","BF/BS Forest, Early-Mid [Disturbed/Logged]","BF/BS Forest, Early-Mid","Populus balsamifera",0.01
"DP2406","f","BF/BS Forest, Early-Mid [Disturbed/Logged]","BF/BS Forest, Early-Mid","Rhytidiadelphus triquetrus",0.001
"DP2406","f","BF/BS Forest, Early-Mid [Disturbed/Logged]","BF/BS Forest, Early-Mid","Ribes triste",0.005
"DP2406","f","BF/BS Forest, Early-Mid [Disturbed/Logged]","BF/BS Forest, Early-Mid","Rubus idaeus subsp. strigosus",0.2
"DP2406","f","BF/BS Forest, Early-Mid [Disturbed/Logged]","BF/BS Forest, Early-Mid","Rubus pubescens",0.3
"DP2406","f","BF/BS Forest, Early-Mid [Disturbed/Logged]","BF/BS Forest, Early-Mid","Schistidium papillosum",0.001
"DP2406","f","BF/BS Forest, Early-Mid [Disturbed/Logged]","BF/BS Forest, Early-Mid","Solidago rugosa",0.01
"DP2406","f","BF/BS Forest, Early-Mid [Disturbed/Logged]","BF/BS Forest, Early-Mid","Trientalis borealis",0.001
"DP2406","f","BF/BS Forest, Early-Mid [Disturbed/Logged]","BF/BS Forest, Early-Mid","Unknown",0.001
"DP2406","f","BF/BS Forest, Early-Mid [Disturbed/Logged]","BF/BS Forest, Early-Mid","Viburnum cassinoides",0.001
"DP2406","f","BF/BS Forest, Early-Mid [Disturbed/Logged]","BF/BS Forest, Early-Mid","Warnstorfia fluitans",0.001
"DP2408","f","Wetland [Reclaimed]","Wetland","Betula minor",0.02
"DP2408","f","Wetland [Reclaimed]","Wetland","Betula pumila",0.1
"DP2408","f","Wetland [Reclaimed]","Wetland","Chamaedaphne calyculata",0.02
"DP2408","f","Wetland [Reclaimed]","Wetland","Coptis trifolia",0.001
"DP2408","f","Wetland [Reclaimed]","Wetland","Dasiphora fruticosa",0.15
"DP2408","f","Wetland [Reclaimed]","Wetland","Drosera rotundifolia",0.001
"DP2408","f","Wetland [Reclaimed]","Wetland","Eriocaulon aquaticum",0.001
"DP2408","f","Wetland [Reclaimed]","Wetland","Eriophorum sp.",0.02
"DP2408","f","Wetland [Reclaimed]","Wetland","Juniperus horizontalis",0.005
"DP2408","f","Wetland [Reclaimed]","Wetland","Kalmia polifolia",0.01
"DP2408","f","Wetland [Reclaimed]","Wetland","Larix laricina",0.15
"DP2408","f","Wetland [Reclaimed]","Wetland","Maianthemum trifolium",0.01
"DP2408","f","Wetland [Reclaimed]","Wetland","Myrica gale",0.1
"DP2408","f","Wetland [Reclaimed]","Wetland",NA,0.05
"DP2408","f","Wetland [Reclaimed]","Wetland","Picea mariana",0.005
"DP2408","f","Wetland [Reclaimed]","Wetland","Platanthera dilatata",0.01
"DP2408","f","Wetland [Reclaimed]","Wetland","Rhododendron groenlandicum",0.03
"DP2408","f","Wetland [Reclaimed]","Wetland","Rubus pubescens",0.001
"DP2408","f","Wetland [Reclaimed]","Wetland","Sanguisorba canadensis",0.01
"DP2408","f","Wetland [Reclaimed]","Wetland","Sarracenia purpurea",0.01
"DP2408","f","Wetland [Reclaimed]","Wetland","Solidago uliginosa",0.005
"DP2408","f","Wetland [Reclaimed]","Wetland","Sphagnum capillifolium",0.001
"DP2408","f","Wetland [Reclaimed]","Wetland","Sphagnum fuscum",0.001
"DP2408","f","Wetland [Reclaimed]","Wetland","Utricularia cornuta",0.001
"DP2409","f","Wetland [Reclaimed]","Wetland","Abies balsamea",0.001
"DP2409","f","Wetland [Reclaimed]","Wetland","Betula michauxii",0.02
"DP2409","f","Wetland [Reclaimed]","Wetland","Betula minor",0.01
"DP2409","f","Wetland [Reclaimed]","Wetland","Betula pumila",0.07
"DP2409","f","Wetland [Reclaimed]","Wetland","Carex sp.",0.15
"DP2409","f","Wetland [Reclaimed]","Wetland","Chamaedaphne calyculata",0.25
"DP2409","f","Wetland [Reclaimed]","Wetland","Dicranella cerviculata",0.001
"DP2409","f","Wetland [Reclaimed]","Wetland","Eriophorum sp.",0.15
"DP2409","f","Wetland [Reclaimed]","Wetland","Kalmia angustifolia",0.001
"DP2409","f","Wetland [Reclaimed]","Wetland","Kalmia polifolia",0.02
"DP2409","f","Wetland [Reclaimed]","Wetland","Larix laricina",0.03
"DP2409","f","Wetland [Reclaimed]","Wetland","Lophozia sp.",0.001
"DP2409","f","Wetland [Reclaimed]","Wetland","Maianthemum canadense",0.02
"DP2409","f","Wetland [Reclaimed]","Wetland","Myrica gale",0.005
"DP2409","f","Wetland [Reclaimed]","Wetland",NA,0.03
"DP2409","f","Wetland [Reclaimed]","Wetland","Picea mariana",0.005
"DP2409","f","Wetland [Reclaimed]","Wetland","Rhododendron groenlandicum",0.07
"DP2409","f","Wetland [Reclaimed]","Wetland","Vaccinium angustifolium",0.001
"DP2409","f","Wetland [Reclaimed]","Wetland","Vaccinium oxycoccos",0.001
"DP2411","f","Wetland [Reclaimed]","Wetland","Aulacomnium palustre",0.001
"DP2411","f","Wetland [Reclaimed]","Wetland","Betula minor",0.005
"DP2411","f","Wetland [Reclaimed]","Wetland","Betula pumila",0.15
"DP2411","f","Wetland [Reclaimed]","Wetland","Campylophyllum hispidulum",0.001
"DP2411","f","Wetland [Reclaimed]","Wetland","Carex sp.",0.07
"DP2411","f","Wetland [Reclaimed]","Wetland","Chamaedaphne calyculata",0.01
"DP2411","f","Wetland [Reclaimed]","Wetland","Dasiphora fruticosa",0.05
"DP2411","f","Wetland [Reclaimed]","Wetland","Drosera rotundifolia",0.001
"DP2411","f","Wetland [Reclaimed]","Wetland","Eriophorum sp.",0.01
"DP2411","f","Wetland [Reclaimed]","Wetland","Fragaria virginiana",0.001
"DP2411","f","Wetland [Reclaimed]","Wetland","Juniperus horizontalis",0.01
"DP2411","f","Wetland [Reclaimed]","Wetland","Kalmia polifolia",0.001
"DP2411","f","Wetland [Reclaimed]","Wetland","Larix laricina",0.1
"DP2411","f","Wetland [Reclaimed]","Wetland","Linnaea borealis subsp. longiflora",0.001
"DP2411","f","Wetland [Reclaimed]","Wetland","Moerckia sp.",0.001
"DP2411","f","Wetland [Reclaimed]","Wetland","Myrica gale",0.05
"DP2411","f","Wetland [Reclaimed]","Wetland",NA,0.03
"DP2411","f","Wetland [Reclaimed]","Wetland","Picea mariana",0.07
"DP2411","f","Wetland [Reclaimed]","Wetland","Polytrichum strictum",0.001
"DP2411","f","Wetland [Reclaimed]","Wetland","Rhododendron groenlandicum",0.02
"DP2411","f","Wetland [Reclaimed]","Wetland","Rosa nitida",0.02
"DP2411","f","Wetland [Reclaimed]","Wetland","Rubus chamaemorus",0.001
"DP2411","f","Wetland [Reclaimed]","Wetland","Sanguisorba canadensis",0.03
"DP2411","f","Wetland [Reclaimed]","Wetland","Sarracenia purpurea",0.005
"DP2411","f","Wetland [Reclaimed]","Wetland","Solidago uliginosa",0.01
"DP2411","f","Wetland [Reclaimed]","Wetland","Sphagnum fuscum",0.001
"DP2411","f","Wetland [Reclaimed]","Wetland","Sphagnum magellanicum",0.001
"DP2411","f","Wetland [Reclaimed]","Wetland","Sphagnum warnstorfii",0.001
"DP2411","f","Wetland [Reclaimed]","Wetland","Thalictrum pubescens",0.001
"DP2411","f","Wetland [Reclaimed]","Wetland","Tomentypnum falcifolium",0.001
"DP2411","f","Wetland [Reclaimed]","Wetland","Typha latifolia",0.001
"DP2411","f","Wetland [Reclaimed]","Wetland","Vaccinium oxycoccos",0.001
"DP2416A","f","Wetland [Reclaimed]","Wetland","Alnus alnobetula subsp. crispa",0.65
"DP2416A","f","Wetland [Reclaimed]","Wetland","Calamagrostis canadensis",0.005
"DP2416A","f","Wetland [Reclaimed]","Wetland","Carex sp.",0.03
"DP2416A","f","Wetland [Reclaimed]","Wetland","Endotropis alnifolia",0.001
"DP2416A","f","Wetland [Reclaimed]","Wetland","Equisetum arvense",0.07
"DP2416A","f","Wetland [Reclaimed]","Wetland","Euthamia graminifolia",0.01
"DP2416A","f","Wetland [Reclaimed]","Wetland","Geum rivale",0.001
"DP2416A","f","Wetland [Reclaimed]","Wetland","Lonicera villosa",0.001
"DP2416A","f","Wetland [Reclaimed]","Wetland","Picea mariana",0.03
"DP2416A","f","Wetland [Reclaimed]","Wetland","Platanthera dilatata",0.001
"DP2416A","f","Wetland [Reclaimed]","Wetland","Poa sp.",0.01
"DP2416A","f","Wetland [Reclaimed]","Wetland","Rubus idaeus subsp. strigosus",0.03
"DP2416A","f","Wetland [Reclaimed]","Wetland","Rubus pubescens",0.005
"DP2416A","f","Wetland [Reclaimed]","Wetland","Salix bebbiana",0.01
"DP2416A","f","Wetland [Reclaimed]","Wetland","Sanguisorba canadensis",0.02
"DP2416A","f","Wetland [Reclaimed]","Wetland","Schoenoplectus tabernaemontani",0.05
"DP2416A","f","Wetland [Reclaimed]","Wetland","Scirpus sp.",0.1
"DP2416A","f","Wetland [Reclaimed]","Wetland","Symphyotrichum puniceum",0.01
"DP2416A","f","Wetland [Reclaimed]","Wetland","Thalictrum pubescens",0.03
"DP2416A","f","Wetland [Reclaimed]","Wetland","Tussilago farfara",0.001
"DP2416A","f","Wetland [Reclaimed]","Wetland","Viola sp.",0.001
"T_S10","f","BF/BS Forest, Early-Mid [Established Rec]","BF/BS Forest, Early-Mid","Abies balsamea",0.1
"T_S10","f","BF/BS Forest, Early-Mid [Established Rec]","BF/BS Forest, Early-Mid","Anaphalis margaritacea",0.02
"T_S10","f","BF/BS Forest, Early-Mid [Established Rec]","BF/BS Forest, Early-Mid","Betula alleghaniensis",0.02
"T_S10","f","BF/BS Forest, Early-Mid [Established Rec]","BF/BS Forest, Early-Mid","Betula papyrifera",0.02
"T_S10","f","BF/BS Forest, Early-Mid [Established Rec]","BF/BS Forest, Early-Mid","Calamagrostis canadensis",0.1
"T_S10","f","BF/BS Forest, Early-Mid [Established Rec]","BF/BS Forest, Early-Mid","Chamaedaphne calyculata",0.1
"T_S10","f","BF/BS Forest, Early-Mid [Established Rec]","BF/BS Forest, Early-Mid","Cornus canadensis",0.02
"T_S10","f","BF/BS Forest, Early-Mid [Established Rec]","BF/BS Forest, Early-Mid","Equisetum arvense",0.02
"T_S10","f","BF/BS Forest, Early-Mid [Established Rec]","BF/BS Forest, Early-Mid","Euthamia graminifolia",0.05
"T_S10","f","BF/BS Forest, Early-Mid [Established Rec]","BF/BS Forest, Early-Mid","Gaultheria hispidula",0.1
"T_S10","f","BF/BS Forest, Early-Mid [Established Rec]","BF/BS Forest, Early-Mid","Hieracium lachenalii",0.02
"T_S10","f","BF/BS Forest, Early-Mid [Established Rec]","BF/BS Forest, Early-Mid","Juncus effusus",0.02
"T_S10","f","BF/BS Forest, Early-Mid [Established Rec]","BF/BS Forest, Early-Mid","Juncus tenuis",0.05
"T_S10","f","BF/BS Forest, Early-Mid [Established Rec]","BF/BS Forest, Early-Mid","Kalmia angustifolia",0.2
"T_S10","f","BF/BS Forest, Early-Mid [Established Rec]","BF/BS Forest, Early-Mid","Kalmia polifolia",0.05
"T_S10","f","BF/BS Forest, Early-Mid [Established Rec]","BF/BS Forest, Early-Mid","Larix laricina",0.02
"T_S10","f","BF/BS Forest, Early-Mid [Established Rec]","BF/BS Forest, Early-Mid",NA,0.05
"T_S10","f","BF/BS Forest, Early-Mid [Established Rec]","BF/BS Forest, Early-Mid","Picea mariana",0.05
"T_S10","f","BF/BS Forest, Early-Mid [Established Rec]","BF/BS Forest, Early-Mid","Pleurozium schreberi",0.2
"T_S10","f","BF/BS Forest, Early-Mid [Established Rec]","BF/BS Forest, Early-Mid","Polytrichum strictum",0.2
"T_S10","f","BF/BS Forest, Early-Mid [Established Rec]","BF/BS Forest, Early-Mid","Prunus pensylvanica",0.02
"T_S10","f","BF/BS Forest, Early-Mid [Established Rec]","BF/BS Forest, Early-Mid","Rosa nitida",0.02
"T_S10","f","BF/BS Forest, Early-Mid [Established Rec]","BF/BS Forest, Early-Mid","Rubus idaeus",0.02
"T_S10","f","BF/BS Forest, Early-Mid [Established Rec]","BF/BS Forest, Early-Mid","Salix discolor",0.02
"T_S10","f","BF/BS Forest, Early-Mid [Established Rec]","BF/BS Forest, Early-Mid","Sarracenia purpurea",0.02
"T_S10","f","BF/BS Forest, Early-Mid [Established Rec]","BF/BS Forest, Early-Mid","Scirpus cyperinus",0.05
"T_S10","f","BF/BS Forest, Early-Mid [Established Rec]","BF/BS Forest, Early-Mid","Solidago rugosa",0.02
"T_S10","f","BF/BS Forest, Early-Mid [Established Rec]","BF/BS Forest, Early-Mid","Sphagnum sp.",0.2
"T_S10","f","BF/BS Forest, Early-Mid [Established Rec]","BF/BS Forest, Early-Mid","Symphyotrichum sp.",0.02
"T_S10","f","BF/BS Forest, Early-Mid [Established Rec]","BF/BS Forest, Early-Mid","Unidentified Grass",0.1
"T_S10","f","BF/BS Forest, Early-Mid [Established Rec]","BF/BS Forest, Early-Mid","Vaccinium oxycoccos",0.1
"T_S11","b","Wetland","Wetland","Chamaedaphne calyculata",0.05
"T_S11","b","Wetland","Wetland","Cladonia raniferina",0.3
"T_S11","b","Wetland","Wetland","Cornus canadensis",0.02
"T_S11","b","Wetland","Wetland","Gaultheria hispidula",0.05
"T_S11","b","Wetland","Wetland","Kalmia angustifolia",0.35
"T_S11","b","Wetland","Wetland",NA,0.05
"T_S11","b","Wetland","Wetland","Picea mariana",0.25
"T_S11","b","Wetland","Wetland","Pleurozium schreberi",0.2
"T_S11","b","Wetland","Wetland","Sphagnum sp.",0.4
"T_S11","b","Wetland","Wetland","Vaccinium angustifolium",0.02
"T_S11","b","Wetland","Wetland","Vaccinium vitis-idaea",0.02
"T_S11","b","Wetland","Wetland","Viburnum cassinoides",0.02
"T_S13","b","Wetland","Wetland","Alnus rugosa",0.02
"T_S13","b","Wetland","Wetland","Chamaedaphne calyculata",0.2
"T_S13","b","Wetland","Wetland","Cladonia raniferina",0.1
"T_S13","b","Wetland","Wetland","Coptis trifolia",0.15
"T_S13","b","Wetland","Wetland","Cornus canadensis",0.02
"T_S13","b","Wetland","Wetland","Gaultheria hispidula",0.1
"T_S13","b","Wetland","Wetland","Kalmia angustifolia",0.4
"T_S13","b","Wetland","Wetland","Kalmia polifolia",0.1
"T_S13","b","Wetland","Wetland","Larix laricina",0.05
"T_S13","b","Wetland","Wetland","Linnaea borealis",0.02
"T_S13","b","Wetland","Wetland","Lycopodium annotinum",0.05
"T_S13","b","Wetland","Wetland",NA,0.05
"T_S13","b","Wetland","Wetland","Picea mariana",0.35
"T_S13","b","Wetland","Wetland","Rubus chamaemorus",0.02
"T_S13","b","Wetland","Wetland","Sphagnum sp.",0.2
"T_S13","b","Wetland","Wetland","Vaccinium angustifolium",0.02
"T_S13","b","Wetland","Wetland","Vaccinium oxycoccos",0.02
"T_S2","b","Wetland","Wetland","Abies balsamea",0.02
"T_S2","b","Wetland","Wetland","Alnus rugosa",0.6
"T_S2","b","Wetland","Wetland","Aster umbellatus",0.02
"T_S2","b","Wetland","Wetland","Equisetum arvense",0.02
"T_S2","b","Wetland","Wetland","Lycopus americanus",0.02
"T_S2","b","Wetland","Wetland","Ribes glandulosum",0.02
"T_S2","b","Wetland","Wetland","Rubus idaeus",0.1
"T_S2","b","Wetland","Wetland","Sanguisorba canadensis",0.02
"T_S2","b","Wetland","Wetland","Solidago rugosa",0.2
"T_S2","b","Wetland","Wetland","Thalictrum polygamum",0.05
"T_S2","b","Wetland","Wetland","Unidentified Grass",0.05
"T_S8","b","Wetland","Wetland","Alnus rugosa",0.4
"T_S8","b","Wetland","Wetland","Cornus canadensis",0.02
"T_S8","b","Wetland","Wetland","Dryopteris spinulosa",0.05
"T_S8","b","Wetland","Wetland","Linnaea borealis",0.02
"T_S8","b","Wetland","Wetland","Lycopodium annotinum",0.1
"T_S8","b","Wetland","Wetland","Picea mariana",0.05
"T_S8","b","Wetland","Wetland","Pleurozium schreberi",0.15
"T_S8","b","Wetland","Wetland","Polytrichum strictum",0.05
"T_S8","b","Wetland","Wetland","Rubus pubescens",0.05
"T_S8","b","Wetland","Wetland","Trientalis borealis",0.02
"T_S8","b","Wetland","Wetland","Viola sp.",0.02
"T_V1","b","BF/BS Forest, Early-Mid","BF/BS Forest, Early-Mid","Abies balsamea",0.05
"T_V1","b","BF/BS Forest, Early-Mid","BF/BS Forest, Early-Mid","Alnus rugosa",0.02
"T_V1","b","BF/BS Forest, Early-Mid","BF/BS Forest, Early-Mid","Betula papyrifera",0.02
"T_V1","b","BF/BS Forest, Early-Mid","BF/BS Forest, Early-Mid","Gaultheria hispidula",0.15
"T_V1","b","BF/BS Forest, Early-Mid","BF/BS Forest, Early-Mid","Linnaea borealis",0.05
"T_V1","b","BF/BS Forest, Early-Mid","BF/BS Forest, Early-Mid","Picea mariana",0.6
"T_V1","b","BF/BS Forest, Early-Mid","BF/BS Forest, Early-Mid","Pleurozium schreberi",0.2
"T_V1","b","BF/BS Forest, Early-Mid","BF/BS Forest, Early-Mid","Ptilium crista-castrensis",0.6
"T_V1","b","BF/BS Forest, Early-Mid","BF/BS Forest, Early-Mid","Sphagnum sp.",0.2
"T_V10","b","BF/BS Forest, Early-Mid","BF/BS Forest, Early-Mid","Abies balsamea",0.5
"T_V10","b","BF/BS Forest, Early-Mid","BF/BS Forest, Early-Mid","Alnus rugosa",0.02
"T_V10","b","BF/BS Forest, Early-Mid","BF/BS Forest, Early-Mid","Betula papyrifera",0.02
"T_V10","b","BF/BS Forest, Early-Mid","BF/BS Forest, Early-Mid","Cornus canadensis",0.05
"T_V10","b","BF/BS Forest, Early-Mid","BF/BS Forest, Early-Mid","Dryopteris cristata",0.05
"T_V10","b","BF/BS Forest, Early-Mid","BF/BS Forest, Early-Mid","Gaultheria hispidula",0.05
"T_V10","b","BF/BS Forest, Early-Mid","BF/BS Forest, Early-Mid","Picea mariana",0.05
"T_V10","b","BF/BS Forest, Early-Mid","BF/BS Forest, Early-Mid","Pleurozium schreberi",0.15
"T_V10","b","BF/BS Forest, Early-Mid","BF/BS Forest, Early-Mid","Sphagnum sp.",0.15
"T_V10","b","BF/BS Forest, Early-Mid","BF/BS Forest, Early-Mid","Unidentified Grass",0.02
"T_V5","b","BF/BS Forest, Early-Mid","BF/BS Forest, Early-Mid","Abies balsamea",0.5
"T_V5","b","BF/BS Forest, Early-Mid","BF/BS Forest, Early-Mid","Alnus rugosa",0.02
"T_V5","b","BF/BS Forest, Early-Mid","BF/BS Forest, Early-Mid","Betula papyrifera",0.02
"T_V5","b","BF/BS Forest, Early-Mid","BF/BS Forest, Early-Mid","Cornus canadensis",0.02
"T_V5","b","BF/BS Forest, Early-Mid","BF/BS Forest, Early-Mid","Gaultheria hispidula",0.05
"T_V5","b","BF/BS Forest, Early-Mid","BF/BS Forest, Early-Mid","Linnaea borealis",0.02
"T_V5","b","BF/BS Forest, Early-Mid","BF/BS Forest, Early-Mid","Lycopodium annotinum",0.05
"T_V5","b","BF/BS Forest, Early-Mid","BF/BS Forest, Early-Mid","Picea mariana",0.02
"T_V5","b","BF/BS Forest, Early-Mid","BF/BS Forest, Early-Mid","Pleurozium schreberi",0.35
"T_V5","b","BF/BS Forest, Early-Mid","BF/BS Forest, Early-Mid","Polytrichum strictum",0.1
"T_V5","b","BF/BS Forest, Early-Mid","BF/BS Forest, Early-Mid","Ptilium crista-castrensis",0.4
"T_V5","b","BF/BS Forest, Early-Mid","BF/BS Forest, Early-Mid","Pyrola minor",0.02
"T_V5","b","BF/BS Forest, Early-Mid","BF/BS Forest, Early-Mid","Sphagnum sp.",0.02
"T_V6","b","BF/BS Forest, Early-Mid","BF/BS Forest, Early-Mid","Abies balsamea",0.3
"T_V6","b","BF/BS Forest, Early-Mid","BF/BS Forest, Early-Mid","Alnus rugosa",0.1
"T_V6","b","BF/BS Forest, Early-Mid","BF/BS Forest, Early-Mid","Betula papyrifera",0.02
"T_V6","b","BF/BS Forest, Early-Mid","BF/BS Forest, Early-Mid","Cornus canadensis",0.02
"T_V6","b","BF/BS Forest, Early-Mid","BF/BS Forest, Early-Mid","Gaultheria hispidula",0.05
"T_V6","b","BF/BS Forest, Early-Mid","BF/BS Forest, Early-Mid","Lycopodium annotinum",0.02
"T_V6","b","BF/BS Forest, Early-Mid","BF/BS Forest, Early-Mid","Picea mariana",0.2
"T_V6","b","BF/BS Forest, Early-Mid","BF/BS Forest, Early-Mid","Pleurozium schreberi",0.7
"T_V6","b","BF/BS Forest, Early-Mid","BF/BS Forest, Early-Mid","Ptilium crista-castrensis",0.2
"T_V6","b","BF/BS Forest, Early-Mid","BF/BS Forest, Early-Mid","Sphagnum sp.",0.02
"T_V7","b","BF/BS Forest, Early-Mid","BF/BS Forest, Early-Mid","Alnus rugosa",0.3
"T_V7","b","BF/BS Forest, Early-Mid","BF/BS Forest, Early-Mid","Cladonia cristatella",0.02
"T_V7","b","BF/BS Forest, Early-Mid","BF/BS Forest, Early-Mid","Cladonia raniferina",0.05
"T_V7","b","BF/BS Forest, Early-Mid","BF/BS Forest, Early-Mid","Clintonia borealis",0.05
"T_V7","b","BF/BS Forest, Early-Mid","BF/BS Forest, Early-Mid","Cornus canadensis",0.2
"T_V7","b","BF/BS Forest, Early-Mid","BF/BS Forest, Early-Mid","Equisetum arvense",0.02
"T_V7","b","BF/BS Forest, Early-Mid","BF/BS Forest, Early-Mid","Gaultheria hispidula",0.05
"T_V7","b","BF/BS Forest, Early-Mid","BF/BS Forest, Early-Mid","Kalmia angustifolia",0.05
"T_V7","b","BF/BS Forest, Early-Mid","BF/BS Forest, Early-Mid","Linnaea borealis",0.1
"T_V7","b","BF/BS Forest, Early-Mid","BF/BS Forest, Early-Mid","Picea mariana",0.05
"T_V7","b","BF/BS Forest, Early-Mid","BF/BS Forest, Early-Mid","Pleurozium schreberi",0.7
"T_V7","b","BF/BS Forest, Early-Mid","BF/BS Forest, Early-Mid","Polytrichum strictum",0.1
"T_V7","b","BF/BS Forest, Early-Mid","BF/BS Forest, Early-Mid","Rubus idaeus",0.05
"T_V7","b","BF/BS Forest, Early-Mid","BF/BS Forest, Early-Mid","Sphagnum sp.",0.1
"T_V7","b","BF/BS Forest, Early-Mid","BF/BS Forest, Early-Mid","Trientalis borealis",0.02
"T_V7","b","BF/BS Forest, Early-Mid","BF/BS Forest, Early-Mid","Viburnum cassinoides",0.15
"T_V9","b","BF/BS Forest, Early-Mid","BF/BS Forest, Early-Mid","Abies balsamea",0.2
"T_V9","b","BF/BS Forest, Early-Mid","BF/BS Forest, Early-Mid","Cornus canadensis",0.1
"T_V9","b","BF/BS Forest, Early-Mid","BF/BS Forest, Early-Mid","Gaultheria hispidula",0.02
"T_V9","b","BF/BS Forest, Early-Mid","BF/BS Forest, Early-Mid","Linnaea borealis",0.02
"T_V9","b","BF/BS Forest, Early-Mid","BF/BS Forest, Early-Mid","Picea mariana",0.4
"T_V9","b","BF/BS Forest, Early-Mid","BF/BS Forest, Early-Mid","Pleurozium schreberi",0.8
"T_V9","b","BF/BS Forest, Early-Mid","BF/BS Forest, Early-Mid","Ptilium crista-castrensis",0.1
"T_V9","b","BF/BS Forest, Early-Mid","BF/BS Forest, Early-Mid","Sphagnum sp.",0.1
"T_V9","b","BF/BS Forest, Early-Mid","BF/BS Forest, Early-Mid","Trientalis borealis",0.02
"T_WL2","b","Wetland","Wetland","Agrostis sp.",0.02
"T_WL2","b","Wetland","Wetland","Andromeda glaucophylla",0.02
"T_WL2","b","Wetland","Wetland","Aster nemoralis",0.02
"T_WL2","b","Wetland","Wetland","Betula michauxii",0.2
"T_WL2","b","Wetland","Wetland","Carex folliculata",0.05
"T_WL2","b","Wetland","Wetland","Chamaedaphne calyculata",0.2
"T_WL2","b","Wetland","Wetland","Cladonia raniferina",0.05
"T_WL2","b","Wetland","Wetland","Coptis trifolia",0.05
"T_WL2","b","Wetland","Wetland","Eriophorum virginicum",0.02
"T_WL2","b","Wetland","Wetland","Juniperus communis",0.1
"T_WL2","b","Wetland","Wetland","Kalmia angustifolia",0.15
"T_WL2","b","Wetland","Wetland","Kalmia polifolia",0.1
"T_WL2","b","Wetland","Wetland","Larix laricina",0.1
"T_WL2","b","Wetland","Wetland","Linnaea borealis",0.02
"T_WL2","b","Wetland","Wetland",NA,0.05
"T_WL2","b","Wetland","Wetland","Picea mariana",0.05
"T_WL2","b","Wetland","Wetland","Pleurozium schreberi",0.05
"T_WL2","b","Wetland","Wetland","Polytrichum strictum",0.05
"T_WL2","b","Wetland","Wetland","Rubus chamaemorus",0.02
"T_WL2","b","Wetland","Wetland","Sanguisorba canadensis",0.05
"T_WL2","b","Wetland","Wetland","Sarracenia purpurea",0.05
"T_WL2","b","Wetland","Wetland","Solidago uliginosa",0.02
"T_WL2","b","Wetland","Wetland","Sphagnum sp.",0.7
"T_WL2","b","Wetland","Wetland","Unidentified Grass",0.4
"T_WL2","b","Wetland","Wetland","Vaccinium oxycoccos",0.02
"T_WL2","b","Wetland","Wetland","Vaccinium vitis-idaea",0.05
"T_WL2","b","Wetland","Wetland","Viola sp.",0.05
"T_WL3","b","Wetland","Wetland","Aster nemoralis",0.05
"T_WL3","b","Wetland","Wetland","Betula pumila",0.2
"T_WL3","b","Wetland","Wetland","Chamaedaphne calyculata",0.1
"T_WL3","b","Wetland","Wetland","Dasiphora fruticosa",0.2
"T_WL3","b","Wetland","Wetland","Juniperus communis",0.05
"T_WL3","b","Wetland","Wetland","Kalmia angustifolia",0.1
"T_WL3","b","Wetland","Wetland","Kalmia polifolia",0.02
"T_WL3","b","Wetland","Wetland","Larix laricina",0.1
"T_WL3","b","Wetland","Wetland",NA,0.05
"T_WL3","b","Wetland","Wetland","Picea mariana",0.02
"T_WL3","b","Wetland","Wetland","Rosa nitida",0.05
"T_WL3","b","Wetland","Wetland","Rubus chamaemorus",0.02
"T_WL3","b","Wetland","Wetland","Rubus idaeus",0.05
"T_WL3","b","Wetland","Wetland","Rubus pubescens",0.1
"T_WL3","b","Wetland","Wetland","Sanguisorba canadensis",0.02
"T_WL3","b","Wetland","Wetland","Solidago uliginosa",0.05
"T_WL3","b","Wetland","Wetland","Sphagnum sp.",0.8
"T_WL3","b","Wetland","Wetland","Unidentified Grass",0.4
"T_WL3","b","Wetland","Wetland","Vaccinium oxycoccos",0.05
"T_WL3","b","Wetland","Wetland","Viburnum cassinoides",0.02
"T_WL3","b","Wetland","Wetland","Viola sp.",0.02
"T_WL4","b","Wetland","Wetland","Aster nemoralis",0.02
"T_WL4","b","Wetland","Wetland","Calamagrostis canadensis",0.1
"T_WL4","b","Wetland","Wetland","Carex folliculata",0.1
"T_WL4","b","Wetland","Wetland","Chamaedaphne calyculata",0.02
"T_WL4","b","Wetland","Wetland","Coptis trifolia",0.02
"T_WL4","b","Wetland","Wetland","Juniperus communis",0.05
"T_WL4","b","Wetland","Wetland","Kalmia polifolia",0.05
"T_WL4","b","Wetland","Wetland","Larix laricina",0.1
"T_WL4","b","Wetland","Wetland","Linnaea borealis",0.02
"T_WL4","b","Wetland","Wetland","Myrica gale",0.2
"T_WL4","b","Wetland","Wetland",NA,0.02
"T_WL4","b","Wetland","Wetland","Picea mariana",0.05
"T_WL4","b","Wetland","Wetland","Rosa nitida",0.05
"T_WL4","b","Wetland","Wetland","Sanguisorba canadensis",0.02
"T_WL4","b","Wetland","Wetland","Sphagnum sp.",0.8
"T_WL4","b","Wetland","Wetland","Unidentified Grass",0.4
"T_WL4","b","Wetland","Wetland","Vaccinium oxycoccos",0.02
"T_WL4","b","Wetland","Wetland","Viola sp.",0.1
"T_WL6","b","Wetland","Wetland","Carex trisperma",0.05
"T_WL6","b","Wetland","Wetland","Chamaedaphne calyculata",0.05
"T_WL6","b","Wetland","Wetland","Cladonia raniferina",0.15
"T_WL6","b","Wetland","Wetland","Eriophorum virginicum",0.02
"T_WL6","b","Wetland","Wetland","Kalmia angustifolia",0.3
"T_WL6","b","Wetland","Wetland","Kalmia polifolia",0.02
"T_WL6","b","Wetland","Wetland",NA,0.05
"T_WL6","b","Wetland","Wetland","Picea mariana",0.2
"T_WL6","b","Wetland","Wetland","Rubus chamaemorus",0.02
"T_WL6","b","Wetland","Wetland","Sphagnum sp.",0.9
"TS_15","f","BF/BS Forest, Early-Mid [Established Rec]","BF/BS Forest, Early-Mid","Abies balsamea",0.02
"TS_15","f","BF/BS Forest, Early-Mid [Established Rec]","BF/BS Forest, Early-Mid","Agrostis capillaris",0.05
"TS_15","f","BF/BS Forest, Early-Mid [Established Rec]","BF/BS Forest, Early-Mid","Alnus rugosa",0.25
"TS_15","f","BF/BS Forest, Early-Mid [Established Rec]","BF/BS Forest, Early-Mid","Calamagrostis canadensis",0.05
"TS_15","f","BF/BS Forest, Early-Mid [Established Rec]","BF/BS Forest, Early-Mid","Chamerion angustifolium",0.02
"TS_15","f","BF/BS Forest, Early-Mid [Established Rec]","BF/BS Forest, Early-Mid","Cirsium arvense",0.1
"TS_15","f","BF/BS Forest, Early-Mid [Established Rec]","BF/BS Forest, Early-Mid","Clintonia borealis",0.02
"TS_15","f","BF/BS Forest, Early-Mid [Established Rec]","BF/BS Forest, Early-Mid","Cornus canadensis",0.45
"TS_15","f","BF/BS Forest, Early-Mid [Established Rec]","BF/BS Forest, Early-Mid","Equisetum arvense",0.02
"TS_15","f","BF/BS Forest, Early-Mid [Established Rec]","BF/BS Forest, Early-Mid","Euthamia graminifolia",0.1
"TS_15","f","BF/BS Forest, Early-Mid [Established Rec]","BF/BS Forest, Early-Mid","Galium triflorum",0.02
"TS_15","f","BF/BS Forest, Early-Mid [Established Rec]","BF/BS Forest, Early-Mid",NA,0.02
"TS_15","f","BF/BS Forest, Early-Mid [Established Rec]","BF/BS Forest, Early-Mid","Picea glauca",0.1
"TS_15","f","BF/BS Forest, Early-Mid [Established Rec]","BF/BS Forest, Early-Mid","Pleurozium schreberi",0.05
"TS_15","f","BF/BS Forest, Early-Mid [Established Rec]","BF/BS Forest, Early-Mid","Prunus pensylvanica",0.02
"TS_15","f","BF/BS Forest, Early-Mid [Established Rec]","BF/BS Forest, Early-Mid","Ranunculus repens",0.02
"TS_15","f","BF/BS Forest, Early-Mid [Established Rec]","BF/BS Forest, Early-Mid","Rubus idaeus",0.2
"TS_15","f","BF/BS Forest, Early-Mid [Established Rec]","BF/BS Forest, Early-Mid","Rubus pubescens",0.05
"TS_15","f","BF/BS Forest, Early-Mid [Established Rec]","BF/BS Forest, Early-Mid","Salix discolor",0.02
"TS_15","f","BF/BS Forest, Early-Mid [Established Rec]","BF/BS Forest, Early-Mid","Sanguisorba canadensis",0.02
"TS_15","f","BF/BS Forest, Early-Mid [Established Rec]","BF/BS Forest, Early-Mid","Solidago rugosa",0.05
"TS_15","f","BF/BS Forest, Early-Mid [Established Rec]","BF/BS Forest, Early-Mid","Taraxicum officinale",0.02
"TS_15","f","BF/BS Forest, Early-Mid [Established Rec]","BF/BS Forest, Early-Mid","Unidentified Grass",0.05
"TS_15","f","BF/BS Forest, Early-Mid [Established Rec]","BF/BS Forest, Early-Mid","Viola sp.",0.02
"TS_17","f","BF/BS Forest, Early-Mid [Established Rec]","BF/BS Forest, Early-Mid","Alnus rugosa",0.8
"TS_17","f","BF/BS Forest, Early-Mid [Established Rec]","BF/BS Forest, Early-Mid","Clintonia borealis",0.02
"TS_17","f","BF/BS Forest, Early-Mid [Established Rec]","BF/BS Forest, Early-Mid","Cornus canadensis",0.05
"TS_17","f","BF/BS Forest, Early-Mid [Established Rec]","BF/BS Forest, Early-Mid","Dicranum spp.",0.05
"TS_17","f","BF/BS Forest, Early-Mid [Established Rec]","BF/BS Forest, Early-Mid","Dryopteris spinulosa",0.1
"TS_17","f","BF/BS Forest, Early-Mid [Established Rec]","BF/BS Forest, Early-Mid","Equisetum arvense",0.05
"TS_17","f","BF/BS Forest, Early-Mid [Established Rec]","BF/BS Forest, Early-Mid","Galium triflorum",0.02
"TS_17","f","BF/BS Forest, Early-Mid [Established Rec]","BF/BS Forest, Early-Mid",NA,0.05
"TS_17","f","BF/BS Forest, Early-Mid [Established Rec]","BF/BS Forest, Early-Mid","Rubus idaeus",0.1
"TS_17","f","BF/BS Forest, Early-Mid [Established Rec]","BF/BS Forest, Early-Mid","Rubus pubescens",0.3
"TS_17","f","BF/BS Forest, Early-Mid [Established Rec]","BF/BS Forest, Early-Mid","Solidago rugosa",0.05
"TS_17","f","BF/BS Forest, Early-Mid [Established Rec]","BF/BS Forest, Early-Mid","Sphagnum sp.",0.25
"TS_17","f","BF/BS Forest, Early-Mid [Established Rec]","BF/BS Forest, Early-Mid","Unidentified Grass",0.05
"TS_17","f","BF/BS Forest, Early-Mid [Established Rec]","BF/BS Forest, Early-Mid","Unidentified Sedge",0.05
"TS_4_t","f","Wetland [Reclaimed]","Wetland","Alnus rugosa",0.3
"TS_4_t","f","Wetland [Reclaimed]","Wetland","Anaphalis margaritacea",0.02
"TS_4_t","f","Wetland [Reclaimed]","Wetland","Dicranum spp.",0.05
"TS_4_t","f","Wetland [Reclaimed]","Wetland","Dryopteris cristata",0.02
"TS_4_t","f","Wetland [Reclaimed]","Wetland","Equisetum arvense",0.02
"TS_4_t","f","Wetland [Reclaimed]","Wetland","Euthamia graminifolia",0.4
"TS_4_t","f","Wetland [Reclaimed]","Wetland","Geum rivale",0.4
"TS_4_t","f","Wetland [Reclaimed]","Wetland","Hylocomium splendens",0.2
"TS_4_t","f","Wetland [Reclaimed]","Wetland","Linnaea borealis",0.05
"TS_4_t","f","Wetland [Reclaimed]","Wetland","Rubus idaeus",0.4
"TS_4_t","f","Wetland [Reclaimed]","Wetland","Solidago rugosa",0.1
"TS_4_t","f","Wetland [Reclaimed]","Wetland","Sphagnum sp.",0.05
"TS_4_t","f","Wetland [Reclaimed]","Wetland","Taraxicum officinale",0.02
"TS_4_t","f","Wetland [Reclaimed]","Wetland","Tussilago farfara",0.1
"TS_4_t","f","Wetland [Reclaimed]","Wetland","Unidentified Grass",0.05
"TS_4_t","f","Wetland [Reclaimed]","Wetland","Unidentified Herbaceous Plant",0.02
"TS_4_t","f","Wetland [Reclaimed]","Wetland","Viola sp.",0.02
"TV_12","f","BF/BS Forest, Early-Mid","BF/BS Forest, Early-Mid","Abies balsamea",0.5
"TV_12","f","BF/BS Forest, Early-Mid","BF/BS Forest, Early-Mid","Clintonia borealis",0.05
"TV_12","f","BF/BS Forest, Early-Mid","BF/BS Forest, Early-Mid","Cornus canadensis",0.05
"TV_12","f","BF/BS Forest, Early-Mid","BF/BS Forest, Early-Mid","Larix laricina",0.05
"TV_12","f","BF/BS Forest, Early-Mid","BF/BS Forest, Early-Mid","Lycopodium annotinum",0.02
"TV_12","f","BF/BS Forest, Early-Mid","BF/BS Forest, Early-Mid","Picea mariana",0.35
"TV_14","f","BF/BS Forest, Early-Mid [Disturbed/Logged]","BF/BS Forest, Early-Mid","Abies balsamea",0.6
"TV_14","f","BF/BS Forest, Early-Mid [Disturbed/Logged]","BF/BS Forest, Early-Mid","Betula papyrifera",0.05
"TV_14","f","BF/BS Forest, Early-Mid [Disturbed/Logged]","BF/BS Forest, Early-Mid","Cornus canadensis",0.05
"TV_14","f","BF/BS Forest, Early-Mid [Disturbed/Logged]","BF/BS Forest, Early-Mid","Dryopteris spinulosa",0.02
"TV_14","f","BF/BS Forest, Early-Mid [Disturbed/Logged]","BF/BS Forest, Early-Mid","Hylocomium splendens",0.1
"TV_14","f","BF/BS Forest, Early-Mid [Disturbed/Logged]","BF/BS Forest, Early-Mid","Linnaea borealis",0.05
"TV_14","f","BF/BS Forest, Early-Mid [Disturbed/Logged]","BF/BS Forest, Early-Mid","Order Jungermanniales",0.02
"TV_14","f","BF/BS Forest, Early-Mid [Disturbed/Logged]","BF/BS Forest, Early-Mid","Picea mariana",0.05
"TV_14","f","BF/BS Forest, Early-Mid [Disturbed/Logged]","BF/BS Forest, Early-Mid","Pleurozium schreberi",0.35
"TV_14","f","BF/BS Forest, Early-Mid [Disturbed/Logged]","BF/BS Forest, Early-Mid","Prunus pensylvanica",0.02
"TV_14","f","BF/BS Forest, Early-Mid [Disturbed/Logged]","BF/BS Forest, Early-Mid","Ribes lacustre",0.02
"TV_14","f","BF/BS Forest, Early-Mid [Disturbed/Logged]","BF/BS Forest, Early-Mid","Rubus pubescens",0.05
"TV11","f","BF/BS Forest, Early-Mid","BF/BS Forest, Early-Mid","Abies balsamea",0.3
"TV11","f","BF/BS Forest, Early-Mid","BF/BS Forest, Early-Mid","Alnus rugosa",0.05
"TV11","f","BF/BS Forest, Early-Mid","BF/BS Forest, Early-Mid","Betula papyrifera",0.05
"TV11","f","BF/BS Forest, Early-Mid","BF/BS Forest, Early-Mid","Cornus canadensis",0.05
"TV11","f","BF/BS Forest, Early-Mid","BF/BS Forest, Early-Mid","Dryopteris spinulosa",0.05
"TV11","f","BF/BS Forest, Early-Mid","BF/BS Forest, Early-Mid","Hylocomium splendens",0.48
"TV11","f","BF/BS Forest, Early-Mid","BF/BS Forest, Early-Mid","Linnaea borealis",0.05
"TV11","f","BF/BS Forest, Early-Mid","BF/BS Forest, Early-Mid","Lycopodium annotinum",0.05
"TV11","f","BF/BS Forest, Early-Mid","BF/BS Forest, Early-Mid","Monotropa uniflora",0.02
"TV11","f","BF/BS Forest, Early-Mid","BF/BS Forest, Early-Mid","Picea mariana",0.4
"TV11","f","BF/BS Forest, Early-Mid","BF/BS Forest, Early-Mid","Pleurozium schreberi",0.32
"TV11","f","BF/BS Forest, Early-Mid","BF/BS Forest, Early-Mid","Rubus pubescens",0.02
"TV11","f","BF/BS Forest, Early-Mid","BF/BS Forest, Early-Mid","Solidago rugosa",0.02
"TV11","f","BF/BS Forest, Early-Mid","BF/BS Forest, Early-Mid","Unidentified Grass",0.02
"TV13_A","f","BF/BS Forest, Early-Mid","BF/BS Forest, Early-Mid","Abies balsamea",0.35
"TV13_A","f","BF/BS Forest, Early-Mid","BF/BS Forest, Early-Mid","Alnus rugosa",0.2
"TV13_A","f","BF/BS Forest, Early-Mid","BF/BS Forest, Early-Mid","Dryopteris spinulosa",0.02
"TV13_A","f","BF/BS Forest, Early-Mid","BF/BS Forest, Early-Mid","Galium triflorum",0.02
"TV13_A","f","BF/BS Forest, Early-Mid","BF/BS Forest, Early-Mid","Gaultheria hispidula",0.02
"TV13_A","f","BF/BS Forest, Early-Mid","BF/BS Forest, Early-Mid","Hylocomium splendens",0.15
"TV13_A","f","BF/BS Forest, Early-Mid","BF/BS Forest, Early-Mid","Linnaea borealis",0.05
"TV13_A","f","BF/BS Forest, Early-Mid","BF/BS Forest, Early-Mid","Lycopodium annotinum",0.05
"TV13_A","f","BF/BS Forest, Early-Mid","BF/BS Forest, Early-Mid","Picea mariana",0.35
"TV13_A","f","BF/BS Forest, Early-Mid","BF/BS Forest, Early-Mid","Rubus idaeus",0.02
"TV13_A","f","BF/BS Forest, Early-Mid","BF/BS Forest, Early-Mid","Rubus pubescens",0.1
"TV13_A","f","BF/BS Forest, Early-Mid","BF/BS Forest, Early-Mid","Solidago rugosa",0.02
"TV13_A","f","BF/BS Forest, Early-Mid","BF/BS Forest, Early-Mid","Sphagnum sp.",0.25
"TV13_A","f","BF/BS Forest, Early-Mid","BF/BS Forest, Early-Mid","Tussilago farfara",0.02
"TV13_A","f","BF/BS Forest, Early-Mid","BF/BS Forest, Early-Mid","Unidentified Grass",0.02
"TV13_A","f","BF/BS Forest, Early-Mid","BF/BS Forest, Early-Mid","Viola sp.",0.02
