"plotCode","focalOrBenchmark","landCover","vegClass","species","cover"
"Plot109","f","Stratum-W10-1","W10","Dactylis glomerata",0.04625
"Plot109","f","Stratum-W10-1","W10","Festuca heterophylla",0.28
"Plot109","f","Stratum-W10-1","W10","Linum sp.",0.015
"Plot109","f","Stratum-W10-1","W10","Lolium perenne",0.01
"Plot109","f","Stratum-W10-1","W10","Medicago sativa",0.1825
"Plot109","f","Stratum-W10-1","W10","Trifolium nigrescens",0.02625
"Plot110","f","Stratum-W10-1","W10","Carduus sp.",0.005
"Plot110","f","Stratum-W10-1","W10","Crepis sancta",0.005
"Plot110","f","Stratum-W10-1","W10","Festuca heterophylla",0.01
"Plot110","f","Stratum-W10-1","W10","Hordeum bulbosum",0.005
"Plot110","f","Stratum-W10-1","W10","Ilex aquifolium",0.00125
"Plot110","f","Stratum-W10-1","W10","Lolium perenne",0.01
"Plot110","f","Stratum-W10-1","W10","Lotus corniculatus",0.125
"Plot110","f","Stratum-W10-1","W10","Medicago sativa",0.06125
"Plot110","f","Stratum-W10-1","W10","Plantago lanceolata",0.00125
"Plot110","f","Stratum-W10-1","W10","Potentilla recta",0.02625
"Plot110","f","Stratum-W10-1","W10","Ptilostemon strictus",0.0225
"Plot110","f","Stratum-W10-1","W10","Rubus idaeus",0.005
"Plot110","f","Stratum-W10-1","W10","Rumex sp.",0.00125
"Plot110","f","Stratum-W10-1","W10","Torilis arvensis",0.02125
"Plot110","f","Stratum-W10-1","W10","Trifolium campestre",0.01
"Plot110","f","Stratum-W10-1","W10","Trifolium pratense",0.09375
"Plot111","f","Stratum-W10-1","W10","Bromus hordeaceus",0.01
"Plot111","f","Stratum-W10-1","W10","Centaurea affinis",0.08875
"Plot111","f","Stratum-W10-1","W10","Cerastium semidecandrum",0.04625
"Plot111","f","Stratum-W10-1","W10","Linum sp.",0.01125
"Plot111","f","Stratum-W10-1","W10","Lotus corniculatus",0.18625
"Plot111","f","Stratum-W10-1","W10","Medicago minima",0.02
"Plot111","f","Stratum-W10-1","W10","Plantago lanceolata",0.005
"Plot111","f","Stratum-W10-1","W10","Potentilla recta",0.04625
"Plot111","f","Stratum-W10-1","W10","Ptilostemon strictus",0.01625
"Plot111","f","Stratum-W10-1","W10","Quercus cerris",0.00125
"Plot111","f","Stratum-W10-1","W10","Rubus idaeus",0.005
"Plot111","f","Stratum-W10-1","W10","Rumex sp.",0.01
"Plot111","f","Stratum-W10-1","W10","Sanguisorba minor",0.01
"Plot111","f","Stratum-W10-1","W10","Stachys germanica",0.02625
"Plot111","f","Stratum-W10-1","W10","Torilis arvensis",0.02625
"Plot111","f","Stratum-W10-1","W10","Trifolium campestre",0.03
"Plot112","f","Stratum-W10-1","W10","Achillea millefolium",0.09375
"Plot112","f","Stratum-W10-1","W10","Aegilops triuncialis",0.01
"Plot112","f","Stratum-W10-1","W10","Alyssum sp.",0.015
"Plot112","f","Stratum-W10-1","W10","Carex sp.",0.01
"Plot112","f","Stratum-W10-1","W10","Centaurea affinis",0.0925
"Plot112","f","Stratum-W10-1","W10","Crepis setosa",0.01
"Plot112","f","Stratum-W10-1","W10","Euphorbia sp.",0.01
"Plot112","f","Stratum-W10-1","W10","Ilex aquifolium",0.00125
"Plot112","f","Stratum-W10-1","W10","Lactuca sp.",0.00125
"Plot112","f","Stratum-W10-1","W10","Mentha sp.",0.00125
"Plot112","f","Stratum-W10-1","W10","Phleum pratense",0.0675
"Plot112","f","Stratum-W10-1","W10","Plantago lanceolata",0.025
"Plot112","f","Stratum-W10-1","W10","Potentilla recta",0.05125
"Plot112","f","Stratum-W10-1","W10","Rubus idaeus",0.005
"Plot112","f","Stratum-W10-1","W10","Salvia sp.",0.00125
"Plot112","f","Stratum-W10-1","W10","Sanguisorba minor",0.01
"Plot112","f","Stratum-W10-1","W10","Stachys germanica",0.005
"Plot112","f","Stratum-W10-1","W10","Thymus sibthorpii",0.04625
"Plot112","f","Stratum-W10-1","W10","Torilis arvensis",0.0675
"Plot112","f","Stratum-W10-1","W10","Verbascum sp.",0.03125
"Plot112","f","Stratum-W10-1","W10","Vicia grandiflora",0.02125
"Plot112","f","Stratum-W10-1","W10","Vicia hirsuta",0.00125
"Plot113","f","Stratum-W10-1","W10","Alyssum sp.",0.0025
"Plot113","f","Stratum-W10-1","W10","Carduus sp.",0.095
"Plot113","f","Stratum-W10-1","W10","Euphorbia sp.",0.01125
"Plot113","f","Stratum-W10-1","W10","Holcus lanatus",0.06125
"Plot113","f","Stratum-W10-1","W10","Hordeum bulbosum",0.04625
"Plot113","f","Stratum-W10-1","W10","Lolium perenne",0.00125
"Plot113","f","Stratum-W10-1","W10","Lotus corniculatus",0.0775
"Plot113","f","Stratum-W10-1","W10","Mentha sp.",0.02
"Plot113","f","Stratum-W10-1","W10","Plantago lanceolata",0.01125
"Plot113","f","Stratum-W10-1","W10","Poa sp.",0.005
"Plot113","f","Stratum-W10-1","W10","Potentilla recta",0.05625
"Plot113","f","Stratum-W10-1","W10","Pterocephalus perennis",0.0325
"Plot113","f","Stratum-W10-1","W10","Salvia sp.",0.0475
"Plot113","f","Stratum-W10-1","W10","Sanguisorba minor",0.00125
"Plot113","f","Stratum-W10-1","W10","Scolymus hispanicus",0.00125
"Plot113","f","Stratum-W10-1","W10","Sedum amplexicaule subsp. tenuifolium",0.02125
"Plot113","f","Stratum-W10-1","W10","Teucrium capitatum",0.05625
"Plot113","f","Stratum-W10-1","W10","Thymus sibthorpii",0.015
"Plot113","f","Stratum-W10-1","W10","Torilis arvensis",0.005
"Plot113","f","Stratum-W10-1","W10","Verbascum sp.",0.01
"Plot113","f","Stratum-W10-1","W10","Vicia hirsuta",0.01625
"Plot114","f","Stratum-W10-1","W10","Alyssum sp.",0.02125
"Plot114","f","Stratum-W10-1","W10","Carduus sp.",0.0675
"Plot114","f","Stratum-W10-1","W10","Centaurea affinis",0.09375
"Plot114","f","Stratum-W10-1","W10","Lolium perenne",0.015
"Plot114","f","Stratum-W10-1","W10","Lotus corniculatus",0.04625
"Plot114","f","Stratum-W10-1","W10","Medicago sativa",0.10875
"Plot114","f","Stratum-W10-1","W10","Mentha sp.",0.0675
"Plot114","f","Stratum-W10-1","W10","Phleum pratense",0.01
"Plot114","f","Stratum-W10-1","W10","Plantago lanceolata",0.015
"Plot114","f","Stratum-W10-1","W10","Poa sp.",0.005
"Plot114","f","Stratum-W10-1","W10","Potentilla recta",0.01
"Plot114","f","Stratum-W10-1","W10","Pterocephalus perennis",0.02625
"Plot114","f","Stratum-W10-1","W10","Salvia sp.",0.0575
"Plot114","f","Stratum-W10-1","W10","Scolymus hispanicus",0.02375
"Plot114","f","Stratum-W10-1","W10","Stachys germanica",0.01
"Plot114","f","Stratum-W10-1","W10","Teucrium capitatum",0.0475
"Plot114","f","Stratum-W10-1","W10","Teucrium chamaedrys",0.01
"Plot114","f","Stratum-W10-1","W10","Thymus sibthorpii",0.02
"Plot114","f","Stratum-W10-1","W10","Torilis arvensis",0.005
"Plot114","f","Stratum-W10-1","W10","Trifolium arvense",0.14
"Plot114","f","Stratum-W10-1","W10","Verbascum sp.",0.01
"Plot115","f","Stratum-W10-1","W10","Alyssum sp.",0.005
"Plot115","f","Stratum-W10-1","W10","Carduus sp.",0.0125
"Plot115","f","Stratum-W10-1","W10","Centaurea affinis",0.145
"Plot115","f","Stratum-W10-1","W10","Cichorium intybus",0.005
"Plot115","f","Stratum-W10-1","W10","Crataegus monogyna",0.14
"Plot115","f","Stratum-W10-1","W10","Crepis setosa",0.15
"Plot115","f","Stratum-W10-1","W10","Euphorbia sp.",0.00125
"Plot115","f","Stratum-W10-1","W10","Medicago sativa",0.0425
"Plot115","f","Stratum-W10-1","W10","Mentha sp.",0.095
"Plot115","f","Stratum-W10-1","W10","Phleum pratense",0.01
"Plot115","f","Stratum-W10-1","W10","Plantago lanceolata",0.02
"Plot115","f","Stratum-W10-1","W10","Salvia sp.",0.02125
"Plot115","f","Stratum-W10-1","W10","Sanguisorba minor",0.005
"Plot115","f","Stratum-W10-1","W10","Torilis arvensis",0.005
"Plot116","f","Stratum-W10-1","W10","Achillea millefolium",0.005
"Plot116","f","Stratum-W10-1","W10","Alyssum sp.",0.01
"Plot116","f","Stratum-W10-1","W10","Carduus sp.",0.005
"Plot116","f","Stratum-W10-1","W10","Catapodium rigidum",0.40625
"Plot116","f","Stratum-W10-1","W10","Convolvulus arvensis",0.02
"Plot116","f","Stratum-W10-1","W10","Euphorbia sp.",0.00125
"Plot116","f","Stratum-W10-1","W10","Hordeum bulbosum",0.00125
"Plot116","f","Stratum-W10-1","W10","Medicago sativa",0.005
"Plot116","f","Stratum-W10-1","W10","Mentha sp.",0.005
"Plot116","f","Stratum-W10-1","W10","Phleum pratense",0.005
"Plot116","f","Stratum-W10-1","W10","Plantago lanceolata",0.005
"Plot116","f","Stratum-W10-1","W10","Poa sp.",0.01
"Plot116","f","Stratum-W10-1","W10","Potentilla recta",0.0525
"Plot116","f","Stratum-W10-1","W10","Pterocephalus perennis",0.01
"Plot116","f","Stratum-W10-1","W10","Rubus idaeus",0.01
"Plot116","f","Stratum-W10-1","W10","Rumex sp.",0.01
"Plot116","f","Stratum-W10-1","W10","Salvia sp.",0.01
"Plot116","f","Stratum-W10-1","W10","Teucrium capitatum",0.0675
"Plot116","f","Stratum-W10-1","W10","Teucrium chamaedrys",0.01
"Plot116","f","Stratum-W10-1","W10","Thymus sibthorpii",0.04625
"Plot116","f","Stratum-W10-1","W10","Torilis arvensis",0.05625
"Plot116","f","Stratum-W10-1","W10","Trifolium arvense",0.02125
"Plot116","f","Stratum-W10-1","W10","Verbascum sp.",0.01
"Plot117","f","Stratum-W10-1","W10","Carduus sp.",0.00125
"Plot117","f","Stratum-W10-1","W10","Eryngium amethystinum",0.006500000000000001
"Plot117","f","Stratum-W10-1","W10","Hordeum bulbosum",0.16125
"Plot117","f","Stratum-W10-1","W10","Lolium perenne",0.01125
"Plot117","f","Stratum-W10-1","W10","Medicago sativa",0.1075
"Plot117","f","Stratum-W10-1","W10","Plantago lanceolata",0.01125
"Plot117","f","Stratum-W10-1","W10","Ptilostemon strictus",0.04625
"Plot117","f","Stratum-W10-1","W10","Rumex sp.",0.01
"Plot117","f","Stratum-W10-1","W10","Trifolium arvense",0.00625
"Plot118","f","Stratum-W10-1","W10","Alyssum sp.",2.5e-4
"Plot118","f","Stratum-W10-1","W10","Cynodon dactylon",0.09375
"Plot118","f","Stratum-W10-1","W10","Eryngium amethystinum",0.02125
"Plot118","f","Stratum-W10-1","W10","Euphorbia sp.",0.00625
"Plot118","f","Stratum-W10-1","W10","Festuca heterophylla",0.10375
"Plot118","f","Stratum-W10-1","W10","Hordeum bulbosum",0.015
"Plot118","f","Stratum-W10-1","W10","Lactuca sp.",0.005
"Plot118","f","Stratum-W10-1","W10","Lolium perenne",0.00125
"Plot118","f","Stratum-W10-1","W10","Medicago sativa",0.01
"Plot118","f","Stratum-W10-1","W10","Ononis reclinata",0.03625
"Plot118","f","Stratum-W10-1","W10","Pimpinella saxifraga",0.01
"Plot118","f","Stratum-W10-1","W10","Pterocephalus perennis",0.01
"Plot118","f","Stratum-W10-1","W10","Rumex sp.",0.025
"Plot118","f","Stratum-W10-1","W10","Sanguisorba minor",0.005
"Plot118","f","Stratum-W10-1","W10","Teucrium capitatum",0.005
"Plot118","f","Stratum-W10-1","W10","Thymus sibthorpii",0.02125
"Plot118","f","Stratum-W10-1","W10","Verbascum sp.",0.00125
"Plot119","f","Stratum-W10-1","W10","Carduus sp.",2.5e-4
"Plot119","f","Stratum-W10-1","W10","Eryngium amethystinum",0.015
"Plot119","f","Stratum-W10-1","W10","Euphorbia sp.",0.00125
"Plot119","f","Stratum-W10-1","W10","Festuca heterophylla",0.06625
"Plot119","f","Stratum-W10-1","W10","Lactuca sp.",0.01625
"Plot119","f","Stratum-W10-1","W10","Medicago sativa",0.11375
"Plot119","f","Stratum-W10-1","W10","Rumex sp.",0.03625
"Plot119","f","Stratum-W10-1","W10","Trifolium arvense",0.02125
"Plot120","f","Stratum-W10-1","W10","Alyssum sp.",0.04650000000000001
"Plot120","f","Stratum-W10-1","W10","Anthoxanthum odoratum",0.005
"Plot120","f","Stratum-W10-1","W10","Briza media",0.04625
"Plot120","f","Stratum-W10-1","W10","Carduus sp.",0.0525
"Plot120","f","Stratum-W10-1","W10","Eryngium amethystinum",0.00525
"Plot120","f","Stratum-W10-1","W10","Lactuca sp.",0.02125
"Plot120","f","Stratum-W10-1","W10","Lolium perenne",0.005
"Plot120","f","Stratum-W10-1","W10","Medicago sativa",0.0725
"Plot120","f","Stratum-W10-1","W10","Teucrium capitatum",0.01
"Plot120","f","Stratum-W10-1","W10","Teucrium chamaedrys",0.01
"Plot13","f","Stratum-U4-1","U4","Alyssum simplex",0.005
"Plot13","f","Stratum-U4-1","U4","Avena sterilis",0.01
"Plot13","f","Stratum-U4-1","U4","Bromus arvensis",0.01
"Plot13","f","Stratum-U4-1","U4","Centaurea solstitialis",0.00625
"Plot13","f","Stratum-U4-1","U4","Crepis sancta",0.0325
"Plot13","f","Stratum-U4-1","U4","Dittrichia viscosa",0.46875
"Plot13","f","Stratum-U4-1","U4","Eryngium campestre",0.01625
"Plot13","f","Stratum-U4-1","U4","Helminthotheca echioides",0.00125
"Plot13","f","Stratum-U4-1","U4","Hieracium pilosus",0.02
"Plot13","f","Stratum-U4-1","U4","Koeleria macrantha",0.09375
"Plot13","f","Stratum-U4-1","U4","Lolium perenne",0.0025
"Plot13","f","Stratum-U4-1","U4","Mentha sp.",0.00125
"Plot13","f","Stratum-U4-1","U4","Phleum pratense",0.12375
"Plot13","f","Stratum-U4-1","U4","Sideritis montana",0.09375
"Plot13","f","Stratum-U4-1","U4","Stachys germanica",0.02125
"Plot13","f","Stratum-U4-1","U4","Vicia sp.",0.00125
"Plot133","f","Stratum-W17-1","W17","Achillea millefolium",0.04625
"Plot133","f","Stratum-W17-1","W17","Aira elegantissima",0.0075
"Plot133","f","Stratum-W17-1","W17","Anthemis arvensis",0.00125
"Plot133","f","Stratum-W17-1","W17","Avena sterilis",0.00125
"Plot133","f","Stratum-W17-1","W17","Bromus hordeaceus",0.0075
"Plot133","f","Stratum-W17-1","W17","Centaurea sp.",0.0075
"Plot133","f","Stratum-W17-1","W17","Cerastium semidecandrum",0.00125
"Plot133","f","Stratum-W17-1","W17","Dactylis glomerata",0.04625
"Plot133","f","Stratum-W17-1","W17","Filago arvensis",0.00125
"Plot133","f","Stratum-W17-1","W17","Herniaria glabra",0.00125
"Plot133","f","Stratum-W17-1","W17","Hypericum olympicum",0.0675
"Plot133","f","Stratum-W17-1","W17","Hypericum perforatum",0.00875
"Plot133","f","Stratum-W17-1","W17","Hypochaeris radicata",0.00125
"Plot133","f","Stratum-W17-1","W17","Medicago minima",0.00125
"Plot133","f","Stratum-W17-1","W17","Ornithopus compressus",0.0075
"Plot133","f","Stratum-W17-1","W17","Petrorhagia dubia",0.03
"Plot133","f","Stratum-W17-1","W17","Phlomis samia",0.00125
"Plot133","f","Stratum-W17-1","W17","Rubus sanctus",0.04625
"Plot133","f","Stratum-W17-1","W17","Sanguisorba minor",0.00875
"Plot133","f","Stratum-W17-1","W17","Taeniatherum caput-medusae",0.09375
"Plot133","f","Stratum-W17-1","W17","Teucrium capitatum",0.00125
"Plot133","f","Stratum-W17-1","W17","Thymus sibthorpii",0.0075
"Plot133","f","Stratum-W17-1","W17","Trifolium angustifolium",0.1575
"Plot133","f","Stratum-W17-1","W17","Trifolium arvense",0.075
"Plot133","f","Stratum-W17-1","W17","Trifolium campestre",0.015
"Plot133","f","Stratum-W17-1","W17","Trifolium hirtum",0.12125
"Plot133","f","Stratum-W17-1","W17","Trifolium scabrum",0.00875
"Plot134","f","Stratum-W17-1","W17","Achillea millefolium",0.02875
"Plot134","f","Stratum-W17-1","W17","Bromus hordeaceus",0.02125
"Plot134","f","Stratum-W17-1","W17","Dactylis glomerata",0.10125
"Plot134","f","Stratum-W17-1","W17","Festuca arundinacea",0.48375
"Plot134","f","Stratum-W17-1","W17","Festuca heterophylla",0.0075
"Plot134","f","Stratum-W17-1","W17","Lathyrus nissolia",0.0225
"Plot134","f","Stratum-W17-1","W17","Medicago minima",0.00125
"Plot134","f","Stratum-W17-1","W17","Medicago sativa",0.02875
"Plot134","f","Stratum-W17-1","W17","Ornithopus compressus",0.00875
"Plot134","f","Stratum-W17-1","W17","Pinus nigra",0.00125
"Plot134","f","Stratum-W17-1","W17","Rumex acetosella",0.07625
"Plot134","f","Stratum-W17-1","W17","Trifolium arvense",0.02125
"Plot134","f","Stratum-W17-1","W17","Trifolium campestre",0.00125
"Plot134","f","Stratum-W17-1","W17","Trifolium hirtum",0.05375
"Plot134","f","Stratum-W17-1","W17","Trifolium scabrum",0.055
"Plot134","f","Stratum-W17-1","W17","Vicia hybrida",0.0075
"Plot134","f","Stratum-W17-1","W17","Vicia villosa",0.16375
"Plot135","f","Stratum-W17-1","W17","Anthemis arvensis",0.00125
"Plot135","f","Stratum-W17-1","W17","Bromus hordeaceus",0.00125
"Plot135","f","Stratum-W17-1","W17","Cerastium brachypetalum",0.00125
"Plot135","f","Stratum-W17-1","W17","Chondrilla juncea",0.00125
"Plot135","f","Stratum-W17-1","W17","Cirsium sp.",0.0675
"Plot135","f","Stratum-W17-1","W17","Cynosurus echinatus",0.00125
"Plot135","f","Stratum-W17-1","W17","Dianthus cruentus",0.0075
"Plot135","f","Stratum-W17-1","W17","Festuca arundinacea",0.0925
"Plot135","f","Stratum-W17-1","W17","Hypochaeris radicata",0.015
"Plot135","f","Stratum-W17-1","W17","Lathyrus aphaca",0.00125
"Plot135","f","Stratum-W17-1","W17","Lathyrus nissolia",0.015
"Plot135","f","Stratum-W17-1","W17","Petrorhagia dubia",0.01625
"Plot135","f","Stratum-W17-1","W17","Phleum pratense",0.1
"Plot135","f","Stratum-W17-1","W17","Potentilla recta",0.05
"Plot135","f","Stratum-W17-1","W17","Rumex acetosella",0.04375
"Plot135","f","Stratum-W17-1","W17","Sanguisorba minor",0.085
"Plot135","f","Stratum-W17-1","W17","Silene italica",0.0075
"Plot135","f","Stratum-W17-1","W17","Trifolium angustifolium",0.0075
"Plot135","f","Stratum-W17-1","W17","Trifolium arvense",0.13875
"Plot135","f","Stratum-W17-1","W17","Trifolium campestre",0.02875
"Plot135","f","Stratum-W17-1","W17","Verbascum sp.",0.07625
"Plot135","f","Stratum-W17-1","W17","Vicia hirsuta",0.02875
"Plot136","f","Stratum-W17-1","W17","Achillea millefolium",0.0075
"Plot136","f","Stratum-W17-1","W17","Acinos alpinus",0.00125
"Plot136","f","Stratum-W17-1","W17","Aira elegantissima",0.0075
"Plot136","f","Stratum-W17-1","W17","Ajuga reptans",0.0075
"Plot136","f","Stratum-W17-1","W17","Anthemis arvensis",0.0075
"Plot136","f","Stratum-W17-1","W17","Bromus hordeaceus",0.015
"Plot136","f","Stratum-W17-1","W17","Chondrilla juncea",0.00125
"Plot136","f","Stratum-W17-1","W17","Cirsium sp.",0.015
"Plot136","f","Stratum-W17-1","W17","Cynosurus echinatus",0.02125
"Plot136","f","Stratum-W17-1","W17","Dianthus cruentus",0.00125
"Plot136","f","Stratum-W17-1","W17","Festuca arundinacea",0.0075
"Plot136","f","Stratum-W17-1","W17","Galium verum",0.0425
"Plot136","f","Stratum-W17-1","W17","Hypericum olympicum",0.0075
"Plot136","f","Stratum-W17-1","W17","Lathyrus nissolia",0.03
"Plot136","f","Stratum-W17-1","W17","Petrorhagia dubia",0.015
"Plot136","f","Stratum-W17-1","W17","Phleum pratense",0.2075
"Plot136","f","Stratum-W17-1","W17","Potentilla recta",0.13
"Plot136","f","Stratum-W17-1","W17","Rumex acetosella",0.02875
"Plot136","f","Stratum-W17-1","W17","Sanguisorba minor",0.00125
"Plot136","f","Stratum-W17-1","W17","Sonchus arvensis",0.0075
"Plot136","f","Stratum-W17-1","W17","Stipa capensis",0.02125
"Plot136","f","Stratum-W17-1","W17","Trifolium campestre",0.255
"Plot136","f","Stratum-W17-1","W17","Trifolium scabrum",0.1775
"Plot136","f","Stratum-W17-1","W17","Verbascum sp.",0.0825
"Plot136","f","Stratum-W17-1","W17","Vicia hirsuta",0.1625
"Plot136","f","Stratum-W17-1","W17","Vicia tetrasperma",0.0075
"Plot137","f","Stratum-W17-1","W17","Achillea clypeolata",0.16125
"Plot137","f","Stratum-W17-1","W17","Achillea millefolium",0.02125
"Plot137","f","Stratum-W17-1","W17","Anisantha sterilis",0.0075
"Plot137","f","Stratum-W17-1","W17","Campanula sparsa",0.0075
"Plot137","f","Stratum-W17-1","W17","Campanula trachelium",0.0075
"Plot137","f","Stratum-W17-1","W17","Hypericum perforatum",0.02125
"Plot137","f","Stratum-W17-1","W17","Lactuca viminea",0.0225
"Plot137","f","Stratum-W17-1","W17","Lathyrus nissolia",0.04375
"Plot137","f","Stratum-W17-1","W17","Linaria pelisseriana",0.00125
"Plot137","f","Stratum-W17-1","W17","Orobanche sp.",0.00875
"Plot137","f","Stratum-W17-1","W17","Phleum pratense",0.1625
"Plot137","f","Stratum-W17-1","W17","Piptatherum miliaceum",0.0075
"Plot137","f","Stratum-W17-1","W17","Potentilla recta",0.03
"Plot137","f","Stratum-W17-1","W17","Rumex acetosella",0.04375
"Plot137","f","Stratum-W17-1","W17","Sanguisorba minor",0.085
"Plot137","f","Stratum-W17-1","W17","Trifolium campestre",0.00125
"Plot137","f","Stratum-W17-1","W17","Trifolium pratense",0.0075
"Plot137","f","Stratum-W17-1","W17","Trifolium scabrum",0.0425
"Plot137","f","Stratum-W17-1","W17","Verbascum sp.",0.05625
"Plot137","f","Stratum-W17-1","W17","Vicia hirsuta",0.07125
"Plot137","f","Stratum-W17-1","W17","Vicia villosa",0.0075
"Plot138","f","Stratum-W17-1","W17","Acinos alpinus",0.0225
"Plot138","f","Stratum-W17-1","W17","Ajuga genevensis",0.1225
"Plot138","f","Stratum-W17-1","W17","Anthoxanthum odoratum",0.0075
"Plot138","f","Stratum-W17-1","W17","Bromus hordeaceus",0.02125
"Plot138","f","Stratum-W17-1","W17","Centaurea sp.",0.015
"Plot138","f","Stratum-W17-1","W17","Convolvulus arvensis",0.015
"Plot138","f","Stratum-W17-1","W17","Euphorbia cyparissias",0.0225
"Plot138","f","Stratum-W17-1","W17","Plantago lanceolata",0.0225
"Plot138","f","Stratum-W17-1","W17","Poa trivialis ",0.02125
"Plot138","f","Stratum-W17-1","W17","Potentilla recta",0.0575
"Plot138","f","Stratum-W17-1","W17","Pterocephalus plumosus",0.0025
"Plot138","f","Stratum-W17-1","W17","Rumex acetosella",0.00875
"Plot138","f","Stratum-W17-1","W17","Sanguisorba minor",0.0075
"Plot138","f","Stratum-W17-1","W17","Trifolium angustifolium",0.875
"Plot138","f","Stratum-W17-1","W17","Trifolium pratense",0.09375
"Plot138","f","Stratum-W17-1","W17","Vicia sativa",0.0075
"Plot138","f","Stratum-W17-1","W17","Vulpia muralis",0.0075
"Plot139","f","Stratum-W17-1","W17","Anthoxanthum odoratum",0.03625
"Plot139","f","Stratum-W17-1","W17","Asteriscus aquaticus",0.0075
"Plot139","f","Stratum-W17-1","W17","Avena sterilis",0.05375
"Plot139","f","Stratum-W17-1","W17","Cota tinctoria subsp. tinctoria",0.0075
"Plot139","f","Stratum-W17-1","W17","Cynodon dactylon",0.0075
"Plot139","f","Stratum-W17-1","W17","Dianthus cruentus",0.03
"Plot139","f","Stratum-W17-1","W17","Eryngium campestre",0.00125
"Plot139","f","Stratum-W17-1","W17","Euphorbia cyparissias",0.02125
"Plot139","f","Stratum-W17-1","W17","Filago arvensis",0.02125
"Plot139","f","Stratum-W17-1","W17","Hordeum murinum",0.0075
"Plot139","f","Stratum-W17-1","W17","Matricaria recutita",0.09375
"Plot139","f","Stratum-W17-1","W17","Melica ciliata",0.02875
"Plot139","f","Stratum-W17-1","W17","Plantago lanceolata",0.02125
"Plot139","f","Stratum-W17-1","W17","Poa bulbosa",0.02875
"Plot139","f","Stratum-W17-1","W17","Pterocephalus plumosus",0.05
"Plot139","f","Stratum-W17-1","W17","Stipa pennata",0.02875
"Plot139","f","Stratum-W17-1","W17","Teucrium chamaedrys",0.0075
"Plot139","f","Stratum-W17-1","W17","Torilis arvensis",0.02125
"Plot139","f","Stratum-W17-1","W17","Trifolium arvense",0.03
"Plot139","f","Stratum-W17-1","W17","Trifolium campestre",0.0675
"Plot139","f","Stratum-W17-1","W17","Trifolium nigrescens",0.14625
"Plot139","f","Stratum-W17-1","W17","Trifolium scabrum",0.0425
"Plot139","f","Stratum-W17-1","W17","Verbascum sp.",0.0075
"Plot139","f","Stratum-W17-1","W17","Vulpia muralis",0.075
"Plot14","f","Stratum-U4-1","U4","Aegilops triuncialis",0.11875
"Plot14","f","Stratum-U4-1","U4","Avena sterilis",0.18875
"Plot14","f","Stratum-U4-1","U4","Centaurea solstitialis",0.0075
"Plot14","f","Stratum-U4-1","U4","Centaurea sp.",0.01
"Plot14","f","Stratum-U4-1","U4","Cichorium intybus",0.00125
"Plot14","f","Stratum-U4-1","U4","Crepis sancta",0.00625
"Plot14","f","Stratum-U4-1","U4","Echium italicum",0.00125
"Plot14","f","Stratum-U4-1","U4","Eryngium campestre",0.03125
"Plot14","f","Stratum-U4-1","U4","Lolium perenne",0.00125
"Plot14","f","Stratum-U4-1","U4","Muscari neglectum",0.00125
"Plot14","f","Stratum-U4-1","U4","Petrorhagia prolifera",0.00125
"Plot14","f","Stratum-U4-1","U4","Phleum pratense",0.00125
"Plot14","f","Stratum-U4-1","U4","Rapistrum rugosum",0.01125
"Plot14","f","Stratum-U4-1","U4","Rosa canina",0.005
"Plot14","f","Stratum-U4-1","U4","Scolymus hispanicus",0.01
"Plot14","f","Stratum-U4-1","U4","Setaria viridis",0.1875
"Plot14","f","Stratum-U4-1","U4","Silybum marianum",0.16125
"Plot14","f","Stratum-U4-1","U4","Thymus sibthorpii",0.09375
"Plot14","f","Stratum-U4-1","U4","Tuberaria sp.",0.04625
"Plot140","f","Stratum-W17-1","W17","Achillea millefolium",0.075
"Plot140","f","Stratum-W17-1","W17","Agrostis canina",0.0575
"Plot140","f","Stratum-W17-1","W17","Aira elegantissima",0.0075
"Plot140","f","Stratum-W17-1","W17","Bromus squarrosus",0.02125
"Plot140","f","Stratum-W17-1","W17","Centaurea sp.",0.0075
"Plot140","f","Stratum-W17-1","W17","Cynosurus echinatus",0.0025
"Plot140","f","Stratum-W17-1","W17","Dactylis glomerata",0.02125
"Plot140","f","Stratum-W17-1","W17","Helianthemum nummularium",0.02125
"Plot140","f","Stratum-W17-1","W17","Plantago lagopus",0.02125
"Plot140","f","Stratum-W17-1","W17","Polypodium vulgare",0.00125
"Plot140","f","Stratum-W17-1","W17","Pteridium aquilinum",0.23375
"Plot140","f","Stratum-W17-1","W17","Rubus idaeus",0.3425
"Plot140","f","Stratum-W17-1","W17","Trifolium angustifolium",0.04625
"Plot140","f","Stratum-W17-1","W17","Trifolium arvense",0.3425
"Plot140","f","Stratum-W17-1","W17","Trifolium campestre",0.04375
"Plot140","f","Stratum-W17-1","W17","Trifolium hirtum",0.1
"Plot140","f","Stratum-W17-1","W17","Trifolium incarnatum",0.1775
"Plot140","f","Stratum-W17-1","W17","Trifolium scabrum",0.18625
"Plot140","f","Stratum-W17-1","W17","Verbascum sp.",0.0425
"Plot140","f","Stratum-W17-1","W17","Vulpia muralis",0.03625
"Plot141","f","Stratum-W17-1","W17","Achillea clypeolata",0.04625
"Plot141","f","Stratum-W17-1","W17","Achillea millefolium",0.11
"Plot141","f","Stratum-W17-1","W17","Agrostis canina",0.01
"Plot141","f","Stratum-W17-1","W17","Anthemis arvensis",0.0075
"Plot141","f","Stratum-W17-1","W17","Anthoxanthum odoratum",0.08875
"Plot141","f","Stratum-W17-1","W17","Avena sterilis",0.0075
"Plot141","f","Stratum-W17-1","W17","Bromus hordeaceus",0.015
"Plot141","f","Stratum-W17-1","W17","Bromus squarrosus",0.115
"Plot141","f","Stratum-W17-1","W17","Cynosurus echinatus",0.015
"Plot141","f","Stratum-W17-1","W17","Dianthus cruentus",0.0075
"Plot141","f","Stratum-W17-1","W17","Geranium brutium",0.0075
"Plot141","f","Stratum-W17-1","W17","Hypericum perforatum",0.02125
"Plot141","f","Stratum-W17-1","W17","Hypochaeris radicata",0.0075
"Plot141","f","Stratum-W17-1","W17","Matricaria recutita",0.02125
"Plot141","f","Stratum-W17-1","W17","Phleum pratense",0.0225
"Plot141","f","Stratum-W17-1","W17","Plantago lagopus",0.02125
"Plot141","f","Stratum-W17-1","W17","Plantago lanceolata",0.0425
"Plot141","f","Stratum-W17-1","W17","Pterocephalus plumosus",0.0075
"Plot141","f","Stratum-W17-1","W17","Trifolium angustifolium",0.06375
"Plot141","f","Stratum-W17-1","W17","Trifolium arvense",0.16125
"Plot141","f","Stratum-W17-1","W17","Trifolium campestre",0.03625
"Plot141","f","Stratum-W17-1","W17","Trifolium incarnatum",0.2325
"Plot141","f","Stratum-W17-1","W17","Trifolium scabrum",0.16125
"Plot141","f","Stratum-W17-1","W17","Trifolium stellatum",0.0075
"Plot141","f","Stratum-W17-1","W17","Verbascum sp.",0.0025
"Plot141","f","Stratum-W17-1","W17","Vulpia muralis",0.08875
"Plot142","f","Stratum-W17-1","W17","Achillea clypeolata",0.0425
"Plot142","f","Stratum-W17-1","W17","Achillea millefolium",0.02125
"Plot142","f","Stratum-W17-1","W17","Acinos alpinus",0.00375
"Plot142","f","Stratum-W17-1","W17","Agrostis canina",0.14
"Plot142","f","Stratum-W17-1","W17","Anthoxanthum odoratum",0.0425
"Plot142","f","Stratum-W17-1","W17","Avena sterilis",0.02125
"Plot142","f","Stratum-W17-1","W17","Bromus hordeaceus",0.02125
"Plot142","f","Stratum-W17-1","W17","Bromus tectorum",0.04625
"Plot142","f","Stratum-W17-1","W17","Centaurea sp.",0.0075
"Plot142","f","Stratum-W17-1","W17","Cichorium intybus",0.04625
"Plot142","f","Stratum-W17-1","W17","Dianthus cruentus",0.0075
"Plot142","f","Stratum-W17-1","W17","Hypericum perforatum",0.0075
"Plot142","f","Stratum-W17-1","W17","Paronychia macedonica",0.02875
"Plot142","f","Stratum-W17-1","W17","Phleum pratense",0.0025
"Plot142","f","Stratum-W17-1","W17","Plantago lanceolata",0.0675
"Plot142","f","Stratum-W17-1","W17","Pterocephalus plumosus",0.0425
"Plot142","f","Stratum-W17-1","W17","Rubus sanctus",0.02125
"Plot142","f","Stratum-W17-1","W17","Rumex acetosella",0.0075
"Plot142","f","Stratum-W17-1","W17","Thymus sibthorpii",0.02125
"Plot142","f","Stratum-W17-1","W17","Trifolium angustifolium",0.0425
"Plot142","f","Stratum-W17-1","W17","Trifolium arvense",0.06375
"Plot142","f","Stratum-W17-1","W17","Trifolium campestre",0.05
"Plot142","f","Stratum-W17-1","W17","Trifolium hirtum",0.02125
"Plot142","f","Stratum-W17-1","W17","Trifolium incarnatum",0.42125
"Plot142","f","Stratum-W17-1","W17","Trifolium scabrum",0.02875
"Plot143","f","Stratum-W17-1","W17","Achillea clypeolata",0.0075
"Plot143","f","Stratum-W17-1","W17","Centaurea sp.",0.05
"Plot143","f","Stratum-W17-1","W17","Geranium brutium",0.00125
"Plot143","f","Stratum-W17-1","W17","Hypochaeris radicata",0.015
"Plot143","f","Stratum-W17-1","W17","Leontodon crispus",0.02125
"Plot143","f","Stratum-W17-1","W17","Matricaria recutita",0.08875
"Plot143","f","Stratum-W17-1","W17","Paronychia macedonica",0.0675
"Plot143","f","Stratum-W17-1","W17","Plantago lagopus",0.0675
"Plot143","f","Stratum-W17-1","W17","Plantago lanceolata",0.04625
"Plot143","f","Stratum-W17-1","W17","Pterocephalus plumosus",0.02125
"Plot143","f","Stratum-W17-1","W17","Trifolium angustifolium",0.0425
"Plot143","f","Stratum-W17-1","W17","Trifolium arvense",0.06375
"Plot143","f","Stratum-W17-1","W17","Trifolium campestre",0.0075
"Plot143","f","Stratum-W17-1","W17","Trifolium incarnatum",0.02125
"Plot143","f","Stratum-W17-1","W17","Trifolium scabrum",0.06375
"Plot143","f","Stratum-W17-1","W17","Verbascum sp.",0.0425
"Plot144","f","Stratum-W17-1","W17","Achillea clypeolata",0.00125
"Plot144","f","Stratum-W17-1","W17","Achillea millefolium",0.0075
"Plot144","f","Stratum-W17-1","W17","Bromus hordeaceus",0.04625
"Plot144","f","Stratum-W17-1","W17","Bromus squarrosus",0.04625
"Plot144","f","Stratum-W17-1","W17","Bromus tectorum",0.09375
"Plot144","f","Stratum-W17-1","W17","Carlina vulgaris",0.0025
"Plot144","f","Stratum-W17-1","W17","Centaurea sp.",0.0225
"Plot144","f","Stratum-W17-1","W17","Cichorium intybus",0.0075
"Plot144","f","Stratum-W17-1","W17","Crepis sancta",0.015
"Plot144","f","Stratum-W17-1","W17","Cynosurus echinatus",0.02875
"Plot144","f","Stratum-W17-1","W17","Dactylis glomerata",0.0075
"Plot144","f","Stratum-W17-1","W17","Daucus carota",0.0025
"Plot144","f","Stratum-W17-1","W17","Dianthus cruentus",0.0025
"Plot144","f","Stratum-W17-1","W17","Euphorbia cyparissias",0.02875
"Plot144","f","Stratum-W17-1","W17","Lolium perenne",0.0425
"Plot144","f","Stratum-W17-1","W17","Petrorhagia dubia",0.085
"Plot144","f","Stratum-W17-1","W17","Phleum pratense",0.0675
"Plot144","f","Stratum-W17-1","W17","Plantago lanceolata",0.13875
"Plot144","f","Stratum-W17-1","W17","Poa bulbosa",0.00125
"Plot144","f","Stratum-W17-1","W17","Potentilla recta",0.0075
"Plot144","f","Stratum-W17-1","W17","Rubus sanctus",0.0425
"Plot144","f","Stratum-W17-1","W17","Sanguisorba minor",0.02125
"Plot144","f","Stratum-W17-1","W17","Scolymus hispanicus",0.02125
"Plot144","f","Stratum-W17-1","W17","Torilis arvensis",0.0075
"Plot144","f","Stratum-W17-1","W17","Trifolium angustifolium",0.08875
"Plot144","f","Stratum-W17-1","W17","Trifolium arvense",0.0075
"Plot144","f","Stratum-W17-1","W17","Trifolium hirtum",0.04625
"Plot144","f","Stratum-W17-1","W17","Verbascum sp.",0.01625
"Plot144","f","Stratum-W17-1","W17","Vulpia muralis",0.0675
"Plot15","f","Stratum-U4-1","U4","Aegilops triuncialis",0.0425
"Plot15","f","Stratum-U4-1","U4","Avena sterilis",0.07125
"Plot15","f","Stratum-U4-1","U4","Cichorium intybus",0.02125
"Plot15","f","Stratum-U4-1","U4","Convolvulus arvensis",2.5e-4
"Plot15","f","Stratum-U4-1","U4","Ecballium elaterium",0.01125
"Plot15","f","Stratum-U4-1","U4","Hieracium pilosus",0.08875
"Plot15","f","Stratum-U4-1","U4","Hordeum bulbosum",0.0075
"Plot15","f","Stratum-U4-1","U4","Hordeum vulgare",0.115
"Plot15","f","Stratum-U4-1","U4","Hypericum triquetrifolium",2.5e-4
"Plot15","f","Stratum-U4-1","U4","Lathyrus sp.",0.00125
"Plot15","f","Stratum-U4-1","U4","Lolium perenne",0.00125
"Plot15","f","Stratum-U4-1","U4","Rapistrum rugosum",0.025
"Plot15","f","Stratum-U4-1","U4","Silybum marianum",0.105
"Plot15","f","Stratum-U4-1","U4","Sisymbrium officinale",0.12125
"Plot15","f","Stratum-U4-1","U4","Trifolium angustifolium",0.1575
"Plot15","f","Stratum-U4-1","U4","Tuberaria sp.",0.02
"Plot157","f","Stratum-W21-1","W21","Avena sterilis",0.00125
"Plot157","f","Stratum-W21-1","W21","Centaurea solstitialis",0.1075
"Plot157","f","Stratum-W21-1","W21","Crepis sancta",0.06625
"Plot157","f","Stratum-W21-1","W21","Dittrichia viscosa",0.01
"Plot157","f","Stratum-W21-1","W21","Euphorbia myrsinites",0.14
"Plot157","f","Stratum-W21-1","W21","Festuca sp.",0.01125
"Plot157","f","Stratum-W21-1","W21","Hypericum perforatum",0.00125
"Plot157","f","Stratum-W21-1","W21","Pterocephalus plumosus",0.04625
"Plot157","f","Stratum-W21-1","W21","Trifolium angustifolium",0.0675
"Plot157","f","Stratum-W21-1","W21","Trifolium arvense",0.02125
"Plot158","f","Stratum-W21-1","W21","Anthyllis hermanniae",0.03125
"Plot158","f","Stratum-W21-1","W21","Avena sterilis",0.00625
"Plot158","f","Stratum-W21-1","W21","Bromus hordeaceus",0.005
"Plot158","f","Stratum-W21-1","W21","Centaurea solstitialis",0.005
"Plot158","f","Stratum-W21-1","W21","Cistus monspeliensis",0.06125
"Plot158","f","Stratum-W21-1","W21","Cynosurus echinatus",0.005
"Plot158","f","Stratum-W21-1","W21","Dittrichia viscosa",0.16125
"Plot158","f","Stratum-W21-1","W21","Eryngium amethystinum",0.00125
"Plot158","f","Stratum-W21-1","W21","Euphorbia myrsinites",0.01
"Plot158","f","Stratum-W21-1","W21","Hypericum perforatum",0.00625
"Plot158","f","Stratum-W21-1","W21","Micropyrum tenellum",0.01
"Plot158","f","Stratum-W21-1","W21","Petrorhagia prolifera",0.005
"Plot158","f","Stratum-W21-1","W21","Pimpinella saxifraga",0.0027500000000000003
"Plot158","f","Stratum-W21-1","W21","Pterocephalus plumosus",0.04625
"Plot158","f","Stratum-W21-1","W21","Rubus idaeus",0.01
"Plot158","f","Stratum-W21-1","W21","Trifolium angustifolium",0.17125
"Plot159","f","Stratum-W21-1","W21","Anthyllis hermanniae",0.015
"Plot159","f","Stratum-W21-1","W21","Briza media",0.005
"Plot159","f","Stratum-W21-1","W21","Catapodium rigidum",0.02125
"Plot159","f","Stratum-W21-1","W21","Centaurea solstitialis",0.01
"Plot159","f","Stratum-W21-1","W21","Cistus monspeliensis",0.03625
"Plot159","f","Stratum-W21-1","W21","Clinopodium vulgare",0.02125
"Plot159","f","Stratum-W21-1","W21","Dactylis glomerata",0.00125
"Plot159","f","Stratum-W21-1","W21","Dittrichia viscosa",0.28125
"Plot159","f","Stratum-W21-1","W21","Festuca sp.",0.01125
"Plot159","f","Stratum-W21-1","W21","Fumaria scoparia",0.00125
"Plot159","f","Stratum-W21-1","W21","Galium aparine",0.005
"Plot159","f","Stratum-W21-1","W21","Hypericum perforatum",0.02625
"Plot159","f","Stratum-W21-1","W21","Linum sp.",0.00125
"Plot159","f","Stratum-W21-1","W21","Medicago minima",0.005
"Plot159","f","Stratum-W21-1","W21","Origanum vulgare",0.01
"Plot159","f","Stratum-W21-1","W21","Pimpinella saxifraga",0.00625
"Plot159","f","Stratum-W21-1","W21","Teucrium chamaedrys",0.005
"Plot159","f","Stratum-W21-1","W21","Trifolium angustifolium",0.01125
"Plot16","f","Stratum-U4-1","U4","Aegilops triuncialis",0.03125
"Plot16","f","Stratum-U4-1","U4","Alyssum simplex",0.02125
"Plot16","f","Stratum-U4-1","U4","Artemisia campestris",0.005
"Plot16","f","Stratum-U4-1","U4","Avena sterilis",0.11375
"Plot16","f","Stratum-U4-1","U4","Centaurea solstitialis",0.01625
"Plot16","f","Stratum-U4-1","U4","Dittrichia viscosa",0.09375
"Plot16","f","Stratum-U4-1","U4","Hieracium pilosus",0.08875
"Plot16","f","Stratum-U4-1","U4","Lolium perenne",0.15625
"Plot16","f","Stratum-U4-1","U4","Muscari neglectum",0.02125
"Plot16","f","Stratum-U4-1","U4","Plantago lanceolata",0.005
"Plot16","f","Stratum-U4-1","U4","Rapistrum rugosum",0.3275
"Plot16","f","Stratum-U4-1","U4","Setaria viridis",0.015
"Plot16","f","Stratum-U4-1","U4","Trifolium angustifolium",0.00625
"Plot160","f","Stratum-W21-1","W21","Anthyllis vulneraria",0.05125
"Plot160","f","Stratum-W21-1","W21","Avena sterilis",0.0025
"Plot160","f","Stratum-W21-1","W21","Briza media",0.02125
"Plot160","f","Stratum-W21-1","W21","Bromus squarrosus",0.0225
"Plot160","f","Stratum-W21-1","W21","Catapodium rigidum",0.0175
"Plot160","f","Stratum-W21-1","W21","Cistus monspeliensis",0.01625
"Plot160","f","Stratum-W21-1","W21","Dactylis glomerata",0.00125
"Plot160","f","Stratum-W21-1","W21","Dittrichia viscosa",0.20875
"Plot160","f","Stratum-W21-1","W21","Eryngium amethystinum",0.00125
"Plot160","f","Stratum-W21-1","W21","Festuca sp.",0.04625
"Plot160","f","Stratum-W21-1","W21","Hypericum perforatum",0.005
"Plot160","f","Stratum-W21-1","W21","Pimpinella saxifraga",0.0125
"Plot160","f","Stratum-W21-1","W21","Pterocephalus plumosus",0.00125
"Plot160","f","Stratum-W21-1","W21","Trifolium sp.",0.01
"Plot161","f","Stratum-W21-1","W21","Anthyllis vulneraria",0.0575
"Plot161","f","Stratum-W21-1","W21","Briza media",0.00125
"Plot161","f","Stratum-W21-1","W21","Bromus hordeaceus",0.005
"Plot161","f","Stratum-W21-1","W21","Centaurea affinis",0.0825
"Plot161","f","Stratum-W21-1","W21","Cistus monspeliensis",0.0325
"Plot161","f","Stratum-W21-1","W21","Dittrichia viscosa",0.05125
"Plot161","f","Stratum-W21-1","W21","Festuca sp.",0.005
"Plot161","f","Stratum-W21-1","W21","Fumana ericoides",0.0125
"Plot161","f","Stratum-W21-1","W21","Galium aparine",0.025
"Plot161","f","Stratum-W21-1","W21","Hypericum perforatum",0.05625
"Plot161","f","Stratum-W21-1","W21","Koeleria macrantha",0.0025
"Plot161","f","Stratum-W21-1","W21","Pimpinella saxifraga",0.00625
"Plot161","f","Stratum-W21-1","W21","Teucrium chamaedrys",0.03125
"Plot161","f","Stratum-W21-1","W21","Trifolium angustifolium",0.01
"Plot161","f","Stratum-W21-1","W21","Trifolium arvense",0.005
"Plot161","f","Stratum-W21-1","W21","Trifolium sp.",0.005
"Plot162","f","Stratum-W21-1","W21","Aegilops triuncialis",0.02125
"Plot162","f","Stratum-W21-1","W21","Anisantha sterilis",0.00625
"Plot162","f","Stratum-W21-1","W21","Anthemis arvensis",0.01
"Plot162","f","Stratum-W21-1","W21","Avena sterilis",0.01125
"Plot162","f","Stratum-W21-1","W21","Catapodium rigidum",0.005
"Plot162","f","Stratum-W21-1","W21","Centaurea solstitialis",0.03
"Plot162","f","Stratum-W21-1","W21","Cistus monspeliensis",0.005
"Plot162","f","Stratum-W21-1","W21","Dactylis glomerata",0.04625
"Plot162","f","Stratum-W21-1","W21","Dittrichia viscosa",0.24375
"Plot162","f","Stratum-W21-1","W21","Euphorbia myrsinites",0.0025
"Plot162","f","Stratum-W21-1","W21","Galium aparine",0.00625
"Plot162","f","Stratum-W21-1","W21","Hieracium pilosus",0.01
"Plot162","f","Stratum-W21-1","W21","Hypericum perforatum",0.07375
"Plot162","f","Stratum-W21-1","W21","Lactuca sp.",0.00125
"Plot162","f","Stratum-W21-1","W21","Medicago minima",2.5e-4
"Plot162","f","Stratum-W21-1","W21","Phillyrea latifolia",0.005
"Plot162","f","Stratum-W21-1","W21","Phleum pratense",0.0025
"Plot162","f","Stratum-W21-1","W21","Phlomis fruticosa",0.005
"Plot162","f","Stratum-W21-1","W21","Pimpinella saxifraga",0.03125
"Plot162","f","Stratum-W21-1","W21","Potentilla micrantha",0.00125
"Plot162","f","Stratum-W21-1","W21","Rosa sp.",0.005
"Plot162","f","Stratum-W21-1","W21","Sanguisorba minor",0.015
"Plot162","f","Stratum-W21-1","W21","Stachys germanica",0.0425
"Plot162","f","Stratum-W21-1","W21","Trifolium angustifolium",0.09875
"Plot162","f","Stratum-W21-1","W21","Verbena officinalis",0.00125
"Plot163","f","Stratum-W21-1","W21","Aegilops triuncialis",0.0325
"Plot163","f","Stratum-W21-1","W21","Anthemis arvensis",2.5e-4
"Plot163","f","Stratum-W21-1","W21","Avena sterilis",0.01
"Plot163","f","Stratum-W21-1","W21","Bromus hordeaceus",0.0115
"Plot163","f","Stratum-W21-1","W21","Centaurea solstitialis",0.02
"Plot163","f","Stratum-W21-1","W21","Chondrilla juncea",0.00125
"Plot163","f","Stratum-W21-1","W21","Crepis sancta",0.00525
"Plot163","f","Stratum-W21-1","W21","Dactylis glomerata",0.00125
"Plot163","f","Stratum-W21-1","W21","Dittrichia viscosa",0.14
"Plot163","f","Stratum-W21-1","W21","Euphorbia myrsinites",0.06125
"Plot163","f","Stratum-W21-1","W21","Hypericum perforatum",0.02125
"Plot163","f","Stratum-W21-1","W21","Phleum pratense",0.002
"Plot163","f","Stratum-W21-1","W21","Pimpinella saxifraga",0.006750000000000001
"Plot163","f","Stratum-W21-1","W21","Pinus brutia",0.06775
"Plot163","f","Stratum-W21-1","W21","Sanguisorba minor",0.005
"Plot163","f","Stratum-W21-1","W21","Stachys germanica",0.005
"Plot163","f","Stratum-W21-1","W21","Teucrium chamaedrys",0.01
"Plot163","f","Stratum-W21-1","W21","Trifolium angustifolium",0.05625
"Plot164","f","Stratum-W21-1","W21","Aegilops triuncialis",0.01
"Plot164","f","Stratum-W21-1","W21","Anthemis arvensis",0.015
"Plot164","f","Stratum-W21-1","W21","Avena sterilis",0.015
"Plot164","f","Stratum-W21-1","W21","Centaurea affinis",0.03625
"Plot164","f","Stratum-W21-1","W21","Centaurea solstitialis",0.005
"Plot164","f","Stratum-W21-1","W21","Cichorium intybus",0.00125
"Plot164","f","Stratum-W21-1","W21","Cistus monspeliensis",0.04625
"Plot164","f","Stratum-W21-1","W21","Dactylis glomerata",0.02125
"Plot164","f","Stratum-W21-1","W21","Dittrichia viscosa",0.1575
"Plot164","f","Stratum-W21-1","W21","Eryngium amethystinum",0.00125
"Plot164","f","Stratum-W21-1","W21","Euphorbia myrsinites",0.03125
"Plot164","f","Stratum-W21-1","W21","Galium aparine",0.01
"Plot164","f","Stratum-W21-1","W21","Hypericum perforatum",0.0275
"Plot164","f","Stratum-W21-1","W21","Lolium perenne",0.00125
"Plot164","f","Stratum-W21-1","W21","Micromeria juliana",0.00125
"Plot164","f","Stratum-W21-1","W21","Phleum pratense",0.00125
"Plot164","f","Stratum-W21-1","W21","Pimpinella saxifraga",0.0525
"Plot164","f","Stratum-W21-1","W21","Pinus brutia",2.5e-4
"Plot164","f","Stratum-W21-1","W21","Plantago lanceolata",0.0925
"Plot164","f","Stratum-W21-1","W21","Prunella laciniata",0.02375
"Plot164","f","Stratum-W21-1","W21","Rumex sp.",0.015
"Plot164","f","Stratum-W21-1","W21","Sanguisorba minor",0.02
"Plot164","f","Stratum-W21-1","W21","Trifolium angustifolium",0.0525
"Plot164","f","Stratum-W21-1","W21","Trifolium arvense",0.0125
"Plot165","f","Stratum-W21-1","W21","Aegilops neglecta",0.07875
"Plot165","f","Stratum-W21-1","W21","Anthemis arvensis",0.00125
"Plot165","f","Stratum-W21-1","W21","Avena sterilis",0.00625
"Plot165","f","Stratum-W21-1","W21","Bromus hordeaceus",0.01
"Plot165","f","Stratum-W21-1","W21","Centaurea solstitialis",0.01
"Plot165","f","Stratum-W21-1","W21","Cistus monspeliensis",0.0225
"Plot165","f","Stratum-W21-1","W21","Dactylis glomerata",0.01
"Plot165","f","Stratum-W21-1","W21","Dittrichia viscosa",0.01
"Plot165","f","Stratum-W21-1","W21","Euphorbia myrsinites",0.02
"Plot165","f","Stratum-W21-1","W21","Fumana ericoides",0.005
"Plot165","f","Stratum-W21-1","W21","Hypericum perforatum",0.00125
"Plot165","f","Stratum-W21-1","W21","Micromeria juliana",0.00125
"Plot165","f","Stratum-W21-1","W21","Plantago lanceolata",0.005
"Plot165","f","Stratum-W21-1","W21","Rumex sp.",2.5e-4
"Plot165","f","Stratum-W21-1","W21","Sisymbrium officinale",0.005
"Plot165","f","Stratum-W21-1","W21","Trifolium angustifolium",0.0225
"Plot166","f","Stratum-W21-1","W21","Aegilops triuncialis",0.0775
"Plot166","f","Stratum-W21-1","W21","Avena sterilis",0.00375
"Plot166","f","Stratum-W21-1","W21","Bromus vulgaris",0.015
"Plot166","f","Stratum-W21-1","W21","Centaurea affinis",0.21875
"Plot166","f","Stratum-W21-1","W21","Centaurea solstitialis",0.03125
"Plot166","f","Stratum-W21-1","W21","Cistus monspeliensis",0.0875
"Plot166","f","Stratum-W21-1","W21","Cruciata pedemontana",0.005
"Plot166","f","Stratum-W21-1","W21","Cynosurus echinatus",0.00125
"Plot166","f","Stratum-W21-1","W21","Dactylis glomerata",0.0015
"Plot166","f","Stratum-W21-1","W21","Dittrichia viscosa",0.02125
"Plot166","f","Stratum-W21-1","W21","Eryngium campestre",0.01125
"Plot166","f","Stratum-W21-1","W21","Euphorbia myrsinites",0.02
"Plot166","f","Stratum-W21-1","W21","Galium aparine",0.02125
"Plot166","f","Stratum-W21-1","W21","Helianthemum nummularium",0.01
"Plot166","f","Stratum-W21-1","W21","Hypericum perforatum",0.03625
"Plot166","f","Stratum-W21-1","W21","Melica ciliata",0.04625
"Plot166","f","Stratum-W21-1","W21","Pimpinella saxifraga",0.00625
"Plot166","f","Stratum-W21-1","W21","Plantago lanceolata",0.02125
"Plot166","f","Stratum-W21-1","W21","Quercus coccifera",0.015
"Plot166","f","Stratum-W21-1","W21","Rubus idaeus",0.01
"Plot166","f","Stratum-W21-1","W21","Sanguisorba minor",0.0017499999999999998
"Plot166","f","Stratum-W21-1","W21","Trifolium angustifolium",0.00125
"Plot166","f","Stratum-W21-1","W21","Trifolium arvense",0.01
"Plot166","f","Stratum-W21-1","W21","Umbelliferae",2.5e-4
"Plot167","f","Stratum-W21-1","W21","Aegilops triuncialis",0.03625
"Plot167","f","Stratum-W21-1","W21","Anthemis arvensis",0.03
"Plot167","f","Stratum-W21-1","W21","Centaurea affinis",0.2075
"Plot167","f","Stratum-W21-1","W21","Cistus monspeliensis",0.0725
"Plot167","f","Stratum-W21-1","W21","Dactylis glomerata",0.00625
"Plot167","f","Stratum-W21-1","W21","Dittrichia viscosa",0.005
"Plot167","f","Stratum-W21-1","W21","Eryngium campestre",0.00125
"Plot167","f","Stratum-W21-1","W21","Fumana ericoides",0.006500000000000001
"Plot167","f","Stratum-W21-1","W21","Galium aparine",0.01
"Plot167","f","Stratum-W21-1","W21","Hypericum perforatum",0.015
"Plot167","f","Stratum-W21-1","W21","Melica ciliata",0.00125
"Plot167","f","Stratum-W21-1","W21","Phillyrea latifolia",2.5e-4
"Plot167","f","Stratum-W21-1","W21","Plantago lanceolata",0.02
"Plot167","f","Stratum-W21-1","W21","Quercus coccifera",0.04625
"Plot167","f","Stratum-W21-1","W21","Rumex sp.",0.005
"Plot167","f","Stratum-W21-1","W21","Sanguisorba minor",0.02125
"Plot167","f","Stratum-W21-1","W21","Teucrium chamaedrys",0.01
"Plot167","f","Stratum-W21-1","W21","Trifolium angustifolium",0.00125
"Plot167","f","Stratum-W21-1","W21","Trifolium arvense",0.005
"Plot168","f","Stratum-W21-1","W21","Aegilops triuncialis",0.02
"Plot168","f","Stratum-W21-1","W21","Avena sterilis",0.00525
"Plot168","f","Stratum-W21-1","W21","Bellardia trixago",2.5e-4
"Plot168","f","Stratum-W21-1","W21","Bromus hordeaceus",0.05625
"Plot168","f","Stratum-W21-1","W21","Centaurea solstitialis",0.15
"Plot168","f","Stratum-W21-1","W21","Convolvulus arvensis",0.01
"Plot168","f","Stratum-W21-1","W21","Crepis setosa",0.0475
"Plot168","f","Stratum-W21-1","W21","Eryngium campestre",0.0025
"Plot168","f","Stratum-W21-1","W21","Euphorbia myrsinites",0.04625
"Plot168","f","Stratum-W21-1","W21","Hypericum olympicum",0.01
"Plot168","f","Stratum-W21-1","W21","Hypericum perforatum",0.03125
"Plot168","f","Stratum-W21-1","W21","Medicago minima",0.025
"Plot168","f","Stratum-W21-1","W21","Medicago sativa",0.006750000000000001
"Plot168","f","Stratum-W21-1","W21","Phleum pratense",0.0025
"Plot168","f","Stratum-W21-1","W21","Pimpinella saxifraga",0.00125
"Plot168","f","Stratum-W21-1","W21","Plantago lanceolata",0.07125
"Plot168","f","Stratum-W21-1","W21","Sanguisorba minor",0.00375
"Plot168","f","Stratum-W21-1","W21","Teucrium chamaedrys",0.04625
"Plot168","f","Stratum-W21-1","W21","Velezia rigida",0.005
"Plot17","f","Stratum-U4-1","U4","Avena sterilis",0.025
"Plot17","f","Stratum-U4-1","U4","Bromus hordeaceus",0.0475
"Plot17","f","Stratum-U4-1","U4","Carlina corymbosa",0.01
"Plot17","f","Stratum-U4-1","U4","Carthamus lanatus",2.5e-4
"Plot17","f","Stratum-U4-1","U4","Centaurea solstitialis",0.0575
"Plot17","f","Stratum-U4-1","U4","Cichorium intybus",0.01
"Plot17","f","Stratum-U4-1","U4","Dactylis glomerata",0.005
"Plot17","f","Stratum-U4-1","U4","Eryngium campestre",0.02
"Plot17","f","Stratum-U4-1","U4","Lathyrus sp.",0.10875
"Plot17","f","Stratum-U4-1","U4","Lolium perenne",0.16125
"Plot17","f","Stratum-U4-1","U4","Phleum pratense",0.00125
"Plot17","f","Stratum-U4-1","U4","Rapistrum rugosum",0.1875
"Plot17","f","Stratum-U4-1","U4","Setaria viridis",0.10375
"Plot17","f","Stratum-U4-1","U4","Vicia sp.",0.00125
"Plot18","f","Stratum-U4-1","U4","Anthemis arvensis",2.5e-4
"Plot18","f","Stratum-U4-1","U4","Avena sterilis",0.00375
"Plot18","f","Stratum-U4-1","U4","Carlina corymbosa",0.005
"Plot18","f","Stratum-U4-1","U4","Centaurea solstitialis",0.0017499999999999998
"Plot18","f","Stratum-U4-1","U4","Cichorium intybus",0.0315
"Plot18","f","Stratum-U4-1","U4","Crepis sancta",2.5e-4
"Plot18","f","Stratum-U4-1","U4","Cynodon dactylon",0.75
"Plot18","f","Stratum-U4-1","U4","Eryngium amethystinum",2.5e-4
"Plot18","f","Stratum-U4-1","U4","Eryngium campestre",0.0115
"Plot18","f","Stratum-U4-1","U4","Lolium perenne",0.04625
"Plot18","f","Stratum-U4-1","U4","Phleum pratense",0.00125
"Plot18","f","Stratum-U4-1","U4","Plantago lanceolata",0.00125
"Plot18","f","Stratum-U4-1","U4","Rapistrum rugosum",0.00625
"Plot18","f","Stratum-U4-1","U4","Sanguisorba minor",2.5e-4
"Plot18","f","Stratum-U4-1","U4","Setaria viridis",0.00125
"Plot18","f","Stratum-U4-1","U4","Trifolium angustifolium",0.0015
"Plot181","f","Stratum-W2-1","W2","Aegilops triuncialis",0.02
"Plot181","f","Stratum-W2-1","W2","Anthoxanthum odoratum",0.02
"Plot181","f","Stratum-W2-1","W2","Bromus hordeaceus",0.08875
"Plot181","f","Stratum-W2-1","W2","Cichorium intybus",0.005
"Plot181","f","Stratum-W2-1","W2","Cynosurus echinatus",0.01
"Plot181","f","Stratum-W2-1","W2","Eryngium amethystinum",2.5e-4
"Plot181","f","Stratum-W2-1","W2","Euphorbia myrsinites",0.00525
"Plot181","f","Stratum-W2-1","W2","Fumana sp.",0.00625
"Plot181","f","Stratum-W2-1","W2","Juniperus oxycedrus",0.005
"Plot181","f","Stratum-W2-1","W2","Lactuca serriola",0.00125
"Plot181","f","Stratum-W2-1","W2","Mentha sp.",0.09375
"Plot181","f","Stratum-W2-1","W2","Micromeria juliana",0.15625
"Plot181","f","Stratum-W2-1","W2","Plantago lanceolata",0.01
"Plot181","f","Stratum-W2-1","W2","Teucrium chamaedrys",0.00625
"Plot181","f","Stratum-W2-1","W2","Trifolium angustifolium",0.03125
"Plot181","f","Stratum-W2-1","W2","Trifolium arvense",0.01
"Plot182","f","Stratum-W2-1","W2","Acinos suaveolens",0.01
"Plot182","f","Stratum-W2-1","W2","Aegilops triuncialis",0.005
"Plot182","f","Stratum-W2-1","W2","Anisantha sterilis",0.015
"Plot182","f","Stratum-W2-1","W2","Anthoxanthum odoratum",0.05625
"Plot182","f","Stratum-W2-1","W2","Bromus hordeaceus",0.06625
"Plot182","f","Stratum-W2-1","W2","Chrysopogon dactylon",0.15625
"Plot182","f","Stratum-W2-1","W2","Cynosurus echinatus",0.03125
"Plot182","f","Stratum-W2-1","W2","Eryngium amethystinum",0.0125
"Plot182","f","Stratum-W2-1","W2","Euphorbia myrsinites",0.005
"Plot182","f","Stratum-W2-1","W2","Fumana sp.",0.05125
"Plot182","f","Stratum-W2-1","W2","Koeleria macrantha",0.01
"Plot182","f","Stratum-W2-1","W2","Lactuca serriola",0.00525
"Plot182","f","Stratum-W2-1","W2","Micromeria juliana",0.01
"Plot182","f","Stratum-W2-1","W2","Pimpinella saxifraga",0.005
"Plot182","f","Stratum-W2-1","W2","Plantago lanceolata",0.02125
"Plot182","f","Stratum-W2-1","W2","Potentilla recta",0.04625
"Plot182","f","Stratum-W2-1","W2","Pterocephalus plumosus",0.0725
"Plot182","f","Stratum-W2-1","W2","Sanguisorba minor",0.00125
"Plot182","f","Stratum-W2-1","W2","Trifolium angustifolium",0.04125
"Plot183","f","Stratum-W2-1","W2","Anthoxanthum odoratum",0.02
"Plot183","f","Stratum-W2-1","W2","Avena sterilis",0.04875
"Plot183","f","Stratum-W2-1","W2","Bromus hordeaceus",0.03125
"Plot183","f","Stratum-W2-1","W2","Bromus tectorum",0.00125
"Plot183","f","Stratum-W2-1","W2","Centaurea affinis",0.005
"Plot183","f","Stratum-W2-1","W2","Cichorium intybus",0.01
"Plot183","f","Stratum-W2-1","W2","Euphorbia myrsinites",0.02125
"Plot183","f","Stratum-W2-1","W2","Fumana sp.",0.06625
"Plot183","f","Stratum-W2-1","W2","Hypericum perforatum",0.05625
"Plot183","f","Stratum-W2-1","W2","Lactuca serriola",0.005
"Plot183","f","Stratum-W2-1","W2","Mentha sp.",0.09375
"Plot183","f","Stratum-W2-1","W2","Micromeria juliana",0.02125
"Plot183","f","Stratum-W2-1","W2","Sanguisorba minor",0.015
"Plot183","f","Stratum-W2-1","W2","Teucrium chamaedrys",0.0425
"Plot183","f","Stratum-W2-1","W2","Thymus sibthorpii",0.05125
"Plot183","f","Stratum-W2-1","W2","Trifolium angustifolium",0.02125
"Plot184","f","Stratum-W2-1","W2","Aegilops triuncialis",0.04625
"Plot184","f","Stratum-W2-1","W2","Anthoxanthum odoratum",0.06625
"Plot184","f","Stratum-W2-1","W2","Bromus hordeaceus",0.03
"Plot184","f","Stratum-W2-1","W2","Centaurea affinis",0.02125
"Plot184","f","Stratum-W2-1","W2","Cichorium intybus",0.01
"Plot184","f","Stratum-W2-1","W2","Cynodon dactylon",0.25
"Plot184","f","Stratum-W2-1","W2","Cynosurus echinatus",0.05125
"Plot184","f","Stratum-W2-1","W2","Eryngium campestre",0.04625
"Plot184","f","Stratum-W2-1","W2","Fumana sp.",0.03
"Plot184","f","Stratum-W2-1","W2","Hordeum vulgare",0.01
"Plot184","f","Stratum-W2-1","W2","Hypericum perforatum",0.0425
"Plot184","f","Stratum-W2-1","W2","Lactuca serriola",0.01
"Plot184","f","Stratum-W2-1","W2","Mentha sp.",0.02625
"Plot184","f","Stratum-W2-1","W2","Origanum vulgare",0.02125
"Plot184","f","Stratum-W2-1","W2","Pterocephalus plumosus",0.01
"Plot184","f","Stratum-W2-1","W2","Quercus coccifera",0.015
"Plot184","f","Stratum-W2-1","W2","Sanguisorba minor",0.0675
"Plot184","f","Stratum-W2-1","W2","Thymus leucotrichus",0.005
"Plot184","f","Stratum-W2-1","W2","Trifolium arvense",0.02125
"Plot185","f","Stratum-W2-1","W2","Aegilops triuncialis",0.0525
"Plot185","f","Stratum-W2-1","W2","Agrostis capillaris",0.00625
"Plot185","f","Stratum-W2-1","W2","Avena sterilis",0.00125
"Plot185","f","Stratum-W2-1","W2","Bromus hordeaceus",0.01625
"Plot185","f","Stratum-W2-1","W2","Carex spicata",0.01
"Plot185","f","Stratum-W2-1","W2","Centaurea solstitialis",0.00125
"Plot185","f","Stratum-W2-1","W2","Cichorium intybus",0.02
"Plot185","f","Stratum-W2-1","W2","Cistus creticus",0.03125
"Plot185","f","Stratum-W2-1","W2","Cistus monspeliensis",0.00125
"Plot185","f","Stratum-W2-1","W2","Crepis sancta",0.00125
"Plot185","f","Stratum-W2-1","W2","Dactylis glomerata",0.0017499999999999998
"Plot185","f","Stratum-W2-1","W2","Dittrichia viscosa",0.0675
"Plot185","f","Stratum-W2-1","W2","Eryngium amethystinum",5e-4
"Plot185","f","Stratum-W2-1","W2","Eryngium campestre",2.5e-4
"Plot185","f","Stratum-W2-1","W2","Euphorbia myrsinites",0.03125
"Plot185","f","Stratum-W2-1","W2","Galium mollugo group",0.005
"Plot185","f","Stratum-W2-1","W2","Herniaria hirsuta",0.02125
"Plot185","f","Stratum-W2-1","W2","Hordeum vulgare",0.01
"Plot185","f","Stratum-W2-1","W2","Hypericum perforatum",0.09375
"Plot185","f","Stratum-W2-1","W2","Mentha sp.",0.03625
"Plot185","f","Stratum-W2-1","W2","Micromeria juliana",0.01
"Plot185","f","Stratum-W2-1","W2","Plantago lanceolata",0.02
"Plot185","f","Stratum-W2-1","W2","Potentilla recta",0.00125
"Plot185","f","Stratum-W2-1","W2","Pterocephalus plumosus",0.02
"Plot185","f","Stratum-W2-1","W2","Rubus sanctus",0.01
"Plot185","f","Stratum-W2-1","W2","Rumex sp.",0.00125
"Plot185","f","Stratum-W2-1","W2","Salvia officinalis",0.04625
"Plot185","f","Stratum-W2-1","W2","Sanguisorba minor",0.00625
"Plot185","f","Stratum-W2-1","W2","Stachys germanica",2.5e-4
"Plot185","f","Stratum-W2-1","W2","Trifolium angustifolium",0.03125
"Plot185","f","Stratum-W2-1","W2","Verbena officinalis",0.005
"Plot186","f","Stratum-W2-1","W2","Aegilops triuncialis",0.0025
"Plot186","f","Stratum-W2-1","W2","Anthemis arvensis",0.015
"Plot186","f","Stratum-W2-1","W2","Avena barbata",0.00125
"Plot186","f","Stratum-W2-1","W2","Avena sterilis",0.0125
"Plot186","f","Stratum-W2-1","W2","Bromus hordeaceus",0.25
"Plot186","f","Stratum-W2-1","W2","Centaurea affinis",0.01
"Plot186","f","Stratum-W2-1","W2","Centaurea solstitialis",0.00125
"Plot186","f","Stratum-W2-1","W2","Colutea arborescens",0.005
"Plot186","f","Stratum-W2-1","W2","Cynodon dactylon",0.01
"Plot186","f","Stratum-W2-1","W2","Cynosurus echinatus",0.005
"Plot186","f","Stratum-W2-1","W2","Dactylis glomerata",0.03125
"Plot186","f","Stratum-W2-1","W2","Dittrichia viscosa",0.09375
"Plot186","f","Stratum-W2-1","W2","Euphorbia myrsinites",0.005
"Plot186","f","Stratum-W2-1","W2","Fumana sp.",0.00125
"Plot186","f","Stratum-W2-1","W2","Galium mollugo group",0.005
"Plot186","f","Stratum-W2-1","W2","Hordeum vulgare",0.00125
"Plot186","f","Stratum-W2-1","W2","Hypericum perforatum",0.0725
"Plot186","f","Stratum-W2-1","W2","Mentha sp.",0.06125
"Plot186","f","Stratum-W2-1","W2","Microthlaspi perfoliatum",0.01
"Plot186","f","Stratum-W2-1","W2","Petrorhagia dubia",2.5e-4
"Plot186","f","Stratum-W2-1","W2","Phillyrea latifolia",0.01
"Plot186","f","Stratum-W2-1","W2","Pimpinella saxifraga",0.0025
"Plot186","f","Stratum-W2-1","W2","Pistacia lentiscus",0.00125
"Plot186","f","Stratum-W2-1","W2","Plantago lanceolata",0.005
"Plot186","f","Stratum-W2-1","W2","Potentilla recta",2.5e-4
"Plot186","f","Stratum-W2-1","W2","Pterocephalus plumosus",0.005
"Plot186","f","Stratum-W2-1","W2","Sanguisorba minor",0.00125
"Plot186","f","Stratum-W2-1","W2","Scolymus hispanicus",0.00125
"Plot186","f","Stratum-W2-1","W2","Sisymbrium officinale",0.00125
"Plot186","f","Stratum-W2-1","W2","Stachys germanica",0.005
"Plot186","f","Stratum-W2-1","W2","Trifolium angustifolium",0.02625
"Plot186","f","Stratum-W2-1","W2","Trifolium arvense",0.0275
"Plot187","f","Stratum-W2-1","W2","Achillea millefolium",0.015
"Plot187","f","Stratum-W2-1","W2","Aegilops triuncialis",0.005
"Plot187","f","Stratum-W2-1","W2","Avena sterilis",0.06875
"Plot187","f","Stratum-W2-1","W2","Bromus hordeaceus",0.0525
"Plot187","f","Stratum-W2-1","W2","Centaurea solstitialis",0.04125
"Plot187","f","Stratum-W2-1","W2","Convolvulus arvensis",0.00625
"Plot187","f","Stratum-W2-1","W2","Crupina vulgaris",0.01625
"Plot187","f","Stratum-W2-1","W2","Eryngium campestre",0.00625
"Plot187","f","Stratum-W2-1","W2","Euphorbia myrsinites",0.01
"Plot187","f","Stratum-W2-1","W2","Hypericum perforatum",0.0025
"Plot187","f","Stratum-W2-1","W2","Mentha sp.",0.135
"Plot187","f","Stratum-W2-1","W2","Microthlaspi perfoliatum",0.005
"Plot187","f","Stratum-W2-1","W2","Plantago lanceolata",0.07375
"Plot187","f","Stratum-W2-1","W2","Pterocephalus plumosus",0.11875
"Plot187","f","Stratum-W2-1","W2","Vicia hybrida",0.005
"Plot188","f","Stratum-W2-1","W2","Avena sterilis",0.02025
"Plot188","f","Stratum-W2-1","W2","Bromus hordeaceus",0.135
"Plot188","f","Stratum-W2-1","W2","Catapodium rigidum",0.00125
"Plot188","f","Stratum-W2-1","W2","Centaurea solstitialis",0.11375
"Plot188","f","Stratum-W2-1","W2","Cichorium intybus",0.13625
"Plot188","f","Stratum-W2-1","W2","Convolvulus arvensis",0.03125
"Plot188","f","Stratum-W2-1","W2","Crupina vulgaris",0.03
"Plot188","f","Stratum-W2-1","W2","Cynosurus echinatus",0.005
"Plot188","f","Stratum-W2-1","W2","Eryngium amethystinum",0.01
"Plot188","f","Stratum-W2-1","W2","Euphorbia myrsinites",0.00625
"Plot188","f","Stratum-W2-1","W2","Hypericum perforatum",0.03
"Plot188","f","Stratum-W2-1","W2","Lactuca serriola",0.01
"Plot188","f","Stratum-W2-1","W2","Lolium perenne",0.0215
"Plot188","f","Stratum-W2-1","W2","Mentha sp.",0.00125
"Plot188","f","Stratum-W2-1","W2","Micromeria juliana",0.01
"Plot188","f","Stratum-W2-1","W2","Plantago lanceolata",0.04625
"Plot188","f","Stratum-W2-1","W2","Pterocephalus plumosus",0.1075
"Plot188","f","Stratum-W2-1","W2","Sanguisorba minor",0.00125
"Plot188","f","Stratum-W2-1","W2","Scolymus hispanicus",0.16125
"Plot188","f","Stratum-W2-1","W2","Trifolium angustifolium",0.1
"Plot188","f","Stratum-W2-1","W2","Trifolium arvense",0.01125
"Plot189","f","Stratum-W2-1","W2","Ajuga chamaepitys subsp. chia",0.00125
"Plot189","f","Stratum-W2-1","W2","Avena sterilis",0.03125
"Plot189","f","Stratum-W2-1","W2","Bromus hordeaceus",0.0425
"Plot189","f","Stratum-W2-1","W2","Centaurea solstitialis",0.01
"Plot189","f","Stratum-W2-1","W2","Cichorium intybus",0.115
"Plot189","f","Stratum-W2-1","W2","Crataegus monogyna",0.01
"Plot189","f","Stratum-W2-1","W2","Crupina vulgaris",0.02
"Plot189","f","Stratum-W2-1","W2","Cynosurus echinatus",0.01
"Plot189","f","Stratum-W2-1","W2","Eryngium amethystinum",0.0325
"Plot189","f","Stratum-W2-1","W2","Euphorbia myrsinites",0.02125
"Plot189","f","Stratum-W2-1","W2","Fumana sp.",0.00125
"Plot189","f","Stratum-W2-1","W2","Hordeum vulgare",0.095
"Plot189","f","Stratum-W2-1","W2","Hypericum perforatum",0.00625
"Plot189","f","Stratum-W2-1","W2","Lactuca serriola",0.02
"Plot189","f","Stratum-W2-1","W2","Lolium perenne",0.005
"Plot189","f","Stratum-W2-1","W2","Plantago lanceolata",0.02125
"Plot189","f","Stratum-W2-1","W2","Quercus coccifera",0.15625
"Plot189","f","Stratum-W2-1","W2","Scolymus hispanicus",0.01
"Plot189","f","Stratum-W2-1","W2","Stachys sp.",0.005
"Plot189","f","Stratum-W2-1","W2","Teucrium chamaedrys",0.04625
"Plot189","f","Stratum-W2-1","W2","Tragopogon dubius",0.01
"Plot189","f","Stratum-W2-1","W2","Trifolium angustifolium",0.015
"Plot189","f","Stratum-W2-1","W2","Trifolium scabrum",0.21375
"Plot189","f","Stratum-W2-1","W2","Vicia hybrida",0.00125
"Plot19","f","Stratum-U4-1","U4","Cichorium intybus",0.04125
"Plot19","f","Stratum-U4-1","U4","Crepis setosa",5e-4
"Plot19","f","Stratum-U4-1","U4","Cynodon dactylon",0.6875
"Plot19","f","Stratum-U4-1","U4","Cyperus rotundus",0.00525
"Plot19","f","Stratum-U4-1","U4","Dittrichia viscosa",0.0275
"Plot19","f","Stratum-U4-1","U4","Lolium perenne",0.0675
"Plot19","f","Stratum-U4-1","U4","Medicago minima",0.0165
"Plot19","f","Stratum-U4-1","U4","Medicago sativa",0.00125
"Plot19","f","Stratum-U4-1","U4","Plantago lanceolata",0.005
"Plot19","f","Stratum-U4-1","U4","Thymus sibthorpii",0.00125
"Plot19","f","Stratum-U4-1","U4","Trifolium arvense",0.00375
"Plot19","f","Stratum-U4-1","U4","Trifolium sp.",0.01
"Plot190","f","Stratum-W2-1","W2","Aegilops triuncialis",0.005
"Plot190","f","Stratum-W2-1","W2","Avena sterilis",0.0075
"Plot190","f","Stratum-W2-1","W2","Bromus hordeaceus",0.005
"Plot190","f","Stratum-W2-1","W2","Centaurea solstitialis",0.2075
"Plot190","f","Stratum-W2-1","W2","Dactylis glomerata",0.005
"Plot190","f","Stratum-W2-1","W2","Euphorbia myrsinites",0.00125
"Plot190","f","Stratum-W2-1","W2","Fumana sp.",0.01
"Plot190","f","Stratum-W2-1","W2","Herniaria hirsuta",0.09375
"Plot190","f","Stratum-W2-1","W2","Hypericum perforatum",0.05625
"Plot190","f","Stratum-W2-1","W2","Mentha sp.",0.00625
"Plot190","f","Stratum-W2-1","W2","Microthlaspi perfoliatum",0.005
"Plot190","f","Stratum-W2-1","W2","Plantago lanceolata",0.0725
"Plot190","f","Stratum-W2-1","W2","Pterocephalus plumosus",0.185
"Plot190","f","Stratum-W2-1","W2","Scolymus hispanicus",0.005
"Plot190","f","Stratum-W2-1","W2","Sisymbrium officinale",0.03625
"Plot190","f","Stratum-W2-1","W2","Thymelaea passerina",0.00125
"Plot190","f","Stratum-W2-1","W2","Trifolium angustifolium",0.02625
"Plot190","f","Stratum-W2-1","W2","Trifolium scabrum",0.02125
"Plot191","f","Stratum-W2-1","W2","Aster amellus",0.0015
"Plot191","f","Stratum-W2-1","W2","Avena sterilis",0.005
"Plot191","f","Stratum-W2-1","W2","Bromus hordeaceus",0.155
"Plot191","f","Stratum-W2-1","W2","Centaurea solstitialis",0.135
"Plot191","f","Stratum-W2-1","W2","Cichorium intybus",0.005
"Plot191","f","Stratum-W2-1","W2","Cynosurus echinatus",0.015
"Plot191","f","Stratum-W2-1","W2","Euphorbia myrsinites",0.02025
"Plot191","f","Stratum-W2-1","W2","Hypericum perforatum",0.005
"Plot191","f","Stratum-W2-1","W2","Medicago minima",0.00125
"Plot191","f","Stratum-W2-1","W2","Mentha sp.",0.00625
"Plot191","f","Stratum-W2-1","W2","Micromeria juliana",0.01
"Plot191","f","Stratum-W2-1","W2","Microthlaspi perfoliatum",0.01
"Plot191","f","Stratum-W2-1","W2","Plantago lanceolata",0.015
"Plot191","f","Stratum-W2-1","W2","Pterocephalus plumosus",0.155
"Plot191","f","Stratum-W2-1","W2","Sideritis montana",0.02125
"Plot191","f","Stratum-W2-1","W2","Tragopogon dubius",2.5e-4
"Plot191","f","Stratum-W2-1","W2","Trifolium angustifolium",0.00625
"Plot192","f","Stratum-W2-1","W2","Aegilops triuncialis",0.005
"Plot192","f","Stratum-W2-1","W2","Agrostis capillaris",0.04625
"Plot192","f","Stratum-W2-1","W2","Avena sterilis",0.04
"Plot192","f","Stratum-W2-1","W2","Bromus hordeaceus",0.1025
"Plot192","f","Stratum-W2-1","W2","Centaurea solstitialis",0.10375
"Plot192","f","Stratum-W2-1","W2","Cichorium intybus",0.03125
"Plot192","f","Stratum-W2-1","W2","Convolvulus arvensis",0.005
"Plot192","f","Stratum-W2-1","W2","Crupina vulgaris",0.05625
"Plot192","f","Stratum-W2-1","W2","Cynosurus echinatus",0.01
"Plot192","f","Stratum-W2-1","W2","Eryngium amethystinum",0.01
"Plot192","f","Stratum-W2-1","W2","Eryngium campestre",0.02
"Plot192","f","Stratum-W2-1","W2","Euphorbia myrsinites",0.24375
"Plot192","f","Stratum-W2-1","W2","Lactuca serriola",0.005
"Plot192","f","Stratum-W2-1","W2","Marrubium vulgare",0.14
"Plot192","f","Stratum-W2-1","W2","Petrorhagia dubia",0.005
"Plot192","f","Stratum-W2-1","W2","Potentilla recta",0.005
"Plot192","f","Stratum-W2-1","W2","Pterocephalus plumosus",0.0025
"Plot192","f","Stratum-W2-1","W2","Trifolium angustifolium",0.04
"Plot192","f","Stratum-W2-1","W2","Trifolium scabrum",0.04625
"Plot192","f","Stratum-W2-1","W2","Vicia hybrida",0.00125
"Plot20","f","Stratum-U4-1","U4","Aegilops triuncialis",0.01
"Plot20","f","Stratum-U4-1","U4","Avena sterilis",0.11
"Plot20","f","Stratum-U4-1","U4","Bellardia trixago",0.00125
"Plot20","f","Stratum-U4-1","U4","Cichorium intybus",0.04625
"Plot20","f","Stratum-U4-1","U4","Daucus carota",0.02125
"Plot20","f","Stratum-U4-1","U4","Hypericum triquetrifolium",0.005
"Plot20","f","Stratum-U4-1","U4","Lolium perenne",0.06625
"Plot20","f","Stratum-U4-1","U4","Plantago lanceolata",0.00125
"Plot20","f","Stratum-U4-1","U4","Rapistrum rugosum",0.01
"Plot20","f","Stratum-U4-1","U4","Sanguisorba minor",0.01125
"Plot20","f","Stratum-U4-1","U4","Setaria viridis",0.01125
"Plot20","f","Stratum-U4-1","U4","Silybum marianum",0.02375
"Plot20","f","Stratum-U4-1","U4","Stachys germanica",0.02125
"Plot20","f","Stratum-U4-1","U4","Trifolium angustifolium",0.015
"Plot20","f","Stratum-U4-1","U4","Trifolium arvense",0.01
"Plot20","f","Stratum-U4-1","U4","Urospermum picroides",0.00375
"Plot205","f","Stratum-U17-1","U17","Crepis sancta",0.0075
"Plot205","f","Stratum-U17-1","U17","Geranium rotundifolium",0.0075
"Plot205","f","Stratum-U17-1","U17","Matricaria recutita",0.02875
"Plot205","f","Stratum-U17-1","U17","Petrorhagia dubia",0.02125
"Plot205","f","Stratum-U17-1","U17","Plantago bellardii",0.4375
"Plot205","f","Stratum-U17-1","U17","Plantago lagopus",0.09375
"Plot205","f","Stratum-U17-1","U17","Thymus sibthorpii",0.0425
"Plot205","f","Stratum-U17-1","U17","Trifolium angustifolium",0.0075
"Plot205","f","Stratum-U17-1","U17","Trifolium arvense",0.0075
"Plot205","f","Stratum-U17-1","U17","Trifolium scabrum",0.0675
"Plot205","f","Stratum-U17-1","U17","Trifolium stellatum",0.0075
"Plot205","f","Stratum-U17-1","U17","Vulpia muralis",0.0075
"Plot206","f","Stratum-U17-1","U17","Avena sterilis",0.00125
"Plot206","f","Stratum-U17-1","U17","Bromus squarrosus",0.00125
"Plot206","f","Stratum-U17-1","U17","Catapodium rigidum",0.03
"Plot206","f","Stratum-U17-1","U17","Crepis setosa",0.0015
"Plot206","f","Stratum-U17-1","U17","Filago arvensis",0.0075
"Plot206","f","Stratum-U17-1","U17","Hordeum murinum",0.0025
"Plot206","f","Stratum-U17-1","U17","Lagurus ovatus",0.0075
"Plot206","f","Stratum-U17-1","U17","Lolium perenne",0.0075
"Plot206","f","Stratum-U17-1","U17","Phleum pratense",0.12125
"Plot206","f","Stratum-U17-1","U17","Plantago bellardii",0.0075
"Plot206","f","Stratum-U17-1","U17","Poa bulbosa",0.0075
"Plot206","f","Stratum-U17-1","U17","Rumex acetosella",0.00125
"Plot206","f","Stratum-U17-1","U17","Silene conica",0.00375
"Plot206","f","Stratum-U17-1","U17","Solanum elaeagnifolium",0.16875
"Plot206","f","Stratum-U17-1","U17","Trifolium scabrum",0.04375
"Plot207","f","Stratum-U17-1","U17","Aegilops triuncialis",0.0075
"Plot207","f","Stratum-U17-1","U17","Avena sterilis",0.0075
"Plot207","f","Stratum-U17-1","U17","Centaurea sp.",0.00125
"Plot207","f","Stratum-U17-1","U17","Chondrilla juncea",0.00125
"Plot207","f","Stratum-U17-1","U17","Crataegus monogyna",0.01125
"Plot207","f","Stratum-U17-1","U17","Crepis sancta",0.00875
"Plot207","f","Stratum-U17-1","U17","Crepis setosa",0.00875
"Plot207","f","Stratum-U17-1","U17","Cynosurus echinatus",0.00125
"Plot207","f","Stratum-U17-1","U17","Dasypyrum villosum",0.00125
"Plot207","f","Stratum-U17-1","U17","Hordeum murinum",0.0475
"Plot207","f","Stratum-U17-1","U17","Petrorhagia dubia",0.0225
"Plot207","f","Stratum-U17-1","U17","Phleum pratense",0.03
"Plot207","f","Stratum-U17-1","U17","Pterocephalus plumosus",0.00125
"Plot207","f","Stratum-U17-1","U17","Rumex acetosella",0.0075
"Plot207","f","Stratum-U17-1","U17","Teucrium capitatum",0.0075
"Plot207","f","Stratum-U17-1","U17","Trifolium campestre",5e-4
"Plot207","f","Stratum-U17-1","U17","Trifolium nigrescens",0.00375
"Plot208","f","Stratum-U17-1","U17","Aegilops triuncialis",0.0075
"Plot208","f","Stratum-U17-1","U17","Avena sterilis",0.0075
"Plot208","f","Stratum-U17-1","U17","Bromus tectorum",0.02875
"Plot208","f","Stratum-U17-1","U17","Carlina vulgaris",0.0075
"Plot208","f","Stratum-U17-1","U17","Catapodium rigidum",0.00125
"Plot208","f","Stratum-U17-1","U17","Cichorium intybus",0.00125
"Plot208","f","Stratum-U17-1","U17","Cistus creticus",2.5e-4
"Plot208","f","Stratum-U17-1","U17","Crepis sancta",0.015
"Plot208","f","Stratum-U17-1","U17","Cynosurus echinatus",0.00125
"Plot208","f","Stratum-U17-1","U17","Daucus carota",0.0025
"Plot208","f","Stratum-U17-1","U17","Eryngium campestre",2.5e-4
"Plot208","f","Stratum-U17-1","U17","Erysimum sp.",0.0075
"Plot208","f","Stratum-U17-1","U17","Hordeum murinum",0.00875
"Plot208","f","Stratum-U17-1","U17","Lagurus ovatus",0.0075
"Plot208","f","Stratum-U17-1","U17","Matricaria recutita",0.0425
"Plot208","f","Stratum-U17-1","U17","Nigella arvensis",0.0075
"Plot208","f","Stratum-U17-1","U17","Petrorhagia dubia",0.02375
"Plot208","f","Stratum-U17-1","U17","Phleum pratense",0.00125
"Plot208","f","Stratum-U17-1","U17","Phlomis fruticosa",2.5e-4
"Plot208","f","Stratum-U17-1","U17","Plantago bellardii",0.02875
"Plot208","f","Stratum-U17-1","U17","Plantago lanceolata",0.0075
"Plot208","f","Stratum-U17-1","U17","Pterocephalus plumosus",0.00125
"Plot208","f","Stratum-U17-1","U17","Rumex acetosella",0.00875
"Plot208","f","Stratum-U17-1","U17","Trifolium angustifolium",0.01
"Plot209","f","Stratum-U17-1","U17","Aegilops triuncialis",0.0025
"Plot209","f","Stratum-U17-1","U17","Bromus tectorum",0.02875
"Plot209","f","Stratum-U17-1","U17","Cichorium intybus",0.00125
"Plot209","f","Stratum-U17-1","U17","Cistus creticus",2.5e-4
"Plot209","f","Stratum-U17-1","U17","Dactylis glomerata",0.00875
"Plot209","f","Stratum-U17-1","U17","Dasypyrum villosum",0.02875
"Plot209","f","Stratum-U17-1","U17","Daucus carota",0.00875
"Plot209","f","Stratum-U17-1","U17","Erysimum sp.",0.00375
"Plot209","f","Stratum-U17-1","U17","Hordeum murinum",0.2325
"Plot209","f","Stratum-U17-1","U17","Lagoecia cuminoides",0.015
"Plot209","f","Stratum-U17-1","U17","Lagurus ovatus",0.00775
"Plot209","f","Stratum-U17-1","U17","Matricaria recutita",0.01625
"Plot209","f","Stratum-U17-1","U17","Micromeria juliana",0.00875
"Plot209","f","Stratum-U17-1","U17","Petrorhagia dubia",0.0025
"Plot209","f","Stratum-U17-1","U17","Phlomis fruticosa",2.5e-4
"Plot209","f","Stratum-U17-1","U17","Plantago bellardii",0.03
"Plot209","f","Stratum-U17-1","U17","Pterocephalus plumosus",0.00875
"Plot209","f","Stratum-U17-1","U17","Solanum elaeagnifolium",0.02125
"Plot209","f","Stratum-U17-1","U17","Trifolium stellatum",0.00125
"Plot209","f","Stratum-U17-1","U17","Vicia lathyroides",0.00125
"Plot21","f","Stratum-U4-1","U4","Aegilops triuncialis",0.1925
"Plot21","f","Stratum-U4-1","U4","Allium sp.",0.00125
"Plot21","f","Stratum-U4-1","U4","Avena sterilis",0.02
"Plot21","f","Stratum-U4-1","U4","Bellardia trixago",0.0025
"Plot21","f","Stratum-U4-1","U4","Carlina corymbosa",0.0225
"Plot21","f","Stratum-U4-1","U4","Centaurea solstitialis",0.02125
"Plot21","f","Stratum-U4-1","U4","Cynodon dactylon",0.10375
"Plot21","f","Stratum-U4-1","U4","Daucus carota",0.00125
"Plot21","f","Stratum-U4-1","U4","Lolium perenne",0.1875
"Plot21","f","Stratum-U4-1","U4","Setaria viridis",0.02125
"Plot21","f","Stratum-U4-1","U4","Sisymbrium officinale",0.00125
"Plot21","f","Stratum-U4-1","U4","Trifolium angustifolium",0.11375
"Plot210","f","Stratum-U17-1","U17","Achnatherum bromoides",0.02125
"Plot210","f","Stratum-U17-1","U17","Avena sterilis",0.0425
"Plot210","f","Stratum-U17-1","U17","Bromus hordeaceus",0.0075
"Plot210","f","Stratum-U17-1","U17","Bromus tectorum",0.625
"Plot210","f","Stratum-U17-1","U17","Carduus sp.",2.5e-4
"Plot210","f","Stratum-U17-1","U17","Carthamus lanatus",2.5e-4
"Plot210","f","Stratum-U17-1","U17","Dasypyrum villosum",0.0075
"Plot210","f","Stratum-U17-1","U17","Hordeum murinum",0.0075
"Plot210","f","Stratum-U17-1","U17","Matricaria recutita",0.0075
"Plot210","f","Stratum-U17-1","U17","Paliurus spina-christi",0.01125
"Plot210","f","Stratum-U17-1","U17","Phleum pratense",0.0675
"Plot210","f","Stratum-U17-1","U17","Pilosella leucopsilon",0.0075
"Plot210","f","Stratum-U17-1","U17","Solanum elaeagnifolium",0.11
"Plot210","f","Stratum-U17-1","U17","Trifolium stellatum",0.00125
"Plot211","f","Stratum-U17-1","U17","Aegilops triuncialis",0.015
"Plot211","f","Stratum-U17-1","U17","Avena sterilis",0.015
"Plot211","f","Stratum-U17-1","U17","Bromus tectorum",0.0225
"Plot211","f","Stratum-U17-1","U17","Carlina vulgaris",2.5e-4
"Plot211","f","Stratum-U17-1","U17","Catapodium rigidum",0.0075
"Plot211","f","Stratum-U17-1","U17","Chondrilla juncea",0.0075
"Plot211","f","Stratum-U17-1","U17","Crepis sancta",0.0075
"Plot211","f","Stratum-U17-1","U17","Dasypyrum villosum",0.0225
"Plot211","f","Stratum-U17-1","U17","Hordeum murinum",0.0575
"Plot211","f","Stratum-U17-1","U17","Matricaria recutita",0.015
"Plot211","f","Stratum-U17-1","U17","Melica ciliata",0.0075
"Plot211","f","Stratum-U17-1","U17","Onobrychis aequidentata",0.00875
"Plot211","f","Stratum-U17-1","U17","Orlaya daucoides",0.00125
"Plot211","f","Stratum-U17-1","U17","Phleum pratense",0.00875
"Plot211","f","Stratum-U17-1","U17","Solanum elaeagnifolium",0.085
"Plot211","f","Stratum-U17-1","U17","Taeniatherum caput-medusae",0.00125
"Plot211","f","Stratum-U17-1","U17","Teucrium capitatum",0.00125
"Plot211","f","Stratum-U17-1","U17","Trifolium scabrum",0.0075
"Plot211","f","Stratum-U17-1","U17","Trifolium stellatum",0.00125
"Plot211","f","Stratum-U17-1","U17","Vulpia muralis",0.0075
"Plot212","f","Stratum-U17-1","U17","Avena sterilis",0.0075
"Plot212","f","Stratum-U17-1","U17","Bromus tectorum",0.0425
"Plot212","f","Stratum-U17-1","U17","Catapodium rigidum",0.00125
"Plot212","f","Stratum-U17-1","U17","Crepis sancta",0.00875
"Plot212","f","Stratum-U17-1","U17","Dasypyrum villosum",0.05
"Plot212","f","Stratum-U17-1","U17","Festuca valesiaca",0.02875
"Plot212","f","Stratum-U17-1","U17","Hordeum murinum",0.05
"Plot212","f","Stratum-U17-1","U17","Matricaria recutita",0.05
"Plot212","f","Stratum-U17-1","U17","Onobrychis aequidentata",0.0025
"Plot212","f","Stratum-U17-1","U17","Paliurus spina-christi",0.0075
"Plot212","f","Stratum-U17-1","U17","Phleum pratense",0.00125
"Plot212","f","Stratum-U17-1","U17","Solanum elaeagnifolium",0.12125
"Plot212","f","Stratum-U17-1","U17","Trifolium scabrum",0.00125
"Plot212","f","Stratum-U17-1","U17","Vulpia muralis",0.00125
"Plot213","f","Stratum-U17-1","U17","Aegilops triuncialis",0.0075
"Plot213","f","Stratum-U17-1","U17","Bromus tectorum",0.00125
"Plot213","f","Stratum-U17-1","U17","Catapodium rigidum",0.02375
"Plot213","f","Stratum-U17-1","U17","Crepis sancta",0.008
"Plot213","f","Stratum-U17-1","U17","Dasypyrum villosum",0.0015
"Plot213","f","Stratum-U17-1","U17","Eryngium campestre",0.0075
"Plot213","f","Stratum-U17-1","U17","Erysimum sp.",0.0015
"Plot213","f","Stratum-U17-1","U17","Filago arvensis",0.00125
"Plot213","f","Stratum-U17-1","U17","Hordeum murinum",0.015
"Plot213","f","Stratum-U17-1","U17","Lagurus ovatus",0.00125
"Plot213","f","Stratum-U17-1","U17","Matricaria recutita",0.085
"Plot213","f","Stratum-U17-1","U17","Nigella arvensis",0.0075
"Plot213","f","Stratum-U17-1","U17","Onobrychis aequidentata",0.00125
"Plot213","f","Stratum-U17-1","U17","Phleum pratense",0.0075
"Plot213","f","Stratum-U17-1","U17","Poa bulbosa",0.00875
"Plot213","f","Stratum-U17-1","U17","Potentilla recta",2.5e-4
"Plot213","f","Stratum-U17-1","U17","Rumex acetosella",0.00125
"Plot213","f","Stratum-U17-1","U17","Solanum elaeagnifolium",0.24125
"Plot213","f","Stratum-U17-1","U17","Taeniatherum caput-medusae",0.00125
"Plot213","f","Stratum-U17-1","U17","Trifolium hirtum",0.0025
"Plot213","f","Stratum-U17-1","U17","Trifolium scabrum",0.00375
"Plot213","f","Stratum-U17-1","U17","Vulpia muralis",0.0075
"Plot214","f","Stratum-U17-1","U17","Anagallis arvensis",0.00125
"Plot214","f","Stratum-U17-1","U17","Artemisia absinthium",0.00125
"Plot214","f","Stratum-U17-1","U17","Avena sterilis",0.02875
"Plot214","f","Stratum-U17-1","U17","Bromus tectorum",0.115
"Plot214","f","Stratum-U17-1","U17","Convolvulus althaeoides",0.0075
"Plot214","f","Stratum-U17-1","U17","Crepis sancta",0.015
"Plot214","f","Stratum-U17-1","U17","Dasypyrum villosum",0.04625
"Plot214","f","Stratum-U17-1","U17","Dittrichia viscosa",0.015
"Plot214","f","Stratum-U17-1","U17","Eryngium amethystinum",0.0075
"Plot214","f","Stratum-U17-1","U17","Hypericum perforatum",0.1775
"Plot214","f","Stratum-U17-1","U17","Lolium perenne",0.02125
"Plot214","f","Stratum-U17-1","U17","Matricaria recutita",0.0075
"Plot214","f","Stratum-U17-1","U17","Medicago minima",0.005
"Plot214","f","Stratum-U17-1","U17","Papaver rhoeas",0.0075
"Plot214","f","Stratum-U17-1","U17","Phleum pratense",0.0075
"Plot214","f","Stratum-U17-1","U17","Pterocephalus plumosus",0.00125
"Plot214","f","Stratum-U17-1","U17","Silene conica",0.0075
"Plot214","f","Stratum-U17-1","U17","Solanum elaeagnifolium",0.00125
"Plot214","f","Stratum-U17-1","U17","Sonchus arvensis",0.00125
"Plot214","f","Stratum-U17-1","U17","Stachys germanica",0.15625
"Plot214","f","Stratum-U17-1","U17","Trifolium angustifolium",0.0025
"Plot214","f","Stratum-U17-1","U17","Trifolium campestre",0.0075
"Plot214","f","Stratum-U17-1","U17","Trifolium scabrum",0.095
"Plot215","f","Stratum-U17-1","U17","Aegilops triuncialis",0.0675
"Plot215","f","Stratum-U17-1","U17","Avena sterilis",0.02875
"Plot215","f","Stratum-U17-1","U17","Bromus tectorum",0.07125
"Plot215","f","Stratum-U17-1","U17","Dasypyrum villosum",0.5
"Plot215","f","Stratum-U17-1","U17","Hordeum murinum",0.09625
"Plot215","f","Stratum-U17-1","U17","Lolium perenne",0.0675
"Plot215","f","Stratum-U17-1","U17","Papaver rhoeas",0.00125
"Plot215","f","Stratum-U17-1","U17","Sisymbrium officinale",0.00125
"Plot215","f","Stratum-U17-1","U17","Solanum elaeagnifolium",0.11375
"Plot215","f","Stratum-U17-1","U17","Sonchus arvensis",0.00125
"Plot215","f","Stratum-U17-1","U17","Stachys germanica",0.01
"Plot215","f","Stratum-U17-1","U17","Thymus sibthorpii",0.0025
"Plot215","f","Stratum-U17-1","U17","Trifolium angustifolium",0.015
"Plot216","f","Stratum-U17-1","U17","Asteriscus aquaticus",0.02125
"Plot216","f","Stratum-U17-1","U17","Avena sterilis",0.02875
"Plot216","f","Stratum-U17-1","U17","Bromus hordeaceus",0.04375
"Plot216","f","Stratum-U17-1","U17","Carlina vulgaris",0.0075
"Plot216","f","Stratum-U17-1","U17","Cichorium intybus",0.00125
"Plot216","f","Stratum-U17-1","U17","Convolvulus althaeoides",0.0425
"Plot216","f","Stratum-U17-1","U17","Crepis sancta",0.015
"Plot216","f","Stratum-U17-1","U17","Dasypyrum villosum",0.02125
"Plot216","f","Stratum-U17-1","U17","Eryngium campestre",0.0075
"Plot216","f","Stratum-U17-1","U17","Hordeum murinum",0.0675
"Plot216","f","Stratum-U17-1","U17","Hypericum perforatum",0.0025
"Plot216","f","Stratum-U17-1","U17","Hypochaeris achyrophorus",0.02125
"Plot216","f","Stratum-U17-1","U17","Matricaria recutita",0.02875
"Plot216","f","Stratum-U17-1","U17","Micromeria juliana",0.02125
"Plot216","f","Stratum-U17-1","U17","Plantago afra",0.00375
"Plot216","f","Stratum-U17-1","U17","Sisymbrium officinale",0.02875
"Plot216","f","Stratum-U17-1","U17","Solanum elaeagnifolium",0.23375
"Plot216","f","Stratum-U17-1","U17","Teucrium capitatum",0.00125
"Plot216","f","Stratum-U17-1","U17","Trifolium angustifolium",0.0025
"Plot216","f","Stratum-U17-1","U17","Trifolium nigrescens",0.0075
"Plot216","f","Stratum-U17-1","U17","Trifolium scabrum",0.14
"Plot22","f","Stratum-U4-1","U4","Aegilops triuncialis",0.05125
"Plot22","f","Stratum-U4-1","U4","Avena sterilis",0.07125
"Plot22","f","Stratum-U4-1","U4","Bellardia trixago",0.005
"Plot22","f","Stratum-U4-1","U4","Bituminaria bituminosa",0.05625
"Plot22","f","Stratum-U4-1","U4","Bromus hordeaceus",0.00125
"Plot22","f","Stratum-U4-1","U4","Centaurea solstitialis",2.5e-4
"Plot22","f","Stratum-U4-1","U4","Cichorium intybus",0.01
"Plot22","f","Stratum-U4-1","U4","Euphorbia sp.",0.02125
"Plot22","f","Stratum-U4-1","U4","Hypericum perforatum",0.09875
"Plot22","f","Stratum-U4-1","U4","Lolium perenne",0.03125
"Plot22","f","Stratum-U4-1","U4","Paliurus spina-christi",0.01
"Plot22","f","Stratum-U4-1","U4","Phleum pratense",0.01125
"Plot22","f","Stratum-U4-1","U4","Potentilla recta",0.00125
"Plot22","f","Stratum-U4-1","U4","Rapistrum rugosum",0.015
"Plot22","f","Stratum-U4-1","U4","Rosa canina",0.00125
"Plot22","f","Stratum-U4-1","U4","Rubus idaeus",0.005
"Plot22","f","Stratum-U4-1","U4","Setaria viridis",0.02125
"Plot22","f","Stratum-U4-1","U4","Silybum marianum",0.155
"Plot22","f","Stratum-U4-1","U4","Stachys germanica",0.005
"Plot22","f","Stratum-U4-1","U4","Trifolium angustifolium",0.03625
"Plot23","f","Stratum-U4-1","U4","Achillea millefolium",0.00125
"Plot23","f","Stratum-U4-1","U4","Avena sterilis",0.00625
"Plot23","f","Stratum-U4-1","U4","Bituminaria bituminosa",0.02125
"Plot23","f","Stratum-U4-1","U4","Carlina corymbosa",0.00125
"Plot23","f","Stratum-U4-1","U4","Centaurea solstitialis",0.025
"Plot23","f","Stratum-U4-1","U4","Cichorium intybus",0.005
"Plot23","f","Stratum-U4-1","U4","Lolium perenne",0.10375
"Plot23","f","Stratum-U4-1","U4","Pallenis spinosa",0.0325
"Plot23","f","Stratum-U4-1","U4","Plantago lanceolata",0.00125
"Plot23","f","Stratum-U4-1","U4","Potentilla recta",0.00125
"Plot23","f","Stratum-U4-1","U4","Rapistrum rugosum",0.28125
"Plot23","f","Stratum-U4-1","U4","Setaria viridis",0.01125
"Plot23","f","Stratum-U4-1","U4","Silybum marianum",0.0275
"Plot23","f","Stratum-U4-1","U4","Trifolium angustifolium",0.07125
"Plot23","f","Stratum-U4-1","U4","Urospermum picroides",0.005
"Plot24","f","Stratum-U4-1","U4","Achillea millefolium",0.005
"Plot24","f","Stratum-U4-1","U4","Aegilops triuncialis",0.005
"Plot24","f","Stratum-U4-1","U4","Avena sterilis",0.00625
"Plot24","f","Stratum-U4-1","U4","Bellardia trixago",0.00375
"Plot24","f","Stratum-U4-1","U4","Carlina corymbosa",0.00125
"Plot24","f","Stratum-U4-1","U4","Cichorium intybus",0.03
"Plot24","f","Stratum-U4-1","U4","Dactylis glomerata",0.015
"Plot24","f","Stratum-U4-1","U4","Hieracium pilosus",0.005
"Plot24","f","Stratum-U4-1","U4","Lolium perenne",0.03125
"Plot24","f","Stratum-U4-1","U4","Mentha sp.",0.005
"Plot24","f","Stratum-U4-1","U4","Paliurus spina-christi",0.0725
"Plot24","f","Stratum-U4-1","U4","Phleum pratense",0.11375
"Plot24","f","Stratum-U4-1","U4","Plantago lanceolata",0.02625
"Plot24","f","Stratum-U4-1","U4","Rosa canina",0.0725
"Plot24","f","Stratum-U4-1","U4","Sanguisorba minor",0.00125
"Plot24","f","Stratum-U4-1","U4","Scolymus hispanicus",0.0225
"Plot24","f","Stratum-U4-1","U4","Trifolium angustifolium",0.015
"Plot241","f","Stratum-U16-1","U16","Aegilops triuncialis",0.0075
"Plot241","f","Stratum-U16-1","U16","Arenaria leptoclados",0.0025
"Plot241","f","Stratum-U16-1","U16","Carlina vulgaris",0.02125
"Plot241","f","Stratum-U16-1","U16","Carthamus lanatus",0.00125
"Plot241","f","Stratum-U16-1","U16","Centaurea sp.",0.1375
"Plot241","f","Stratum-U16-1","U16","Chondrilla juncea",0.00125
"Plot241","f","Stratum-U16-1","U16","Cichorium intybus",0.1
"Plot241","f","Stratum-U16-1","U16","Eryngium campestre",0.0075
"Plot241","f","Stratum-U16-1","U16","Erysimum sp.",0.005
"Plot241","f","Stratum-U16-1","U16","Geranium brutium",0.0075
"Plot241","f","Stratum-U16-1","U16","Herniaria hirsuta",0.02125
"Plot241","f","Stratum-U16-1","U16","Hordeum murinum",0.02125
"Plot241","f","Stratum-U16-1","U16","Hypericum perforatum",0.02125
"Plot241","f","Stratum-U16-1","U16","Lolium perenne",0.0075
"Plot241","f","Stratum-U16-1","U16","Papaver rhoeas",0.0075
"Plot241","f","Stratum-U16-1","U16","Plantago bellardii",0.04375
"Plot241","f","Stratum-U16-1","U16","Plantago lanceolata",0.04375
"Plot241","f","Stratum-U16-1","U16","Poa bulbosa",0.01625
"Plot241","f","Stratum-U16-1","U16","Solanum elaeagnifolium",0.00125
"Plot241","f","Stratum-U16-1","U16","Teucrium chamaedrys",0.00125
"Plot241","f","Stratum-U16-1","U16","Trifolium angustifolium",0.04625
"Plot241","f","Stratum-U16-1","U16","Trifolium arvense",0.0025
"Plot241","f","Stratum-U16-1","U16","Trifolium campestre",0.02125
"Plot241","f","Stratum-U16-1","U16","Trifolium hirtum",0.0075
"Plot241","f","Stratum-U16-1","U16","Trifolium nigrescens",0.00875
"Plot241","f","Stratum-U16-1","U16","Trifolium scabrum",0.2075
"Plot242","f","Stratum-U16-1","U16","Aegilops triuncialis",0.0075
"Plot242","f","Stratum-U16-1","U16","Carlina vulgaris",0.0075
"Plot242","f","Stratum-U16-1","U16","Carthamus lanatus",0.0075
"Plot242","f","Stratum-U16-1","U16","Catapodium rigidum",0.00125
"Plot242","f","Stratum-U16-1","U16","Eryngium campestre",0.02125
"Plot242","f","Stratum-U16-1","U16","Filago arvensis",0.0075
"Plot242","f","Stratum-U16-1","U16","Herniaria hirsuta",0.00125
"Plot242","f","Stratum-U16-1","U16","Hordeum murinum",0.0825
"Plot242","f","Stratum-U16-1","U16","Lagurus ovatus",0.015
"Plot242","f","Stratum-U16-1","U16","Lolium perenne",0.02875
"Plot242","f","Stratum-U16-1","U16","Marrubium peregrinum",0.0075
"Plot242","f","Stratum-U16-1","U16","Medicago minima",0.0075
"Plot242","f","Stratum-U16-1","U16","Melica ciliata",0.04625
"Plot242","f","Stratum-U16-1","U16","Paliurus spina-christi",0.00125
"Plot242","f","Stratum-U16-1","U16","Phleum pratense",0.0175
"Plot242","f","Stratum-U16-1","U16","Plantago bellardii",0.015
"Plot242","f","Stratum-U16-1","U16","Plantago lanceolata",0.015
"Plot242","f","Stratum-U16-1","U16","Poa bulbosa",0.02125
"Plot242","f","Stratum-U16-1","U16","Solanum elaeagnifolium",0.405
"Plot242","f","Stratum-U16-1","U16","Teucrium capitatum",0.02125
"Plot242","f","Stratum-U16-1","U16","Trifolium arvense",0.00125
"Plot242","f","Stratum-U16-1","U16","Trifolium scabrum",0.0675
"Plot243","f","Stratum-U16-1","U16","Carlina vulgaris",0.185
"Plot243","f","Stratum-U16-1","U16","Carthamus lanatus",0.015
"Plot243","f","Stratum-U16-1","U16","Catapodium rigidum",0.00125
"Plot243","f","Stratum-U16-1","U16","Chondrilla juncea",0.00125
"Plot243","f","Stratum-U16-1","U16","Cichorium intybus",0.0225
"Plot243","f","Stratum-U16-1","U16","Crepis sancta",0.005
"Plot243","f","Stratum-U16-1","U16","Cynodon dactylon",0.1875
"Plot243","f","Stratum-U16-1","U16","Filago arvensis",0.00125
"Plot243","f","Stratum-U16-1","U16","Herniaria hirsuta",0.00375
"Plot243","f","Stratum-U16-1","U16","Hordeum murinum",0.0075
"Plot243","f","Stratum-U16-1","U16","Lagurus ovatus",0.0075
"Plot243","f","Stratum-U16-1","U16","Lolium perenne",0.02125
"Plot243","f","Stratum-U16-1","U16","Phleum pratense",0.02125
"Plot243","f","Stratum-U16-1","U16","Plantago bellardii",0.06375
"Plot243","f","Stratum-U16-1","U16","Plantago lanceolata",0.04625
"Plot243","f","Stratum-U16-1","U16","Solanum elaeagnifolium",0.14
"Plot243","f","Stratum-U16-1","U16","Trifolium angustifolium",0.0075
"Plot243","f","Stratum-U16-1","U16","Trifolium arvense",0.0025
"Plot243","f","Stratum-U16-1","U16","Trifolium hirtum",0.0025
"Plot243","f","Stratum-U16-1","U16","Trifolium scabrum",0.115
"Plot244","f","Stratum-U16-1","U16","Acinos alpinus",0.00125
"Plot244","f","Stratum-U16-1","U16","Aegilops triuncialis",0.005
"Plot244","f","Stratum-U16-1","U16","Carthamus lanatus",0.0075
"Plot244","f","Stratum-U16-1","U16","Catapodium rigidum",0.01625
"Plot244","f","Stratum-U16-1","U16","Centaurea sp.",0.05375
"Plot244","f","Stratum-U16-1","U16","Crepis sancta",0.0075
"Plot244","f","Stratum-U16-1","U16","Dactylis glomerata",0.02125
"Plot244","f","Stratum-U16-1","U16","Eryngium campestre",0.00375
"Plot244","f","Stratum-U16-1","U16","Filago arvensis",0.00375
"Plot244","f","Stratum-U16-1","U16","Herniaria hirsuta",0.02125
"Plot244","f","Stratum-U16-1","U16","Hordeum murinum",0.0075
"Plot244","f","Stratum-U16-1","U16","Lagurus ovatus",0.00875
"Plot244","f","Stratum-U16-1","U16","Marrubium peregrinum",0.00375
"Plot244","f","Stratum-U16-1","U16","Medicago orbicularis",0.015
"Plot244","f","Stratum-U16-1","U16","Medicago sp.",0.00125
"Plot244","f","Stratum-U16-1","U16","Onobrychis aequidentata",0.0075
"Plot244","f","Stratum-U16-1","U16","Plantago bellardii",0.02875
"Plot244","f","Stratum-U16-1","U16","Plantago lanceolata",0.005
"Plot244","f","Stratum-U16-1","U16","Poa bulbosa",0.0175
"Plot244","f","Stratum-U16-1","U16","Sedum sp.",0.00125
"Plot244","f","Stratum-U16-1","U16","Solanum elaeagnifolium",0.22375
"Plot244","f","Stratum-U16-1","U16","Taraxacum officinale",0.00125
"Plot244","f","Stratum-U16-1","U16","Thymus sibthorpii",0.0025
"Plot244","f","Stratum-U16-1","U16","Trifolium arvense",0.015
"Plot244","f","Stratum-U16-1","U16","Trifolium campestre",0.0675
"Plot244","f","Stratum-U16-1","U16","Trifolium hirtum",0.00875
"Plot244","f","Stratum-U16-1","U16","Trifolium nigrescens",0.01125
"Plot244","f","Stratum-U16-1","U16","Trifolium scabrum",0.115
"Plot244","f","Stratum-U16-1","U16","Vulpia muralis",0.01
"Plot245","f","Stratum-U16-1","U16","Alyssum simplex",0.02875
"Plot245","f","Stratum-U16-1","U16","Anisantha sterilis",0.005
"Plot245","f","Stratum-U16-1","U16","Arenaria leptoclados",0.05
"Plot245","f","Stratum-U16-1","U16","Avena sterilis",0.0075
"Plot245","f","Stratum-U16-1","U16","Bupleurum falcatum",0.0075
"Plot245","f","Stratum-U16-1","U16","Carthamus lanatus",0.02875
"Plot245","f","Stratum-U16-1","U16","Catapodium rigidum",0.0025
"Plot245","f","Stratum-U16-1","U16","Clematis vitalba",0.0075
"Plot245","f","Stratum-U16-1","U16","Crepis sancta",0.0025
"Plot245","f","Stratum-U16-1","U16","Cynosurus echinatus",0.0075
"Plot245","f","Stratum-U16-1","U16","Euphorbia myrsinites",0.00125
"Plot245","f","Stratum-U16-1","U16","Geranium brutium",0.0075
"Plot245","f","Stratum-U16-1","U16","Helianthemum nummularium",0.00875
"Plot245","f","Stratum-U16-1","U16","Hordeum murinum",0.11375
"Plot245","f","Stratum-U16-1","U16","Hypochaeris sp.",0.00125
"Plot245","f","Stratum-U16-1","U16","Medicago arabica",0.0075
"Plot245","f","Stratum-U16-1","U16","Medicago orbicularis",0.0075
"Plot245","f","Stratum-U16-1","U16","Micromeria juliana",0.00875
"Plot245","f","Stratum-U16-1","U16","Onobrychis aequidentata",0.00125
"Plot245","f","Stratum-U16-1","U16","Ornithogalum sp.",0.00125
"Plot245","f","Stratum-U16-1","U16","Papaver rhoeas",0.00125
"Plot245","f","Stratum-U16-1","U16","Plantago lanceolata",0.0175
"Plot245","f","Stratum-U16-1","U16","Solanum elaeagnifolium",0.0025
"Plot245","f","Stratum-U16-1","U16","Teucrium capitatum",0.015
"Plot245","f","Stratum-U16-1","U16","Thymus sibthorpii",0.0075
"Plot245","f","Stratum-U16-1","U16","Trifolium angustifolium",0.02125
"Plot245","f","Stratum-U16-1","U16","Trifolium campestre",0.075
"Plot245","f","Stratum-U16-1","U16","Trifolium hirtum",0.00125
"Plot245","f","Stratum-U16-1","U16","Trifolium scabrum",0.02125
"Plot245","f","Stratum-U16-1","U16","Vulpia muralis",0.0075
"Plot246","f","Stratum-U16-1","U16","Acinos alpinus",0.0025
"Plot246","f","Stratum-U16-1","U16","Alyssum simplex",0.015
"Plot246","f","Stratum-U16-1","U16","Anthyllis vulneraria",0.0075
"Plot246","f","Stratum-U16-1","U16","Avena sterilis",0.0425
"Plot246","f","Stratum-U16-1","U16","Carthamus lanatus",0.02125
"Plot246","f","Stratum-U16-1","U16","Chondrilla juncea",0.0075
"Plot246","f","Stratum-U16-1","U16","Clematis vitalba",0.00125
"Plot246","f","Stratum-U16-1","U16","Crepis sancta",0.01625
"Plot246","f","Stratum-U16-1","U16","Cynosurus echinatus",0.0075
"Plot246","f","Stratum-U16-1","U16","Dactylis glomerata",0.0025
"Plot246","f","Stratum-U16-1","U16","Eryngium campestre",0.0075
"Plot246","f","Stratum-U16-1","U16","Euphorbia myrsinites",0.00125
"Plot246","f","Stratum-U16-1","U16","Galium verum",0.00125
"Plot246","f","Stratum-U16-1","U16","Herniaria hirsuta",0.02125
"Plot246","f","Stratum-U16-1","U16","Hypochaeris sp.",0.08875
"Plot246","f","Stratum-U16-1","U16","Lactuca viminea",0.00125
"Plot246","f","Stratum-U16-1","U16","Lathyrus laxiflorus",0.0075
"Plot246","f","Stratum-U16-1","U16","Lotus corniculatus",0.02125
"Plot246","f","Stratum-U16-1","U16","Matricaria recutita",0.00125
"Plot246","f","Stratum-U16-1","U16","Mentha sp.",0.00125
"Plot246","f","Stratum-U16-1","U16","Pterocephalus plumosus",0.0075
"Plot246","f","Stratum-U16-1","U16","Sanguisorba minor",0.0075
"Plot246","f","Stratum-U16-1","U16","Teucrium capitatum",0.13875
"Plot246","f","Stratum-U16-1","U16","Torilis arvensis",0.00125
"Plot246","f","Stratum-U16-1","U16","Trifolium angustifolium",0.0025
"Plot246","f","Stratum-U16-1","U16","Trifolium campestre",0.05375
"Plot246","f","Stratum-U16-1","U16","Trifolium hirtum",0.0075
"Plot246","f","Stratum-U16-1","U16","Trifolium scabrum",0.07125
"Plot246","f","Stratum-U16-1","U16","Vulpia muralis",0.0075
"Plot247","f","Stratum-U16-1","U16","Acinos alpinus",0.0075
"Plot247","f","Stratum-U16-1","U16","Aegilops triuncialis",0.05375
"Plot247","f","Stratum-U16-1","U16","Alyssum simplex",0.02875
"Plot247","f","Stratum-U16-1","U16","Anthyllis vulneraria",0.0025
"Plot247","f","Stratum-U16-1","U16","Arenaria leptoclados",0.01
"Plot247","f","Stratum-U16-1","U16","Avena sterilis",0.02875
"Plot247","f","Stratum-U16-1","U16","Carthamus lanatus",0.0075
"Plot247","f","Stratum-U16-1","U16","Cichorium intybus",0.0025
"Plot247","f","Stratum-U16-1","U16","Crepis sancta",0.03
"Plot247","f","Stratum-U16-1","U16","Dactylis glomerata",0.00125
"Plot247","f","Stratum-U16-1","U16","Eryngium campestre",0.02125
"Plot247","f","Stratum-U16-1","U16","Erysimum sp.",0.00125
"Plot247","f","Stratum-U16-1","U16","Euphorbia myrsinites",0.00125
"Plot247","f","Stratum-U16-1","U16","Geranium brutium",0.04625
"Plot247","f","Stratum-U16-1","U16","Geranium robertianum",0.015
"Plot247","f","Stratum-U16-1","U16","Helianthemum nummularium",0.00125
"Plot247","f","Stratum-U16-1","U16","Herniaria hirsuta",0.00125
"Plot247","f","Stratum-U16-1","U16","Lactuca viminea",0.0075
"Plot247","f","Stratum-U16-1","U16","Lotus corniculatus",0.00125
"Plot247","f","Stratum-U16-1","U16","Melica ciliata",0.0075
"Plot247","f","Stratum-U16-1","U16","Petrorhagia dubia",0.00125
"Plot247","f","Stratum-U16-1","U16","Plantago bellardii",0.02125
"Plot247","f","Stratum-U16-1","U16","Poa bulbosa",0.0075
"Plot247","f","Stratum-U16-1","U16","Pterocephalus plumosus",0.0025
"Plot247","f","Stratum-U16-1","U16","Rubus sanctus",0.04625
"Plot247","f","Stratum-U16-1","U16","Sanguisorba minor",0.00125
"Plot247","f","Stratum-U16-1","U16","Teucrium capitatum",0.06375
"Plot247","f","Stratum-U16-1","U16","Thymus sibthorpii",0.00125
"Plot247","f","Stratum-U16-1","U16","Torilis arvensis",0.02125
"Plot247","f","Stratum-U16-1","U16","Trifolium campestre",0.00125
"Plot247","f","Stratum-U16-1","U16","Trifolium scabrum",0.00125
"Plot247","f","Stratum-U16-1","U16","Vulpia muralis",0.0075
"Plot248","f","Stratum-U16-1","U16","Acinos alpinus",0.0025
"Plot248","f","Stratum-U16-1","U16","Aegilops triuncialis",0.0225
"Plot248","f","Stratum-U16-1","U16","Alyssum simplex",0.015
"Plot248","f","Stratum-U16-1","U16","Arenaria leptoclados",0.0025
"Plot248","f","Stratum-U16-1","U16","Avena sterilis",0.06375
"Plot248","f","Stratum-U16-1","U16","Bromus hordeaceus",0.0025
"Plot248","f","Stratum-U16-1","U16","Carthamus lanatus",0.02125
"Plot248","f","Stratum-U16-1","U16","Catapodium rigidum",0.0025
"Plot248","f","Stratum-U16-1","U16","Centaurea sp.",0.00125
"Plot248","f","Stratum-U16-1","U16","Cichorium intybus",0.00125
"Plot248","f","Stratum-U16-1","U16","Clematis vitalba",0.0075
"Plot248","f","Stratum-U16-1","U16","Crepis sancta",0.00125
"Plot248","f","Stratum-U16-1","U16","Crepis setosa",0.02125
"Plot248","f","Stratum-U16-1","U16","Eryngium campestre",0.02125
"Plot248","f","Stratum-U16-1","U16","Euphorbia myrsinites",0.00125
"Plot248","f","Stratum-U16-1","U16","Geranium rotundifolium",0.015
"Plot248","f","Stratum-U16-1","U16","Helianthemum aegyptiacum",0.00125
"Plot248","f","Stratum-U16-1","U16","Hordeum murinum",0.015
"Plot248","f","Stratum-U16-1","U16","Hypochaeris sp.",0.0025
"Plot248","f","Stratum-U16-1","U16","Lactuca viminea",0.00125
"Plot248","f","Stratum-U16-1","U16","Lotus corniculatus",0.0075
"Plot248","f","Stratum-U16-1","U16","Melica ciliata",0.005
"Plot248","f","Stratum-U16-1","U16","Petrorhagia dubia",0.02125
"Plot248","f","Stratum-U16-1","U16","Plantago bellardii",0.0075
"Plot248","f","Stratum-U16-1","U16","Pterocephalus plumosus",2.5e-4
"Plot248","f","Stratum-U16-1","U16","Quercus coccifera",2.5e-4
"Plot248","f","Stratum-U16-1","U16","Teucrium capitatum",0.075
"Plot248","f","Stratum-U16-1","U16","Teucrium chamaedrys",0.0075
"Plot248","f","Stratum-U16-1","U16","Torilis arvensis",0.00125
"Plot248","f","Stratum-U16-1","U16","Trifolium campestre",0.02125
"Plot248","f","Stratum-U16-1","U16","Trifolium scabrum",0.0075
"Plot248","f","Stratum-U16-1","U16","Vulpia muralis",0.0075
"Plot249","f","Stratum-U16-1","U16","Acinos alpinus",0.0075
"Plot249","f","Stratum-U16-1","U16","Aegilops triuncialis",0.02125
"Plot249","f","Stratum-U16-1","U16","Alyssum simplex",0.01125
"Plot249","f","Stratum-U16-1","U16","Arenaria leptoclados",0.0225
"Plot249","f","Stratum-U16-1","U16","Avena sterilis",0.02875
"Plot249","f","Stratum-U16-1","U16","Bromus hordeaceus",0.04625
"Plot249","f","Stratum-U16-1","U16","Carthamus lanatus",0.02875
"Plot249","f","Stratum-U16-1","U16","Catapodium rigidum",0.00875
"Plot249","f","Stratum-U16-1","U16","Centaurea sp.",0.0075
"Plot249","f","Stratum-U16-1","U16","Clematis vitalba",0.0675
"Plot249","f","Stratum-U16-1","U16","Crepis sancta",0.02125
"Plot249","f","Stratum-U16-1","U16","Crepis setosa",0.0225
"Plot249","f","Stratum-U16-1","U16","Dactylis glomerata",0.0025
"Plot249","f","Stratum-U16-1","U16","Echinops sphaerocephalus",0.0075
"Plot249","f","Stratum-U16-1","U16","Euphorbia myrsinites",0.02375
"Plot249","f","Stratum-U16-1","U16","Herniaria hirsuta",0.0075
"Plot249","f","Stratum-U16-1","U16","Hypochaeris sp.",0.02875
"Plot249","f","Stratum-U16-1","U16","Lactuca viminea",0.02125
"Plot249","f","Stratum-U16-1","U16","Lotus corniculatus",0.00125
"Plot249","f","Stratum-U16-1","U16","Melica ciliata",0.015
"Plot249","f","Stratum-U16-1","U16","Poa bulbosa",0.02125
"Plot249","f","Stratum-U16-1","U16","Pterocephalus plumosus",0.0075
"Plot249","f","Stratum-U16-1","U16","Reseda lutea",0.0075
"Plot249","f","Stratum-U16-1","U16","Teucrium capitatum",0.04625
"Plot249","f","Stratum-U16-1","U16","Thymus sibthorpii",0.00125
"Plot249","f","Stratum-U16-1","U16","Torilis arvensis",0.0075
"Plot249","f","Stratum-U16-1","U16","Trifolium scabrum",0.0075
"Plot249","f","Stratum-U16-1","U16","Verbascum sp.",0.00125
"Plot249","f","Stratum-U16-1","U16","Vulpia muralis",0.0075
"Plot250","f","Stratum-U16-1","U16","Acinos alpinus",0.02125
"Plot250","f","Stratum-U16-1","U16","Anthemis arvensis",0.0025
"Plot250","f","Stratum-U16-1","U16","Arenaria leptoclados",0.0075
"Plot250","f","Stratum-U16-1","U16","Avena sterilis",0.0075
"Plot250","f","Stratum-U16-1","U16","Bromus hordeaceus",0.04625
"Plot250","f","Stratum-U16-1","U16","Carthamus lanatus",0.00125
"Plot250","f","Stratum-U16-1","U16","Centaurea sp.",0.05375
"Plot250","f","Stratum-U16-1","U16","Cerastium brachypetalum",0.0075
"Plot250","f","Stratum-U16-1","U16","Clematis vitalba",0.115
"Plot250","f","Stratum-U16-1","U16","Cota tinctoria subsp. tinctoria",0.02125
"Plot250","f","Stratum-U16-1","U16","Crepis setosa",0.05375
"Plot250","f","Stratum-U16-1","U16","Euphorbia cyparissias",0.14
"Plot250","f","Stratum-U16-1","U16","Galium mollugo group",0.0075
"Plot250","f","Stratum-U16-1","U16","Helianthemum nummularium",0.00125
"Plot250","f","Stratum-U16-1","U16","Hypochaeris sp.",0.00125
"Plot250","f","Stratum-U16-1","U16","Lamium maculatum",0.00125
"Plot250","f","Stratum-U16-1","U16","Melica ciliata",0.0425
"Plot250","f","Stratum-U16-1","U16","Nigella arvensis",0.00125
"Plot250","f","Stratum-U16-1","U16","Potentilla recta",0.0075
"Plot250","f","Stratum-U16-1","U16","Pterocephalus plumosus",0.0075
"Plot250","f","Stratum-U16-1","U16","Quercus coccifera",0.00125
"Plot250","f","Stratum-U16-1","U16","Reseda lutea",0.0025
"Plot250","f","Stratum-U16-1","U16","Rubus idaeus",0.00125
"Plot250","f","Stratum-U16-1","U16","Sanguisorba minor",0.0075
"Plot250","f","Stratum-U16-1","U16","Stachys germanica",0.0075
"Plot250","f","Stratum-U16-1","U16","Teucrium capitatum",0.00125
"Plot250","f","Stratum-U16-1","U16","Teucrium chamaedrys",0.0075
"Plot250","f","Stratum-U16-1","U16","Torilis arvensis",0.0075
"Plot250","f","Stratum-U16-1","U16","Trifolium campestre",0.11
"Plot250","f","Stratum-U16-1","U16","Trifolium scabrum",0.0075
"Plot250","f","Stratum-U16-1","U16","Vulpia muralis",0.0075
"Plot251","f","Stratum-U16-1","U16","Acinos alpinus",0.09375
"Plot251","f","Stratum-U16-1","U16","Aegilops triuncialis",0.0075
"Plot251","f","Stratum-U16-1","U16","Anthyllis vulneraria",0.0075
"Plot251","f","Stratum-U16-1","U16","Avena sterilis",0.025
"Plot251","f","Stratum-U16-1","U16","Bromus hordeaceus",0.005
"Plot251","f","Stratum-U16-1","U16","Bromus squarrosus",0.0075
"Plot251","f","Stratum-U16-1","U16","Carthamus lanatus",0.0075
"Plot251","f","Stratum-U16-1","U16","Centaurea sp.",0.0475
"Plot251","f","Stratum-U16-1","U16","Cichorium intybus",0.0025
"Plot251","f","Stratum-U16-1","U16","Dactylis glomerata",0.0175
"Plot251","f","Stratum-U16-1","U16","Digitalis sp.",0.00125
"Plot251","f","Stratum-U16-1","U16","Dorycnium herbaceum",0.3275
"Plot251","f","Stratum-U16-1","U16","Euphorbia amygdaloides",2.5e-4
"Plot251","f","Stratum-U16-1","U16","Euphorbia cyparissias",0.02875
"Plot251","f","Stratum-U16-1","U16","Fraxinus ornus",0.0075
"Plot251","f","Stratum-U16-1","U16","Hordeum murinum",0.05
"Plot251","f","Stratum-U16-1","U16","Hypericum perforatum",0.00375
"Plot251","f","Stratum-U16-1","U16","Juniperus oxycedrus",0.00125
"Plot251","f","Stratum-U16-1","U16","Ononis reclinata",0.02125
"Plot251","f","Stratum-U16-1","U16","Orlaya daucoides",0.0075
"Plot251","f","Stratum-U16-1","U16","Plantago lanceolata",0.00375
"Plot251","f","Stratum-U16-1","U16","Pterocephalus plumosus",0.005
"Plot251","f","Stratum-U16-1","U16","Stachys germanica",0.00125
"Plot251","f","Stratum-U16-1","U16","Trifolium campestre",0.00875
"Plot252","f","Stratum-U16-1","U16","Arenaria leptoclados",0.005
"Plot252","f","Stratum-U16-1","U16","Avena sterilis",0.0075
"Plot252","f","Stratum-U16-1","U16","Bupleurum falcatum",0.0075
"Plot252","f","Stratum-U16-1","U16","Carthamus lanatus",0.0075
"Plot252","f","Stratum-U16-1","U16","Catapodium rigidum",0.0075
"Plot252","f","Stratum-U16-1","U16","Centaurea sp.",0.0075
"Plot252","f","Stratum-U16-1","U16","Cistus creticus",0.00125
"Plot252","f","Stratum-U16-1","U16","Clematis vitalba",0.0075
"Plot252","f","Stratum-U16-1","U16","Crepis setosa",0.00125
"Plot252","f","Stratum-U16-1","U16","Dactylis glomerata",0.005
"Plot252","f","Stratum-U16-1","U16","Euphorbia myrsinites",0.02125
"Plot252","f","Stratum-U16-1","U16","Galium mollugo group",0.0075
"Plot252","f","Stratum-U16-1","U16","Hippocrepis emerus",0.0025
"Plot252","f","Stratum-U16-1","U16","Juniperus oxycedrus",0.00125
"Plot252","f","Stratum-U16-1","U16","Lactuca viminea",0.0075
"Plot252","f","Stratum-U16-1","U16","Linaria sp.",0.0075
"Plot252","f","Stratum-U16-1","U16","Melica ciliata",0.005
"Plot252","f","Stratum-U16-1","U16","Ononis reclinata",0.005
"Plot252","f","Stratum-U16-1","U16","Papaver rhoeas",0.0025
"Plot252","f","Stratum-U16-1","U16","Piptatherum miliaceum",0.03
"Plot252","f","Stratum-U16-1","U16","Salvia sp.",0.08875
"Plot252","f","Stratum-U16-1","U16","Teucrium capitatum",0.0075
"Plot252","f","Stratum-U16-1","U16","Teucrium chamaedrys",0.00125
"Plot252","f","Stratum-U16-1","U16","Thymus sibthorpii",0.00125
"Plot252","f","Stratum-U16-1","U16","Tordylium apulum",0.00125
"Plot252","f","Stratum-U16-1","U16","Trifolium campestre",0.0425
"Plot252","f","Stratum-U16-1","U16","Trifolium scabrum",0.0075
"Plot253","f","Stratum-U16-2","U16","Aegilops triuncialis",0.2325
"Plot253","f","Stratum-U16-2","U16","Anagallis arvensis",0.0075
"Plot253","f","Stratum-U16-2","U16","Anisantha sterilis",0.0925
"Plot253","f","Stratum-U16-2","U16","Avena sterilis",0.185
"Plot253","f","Stratum-U16-2","U16","Cichorium intybus",0.075
"Plot253","f","Stratum-U16-2","U16","Dasypyrum villosum",0.075
"Plot253","f","Stratum-U16-2","U16","Erigeron bonariensis",0.0075
"Plot253","f","Stratum-U16-2","U16","Medicago minima",0.0075
"Plot253","f","Stratum-U16-2","U16","Petrorhagia dubia",0.01
"Plot253","f","Stratum-U16-2","U16","Tordylium apulum",0.02125
"Plot253","f","Stratum-U16-2","U16","Trifolium arvense",0.06375
"Plot253","f","Stratum-U16-2","U16","Trifolium campestre",0.16125
"Plot253","f","Stratum-U16-2","U16","Trifolium hirtum",0.0075
"Plot253","f","Stratum-U16-2","U16","Trifolium scabrum",0.03
"Plot253","f","Stratum-U16-2","U16","Vulpia myuros",0.0675
"Plot254","f","Stratum-U16-2","U16","Aegilops triuncialis",0.135
"Plot254","f","Stratum-U16-2","U16","Anagallis arvensis",0.00125
"Plot254","f","Stratum-U16-2","U16","Anisantha sterilis",0.04625
"Plot254","f","Stratum-U16-2","U16","Avena sterilis",0.02125
"Plot254","f","Stratum-U16-2","U16","Cichorium intybus",0.10125
"Plot254","f","Stratum-U16-2","U16","Crepis sancta",0.00125
"Plot254","f","Stratum-U16-2","U16","Dasypyrum villosum",0.5625
"Plot254","f","Stratum-U16-2","U16","Filago arvensis",0.04625
"Plot254","f","Stratum-U16-2","U16","Medicago minima",0.00125
"Plot254","f","Stratum-U16-2","U16","Petrorhagia dubia",0.00125
"Plot254","f","Stratum-U16-2","U16","Rumex acetosella",0.00875
"Plot254","f","Stratum-U16-2","U16","Sorghum halepense",0.04625
"Plot254","f","Stratum-U16-2","U16","Trifolium arvense",0.02875
"Plot254","f","Stratum-U16-2","U16","Vulpia myuros",0.02125
"Plot255","f","Stratum-U16-2","U16","Aegilops triuncialis",0.0075
"Plot255","f","Stratum-U16-2","U16","Anthemis chia",0.055
"Plot255","f","Stratum-U16-2","U16","Arenaria leptoclados",0.0075
"Plot255","f","Stratum-U16-2","U16","Avena sterilis",0.0475
"Plot255","f","Stratum-U16-2","U16","Carlina acanthifolia",0.0075
"Plot255","f","Stratum-U16-2","U16","Cichorium intybus",0.0075
"Plot255","f","Stratum-U16-2","U16","Crepis sancta",0.02125
"Plot255","f","Stratum-U16-2","U16","Dasypyrum villosum",0.0675
"Plot255","f","Stratum-U16-2","U16","Echium plantagineum",0.0075
"Plot255","f","Stratum-U16-2","U16","Erigeron bonariensis",0.02875
"Plot255","f","Stratum-U16-2","U16","Filago arvensis",0.0075
"Plot255","f","Stratum-U16-2","U16","Herniaria hirsuta",0.04625
"Plot255","f","Stratum-U16-2","U16","Lolium perenne",0.04625
"Plot255","f","Stratum-U16-2","U16","Medicago minima",0.0075
"Plot255","f","Stratum-U16-2","U16","Phleum pratense",0.075
"Plot255","f","Stratum-U16-2","U16","Silene conica",0.02125
"Plot255","f","Stratum-U16-2","U16","Sonchus arvensis",0.00125
"Plot255","f","Stratum-U16-2","U16","Thymus sibthorpii",0.02125
"Plot255","f","Stratum-U16-2","U16","Trifolium arvense",0.28
"Plot255","f","Stratum-U16-2","U16","Trifolium campestre",0.02875
"Plot255","f","Stratum-U16-2","U16","Trifolium incarnatum",0.0675
"Plot255","f","Stratum-U16-2","U16","Vulpia myuros",0.02125
"Plot256","f","Stratum-U16-2","U16","Anthemis chia",0.00125
"Plot256","f","Stratum-U16-2","U16","Avena sterilis",0.2575
"Plot256","f","Stratum-U16-2","U16","Carduus pycnocephalus",0.0925
"Plot256","f","Stratum-U16-2","U16","Carthamus lanatus",0.0075
"Plot256","f","Stratum-U16-2","U16","Dasypyrum villosum",0.875
"Plot256","f","Stratum-U16-2","U16","Echium plantagineum",0.0075
"Plot256","f","Stratum-U16-2","U16","Hordeum murinum",0.23375
"Plot256","f","Stratum-U16-2","U16","Tragopogon pratensis",0.0075
"Plot256","f","Stratum-U16-2","U16","Trifolium arvense",0.0075
"Plot256","f","Stratum-U16-2","U16","Vicia hybrida",0.0075
"Plot257","f","Stratum-U16-2","U16","Aegilops triuncialis",0.04625
"Plot257","f","Stratum-U16-2","U16","Anchusa officinalis",0.0675
"Plot257","f","Stratum-U16-2","U16","Avena sterilis",0.09625
"Plot257","f","Stratum-U16-2","U16","Bromus hordeaceus",0.02125
"Plot257","f","Stratum-U16-2","U16","Carthamus lanatus",0.02125
"Plot257","f","Stratum-U16-2","U16","Centaurea sp.",0.09375
"Plot257","f","Stratum-U16-2","U16","Chondrilla juncea",0.01
"Plot257","f","Stratum-U16-2","U16","Cynosurus echinatus",0.04625
"Plot257","f","Stratum-U16-2","U16","Dasypyrum villosum",0.04625
"Plot257","f","Stratum-U16-2","U16","Hordeum murinum",0.14
"Plot257","f","Stratum-U16-2","U16","Marrubium peregrinum",0.09375
"Plot257","f","Stratum-U16-2","U16","Onopordum sp.",0.0075
"Plot257","f","Stratum-U16-2","U16","Plantago lanceolata",0.0075
"Plot257","f","Stratum-U16-2","U16","Poa bulbosa",0.0075
"Plot257","f","Stratum-U16-2","U16","Rumex pulcher",0.0075
"Plot257","f","Stratum-U16-2","U16","Teucrium capitatum",0.04625
"Plot257","f","Stratum-U16-2","U16","Trifolium angustifolium",0.02125
"Plot257","f","Stratum-U16-2","U16","Trifolium arvense",0.02875
"Plot258","f","Stratum-U16-2","U16","Achillea clypeolata",0.0075
"Plot258","f","Stratum-U16-2","U16","Acinos alpinus",0.01625
"Plot258","f","Stratum-U16-2","U16","Aegilops triuncialis",0.08875
"Plot258","f","Stratum-U16-2","U16","Anchusa officinalis",0.02125
"Plot258","f","Stratum-U16-2","U16","Avena sterilis",0.02125
"Plot258","f","Stratum-U16-2","U16","Carlina vulgaris",0.01625
"Plot258","f","Stratum-U16-2","U16","Convolvulus arvensis",0.00125
"Plot258","f","Stratum-U16-2","U16","Cynodon dactylon",0.02125
"Plot258","f","Stratum-U16-2","U16","Dasypyrum villosum",0.0925
"Plot258","f","Stratum-U16-2","U16","Hordeum murinum",0.185
"Plot258","f","Stratum-U16-2","U16","Marrubium peregrinum",0.0025
"Plot258","f","Stratum-U16-2","U16","Onopordum sp.",0.0075
"Plot258","f","Stratum-U16-2","U16","Paliurus spina-christi",0.02125
"Plot258","f","Stratum-U16-2","U16","Poa bulbosa",0.0075
"Plot258","f","Stratum-U16-2","U16","Solanum elaeagnifolium",0.0425
"Plot258","f","Stratum-U16-2","U16","Thymus sibthorpii",0.02125
"Plot258","f","Stratum-U16-2","U16","Trifolium angustifolium",0.015
"Plot258","f","Stratum-U16-2","U16","Trifolium arvense",0.5
"Plot258","f","Stratum-U16-2","U16","Trifolium campestre",0.05
"Plot258","f","Stratum-U16-2","U16","Trifolium hirtum",0.02375
"Plot258","f","Stratum-U16-2","U16","Trifolium nigrescens",0.015
"Plot258","f","Stratum-U16-2","U16","Trifolium scabrum",0.02125
"Plot258","f","Stratum-U16-2","U16","Vulpia myuros",0.02125
"Plot259","f","Stratum-U16-2","U16","Aegilops triuncialis",0.0075
"Plot259","f","Stratum-U16-2","U16","Anchusa officinalis",0.0925
"Plot259","f","Stratum-U16-2","U16","Centaurea sp.",0.0075
"Plot259","f","Stratum-U16-2","U16","Convolvulus arvensis",0.02875
"Plot259","f","Stratum-U16-2","U16","Cynosurus echinatus",0.0075
"Plot259","f","Stratum-U16-2","U16","Dasypyrum villosum",0.135
"Plot259","f","Stratum-U16-2","U16","Herniaria hirsuta",0.00875
"Plot259","f","Stratum-U16-2","U16","Hordeum bulbosum",0.02375
"Plot259","f","Stratum-U16-2","U16","Hordeum murinum",0.0925
"Plot259","f","Stratum-U16-2","U16","Marrubium peregrinum",0.14
"Plot259","f","Stratum-U16-2","U16","Onopordum sp.",0.02125
"Plot259","f","Stratum-U16-2","U16","Poa bulbosa",0.0075
"Plot259","f","Stratum-U16-2","U16","Solanum elaeagnifolium",0.1775
"Plot259","f","Stratum-U16-2","U16","Sonchus arvensis",0.02375
"Plot259","f","Stratum-U16-2","U16","Trifolium angustifolium",0.0075
"Plot259","f","Stratum-U16-2","U16","Trifolium arvense",0.0925
"Plot259","f","Stratum-U16-2","U16","Trifolium campestre",0.0075
"Plot259","f","Stratum-U16-2","U16","Trifolium nigrescens",0.0075
"Plot260","f","Stratum-U16-2","U16","Aegilops triuncialis",0.04625
"Plot260","f","Stratum-U16-2","U16","Anchusa officinalis",0.02125
"Plot260","f","Stratum-U16-2","U16","Avena sterilis",0.075
"Plot260","f","Stratum-U16-2","U16","Convolvulus arvensis",0.0225
"Plot260","f","Stratum-U16-2","U16","Cruciata pedemontana",0.0075
"Plot260","f","Stratum-U16-2","U16","Cynodon dactylon",0.115
"Plot260","f","Stratum-U16-2","U16","Hordeum murinum",0.18625
"Plot260","f","Stratum-U16-2","U16","Lolium perenne",0.11375
"Plot260","f","Stratum-U16-2","U16","Malva sylvestris",0.02125
"Plot260","f","Stratum-U16-2","U16","Marrubium peregrinum",0.0925
"Plot260","f","Stratum-U16-2","U16","Matricaria recutita",0.0075
"Plot260","f","Stratum-U16-2","U16","Onopordum sp.",0.1875
"Plot260","f","Stratum-U16-2","U16","Rumex pulcher",0.12125
"Plot260","f","Stratum-U16-2","U16","Scolymus hispanicus",0.00125
"Plot260","f","Stratum-U16-2","U16","Solanum elaeagnifolium",0.05375
"Plot260","f","Stratum-U16-2","U16","Sonchus arvensis",0.0075
"Plot260","f","Stratum-U16-2","U16","Sorghum halepense",0.02125
"Plot260","f","Stratum-U16-2","U16","Taeniatherum caput-medusae",0.0075
"Plot260","f","Stratum-U16-2","U16","Trifolium campestre",0.04625
"Plot260","f","Stratum-U16-2","U16","Trifolium hirtum",0.00125
"Plot260","f","Stratum-U16-2","U16","Trifolium nigrescens",0.02125
"Plot260","f","Stratum-U16-2","U16","Trifolium scabrum",0.02125
"Plot260","f","Stratum-U16-2","U16","Verbascum sp.",0.0075
"Plot261","f","Stratum-U16-2","U16","Aegilops triuncialis",0.0025
"Plot261","f","Stratum-U16-2","U16","Anchusa officinalis",0.00875
"Plot261","f","Stratum-U16-2","U16","Avena sterilis",0.06375
"Plot261","f","Stratum-U16-2","U16","Convolvulus arvensis",0.0675
"Plot261","f","Stratum-U16-2","U16","Crepis sancta",0.00125
"Plot261","f","Stratum-U16-2","U16","Crepis setosa",0.00125
"Plot261","f","Stratum-U16-2","U16","Cruciata pedemontana",0.00125
"Plot261","f","Stratum-U16-2","U16","Dasypyrum villosum",0.12125
"Plot261","f","Stratum-U16-2","U16","Delphinium balcanicum",0.00125
"Plot261","f","Stratum-U16-2","U16","Hordeum murinum",0.135
"Plot261","f","Stratum-U16-2","U16","Hypochaeris achyrophorus",0.00125
"Plot261","f","Stratum-U16-2","U16","Lolium perenne",0.02125
"Plot261","f","Stratum-U16-2","U16","Malva sylvestris",0.0075
"Plot261","f","Stratum-U16-2","U16","Marrubium peregrinum",0.13875
"Plot261","f","Stratum-U16-2","U16","Poa bulbosa",0.01125
"Plot261","f","Stratum-U16-2","U16","Rumex pulcher",0.05
"Plot261","f","Stratum-U16-2","U16","Solanum elaeagnifolium",0.15875
"Plot261","f","Stratum-U16-2","U16","Sorghum halepense",0.115
"Plot261","f","Stratum-U16-2","U16","Torilis arvensis",0.0075
"Plot261","f","Stratum-U16-2","U16","Trifolium arvense",0.0075
"Plot261","f","Stratum-U16-2","U16","Trifolium campestre",0.00125
"Plot261","f","Stratum-U16-2","U16","Trifolium scabrum",0.0075
"Plot262","f","Stratum-U16-2","U16","Achillea clypeolata",0.00125
"Plot262","f","Stratum-U16-2","U16","Carex flacca",0.0075
"Plot262","f","Stratum-U16-2","U16","Centaurea sp.",0.0075
"Plot262","f","Stratum-U16-2","U16","Chondrilla juncea",0.015
"Plot262","f","Stratum-U16-2","U16","Cichorium intybus",0.015
"Plot262","f","Stratum-U16-2","U16","Convolvulus arvensis",0.00125
"Plot262","f","Stratum-U16-2","U16","Crepis sancta",0.0075
"Plot262","f","Stratum-U16-2","U16","Cruciata pedemontana",0.00125
"Plot262","f","Stratum-U16-2","U16","Cuscuta sp.",0.00125
"Plot262","f","Stratum-U16-2","U16","Dactylis glomerata",0.0075
"Plot262","f","Stratum-U16-2","U16","Dasypyrum villosum",0.0175
"Plot262","f","Stratum-U16-2","U16","Daucus guttatus",0.00125
"Plot262","f","Stratum-U16-2","U16","Echinops sphaerocephalus",0.02125
"Plot262","f","Stratum-U16-2","U16","Erigeron canadensis",0.0025
"Plot262","f","Stratum-U16-2","U16","Geranium brutium",0.015
"Plot262","f","Stratum-U16-2","U16","Hypericum olympicum",0.04625
"Plot262","f","Stratum-U16-2","U16","Hypericum perforatum",0.02125
"Plot262","f","Stratum-U16-2","U16","Hypochaeris achyrophorus",0.02125
"Plot262","f","Stratum-U16-2","U16","Lactuca viminea",0.0075
"Plot262","f","Stratum-U16-2","U16","Lotus corniculatus",0.00125
"Plot262","f","Stratum-U16-2","U16","Matricaria recutita",0.0075
"Plot262","f","Stratum-U16-2","U16","Ornithopus compressus",0.02125
"Plot262","f","Stratum-U16-2","U16","Piptatherum miliaceum",0.005
"Plot262","f","Stratum-U16-2","U16","Rubus idaeus",0.02125
"Plot262","f","Stratum-U16-2","U16","Rumex acetosella",0.06375
"Plot262","f","Stratum-U16-2","U16","Silene sp.",0.00125
"Plot262","f","Stratum-U16-2","U16","Sorghum halepense",0.09375
"Plot262","f","Stratum-U16-2","U16","Stachys sp.",0.0075
"Plot262","f","Stratum-U16-2","U16","Taeniatherum caput-medusae",0.00125
"Plot262","f","Stratum-U16-2","U16","Torilis arvensis",0.0075
"Plot262","f","Stratum-U16-2","U16","Trifolium angustifolium",0.0225
"Plot262","f","Stratum-U16-2","U16","Trifolium arvense",0.6875
"Plot262","f","Stratum-U16-2","U16","Trifolium campestre",0.00125
"Plot262","f","Stratum-U16-2","U16","Trifolium purpureum",0.02125
"Plot262","f","Stratum-U16-2","U16","Vulpia myuros",0.00125
"Plot262","f","Stratum-U16-2","U16","Xanthium strumarium",0.00125
"Plot263","f","Stratum-U16-2","U16","Achillea clypeolata",0.0025
"Plot263","f","Stratum-U16-2","U16","Cichorium intybus",0.02125
"Plot263","f","Stratum-U16-2","U16","Crepis sancta",0.0075
"Plot263","f","Stratum-U16-2","U16","Cynosurus echinatus",0.02125
"Plot263","f","Stratum-U16-2","U16","Dactylis glomerata",0.0025
"Plot263","f","Stratum-U16-2","U16","Echinops sphaerocephalus",0.04625
"Plot263","f","Stratum-U16-2","U16","Erigeron canadensis",0.02125
"Plot263","f","Stratum-U16-2","U16","Filago arvensis",0.0075
"Plot263","f","Stratum-U16-2","U16","Hypericum olympicum",0.00125
"Plot263","f","Stratum-U16-2","U16","Hypericum perforatum",0.00125
"Plot263","f","Stratum-U16-2","U16","Hypochaeris achyrophorus",0.0025
"Plot263","f","Stratum-U16-2","U16","Lotus corniculatus",0.0075
"Plot263","f","Stratum-U16-2","U16","Matricaria recutita",0.0225
"Plot263","f","Stratum-U16-2","U16","Onobrychis aequidentata",0.0075
"Plot263","f","Stratum-U16-2","U16","Populus alba",2.5e-4
"Plot263","f","Stratum-U16-2","U16","Quercus cerris",0.00125
"Plot263","f","Stratum-U16-2","U16","Rubus idaeus",0.23375
"Plot263","f","Stratum-U16-2","U16","Rumex acetosella",0.0425
"Plot263","f","Stratum-U16-2","U16","Sorghum halepense",0.09375
"Plot263","f","Stratum-U16-2","U16","Spartium junceum",0.0075
"Plot263","f","Stratum-U16-2","U16","Trifolium angustifolium",0.0075
"Plot263","f","Stratum-U16-2","U16","Trifolium arvense",0.75
"Plot263","f","Stratum-U16-2","U16","Trifolium campestre",0.0075
"Plot263","f","Stratum-U16-2","U16","Trifolium hirtum",0.0075
"Plot263","f","Stratum-U16-2","U16","Trifolium incarnatum",0.0425
"Plot263","f","Stratum-U16-2","U16","Trifolium purpureum",0.0075
"Plot263","f","Stratum-U16-2","U16","Trifolium scabrum",0.0075
"Plot263","f","Stratum-U16-2","U16","Vulpia myuros",0.005
"Plot264","f","Stratum-U16-2","U16","Acinos alpinus",0.0075
"Plot264","f","Stratum-U16-2","U16","Aira elegans",0.005
"Plot264","f","Stratum-U16-2","U16","Bromus hordeaceus",0.02125
"Plot264","f","Stratum-U16-2","U16","Carthamus lanatus",0.0075
"Plot264","f","Stratum-U16-2","U16","Centaurea sp.",0.015
"Plot264","f","Stratum-U16-2","U16","Cichorium intybus",0.0075
"Plot264","f","Stratum-U16-2","U16","Colutea arborescens",0.0025
"Plot264","f","Stratum-U16-2","U16","Cota tinctoria subsp. tinctoria",0.0675
"Plot264","f","Stratum-U16-2","U16","Crataegus monogyna",0.0075
"Plot264","f","Stratum-U16-2","U16","Cynodon dactylon",0.34375
"Plot264","f","Stratum-U16-2","U16","Cynosurus echinatus",0.02875
"Plot264","f","Stratum-U16-2","U16","Dactylis glomerata",0.0075
"Plot264","f","Stratum-U16-2","U16","Daucus guttatus",0.02125
"Plot264","f","Stratum-U16-2","U16","Dianthus cruentus",0.0075
"Plot264","f","Stratum-U16-2","U16","Erigeron canadensis",0.0425
"Plot264","f","Stratum-U16-2","U16","Galium verum",0.0025
"Plot264","f","Stratum-U16-2","U16","Hypericum perforatum",0.00125
"Plot264","f","Stratum-U16-2","U16","Hypochaeris achyrophorus",0.0425
"Plot264","f","Stratum-U16-2","U16","Lactuca viminea",0.0075
"Plot264","f","Stratum-U16-2","U16","Phleum pratense",0.02125
"Plot264","f","Stratum-U16-2","U16","Plantago lanceolata",0.02875
"Plot264","f","Stratum-U16-2","U16","Populus alba",0.00125
"Plot264","f","Stratum-U16-2","U16","Rubus idaeus",0.00125
"Plot264","f","Stratum-U16-2","U16","Spartium junceum",0.00125
"Plot264","f","Stratum-U16-2","U16","Teucrium chamaedrys",0.0075
"Plot264","f","Stratum-U16-2","U16","Trifolium angustifolium",0.0075
"Plot264","f","Stratum-U16-2","U16","Trifolium arvense",0.02875
"Plot264","f","Stratum-U16-2","U16","Trifolium campestre",0.0025
"Plot264","f","Stratum-U16-2","U16","Trifolium hirtum",0.00875
"Plot264","f","Stratum-U16-2","U16","Trifolium nigrescens",0.0075
"Plot264","f","Stratum-U16-2","U16","Trifolium purpureum",2.5e-4
"Plot264","f","Stratum-U16-2","U16","Trifolium scabrum",0.02125
"Plot264","f","Stratum-U16-2","U16","Vicia lathyroides",0.02125
"Plot264","f","Stratum-U16-2","U16","Xanthium strumarium",0.0025
"Plot277","f","Stratum-M24-1","M24","Agrostis capillaris",0.18625
"Plot277","f","Stratum-M24-1","M24","Centaurea affinis",2.5e-4
"Plot277","f","Stratum-M24-1","M24","Cyperus sp.",0.1875
"Plot277","f","Stratum-M24-1","M24","Filipendula vulgaris",0.02125
"Plot277","f","Stratum-M24-1","M24","Holcus lanatus",0.04125
"Plot277","f","Stratum-M24-1","M24","Juncus sp.",0.09375
"Plot277","f","Stratum-M24-1","M24","Melica ciliata",0.02125
"Plot277","f","Stratum-M24-1","M24","Mentha pulegium",0.07375
"Plot277","f","Stratum-M24-1","M24","Ononis spinosa",0.0725
"Plot277","f","Stratum-M24-1","M24","Phleum pratense",0.005
"Plot277","f","Stratum-M24-1","M24","Plantago lanceolata",0.07875
"Plot277","f","Stratum-M24-1","M24","Potentilla recta",0.015
"Plot277","f","Stratum-M24-1","M24","Potentilla reptans",0.01
"Plot277","f","Stratum-M24-1","M24","Prunella laciniata",0.005
"Plot277","f","Stratum-M24-1","M24","Rumex sp.",0.0075
"Plot277","f","Stratum-M24-1","M24","Trifolium nigrescens",0.02125
"Plot278","f","Stratum-M24-1","M24","Anthoxanthum odoratum",0.02625
"Plot278","f","Stratum-M24-1","M24","Carex hirta",0.07875
"Plot278","f","Stratum-M24-1","M24","Cerastium holosteoides",0.02
"Plot278","f","Stratum-M24-1","M24","Cirsium arvense",0.01125
"Plot278","f","Stratum-M24-1","M24","Cynodon dactylon",0.01
"Plot278","f","Stratum-M24-1","M24","Cyperus sp.",0.1575
"Plot278","f","Stratum-M24-1","M24","Eryngium campestre",0.01125
"Plot278","f","Stratum-M24-1","M24","Lolium perenne",0.0775
"Plot278","f","Stratum-M24-1","M24","Medicago minima",0.01
"Plot278","f","Stratum-M24-1","M24","Ononis spinosa",0.01625
"Plot278","f","Stratum-M24-1","M24","Plantago lanceolata",0.09375
"Plot278","f","Stratum-M24-1","M24","Rumex sp.",0.01625
"Plot278","f","Stratum-M24-1","M24","Sanguisorba minor",0.0475
"Plot278","f","Stratum-M24-1","M24","Thymus sibthorpii",0.02625
"Plot278","f","Stratum-M24-1","M24","Trifolium micranthum",0.02625
"Plot278","f","Stratum-M24-1","M24","Trifolium repens",0.08875
"Plot278","f","Stratum-M24-1","M24","Vulpia myuros",0.01
"Plot279","f","Stratum-M24-1","M24","Carex hirta",0.03625
"Plot279","f","Stratum-M24-1","M24","Cerastium holosteoides",0.0775
"Plot279","f","Stratum-M24-1","M24","Cirsium arvense",0.00125
"Plot279","f","Stratum-M24-1","M24","Cyperus sp.",0.41625
"Plot279","f","Stratum-M24-1","M24","Eryngium campestre",0.00375
"Plot279","f","Stratum-M24-1","M24","Fragaria vesca",0.00125
"Plot279","f","Stratum-M24-1","M24","Galium mollugo group",0.00125
"Plot279","f","Stratum-M24-1","M24","Medicago minima",0.015
"Plot279","f","Stratum-M24-1","M24","Medicago sativa",0.03625
"Plot279","f","Stratum-M24-1","M24","Ononis spinosa",0.00625
"Plot279","f","Stratum-M24-1","M24","Plantago lanceolata",0.05875
"Plot279","f","Stratum-M24-1","M24","Ranunculus acris",0.02625
"Plot279","f","Stratum-M24-1","M24","Rumex sp.",0.0775
"Plot279","f","Stratum-M24-1","M24","Trifolium micranthum",0.2125
"Plot279","f","Stratum-M24-1","M24","Trifolium repens",0.14625
"Plot280","f","Stratum-M24-1","M24","Achillea nobilis",0.07875
"Plot280","f","Stratum-M24-1","M24","Ajuga reptans",0.005
"Plot280","f","Stratum-M24-1","M24","Alyssum sp.",0.005
"Plot280","f","Stratum-M24-1","M24","Anthoxanthum odoratum",0.05375
"Plot280","f","Stratum-M24-1","M24","Brachypodium sylvaticum",0.1125
"Plot280","f","Stratum-M24-1","M24","Carex flacca",0.09375
"Plot280","f","Stratum-M24-1","M24","Cerastium holosteoides",0.00375
"Plot280","f","Stratum-M24-1","M24","Cirsium arvense",0.095
"Plot280","f","Stratum-M24-1","M24","Filipendula vulgaris",0.00125
"Plot280","f","Stratum-M24-1","M24","Medicago sativa",0.005
"Plot280","f","Stratum-M24-1","M24","Narcissus poeticus",0.0325
"Plot280","f","Stratum-M24-1","M24","Plantago lanceolata",0.115
"Plot280","f","Stratum-M24-1","M24","Potentilla recta",0.03125
"Plot280","f","Stratum-M24-1","M24","Rubus canescens",0.01125
"Plot280","f","Stratum-M24-1","M24","Rumex sp.",0.0575
"Plot280","f","Stratum-M24-1","M24","Sherardia arvensis",0.005
"Plot280","f","Stratum-M24-1","M24","Sisymbrium officinale",0.005
"Plot280","f","Stratum-M24-1","M24","Trifolium micranthum",0.005
"Plot281","f","Stratum-M24-1","M24","Achillea nobilis",0.02
"Plot281","f","Stratum-M24-1","M24","Alyssum sp.",0.00125
"Plot281","f","Stratum-M24-1","M24","Anisantha sterilis",0.05625
"Plot281","f","Stratum-M24-1","M24","Anthoxanthum odoratum",0.06625
"Plot281","f","Stratum-M24-1","M24","Arenaria leptoclados",0.00125
"Plot281","f","Stratum-M24-1","M24","Brachypodium sylvaticum",0.04125
"Plot281","f","Stratum-M24-1","M24","Carex flacca",0.155
"Plot281","f","Stratum-M24-1","M24","Cerastium holosteoides",0.01125
"Plot281","f","Stratum-M24-1","M24","Cirsium arvense",0.01
"Plot281","f","Stratum-M24-1","M24","Euphorbia stricta",0.00125
"Plot281","f","Stratum-M24-1","M24","Festuca rubra",0.0425
"Plot281","f","Stratum-M24-1","M24","Fragaria vesca",0.02125
"Plot281","f","Stratum-M24-1","M24","Galium verum",0.01
"Plot281","f","Stratum-M24-1","M24","Hypericum perforatum",0.10375
"Plot281","f","Stratum-M24-1","M24","Juncus sp.",0.04625
"Plot281","f","Stratum-M24-1","M24","Lolium perenne",0.01
"Plot281","f","Stratum-M24-1","M24","Muscari comosum",0.00125
"Plot281","f","Stratum-M24-1","M24","Narcissus poeticus",0.005
"Plot281","f","Stratum-M24-1","M24","Plantago lanceolata",0.01
"Plot281","f","Stratum-M24-1","M24","Potentilla argentea",0.0675
"Plot281","f","Stratum-M24-1","M24","Ranunculus acris",0.03125
"Plot281","f","Stratum-M24-1","M24","Rosa canina",0.00125
"Plot281","f","Stratum-M24-1","M24","Rumex sp.",0.02
"Plot282","f","Stratum-M24-1","M24","Alyssum sp.",0.00125
"Plot282","f","Stratum-M24-1","M24","Anthemis arvensis",0.01125
"Plot282","f","Stratum-M24-1","M24","Anthoxanthum odoratum",0.12375
"Plot282","f","Stratum-M24-1","M24","Brachypodium sylvaticum",0.07875
"Plot282","f","Stratum-M24-1","M24","Cerastium holosteoides",0.00625
"Plot282","f","Stratum-M24-1","M24","Cirsium arvense",0.03125
"Plot282","f","Stratum-M24-1","M24","Cruciata pedemontana",0.04625
"Plot282","f","Stratum-M24-1","M24","Euphorbia stricta",0.0225
"Plot282","f","Stratum-M24-1","M24","Festuca rubra",0.11
"Plot282","f","Stratum-M24-1","M24","Hypericum perforatum",0.05125
"Plot282","f","Stratum-M24-1","M24","Inula sp.",0.00125
"Plot282","f","Stratum-M24-1","M24","Lathyrus hirsutus",0.05625
"Plot282","f","Stratum-M24-1","M24","Linum catharticum",0.005
"Plot282","f","Stratum-M24-1","M24","Medicago minima",0.00125
"Plot282","f","Stratum-M24-1","M24","Plantago lanceolata",0.0675
"Plot282","f","Stratum-M24-1","M24","Polygala comosa",0.00125
"Plot282","f","Stratum-M24-1","M24","Potentilla argentea",0.0325
"Plot282","f","Stratum-M24-1","M24","Rubus canescens",0.02125
"Plot282","f","Stratum-M24-1","M24","Rumex sp.",0.0825
"Plot282","f","Stratum-M24-1","M24","Trifolium repens",0.005
"Plot282","f","Stratum-M24-1","M24","Veronica officinalis",0.00375
"Plot282","f","Stratum-M24-1","M24","Viola alba",0.00125
"Plot283","f","Stratum-M24-1","M24","Alyssum sp.",0.005
"Plot283","f","Stratum-M24-1","M24","Anisantha sterilis",0.05125
"Plot283","f","Stratum-M24-1","M24","Anthemis arvensis",0.00125
"Plot283","f","Stratum-M24-1","M24","Anthoxanthum odoratum",0.05625
"Plot283","f","Stratum-M24-1","M24","Brachypodium sylvaticum",0.0425
"Plot283","f","Stratum-M24-1","M24","Carex flacca",0.1875
"Plot283","f","Stratum-M24-1","M24","Cerastium holosteoides",0.00125
"Plot283","f","Stratum-M24-1","M24","Euphorbia stricta",0.00125
"Plot283","f","Stratum-M24-1","M24","Festuca rubra",0.11375
"Plot283","f","Stratum-M24-1","M24","Medicago sativa",0.005
"Plot283","f","Stratum-M24-1","M24","Plantago lanceolata",0.09
"Plot283","f","Stratum-M24-1","M24","Rumex sp.",0.0025
"Plot283","f","Stratum-M24-1","M24","Trifolium micranthum",0.00125
"Plot283","f","Stratum-M24-1","M24","Trifolium nigrescens",0.00125
"Plot284","f","Stratum-M24-1","M24","Achillea nobilis",0.0025
"Plot284","f","Stratum-M24-1","M24","Cynosurus cristatus",0.02125
"Plot284","f","Stratum-M24-1","M24","Festuca rubra",0.35375
"Plot284","f","Stratum-M24-1","M24","Hypericum perforatum",0.00375
"Plot284","f","Stratum-M24-1","M24","Medicago minima",0.01
"Plot284","f","Stratum-M24-1","M24","Medicago sativa",0.00625
"Plot284","f","Stratum-M24-1","M24","Plantago lanceolata",0.02
"Plot284","f","Stratum-M24-1","M24","Potentilla argentea",0.005
"Plot284","f","Stratum-M24-1","M24","Potentilla reptans",0.00125
"Plot284","f","Stratum-M24-1","M24","Rumex sp.",0.03
"Plot285","f","Stratum-M24-1","M24","Anisantha sterilis",0.15
"Plot285","f","Stratum-M24-1","M24","Cirsium arvense",0.00125
"Plot285","f","Stratum-M24-1","M24","Fallopia convolvulus",0.005
"Plot285","f","Stratum-M24-1","M24","Festuca rubra",0.07625
"Plot285","f","Stratum-M24-1","M24","Galium mollugo group",0.0925
"Plot285","f","Stratum-M24-1","M24","Medicago minima",0.0075
"Plot285","f","Stratum-M24-1","M24","Plantago lanceolata",0.06875
"Plot285","f","Stratum-M24-1","M24","Polygala vulgaris",0.00125
"Plot285","f","Stratum-M24-1","M24","Potentilla argentea",0.03125
"Plot285","f","Stratum-M24-1","M24","Potentilla reptans",0.0025
"Plot285","f","Stratum-M24-1","M24","Rumex sp.",0.01125
"Plot285","f","Stratum-M24-1","M24","Trifolium nigrescens",0.005
"Plot285","f","Stratum-M24-1","M24","Veronica officinalis",0.04625
"Plot286","f","Stratum-M24-1","M24","Achillea nobilis",0.00375
"Plot286","f","Stratum-M24-1","M24","Anisantha sterilis",0.02125
"Plot286","f","Stratum-M24-1","M24","Anthemis arvensis",0.00625
"Plot286","f","Stratum-M24-1","M24","Artemisia sp.",0.01
"Plot286","f","Stratum-M24-1","M24","Cirsium arvense",0.01
"Plot286","f","Stratum-M24-1","M24","Cynodon dactylon",0.0325
"Plot286","f","Stratum-M24-1","M24","Festuca rubra",0.125
"Plot286","f","Stratum-M24-1","M24","Lolium perenne",0.02125
"Plot286","f","Stratum-M24-1","M24","Medicago minima",0.0125
"Plot286","f","Stratum-M24-1","M24","Medicago sativa",0.01
"Plot286","f","Stratum-M24-1","M24","Plantago lanceolata",0.02
"Plot286","f","Stratum-M24-1","M24","Ranunculus acris",0.00125
"Plot286","f","Stratum-M24-1","M24","Rumex sp.",0.01625
"Plot286","f","Stratum-M24-1","M24","Thymus sibthorpii",0.00625
"Plot287","f","Stratum-M24-1","M24","Achillea nobilis",0.02125
"Plot287","f","Stratum-M24-1","M24","Anisantha sterilis",0.02
"Plot287","f","Stratum-M24-1","M24","Anthoxanthum odoratum",0.01
"Plot287","f","Stratum-M24-1","M24","Artemisia sp.",0.0775
"Plot287","f","Stratum-M24-1","M24","Cerastium holosteoides",0.0475
"Plot287","f","Stratum-M24-1","M24","Crepis sancta",0.02125
"Plot287","f","Stratum-M24-1","M24","Cynodon dactylon",0.05625
"Plot287","f","Stratum-M24-1","M24","Helianthemum nummularium",0.02125
"Plot287","f","Stratum-M24-1","M24","Lolium perenne",0.005
"Plot287","f","Stratum-M24-1","M24","Medicago minima",0.0225
"Plot287","f","Stratum-M24-1","M24","Medicago sativa",0.01
"Plot287","f","Stratum-M24-1","M24","Muscari comosum",0.00125
"Plot287","f","Stratum-M24-1","M24","Plantago lanceolata",0.05125
"Plot287","f","Stratum-M24-1","M24","Potentilla argentea",0.01
"Plot287","f","Stratum-M24-1","M24","Potentilla micrantha",0.005
"Plot287","f","Stratum-M24-1","M24","Potentilla reptans",0.005
"Plot287","f","Stratum-M24-1","M24","Quercus coccifera",0.00125
"Plot287","f","Stratum-M24-1","M24","Rubus canescens",0.0975
"Plot287","f","Stratum-M24-1","M24","Rumex sp.",0.02125
"Plot287","f","Stratum-M24-1","M24","Thymus sibthorpii",0.04625
"Plot287","f","Stratum-M24-1","M24","Trifolium repens",0.01
"Plot287","f","Stratum-M24-1","M24","Trifolium sp.",0.005
"Plot288","f","Stratum-M24-1","M24","Achillea nobilis",2.5e-4
"Plot288","f","Stratum-M24-1","M24","Cerastium holosteoides",0.00125
"Plot288","f","Stratum-M24-1","M24","Festuca rubra",0.0425
"Plot288","f","Stratum-M24-1","M24","Lolium perenne",0.015
"Plot288","f","Stratum-M24-1","M24","Plantago lanceolata",0.0075
"Plot288","f","Stratum-M24-1","M24","Polypogon monspeliensis",2.5e-4
"Plot288","f","Stratum-M24-1","M24","Potentilla argentea",0.005
"Plot288","f","Stratum-M24-1","M24","Trifolium repens",0.005
"Plot301","f","Stratum-W12-1","W12","Anethum graveolens",0.005
"Plot301","f","Stratum-W12-1","W12","Calendula officinalis",0.0315
"Plot301","f","Stratum-W12-1","W12","Cotinus cogygria",0.00125
"Plot301","f","Stratum-W12-1","W12","Erysimum sp.",0.005
"Plot301","f","Stratum-W12-1","W12","Galium aparine",0.02
"Plot301","f","Stratum-W12-1","W12","Galium verum",0.005
"Plot301","f","Stratum-W12-1","W12","Hordeum vulgare",0.01
"Plot301","f","Stratum-W12-1","W12","Hypericum perforatum",0.02
"Plot301","f","Stratum-W12-1","W12","Lathyrus aphaca",0.03125
"Plot301","f","Stratum-W12-1","W12","Lolium perenne",0.00625
"Plot301","f","Stratum-W12-1","W12","Plantago lanceolata",0.04625
"Plot301","f","Stratum-W12-1","W12","Quercus cerris",0.05125
"Plot301","f","Stratum-W12-1","W12","Quercus petraea",0.04625
"Plot301","f","Stratum-W12-1","W12","Rosa canina",0.15
"Plot301","f","Stratum-W12-1","W12","Rubus idaeus",0.29125
"Plot301","f","Stratum-W12-1","W12","Scutellaria columnae",0.015
"Plot301","f","Stratum-W12-1","W12","Silene italica",0.00125
"Plot301","f","Stratum-W12-1","W12","Stachys germanica",0.09875
"Plot301","f","Stratum-W12-1","W12","Tordylium apulum",0.005
"Plot301","f","Stratum-W12-1","W12","Trifolium repens",0.10375
"Plot301","f","Stratum-W12-1","W12","Vicia hybrida",0.3425
"Plot301","f","Stratum-W12-1","W12","Viola alba",0.00125
"Plot302","f","Stratum-W12-1","W12","Agrostis capillaris",0.01
"Plot302","f","Stratum-W12-1","W12","Brachypodium sylvaticum",0.01
"Plot302","f","Stratum-W12-1","W12","Carex flacca",0.01
"Plot302","f","Stratum-W12-1","W12","Dactylis glomerata",5e-4
"Plot302","f","Stratum-W12-1","W12","Fumana sp.",0.005
"Plot302","f","Stratum-W12-1","W12","Hordeum vulgare",0.005
"Plot302","f","Stratum-W12-1","W12","Hypericum perforatum",0.03375
"Plot302","f","Stratum-W12-1","W12","Lolium perenne",0.01
"Plot302","f","Stratum-W12-1","W12","Poa bulbosa",0.005
"Plot302","f","Stratum-W12-1","W12","Rosa canina",0.02625
"Plot302","f","Stratum-W12-1","W12","Rubus idaeus",0.3425
"Plot302","f","Stratum-W12-1","W12","Silene italica",0.01125
"Plot302","f","Stratum-W12-1","W12","Stachys germanica",0.0875
"Plot302","f","Stratum-W12-1","W12","Trifolium angustifolium",0.025
"Plot302","f","Stratum-W12-1","W12","Trifolium arvense",0.005
"Plot302","f","Stratum-W12-1","W12","Vicia hybrida",0.15625
"Plot303","f","Stratum-W12-1","W12","Aegilops triuncialis",0.09375
"Plot303","f","Stratum-W12-1","W12","Avena sterilis",0.09375
"Plot303","f","Stratum-W12-1","W12","Cynosurus echinatus",0.01
"Plot303","f","Stratum-W12-1","W12","Dactylis glomerata",0.02
"Plot303","f","Stratum-W12-1","W12","Fumana sp.",0.00125
"Plot303","f","Stratum-W12-1","W12","Hirschfeldia incana",0.09375
"Plot303","f","Stratum-W12-1","W12","Hypericum perforatum",0.010249999999999999
"Plot303","f","Stratum-W12-1","W12","Lathyrus aphaca",0.04625
"Plot303","f","Stratum-W12-1","W12","Lolium perenne",0.17125
"Plot303","f","Stratum-W12-1","W12","Phleum pratense",0.01
"Plot303","f","Stratum-W12-1","W12","Quercus petraea",0.005
"Plot303","f","Stratum-W12-1","W12","Rosa canina",0.03625
"Plot303","f","Stratum-W12-1","W12","Rubus idaeus",0.01
"Plot303","f","Stratum-W12-1","W12","Stachys germanica",0.0925
"Plot303","f","Stratum-W12-1","W12","Torilis arvensis",0.005
"Plot303","f","Stratum-W12-1","W12","Trifolium campestre",0.0025
"Plot304","f","Stratum-W12-1","W12","Agrostis capillaris",0.02625
"Plot304","f","Stratum-W12-1","W12","Clematis flammula",0.00125
"Plot304","f","Stratum-W12-1","W12","Euphorbia myrsinites",0.005
"Plot304","f","Stratum-W12-1","W12","Festuca valesiaca",0.16125
"Plot304","f","Stratum-W12-1","W12","Hordeum vulgare",0.09375
"Plot304","f","Stratum-W12-1","W12","Hypericum perforatum",0.005
"Plot304","f","Stratum-W12-1","W12","Juncus sp.",0.04625
"Plot304","f","Stratum-W12-1","W12","Lolium perenne",0.0925
"Plot304","f","Stratum-W12-1","W12","Pimpinella saxifraga",0.01125
"Plot304","f","Stratum-W12-1","W12","Plantago lanceolata",0.0675
"Plot304","f","Stratum-W12-1","W12","Rubus idaeus",0.05125
"Plot304","f","Stratum-W12-1","W12","Scolymus hispanicus",2.5e-4
"Plot304","f","Stratum-W12-1","W12","Silene conica",2.5e-4
"Plot304","f","Stratum-W12-1","W12","Stachys germanica",2.5e-4
"Plot304","f","Stratum-W12-1","W12","Trifolium campestre",0.23
"Plot304","f","Stratum-W12-1","W12","Vicia hybrida",0.02125
"Plot305","f","Stratum-W12-1","W12","Centaurea solstitialis",2.5e-4
"Plot305","f","Stratum-W12-1","W12","Dactylis glomerata",0.00125
"Plot305","f","Stratum-W12-1","W12","Festuca valesiaca",0.3425
"Plot305","f","Stratum-W12-1","W12","Rosa canina",0.0475
"Plot305","f","Stratum-W12-1","W12","Rubus idaeus",0.255
"Plot305","f","Stratum-W12-1","W12","Sanguisorba minor",0.01
"Plot305","f","Stratum-W12-1","W12","Stachys germanica",0.0025
"Plot305","f","Stratum-W12-1","W12","Trifolium campestre",0.00125
"Plot305","f","Stratum-W12-1","W12","Trifolium sp. 1",0.00125
"Plot305","f","Stratum-W12-1","W12","Trifolium sp. 2",0.03125
"Plot306","f","Stratum-W12-1","W12","Centaurea affinis",0.02125
"Plot306","f","Stratum-W12-1","W12","Festuca valesiaca",0.17125
"Plot306","f","Stratum-W12-1","W12","Fragaria vesca",0.02625
"Plot306","f","Stratum-W12-1","W12","Phleum pratense",0.01
"Plot306","f","Stratum-W12-1","W12","Rubus idaeus",0.03625
"Plot306","f","Stratum-W12-1","W12","Stachys germanica",0.005
"Plot306","f","Stratum-W12-1","W12","Trifolium nigrescens",0.00625
"Plot306","f","Stratum-W12-1","W12","Trifolium pratense",0.005
"Plot306","f","Stratum-W12-1","W12","Veronica officinalis",0.00125
"Plot307","f","Stratum-W12-1","W12","Agrostis capillaris",0.005
"Plot307","f","Stratum-W12-1","W12","Festuca valesiaca",0.265
"Plot307","f","Stratum-W12-1","W12","Fragaria vesca",0.0925
"Plot307","f","Stratum-W12-1","W12","Prunella vulgaris",0.00125
"Plot307","f","Stratum-W12-1","W12","Rubus idaeus",0.255
"Plot307","f","Stratum-W12-1","W12","Stachys germanica",0.0025
"Plot307","f","Stratum-W12-1","W12","Torilis arvensis",0.00125
"Plot307","f","Stratum-W12-1","W12","Trifolium nigrescens",0.00125
"Plot307","f","Stratum-W12-1","W12","Trifolium pratense",0.0475
"Plot307","f","Stratum-W12-1","W12","Veronica officinalis",0.015
"Plot307","f","Stratum-W12-1","W12","Viola alba",0.01125
"Plot308","f","Stratum-W12-1","W12","Cotinus cogygria",0.04625
"Plot308","f","Stratum-W12-1","W12","Festuca valesiaca",0.2075
"Plot308","f","Stratum-W12-1","W12","Galium verum",0.00125
"Plot308","f","Stratum-W12-1","W12","Juniperus oxycedrus",0.005
"Plot308","f","Stratum-W12-1","W12","Medicago sativa",0.015
"Plot308","f","Stratum-W12-1","W12","Pyrus spinosa",0.005
"Plot308","f","Stratum-W12-1","W12","Rubus idaeus",0.18625
"Plot308","f","Stratum-W12-1","W12","Rumex sp.",0.00125
"Plot308","f","Stratum-W12-1","W12","Trifolium nigrescens",0.04125
"Plot308","f","Stratum-W12-1","W12","Veronica officinalis",0.02125
"Plot308","f","Stratum-W12-1","W12","Vicia hybrida",0.01
"Plot309","f","Stratum-W12-1","W12","Arabidopsis thaliana",0.04625
"Plot309","f","Stratum-W12-1","W12","Centaurea affinis",0.005
"Plot309","f","Stratum-W12-1","W12","Festuca valesiaca",0.13
"Plot309","f","Stratum-W12-1","W12","Hypericum perforatum",0.0725
"Plot309","f","Stratum-W12-1","W12","Pinus nigra",0.00125
"Plot309","f","Stratum-W12-1","W12","Rubus idaeus",0.3175
"Plot309","f","Stratum-W12-1","W12","Torilis arvensis",0.005
"Plot309","f","Stratum-W12-1","W12","Trifolium nigrescens",0.0575
"Plot309","f","Stratum-W12-1","W12","Veronica officinalis",0.02125
"Plot310","f","Stratum-W12-1","W12","Agrostis capillaris",0.09375
"Plot310","f","Stratum-W12-1","W12","Anisantha sterilis",0.01
"Plot310","f","Stratum-W12-1","W12","Festuca valesiaca",0.28
"Plot310","f","Stratum-W12-1","W12","Hieracium pilosus",0.005
"Plot310","f","Stratum-W12-1","W12","Hordeum vulgare",0.085
"Plot310","f","Stratum-W12-1","W12","Lolium perenne",0.01
"Plot310","f","Stratum-W12-1","W12","Medicago minima",0.00125
"Plot310","f","Stratum-W12-1","W12","Prunella vulgaris",0.01125
"Plot310","f","Stratum-W12-1","W12","Rubus idaeus",0.09375
"Plot310","f","Stratum-W12-1","W12","Sambucus ebulus",0.005
"Plot310","f","Stratum-W12-1","W12","Stachys germanica",0.00125
"Plot310","f","Stratum-W12-1","W12","Trifolium campestre",0.005
"Plot310","f","Stratum-W12-1","W12","Trifolium nigrescens",0.01
"Plot310","f","Stratum-W12-1","W12","Veronica officinalis",0.01
"Plot310","f","Stratum-W12-1","W12","Viola alba",2.5e-4
"Plot311","f","Stratum-W12-1","W12","Agrostis capillaris",0.03125
"Plot311","f","Stratum-W12-1","W12","Festuca valesiaca",0.1825
"Plot311","f","Stratum-W12-1","W12","Hordeum vulgare",0.0875
"Plot311","f","Stratum-W12-1","W12","Pimpinella saxifraga",0.005
"Plot311","f","Stratum-W12-1","W12","Prunella vulgaris",0.05125
"Plot311","f","Stratum-W12-1","W12","Rubus idaeus",0.0875
"Plot311","f","Stratum-W12-1","W12","Sambucus ebulus",0.005
"Plot311","f","Stratum-W12-1","W12","Scolymus hispanicus",0.0025
"Plot311","f","Stratum-W12-1","W12","Trifolium campestre",0.01
"Plot311","f","Stratum-W12-1","W12","Trifolium nigrescens",0.01
"Plot311","f","Stratum-W12-1","W12","Veronica officinalis",0.02125
"Plot311","f","Stratum-W12-1","W12","Vicia hybrida",0.03625
"Plot312","f","Stratum-W12-1","W12","Agrostis capillaris",0.1025
"Plot312","f","Stratum-W12-1","W12","Anthoxanthum odoratum",0.02125
"Plot312","f","Stratum-W12-1","W12","Cotinus cogygria",0.00125
"Plot312","f","Stratum-W12-1","W12","Festuca valesiaca",0.2075
"Plot312","f","Stratum-W12-1","W12","Hordeum vulgare",0.1875
"Plot312","f","Stratum-W12-1","W12","Hypericum perforatum",0.005
"Plot312","f","Stratum-W12-1","W12","Medicago sativa",0.005
"Plot312","f","Stratum-W12-1","W12","Prunella vulgaris",0.00125
"Plot312","f","Stratum-W12-1","W12","Rubus idaeus",0.04625
"Plot312","f","Stratum-W12-1","W12","Veronica officinalis",0.005
"Plot325","f","Stratum-W18-1","W18","Avena sterilis",0.06875
"Plot325","f","Stratum-W18-1","W18","Bromus hordeaceus",0.06625
"Plot325","f","Stratum-W18-1","W18","Centaurea sp.",0.12375
"Plot325","f","Stratum-W18-1","W18","Cichorium intybus",0.01
"Plot325","f","Stratum-W18-1","W18","Cistus monspeliensis",0.04125
"Plot325","f","Stratum-W18-1","W18","Convolvulus arvensis",0.01
"Plot325","f","Stratum-W18-1","W18","Cynosurus echinatus",0.02125
"Plot325","f","Stratum-W18-1","W18","Dactylis glomerata",0.0025
"Plot325","f","Stratum-W18-1","W18","Hieracium pilosus",0.005
"Plot325","f","Stratum-W18-1","W18","Hordeum vulgare",0.1925
"Plot325","f","Stratum-W18-1","W18","Hypericum perforatum",0.00125
"Plot325","f","Stratum-W18-1","W18","Phleum pratense",0.00125
"Plot325","f","Stratum-W18-1","W18","Scolymus hispanicus",0.01
"Plot325","f","Stratum-W18-1","W18","Silybum marianum",0.1025
"Plot325","f","Stratum-W18-1","W18","Stachys germanica",0.0425
"Plot325","f","Stratum-W18-1","W18","Tordylium maximum",0.02
"Plot325","f","Stratum-W18-1","W18","Torilis arvensis",0.00125
"Plot326","f","Stratum-W18-1","W18","Aegilops triuncialis",0.00125
"Plot326","f","Stratum-W18-1","W18","Avena sterilis",0.02
"Plot326","f","Stratum-W18-1","W18","Bromus hordeaceus",0.01
"Plot326","f","Stratum-W18-1","W18","Centaurea sp.",0.01
"Plot326","f","Stratum-W18-1","W18","Cichorium intybus",0.04625
"Plot326","f","Stratum-W18-1","W18","Cistus monspeliensis",0.03
"Plot326","f","Stratum-W18-1","W18","Dactylis glomerata",0.00125
"Plot326","f","Stratum-W18-1","W18","Hordeum vulgare",0.1975
"Plot326","f","Stratum-W18-1","W18","Silybum marianum",0.025
"Plot326","f","Stratum-W18-1","W18","Stachys germanica",0.5625
"Plot326","f","Stratum-W18-1","W18","Tordylium maximum",0.00125
"Plot327","f","Stratum-W18-1","W18","Anthemis arvensis",0.02125
"Plot327","f","Stratum-W18-1","W18","Avena sterilis",0.06625
"Plot327","f","Stratum-W18-1","W18","Cichorium intybus",0.15125
"Plot327","f","Stratum-W18-1","W18","Dactylis glomerata",0.0425
"Plot327","f","Stratum-W18-1","W18","Hieracium pilosus",0.09875
"Plot327","f","Stratum-W18-1","W18","Hordeum murinum",0.02125
"Plot327","f","Stratum-W18-1","W18","Hordeum vulgare",0.23375
"Plot327","f","Stratum-W18-1","W18","Lolium perenne",0.00125
"Plot327","f","Stratum-W18-1","W18","Ononis spinosa",0.09375
"Plot327","f","Stratum-W18-1","W18","Rapistrum rugosum",0.015
"Plot327","f","Stratum-W18-1","W18","Tordylium maximum",0.07375
"Plot328","f","Stratum-W18-1","W18","Aegilops triuncialis",0.25
"Plot328","f","Stratum-W18-1","W18","Anthemis arvensis",0.00125
"Plot328","f","Stratum-W18-1","W18","Avena sterilis",0.0325
"Plot328","f","Stratum-W18-1","W18","Centaurea sp.",0.00125
"Plot328","f","Stratum-W18-1","W18","Chrysopogon gryllus",0.15625
"Plot328","f","Stratum-W18-1","W18","Cichorium intybus",0.12375
"Plot328","f","Stratum-W18-1","W18","Dactylis glomerata",0.05625
"Plot328","f","Stratum-W18-1","W18","Hieracium pilosus",0.0325
"Plot328","f","Stratum-W18-1","W18","Hordeum vulgare",0.03125
"Plot328","f","Stratum-W18-1","W18","Lolium perenne",0.00125
"Plot328","f","Stratum-W18-1","W18","Ononis spinosa",0.005
"Plot328","f","Stratum-W18-1","W18","Plantago lanceolata",0.03125
"Plot328","f","Stratum-W18-1","W18","Sanguisorba minor",0.00125
"Plot328","f","Stratum-W18-1","W18","Scolymus hispanicus",0.01
"Plot328","f","Stratum-W18-1","W18","Stachys germanica",0.005
"Plot328","f","Stratum-W18-1","W18","Tordylium maximum",0.02625
"Plot328","f","Stratum-W18-1","W18","Trifolium angustifolium",0.00125
"Plot328","f","Stratum-W18-1","W18","Vicia villosa",0.10375
"Plot329","f","Stratum-W18-1","W18","Avena sterilis",0.125
"Plot329","f","Stratum-W18-1","W18","Centaurea sp.",0.00125
"Plot329","f","Stratum-W18-1","W18","Dactylis glomerata",0.0025
"Plot329","f","Stratum-W18-1","W18","Geranium rotundifolium",0.00125
"Plot329","f","Stratum-W18-1","W18","Hieracium pilosus",0.15
"Plot329","f","Stratum-W18-1","W18","Hordeum secalinum",0.29125
"Plot329","f","Stratum-W18-1","W18","Hordeum vulgare",0.11375
"Plot329","f","Stratum-W18-1","W18","Petrorhagia dubia",0.02125
"Plot329","f","Stratum-W18-1","W18","Pterocephalus perennis",0.07125
"Plot329","f","Stratum-W18-1","W18","Silybum marianum",0.00125
"Plot329","f","Stratum-W18-1","W18","Trifolium angustifolium",0.04625
"Plot329","f","Stratum-W18-1","W18","Xanthium strumarium",0.00125
"Plot330","f","Stratum-W18-1","W18","Festuca sp.",0.005
"Plot331","f","Stratum-W18-1","W18","Bellardia trixago",2.5e-4
"Plot331","f","Stratum-W18-1","W18","Bromus erectus",0.04125
"Plot331","f","Stratum-W18-1","W18","Centaurea sp.",0.00625
"Plot331","f","Stratum-W18-1","W18","Chrysopogon gryllus",0.0027500000000000003
"Plot331","f","Stratum-W18-1","W18","Cistus monspeliensis",0.17125
"Plot331","f","Stratum-W18-1","W18","Crepis sancta",0.00125
"Plot331","f","Stratum-W18-1","W18","Hypericum montanum",0.025
"Plot331","f","Stratum-W18-1","W18","Lotus corniculatus",0.03
"Plot331","f","Stratum-W18-1","W18","Medicago sativa",0.094
"Plot331","f","Stratum-W18-1","W18","Sisymbrium officinale",0.010249999999999999
"Plot331","f","Stratum-W18-1","W18","Trifolium angustifolium",0.02375
"Plot331","f","Stratum-W18-1","W18","Trifolium arvense",0.0775
"Plot332","f","Stratum-W18-1","W18","Anisantha sterilis",0.0325
"Plot332","f","Stratum-W18-1","W18","Anthemis arvensis",0.01
"Plot332","f","Stratum-W18-1","W18","Carex paniculata",0.005
"Plot332","f","Stratum-W18-1","W18","Cerastium semidecandrum",0.01
"Plot332","f","Stratum-W18-1","W18","Cistus monspeliensis",0.145
"Plot332","f","Stratum-W18-1","W18","Crepis sancta",0.00625
"Plot332","f","Stratum-W18-1","W18","Daucus carota",0.01
"Plot332","f","Stratum-W18-1","W18","Hypericum perforatum",0.03125
"Plot332","f","Stratum-W18-1","W18","Linum usitatissimum",0.04125
"Plot333","f","Stratum-W18-1","W18","Anthemis triuncialis",0.0325
"Plot333","f","Stratum-W18-1","W18","Cistus monspeliensis",0.0675
"Plot333","f","Stratum-W18-1","W18","Hypericum perforatum",0.0025
"Plot333","f","Stratum-W18-1","W18","Linum usitatissimum",0.01
"Plot333","f","Stratum-W18-1","W18","Phleum pratense",0.09375
"Plot333","f","Stratum-W18-1","W18","Pinus nigra",0.1975
"Plot333","f","Stratum-W18-1","W18","Vulpia myuros",0.035
"Plot334","f","Stratum-W18-1","W18","Avena sterilis",0.01
"Plot334","f","Stratum-W18-1","W18","Centaurea sp.",0.00125
"Plot334","f","Stratum-W18-1","W18","Cistus monspeliensis",0.14
"Plot334","f","Stratum-W18-1","W18","Daucus carota",0.0925
"Plot334","f","Stratum-W18-1","W18","Linum trigynum",0.0575
"Plot334","f","Stratum-W18-1","W18","Linum usitatissimum",0.0675
"Plot334","f","Stratum-W18-1","W18","Medicago minima",0.00125
"Plot334","f","Stratum-W18-1","W18","Pinus brutia",0.03125
"Plot334","f","Stratum-W18-1","W18","Plantago lanceolata",0.04625
"Plot334","f","Stratum-W18-1","W18","Poaceae sp.",0.01
"Plot334","f","Stratum-W18-1","W18","Potentilla recta",0.005
"Plot334","f","Stratum-W18-1","W18","Rubus sanctus",0.01
"Plot334","f","Stratum-W18-1","W18","Stachys germanica",0.09375
"Plot334","f","Stratum-W18-1","W18","Trifolium arvense",0.00125
"Plot334","f","Stratum-W18-1","W18","Vicia sp.",0.0225
"Plot335","f","Stratum-W18-1","W18","Bromus sp.",0.00125
"Plot335","f","Stratum-W18-1","W18","Centaurea sp.",0.005
"Plot335","f","Stratum-W18-1","W18","Cistus monspeliensis",0.05625
"Plot335","f","Stratum-W18-1","W18","Festuca sp.",0.07125
"Plot335","f","Stratum-W18-1","W18","Linum trigynum",0.01
"Plot335","f","Stratum-W18-1","W18","Linum usitatissimum",0.0475
"Plot335","f","Stratum-W18-1","W18","Medicago minima",0.01
"Plot335","f","Stratum-W18-1","W18","Poa sp.",0.005
"Plot335","f","Stratum-W18-1","W18","Trifolium angustifolium",0.00125
"Plot336","f","Stratum-W18-1","W18","Allium sp.",2.5e-4
"Plot336","f","Stratum-W18-1","W18","Anisantha sterilis",0.09375
"Plot336","f","Stratum-W18-1","W18","Anthoxanthum odoratum",0.005
"Plot336","f","Stratum-W18-1","W18","Avena sterilis",0.07875
"Plot336","f","Stratum-W18-1","W18","Bromus hordeaceus",0.04625
"Plot336","f","Stratum-W18-1","W18","Centaurea sp.",0.22375
"Plot336","f","Stratum-W18-1","W18","Cistus monspeliensis",0.15
"Plot336","f","Stratum-W18-1","W18","Dactylis glomerata",0.015
"Plot336","f","Stratum-W18-1","W18","Hieracium pilosus",0.02125
"Plot336","f","Stratum-W18-1","W18","Rapistrum rugosum",0.2025
"Plot336","f","Stratum-W18-1","W18","Trifolium angustifolium",0.015
"Plot336","f","Stratum-W18-1","W18","Trifolium arvense",0.02125
"Plot349","f","Stratum-W16-1","W16","Anisantha sterilis",0.00125
"Plot349","f","Stratum-W16-1","W16","Anthoxanthum odoratum",0.01
"Plot349","f","Stratum-W16-1","W16","Arbutus unedo",0.00125
"Plot349","f","Stratum-W16-1","W16","Cistus monspeliensis",0.16
"Plot349","f","Stratum-W16-1","W16","Dactylis glomerata",0.03125
"Plot349","f","Stratum-W16-1","W16","Eryngium campestre",0.00125
"Plot349","f","Stratum-W16-1","W16","Galium aparine",0.17125
"Plot349","f","Stratum-W16-1","W16","Rubus sanctus",0.135
"Plot349","f","Stratum-W16-1","W16","Stachys arvensis",0.00125
"Plot349","f","Stratum-W16-1","W16","Trifolium arvense",0.0025
"Plot349","f","Stratum-W16-1","W16","Vulpia myuros",0.04625
"Plot350","f","Stratum-W16-1","W16","Anisantha sterilis",0.04625
"Plot350","f","Stratum-W16-1","W16","Anthyllis hermanniae",0.02125
"Plot350","f","Stratum-W16-1","W16","Carex flacca",0.03125
"Plot350","f","Stratum-W16-1","W16","Cistus monspeliensis",0.27
"Plot350","f","Stratum-W16-1","W16","Dactylis glomerata",0.11375
"Plot350","f","Stratum-W16-1","W16","Dittrichia viscosa",0.005
"Plot350","f","Stratum-W16-1","W16","Erica arborea",0.015
"Plot350","f","Stratum-W16-1","W16","Galium verum",0.0675
"Plot350","f","Stratum-W16-1","W16","Hordeum murinum",0.10375
"Plot350","f","Stratum-W16-1","W16","Phillyrea latifolia",0.00125
"Plot350","f","Stratum-W16-1","W16","Pinus brutia",0.04625
"Plot350","f","Stratum-W16-1","W16","Plantago lanceolata",0.00125
"Plot350","f","Stratum-W16-1","W16","Rubus sanctus",0.14375
"Plot350","f","Stratum-W16-1","W16","Sanguisorba minor",0.00125
"Plot350","f","Stratum-W16-1","W16","Trifolium angustifolium",0.02125
"Plot351","f","Stratum-W16-1","W16","Anthyllis hermanniae",0.03625
"Plot351","f","Stratum-W16-1","W16","Briza media",0.0025
"Plot351","f","Stratum-W16-1","W16","Centaurea affinis",0.0115
"Plot351","f","Stratum-W16-1","W16","Cistus monspeliensis",0.30625
"Plot351","f","Stratum-W16-1","W16","Dactylis glomerata",0.00625
"Plot351","f","Stratum-W16-1","W16","Dittrichia viscosa",0.09875
"Plot351","f","Stratum-W16-1","W16","Erica arborea",0.0775
"Plot351","f","Stratum-W16-1","W16","Koeleria macrantha",0.0025
"Plot351","f","Stratum-W16-1","W16","Phillyrea latifolia",0.005
"Plot351","f","Stratum-W16-1","W16","Potentilla recta",0.00625
"Plot351","f","Stratum-W16-1","W16","Rubus sanctus",0.0575
"Plot351","f","Stratum-W16-1","W16","Trifolium angustifolium",2.5e-4
"Plot351","f","Stratum-W16-1","W16","Trifolium campestre",0.02125
"Plot352","f","Stratum-W16-1","W16","Anthoxanthum odoratum",0.07125
"Plot352","f","Stratum-W16-1","W16","Avena sterilis",0.0525
"Plot352","f","Stratum-W16-1","W16","Centaurea solstitialis",0.01
"Plot352","f","Stratum-W16-1","W16","Cistus monspeliensis",0.27
"Plot352","f","Stratum-W16-1","W16","Cynosurus echinatus",0.0025
"Plot352","f","Stratum-W16-1","W16","Dactylis glomerata",0.04875
"Plot352","f","Stratum-W16-1","W16","Euphorbia taurinensis",2.5e-4
"Plot352","f","Stratum-W16-1","W16","Galium verum",0.00125
"Plot352","f","Stratum-W16-1","W16","Hypericum perforatum",0.005
"Plot352","f","Stratum-W16-1","W16","Lactuca serriola",0.01125
"Plot352","f","Stratum-W16-1","W16","Muscari neglectum",0.0025
"Plot352","f","Stratum-W16-1","W16","Plantago lanceolata",0.02625
"Plot352","f","Stratum-W16-1","W16","Pterocephalus plumosus",0.01125
"Plot352","f","Stratum-W16-1","W16","Sanguisorba minor",0.02125
"Plot352","f","Stratum-W16-1","W16","Teucrium chamaedrys",0.02
"Plot352","f","Stratum-W16-1","W16","Trifolium angustifolium",0.01125
"Plot353","f","Stratum-W16-1","W16","Aegilops triuncialis",0.00125
"Plot353","f","Stratum-W16-1","W16","Anthemis arvensis",0.03125
"Plot353","f","Stratum-W16-1","W16","Bromus tectorum",0.0525
"Plot353","f","Stratum-W16-1","W16","Carex flacca",0.01
"Plot353","f","Stratum-W16-1","W16","Catapodium rigidum",0.01
"Plot353","f","Stratum-W16-1","W16","Cichorium intybus",0.115
"Plot353","f","Stratum-W16-1","W16","Dactylis glomerata",0.1375
"Plot353","f","Stratum-W16-1","W16","Eryngium amethystinum",0.00125
"Plot353","f","Stratum-W16-1","W16","Hypericum perforatum",0.0525
"Plot353","f","Stratum-W16-1","W16","Lactuca serriola",0.00125
"Plot353","f","Stratum-W16-1","W16","Lotus corniculatus",0.18375
"Plot353","f","Stratum-W16-1","W16","Medicago sativa",0.04625
"Plot353","f","Stratum-W16-1","W16","Petrorhagia dubia",0.00125
"Plot353","f","Stratum-W16-1","W16","Plantago lanceolata",0.04125
"Plot353","f","Stratum-W16-1","W16","Rubus sanctus",0.06875
"Plot353","f","Stratum-W16-1","W16","Stachys germanica",0.00125
"Plot353","f","Stratum-W16-1","W16","Thymus sibthorpii",0.01
"Plot353","f","Stratum-W16-1","W16","Trifolium arvense",0.05125
"Plot353","f","Stratum-W16-1","W16","Trifolium scabrum",0.0475
"Plot354","f","Stratum-W16-1","W16","Aegilops triuncialis",0.255
"Plot354","f","Stratum-W16-1","W16","Anthemis arvensis",0.005
"Plot354","f","Stratum-W16-1","W16","Carex flacca",0.02
"Plot354","f","Stratum-W16-1","W16","Cichorium intybus",0.02
"Plot354","f","Stratum-W16-1","W16","Cistus monspeliensis",0.16625
"Plot354","f","Stratum-W16-1","W16","Dactylis glomerata",0.02625
"Plot354","f","Stratum-W16-1","W16","Euphorbia myrsinites",0.00525
"Plot354","f","Stratum-W16-1","W16","Geranium brutium",2.5e-4
"Plot354","f","Stratum-W16-1","W16","Hypericum perforatum",0.0775
"Plot354","f","Stratum-W16-1","W16","Lactuca serriola",0.006500000000000001
"Plot354","f","Stratum-W16-1","W16","Plantago lanceolata",0.05125
"Plot354","f","Stratum-W16-1","W16","Rubus sanctus",0.115
"Plot354","f","Stratum-W16-1","W16","Sanguisorba minor",0.02125
"Plot354","f","Stratum-W16-1","W16","Sisymbrium officinale",0.04625
"Plot354","f","Stratum-W16-1","W16","Trifolium angustifolium",0.0525
"Plot355","f","Stratum-W16-1","W16","Aegilops triuncialis",0.10375
"Plot355","f","Stratum-W16-1","W16","Anthemis arvensis",0.01
"Plot355","f","Stratum-W16-1","W16","Briza media",0.01
"Plot355","f","Stratum-W16-1","W16","Cichorium intybus",0.04625
"Plot355","f","Stratum-W16-1","W16","Cistus monspeliensis",0.05125
"Plot355","f","Stratum-W16-1","W16","Euphorbia myrsinites",0.0525
"Plot355","f","Stratum-W16-1","W16","Hypericum perforatum",0.0875
"Plot355","f","Stratum-W16-1","W16","Lactuca serriola",0.005
"Plot355","f","Stratum-W16-1","W16","Petrorhagia dubia",0.00125
"Plot355","f","Stratum-W16-1","W16","Pimpinella saxifraga",0.01
"Plot355","f","Stratum-W16-1","W16","Plantago lanceolata",0.01125
"Plot355","f","Stratum-W16-1","W16","Pyrus spinosa",0.04625
"Plot355","f","Stratum-W16-1","W16","Quercus frainetto",0.04625
"Plot355","f","Stratum-W16-1","W16","Rubus sanctus",0.02125
"Plot355","f","Stratum-W16-1","W16","Sanguisorba minor",0.0475
"Plot355","f","Stratum-W16-1","W16","Teucrium chamaedrys",0.05125
"Plot355","f","Stratum-W16-1","W16","Thymus sibthorpii",0.005
"Plot355","f","Stratum-W16-1","W16","Trifolium angustifolium",0.00125
"Plot355","f","Stratum-W16-1","W16","Trifolium arvense",0.0325
"Plot356","f","Stratum-W16-1","W16","Aegilops triuncialis",0.0775
"Plot356","f","Stratum-W16-1","W16","Anthemis arvensis",0.005
"Plot356","f","Stratum-W16-1","W16","Anthoxanthum odoratum",0.0775
"Plot356","f","Stratum-W16-1","W16","Avena sterilis",0.02125
"Plot356","f","Stratum-W16-1","W16","Cichorium intybus",0.01
"Plot356","f","Stratum-W16-1","W16","Cistus monspeliensis",0.01
"Plot356","f","Stratum-W16-1","W16","Cruciata pedemontana",0.01
"Plot356","f","Stratum-W16-1","W16","Cynosurus echinatus",0.01
"Plot356","f","Stratum-W16-1","W16","Dactylis glomerata",0.005
"Plot356","f","Stratum-W16-1","W16","Euphorbia myrsinites",0.005
"Plot356","f","Stratum-W16-1","W16","Hypericum perforatum",0.1025
"Plot356","f","Stratum-W16-1","W16","Lolium perenne",0.005
"Plot356","f","Stratum-W16-1","W16","Pimpinella saxifraga",0.005
"Plot356","f","Stratum-W16-1","W16","Plantago lanceolata",0.015
"Plot356","f","Stratum-W16-1","W16","Sanguisorba minor",0.00125
"Plot356","f","Stratum-W16-1","W16","Scolymus hispanicus",0.01
"Plot356","f","Stratum-W16-1","W16","Stachys germanica",2.5e-4
"Plot356","f","Stratum-W16-1","W16","Teucrium chamaedrys",0.02
"Plot356","f","Stratum-W16-1","W16","Trifolium angustifolium",0.06875
"Plot356","f","Stratum-W16-1","W16","Trifolium arvense",0.01
"Plot356","f","Stratum-W16-1","W16","Vicia grandiflora",2.5e-4
"Plot357","f","Stratum-W16-1","W16","Achillea millefolium",0.01125
"Plot357","f","Stratum-W16-1","W16","Aegilops triuncialis",0.0225
"Plot357","f","Stratum-W16-1","W16","Anthoxanthum odoratum",0.005
"Plot357","f","Stratum-W16-1","W16","Avena sterilis",0.0175
"Plot357","f","Stratum-W16-1","W16","Briza media",0.01
"Plot357","f","Stratum-W16-1","W16","Centaurea solstitialis",0.005
"Plot357","f","Stratum-W16-1","W16","Cichorium intybus",0.125
"Plot357","f","Stratum-W16-1","W16","Dactylis glomerata",0.01
"Plot357","f","Stratum-W16-1","W16","Euphorbia myrsinites",2.5e-4
"Plot357","f","Stratum-W16-1","W16","Hypericum perforatum",0.0675
"Plot357","f","Stratum-W16-1","W16","Lactuca serriola",0.0675
"Plot357","f","Stratum-W16-1","W16","Lathyrus aphaca",2.5e-4
"Plot357","f","Stratum-W16-1","W16","Matricaria recutita",0.0015
"Plot357","f","Stratum-W16-1","W16","Orlaya daucoides",0.01
"Plot357","f","Stratum-W16-1","W16","Petrorhagia dubia",0.02125
"Plot357","f","Stratum-W16-1","W16","Pimpinella saxifraga",0.02625
"Plot357","f","Stratum-W16-1","W16","Plantago lanceolata",0.1025
"Plot357","f","Stratum-W16-1","W16","Teucrium chamaedrys",0.0675
"Plot357","f","Stratum-W16-1","W16","Trifolium arvense",0.0675
"Plot358","f","Stratum-W16-1","W16","Aegilops triuncialis",0.04625
"Plot358","f","Stratum-W16-1","W16","Anthoxanthum odoratum",0.02
"Plot358","f","Stratum-W16-1","W16","Avena sterilis",0.04
"Plot358","f","Stratum-W16-1","W16","Cichorium intybus",0.01625
"Plot358","f","Stratum-W16-1","W16","Cynosurus echinatus",0.09875
"Plot358","f","Stratum-W16-1","W16","Euphorbia myrsinites",0.01125
"Plot358","f","Stratum-W16-1","W16","Hypericum perforatum",0.185
"Plot358","f","Stratum-W16-1","W16","Lotus corniculatus",0.00125
"Plot358","f","Stratum-W16-1","W16","Origanum vulgare",0.005
"Plot358","f","Stratum-W16-1","W16","Phillyrea latifolia",0.01
"Plot358","f","Stratum-W16-1","W16","Phleum pratense",2.5e-4
"Plot358","f","Stratum-W16-1","W16","Rubus sanctus",0.01
"Plot358","f","Stratum-W16-1","W16","Sanguisorba minor",0.01625
"Plot358","f","Stratum-W16-1","W16","Scolymus hispanicus",0.115
"Plot358","f","Stratum-W16-1","W16","Thymus sibthorpii",0.005
"Plot358","f","Stratum-W16-1","W16","Trifolium angustifolium",0.14
"Plot359","f","Stratum-W16-1","W16","Aegilops triuncialis",0.14625
"Plot359","f","Stratum-W16-1","W16","Anthoxanthum odoratum",0.04625
"Plot359","f","Stratum-W16-1","W16","Avena sterilis",0.0975
"Plot359","f","Stratum-W16-1","W16","Bromus hordeaceus",0.05125
"Plot359","f","Stratum-W16-1","W16","Centaurea solstitialis",0.04625
"Plot359","f","Stratum-W16-1","W16","Cichorium intybus",0.02125
"Plot359","f","Stratum-W16-1","W16","Cynosurus echinatus",0.0425
"Plot359","f","Stratum-W16-1","W16","Eryngium amethystinum",0.005
"Plot359","f","Stratum-W16-1","W16","Euphorbia myrsinites",0.0665
"Plot359","f","Stratum-W16-1","W16","Hypericum perforatum",0.07625
"Plot359","f","Stratum-W16-1","W16","Plantago lanceolata",0.04125
"Plot359","f","Stratum-W16-1","W16","Pterocephalus plumosus",0.01
"Plot359","f","Stratum-W16-1","W16","Pyrus spinosa",0.01
"Plot359","f","Stratum-W16-1","W16","Rubus sanctus",0.095
"Plot359","f","Stratum-W16-1","W16","Teucrium chamaedrys",0.05125
"Plot359","f","Stratum-W16-1","W16","Torilis sterilis",0.10375
"Plot359","f","Stratum-W16-1","W16","Trifolium angustifolium",0.20875
"Plot360","f","Stratum-W16-1","W16","Aegilops triuncialis",0.1125
"Plot360","f","Stratum-W16-1","W16","Avena sterilis",0.0375
"Plot360","f","Stratum-W16-1","W16","Cichorium intybus",0.0225
"Plot360","f","Stratum-W16-1","W16","Cynosurus echinatus",0.0675
"Plot360","f","Stratum-W16-1","W16","Dactylis glomerata",0.00125
"Plot360","f","Stratum-W16-1","W16","Dasypyrum villosum",0.04625
"Plot360","f","Stratum-W16-1","W16","Eryngium amethystinum",0.0475
"Plot360","f","Stratum-W16-1","W16","Euphorbia myrsinites",0.2175
"Plot360","f","Stratum-W16-1","W16","Hypericum perforatum",0.04625
"Plot360","f","Stratum-W16-1","W16","Muscari neglectum",0.00125
"Plot360","f","Stratum-W16-1","W16","Pimpinella saxifraga",0.0027500000000000003
"Plot360","f","Stratum-W16-1","W16","Plantago lanceolata",0.01125
"Plot360","f","Stratum-W16-1","W16","Sanguisorba minor",0.00125
"Plot360","f","Stratum-W16-1","W16","Sisymbrium officinale",0.01
"Plot360","f","Stratum-W16-1","W16","Teucrium chamaedrys",0.01
"Plot360","f","Stratum-W16-1","W16","Torilis arvensis",0.0775
"Plot360","f","Stratum-W16-1","W16","Trifolium arvense",0.005
"Plot37","f","Stratum-U4-2","U4","Alyssum simplex",0.005
"Plot37","f","Stratum-U4-2","U4","Anchusa officinalis",0.005
"Plot37","f","Stratum-U4-2","U4","Anthemis arvensis",0.00125
"Plot37","f","Stratum-U4-2","U4","Avena sterilis",0.04375
"Plot37","f","Stratum-U4-2","U4","Bellardia latifolia",0.005
"Plot37","f","Stratum-U4-2","U4","Biscutella didyma",0.01
"Plot37","f","Stratum-U4-2","U4","Cerastium brachypetalum",0.00625
"Plot37","f","Stratum-U4-2","U4","Cerastium semidecandrum",0.01625
"Plot37","f","Stratum-U4-2","U4","Cirsium sp.",0.03625
"Plot37","f","Stratum-U4-2","U4","Crepis sancta",0.09375
"Plot37","f","Stratum-U4-2","U4","Crepis setosa",0.135
"Plot37","f","Stratum-U4-2","U4","Erodium absinthoides",0.0525
"Plot37","f","Stratum-U4-2","U4","Euphorbia taurinensis",0.00125
"Plot37","f","Stratum-U4-2","U4","Fumaria officinalis",0.02625
"Plot37","f","Stratum-U4-2","U4","Geranium brutium",0.02625
"Plot37","f","Stratum-U4-2","U4","Helianthemum nummularium",0.005
"Plot37","f","Stratum-U4-2","U4","Hippocrepis unisiliquosa",0.04625
"Plot37","f","Stratum-U4-2","U4","Hordeum murinum",0.00125
"Plot37","f","Stratum-U4-2","U4","Hypecoum imberbe",0.02125
"Plot37","f","Stratum-U4-2","U4","Inula cf hirta",0.00625
"Plot37","f","Stratum-U4-2","U4","Ornithogalum sp.",0.005
"Plot37","f","Stratum-U4-2","U4","Orobanche sp.",0.00125
"Plot37","f","Stratum-U4-2","U4","Plantago afra",0.00125
"Plot37","f","Stratum-U4-2","U4","Sherardia arvensis",0.02
"Plot37","f","Stratum-U4-2","U4","Solanum elaeagnifolium",0.03625
"Plot37","f","Stratum-U4-2","U4","Valerianella locusta",0.02
"Plot37","f","Stratum-U4-2","U4","Vicia hybrida",0.005
"Plot38","f","Stratum-U4-2","U4","Anagallis arvensis",0.09375
"Plot38","f","Stratum-U4-2","U4","Bunias erucago",0.025
"Plot38","f","Stratum-U4-2","U4","Centaurea sp.",0.0275
"Plot38","f","Stratum-U4-2","U4","Chondrilla juncea",0.05625
"Plot38","f","Stratum-U4-2","U4","Convolvulus cantabrica",0.005
"Plot38","f","Stratum-U4-2","U4","Echium vulgare",0.0525
"Plot38","f","Stratum-U4-2","U4","Galium aparine",0.00125
"Plot38","f","Stratum-U4-2","U4","Linaria chalepensis",0.00125
"Plot38","f","Stratum-U4-2","U4","Medicago sativa",0.11
"Plot38","f","Stratum-U4-2","U4","Notobasis syriaca",0.005
"Plot38","f","Stratum-U4-2","U4","Scandix pecten-veneris",0.00125
"Plot38","f","Stratum-U4-2","U4","Sinapis alba",0.0075
"Plot38","f","Stratum-U4-2","U4","Solanum elaeagnifolium",0.08875
"Plot38","f","Stratum-U4-2","U4","Vicia sativa subsp. incisa",0.04875
"Plot38","f","Stratum-U4-2","U4","Vicia tenuifolia subsp. dalmatica",0.00625
"Plot38","f","Stratum-U4-2","U4","Xanthium spinosum",0.00125
"Plot39","f","Stratum-U4-2","U4","Achillea clypeolata",0.02375
"Plot39","f","Stratum-U4-2","U4","Achnatherum bromoides",0.005
"Plot39","f","Stratum-U4-2","U4","Aegilops triuncialis",0.0275
"Plot39","f","Stratum-U4-2","U4","Alyssum simplex",0.00125
"Plot39","f","Stratum-U4-2","U4","Anchusa officinalis",0.0025
"Plot39","f","Stratum-U4-2","U4","Anthemis chia",0.00125
"Plot39","f","Stratum-U4-2","U4","Arenaria leptoclados",0.0075
"Plot39","f","Stratum-U4-2","U4","Asyneuma limonifolium",0.00125
"Plot39","f","Stratum-U4-2","U4","Atractylis cancellata",0.0025
"Plot39","f","Stratum-U4-2","U4","Avena sterilis",0.16125
"Plot39","f","Stratum-U4-2","U4","Centaurea benedicta",0.00125
"Plot39","f","Stratum-U4-2","U4","Centaurea sp.",0.0025
"Plot39","f","Stratum-U4-2","U4","Chondrilla juncea",0.00125
"Plot39","f","Stratum-U4-2","U4","Convolvulus althaeoides",0.0475
"Plot39","f","Stratum-U4-2","U4","Convolvulus cantabrica",0.00125
"Plot39","f","Stratum-U4-2","U4","Crepis sancta",0.00125
"Plot39","f","Stratum-U4-2","U4","Filago arvensis",0.00125
"Plot39","f","Stratum-U4-2","U4","Helianthemum aegyptiacum",0.02125
"Plot39","f","Stratum-U4-2","U4","Herniaria incana",0.005
"Plot39","f","Stratum-U4-2","U4","Hordeum murinum",0.00125
"Plot39","f","Stratum-U4-2","U4","Matricaria recutita",0.00125
"Plot39","f","Stratum-U4-2","U4","Medicago minima",0.10625
"Plot39","f","Stratum-U4-2","U4","Onobrychis aequidentata",0.02
"Plot39","f","Stratum-U4-2","U4","Rostraria cristata",0.05125
"Plot39","f","Stratum-U4-2","U4","Sedum hispanicum",0.00125
"Plot39","f","Stratum-U4-2","U4","Solanum elaeagnifolium",0.00625
"Plot39","f","Stratum-U4-2","U4","Teucrium capitatum",0.04625
"Plot39","f","Stratum-U4-2","U4","Thymus sibthorpii",0.0225
"Plot39","f","Stratum-U4-2","U4","Tordylium apulum",0.00125
"Plot39","f","Stratum-U4-2","U4","Valerianella locusta",0.00125
"Plot39","f","Stratum-U4-2","U4","Verbascum sp.1",0.0125
"Plot40","f","Stratum-U4-2","U4","Achnatherum bromoides",0.00125
"Plot40","f","Stratum-U4-2","U4","Aegilops biuncialis",0.00125
"Plot40","f","Stratum-U4-2","U4","Aegilops triuncialis",0.01625
"Plot40","f","Stratum-U4-2","U4","Alyssum simplex",0.0025
"Plot40","f","Stratum-U4-2","U4","Arenaria leptoclados",0.0125
"Plot40","f","Stratum-U4-2","U4","Avena sterilis",0.09875
"Plot40","f","Stratum-U4-2","U4","Bituminaria bituminosa",0.02125
"Plot40","f","Stratum-U4-2","U4","Bromus tectorum",0.00125
"Plot40","f","Stratum-U4-2","U4","Chondrilla juncea",0.015
"Plot40","f","Stratum-U4-2","U4","Convolvulus althaeoides",0.1025
"Plot40","f","Stratum-U4-2","U4","Crepis sancta",0.00375
"Plot40","f","Stratum-U4-2","U4","Dasypyrum villosum",0.095
"Plot40","f","Stratum-U4-2","U4","Helianthemum aegyptiacum",0.00125
"Plot40","f","Stratum-U4-2","U4","Hordeum murinum",0.00125
"Plot40","f","Stratum-U4-2","U4","Lolium perenne",0.00125
"Plot40","f","Stratum-U4-2","U4","Marrubium peregrinum",0.0025
"Plot40","f","Stratum-U4-2","U4","Medicago minima",0.0525
"Plot40","f","Stratum-U4-2","U4","Medicago sativa",0.01125
"Plot40","f","Stratum-U4-2","U4","Medicago sp.",0.005
"Plot40","f","Stratum-U4-2","U4","Onobrychis aequidentata",0.01125
"Plot40","f","Stratum-U4-2","U4","Piptatherum miliaceum",0.02125
"Plot40","f","Stratum-U4-2","U4","Solanum elaeagnifolium",0.09625
"Plot40","f","Stratum-U4-2","U4","Stachys germanica",0.00125
"Plot40","f","Stratum-U4-2","U4","Taraxacum officinale group",0.0025
"Plot40","f","Stratum-U4-2","U4","Teucrium capitatum",0.02125
"Plot40","f","Stratum-U4-2","U4","Trifolium scabrum",0.0275
"Plot40","f","Stratum-U4-2","U4","Trifolium stellatum",0.02125
"Plot40","f","Stratum-U4-2","U4","Verbascum sp.1",0.02125
"Plot41","f","Stratum-U4-2","U4","Achillea clypeolata",0.00125
"Plot41","f","Stratum-U4-2","U4","Aegilops biuncialis",0.00125
"Plot41","f","Stratum-U4-2","U4","Aegilops triuncialis",0.64
"Plot41","f","Stratum-U4-2","U4","Arenaria leptoclados",0.01125
"Plot41","f","Stratum-U4-2","U4","Chondrilla juncea",0.005
"Plot41","f","Stratum-U4-2","U4","Dactylis glomerata",0.00125
"Plot41","f","Stratum-U4-2","U4","Echium vulgare",0.005
"Plot41","f","Stratum-U4-2","U4","Eryngium campestre",0.00625
"Plot41","f","Stratum-U4-2","U4","Herniaria incana",0.00125
"Plot41","f","Stratum-U4-2","U4","Matricaria recutita",0.0025
"Plot41","f","Stratum-U4-2","U4","Medicago minima",0.01625
"Plot41","f","Stratum-U4-2","U4","Onobrychis aequidentata",0.005
"Plot41","f","Stratum-U4-2","U4","Petrorhagia dubia",0.015
"Plot41","f","Stratum-U4-2","U4","Plantago lanceolata",0.06875
"Plot41","f","Stratum-U4-2","U4","Solanum elaeagnifolium",0.00125
"Plot41","f","Stratum-U4-2","U4","Trifolium angustifolium",0.00125
"Plot41","f","Stratum-U4-2","U4","Trifolium campestre",0.0725
"Plot41","f","Stratum-U4-2","U4","Trifolium nigrescens",0.00125
"Plot41","f","Stratum-U4-2","U4","Trifolium scabrum",0.00625
"Plot41","f","Stratum-U4-2","U4","Trifolium stellatum",0.005
"Plot42","f","Stratum-U4-2","U4","Aegilops triuncialis",0.125
"Plot42","f","Stratum-U4-2","U4","Alyssum simplex",0.00125
"Plot42","f","Stratum-U4-2","U4","Anchusa officinalis",0.005
"Plot42","f","Stratum-U4-2","U4","Astragalus glycyphyllos",0.00125
"Plot42","f","Stratum-U4-2","U4","Avena sterilis",0.01125
"Plot42","f","Stratum-U4-2","U4","Convolvulus althaeoides",0.00125
"Plot42","f","Stratum-U4-2","U4","Cota tinctoria subsp. tinctoria",0.00125
"Plot42","f","Stratum-U4-2","U4","Dasypyrum villosum",0.0725
"Plot42","f","Stratum-U4-2","U4","Erysimum sp.",0.00625
"Plot42","f","Stratum-U4-2","U4","Lathyrus nissolia",0.00125
"Plot42","f","Stratum-U4-2","U4","Lolium perenne",0.005
"Plot42","f","Stratum-U4-2","U4","Lotus corniculatus",0.005
"Plot42","f","Stratum-U4-2","U4","Marrubium peregrinum",0.01
"Plot42","f","Stratum-U4-2","U4","Medicago minima",0.01
"Plot42","f","Stratum-U4-2","U4","Medicago sativa",0.00375
"Plot42","f","Stratum-U4-2","U4","Medicago sp.",0.00125
"Plot42","f","Stratum-U4-2","U4","Onobrychis aequidentata",0.00875
"Plot42","f","Stratum-U4-2","U4","Orlaya daucoides",0.00125
"Plot42","f","Stratum-U4-2","U4","Piptatherum miliaceum",0.005
"Plot42","f","Stratum-U4-2","U4","Plantago lanceolata",0.02625
"Plot42","f","Stratum-U4-2","U4","Reseda lutea",0.0025
"Plot42","f","Stratum-U4-2","U4","Sanguisorba minor",0.0425
"Plot42","f","Stratum-U4-2","U4","Senecio vulgaris",0.00125
"Plot42","f","Stratum-U4-2","U4","Stachys germanica",0.04375
"Plot42","f","Stratum-U4-2","U4","Taraxacum officinale group",0.0025
"Plot42","f","Stratum-U4-2","U4","Teucrium capitatum",0.05625
"Plot42","f","Stratum-U4-2","U4","Thymus sibthorpii",0.04625
"Plot42","f","Stratum-U4-2","U4","Trifolium angustifolium",0.00375
"Plot42","f","Stratum-U4-2","U4","Trifolium campestre",0.08875
"Plot42","f","Stratum-U4-2","U4","Trifolium scabrum",0.00875
"Plot42","f","Stratum-U4-2","U4","Trifolium stellatum",0.00125
"Plot42","f","Stratum-U4-2","U4","Verbascum sp.1",0.00125
"Plot42","f","Stratum-U4-2","U4","Veronica verna",0.00125
"Plot43","f","Stratum-U4-2","U4","Aegilops biuncialis",0.0725
"Plot43","f","Stratum-U4-2","U4","Aegilops triuncialis",0.00625
"Plot43","f","Stratum-U4-2","U4","Avena sterilis",0.015
"Plot43","f","Stratum-U4-2","U4","Bituminaria bituminosa",0.0075
"Plot43","f","Stratum-U4-2","U4","Centaurea benedicta",0.00375
"Plot43","f","Stratum-U4-2","U4","Centaurea sp.",0.00125
"Plot43","f","Stratum-U4-2","U4","Chondrilla juncea",0.01
"Plot43","f","Stratum-U4-2","U4","Convolvulus althaeoides",0.1375
"Plot43","f","Stratum-U4-2","U4","Cota tinctoria subsp. tinctoria",0.00125
"Plot43","f","Stratum-U4-2","U4","Cynosurus echinatus",0.00125
"Plot43","f","Stratum-U4-2","U4","Dactylis glomerata",0.01
"Plot43","f","Stratum-U4-2","U4","Dasypyrum villosum",0.07375
"Plot43","f","Stratum-U4-2","U4","Erigeron bonariensis",0.00125
"Plot43","f","Stratum-U4-2","U4","Erysimum sp.",0.00125
"Plot43","f","Stratum-U4-2","U4","Marrubium peregrinum",0.04625
"Plot43","f","Stratum-U4-2","U4","Medicago minima",0.00625
"Plot43","f","Stratum-U4-2","U4","Melica ciliata",0.005
"Plot43","f","Stratum-U4-2","U4","Muscari comosum",0.00125
"Plot43","f","Stratum-U4-2","U4","Neatostema apulum",0.00125
"Plot43","f","Stratum-U4-2","U4","Onobrychis aequidentata",0.00375
"Plot43","f","Stratum-U4-2","U4","Orlaya daucoides",0.00125
"Plot43","f","Stratum-U4-2","U4","Orlaya daucorlaya",0.00125
"Plot43","f","Stratum-U4-2","U4","Plantago lanceolata",0.01
"Plot43","f","Stratum-U4-2","U4","Pyrus spinosa",0.005
"Plot43","f","Stratum-U4-2","U4","Sanguisorba minor",0.0475
"Plot43","f","Stratum-U4-2","U4","Stachys germanica",0.0525
"Plot43","f","Stratum-U4-2","U4","Thymus sibthorpii",0.00125
"Plot43","f","Stratum-U4-2","U4","Trifolium angustifolium",0.01125
"Plot43","f","Stratum-U4-2","U4","Trifolium campestre",0.045
"Plot43","f","Stratum-U4-2","U4","Trifolium scabrum",0.00625
"Plot43","f","Stratum-U4-2","U4","Trifolium stellatum",0.00125
"Plot43","f","Stratum-U4-2","U4","Vicia hybrida",0.00125
"Plot43","f","Stratum-U4-2","U4","Vicia tetrasperma",0.00125
"Plot44","f","Stratum-U4-2","U4","Aegilops triuncialis",0.0975
"Plot44","f","Stratum-U4-2","U4","Anchusa officinalis",0.00125
"Plot44","f","Stratum-U4-2","U4","Anisantha sterilis",0.09375
"Plot44","f","Stratum-U4-2","U4","Anthemis arvensis",0.00375
"Plot44","f","Stratum-U4-2","U4","Avena sterilis",0.00125
"Plot44","f","Stratum-U4-2","U4","Bituminaria bituminosa",0.04625
"Plot44","f","Stratum-U4-2","U4","Centaurea benedicta",0.00125
"Plot44","f","Stratum-U4-2","U4","Crambe hispanica",0.00125
"Plot44","f","Stratum-U4-2","U4","Dactylis glomerata",0.02125
"Plot44","f","Stratum-U4-2","U4","Dasypyrum villosum",0.22375
"Plot44","f","Stratum-U4-2","U4","Eryngium campestre",0.005
"Plot44","f","Stratum-U4-2","U4","Geocaryum capillifolium",0.0025
"Plot44","f","Stratum-U4-2","U4","Hordeum vulgare",0.00125
"Plot44","f","Stratum-U4-2","U4","Lolium perenne",0.0725
"Plot44","f","Stratum-U4-2","U4","Medicago minima",0.03125
"Plot44","f","Stratum-U4-2","U4","Onobrychis aequidentata",0.005
"Plot44","f","Stratum-U4-2","U4","Orlaya daucoides",0.00125
"Plot44","f","Stratum-U4-2","U4","Plantago lanceolata",0.02625
"Plot44","f","Stratum-U4-2","U4","Pyrus spinosa",0.005
"Plot44","f","Stratum-U4-2","U4","Sanguisorba minor",0.0675
"Plot44","f","Stratum-U4-2","U4","Sinapis alba",0.00125
"Plot44","f","Stratum-U4-2","U4","Solanum elaeagnifolium",0.00125
"Plot44","f","Stratum-U4-2","U4","Sonchus arvensis",0.02375
"Plot44","f","Stratum-U4-2","U4","Teucrium capitatum",0.005
"Plot44","f","Stratum-U4-2","U4","Trifolium campestre",0.005
"Plot44","f","Stratum-U4-2","U4","Trifolium purpureum",0.005
"Plot44","f","Stratum-U4-2","U4","Trifolium stellatum",0.005
"Plot44","f","Stratum-U4-2","U4","Vicia hybrida",0.0025
"Plot45","f","Stratum-U4-2","U4","Achillea millefolium",0.005
"Plot45","f","Stratum-U4-2","U4","Aegilops triuncialis",0.0025
"Plot45","f","Stratum-U4-2","U4","Anthoxanthum odoratum",0.00125
"Plot45","f","Stratum-U4-2","U4","Arenaria leptoclados",0.00625
"Plot45","f","Stratum-U4-2","U4","Bromus hordeaceus",0.005
"Plot45","f","Stratum-U4-2","U4","Centaurea sp.",0.00125
"Plot45","f","Stratum-U4-2","U4","Chondrilla juncea",0.0025
"Plot45","f","Stratum-U4-2","U4","Dactylorhiza romana",2.5e-4
"Plot45","f","Stratum-U4-2","U4","Dianthus cruentus",0.00375
"Plot45","f","Stratum-U4-2","U4","Dorycnium herbaceum",0.00125
"Plot45","f","Stratum-U4-2","U4","Eryngium campestre",0.00125
"Plot45","f","Stratum-U4-2","U4","Festuca arundinacea",0.005
"Plot45","f","Stratum-U4-2","U4","Helianthemum nummularium",0.0525
"Plot45","f","Stratum-U4-2","U4","Hypericum olympicum",0.01625
"Plot45","f","Stratum-U4-2","U4","Hypochaeris radicata",0.0075
"Plot45","f","Stratum-U4-2","U4","Lathyrus nissolia",0.00125
"Plot45","f","Stratum-U4-2","U4","Linaria genistifolia",2.5e-4
"Plot45","f","Stratum-U4-2","U4","Linum tenuifolium",0.00125
"Plot45","f","Stratum-U4-2","U4","Matricaria recutita",0.0025
"Plot45","f","Stratum-U4-2","U4","Medicago minima",0.00125
"Plot45","f","Stratum-U4-2","U4","Medicago sativa",0.00375
"Plot45","f","Stratum-U4-2","U4","Onobrychis aequidentata",0.015
"Plot45","f","Stratum-U4-2","U4","Parentucellia latifolia",0.00125
"Plot45","f","Stratum-U4-2","U4","Plantago lanceolata",0.0725
"Plot45","f","Stratum-U4-2","U4","Potentilla recta",0.0025
"Plot45","f","Stratum-U4-2","U4","Rumex acetosella",0.005
"Plot45","f","Stratum-U4-2","U4","Sanguisorba minor",0.0425
"Plot45","f","Stratum-U4-2","U4","Securigera varia",0.00125
"Plot45","f","Stratum-U4-2","U4","Silene conica",0.0025
"Plot45","f","Stratum-U4-2","U4","Spergularia media",0.00625
"Plot45","f","Stratum-U4-2","U4","Taraxacum officinale group",0.00125
"Plot45","f","Stratum-U4-2","U4","Trifolium campestre",0.02125
"Plot45","f","Stratum-U4-2","U4","Trifolium hirtum",0.4075
"Plot45","f","Stratum-U4-2","U4","Vicia villosa",0.0675
"Plot46","f","Stratum-U4-2","U4","Achillea clypeolata",0.005
"Plot46","f","Stratum-U4-2","U4","Acinos alpinus",0.01125
"Plot46","f","Stratum-U4-2","U4","Aegilops triuncialis",0.08875
"Plot46","f","Stratum-U4-2","U4","Anchusa officinalis",0.02125
"Plot46","f","Stratum-U4-2","U4","Avena sterilis",0.02125
"Plot46","f","Stratum-U4-2","U4","Carlina vulgaris",0.01125
"Plot46","f","Stratum-U4-2","U4","Convolvulus arvensis",0.00125
"Plot46","f","Stratum-U4-2","U4","Cynodon dactylon",0.02125
"Plot46","f","Stratum-U4-2","U4","Dasypyrum villosum",0.0925
"Plot46","f","Stratum-U4-2","U4","Hordeum murinum",0.185
"Plot46","f","Stratum-U4-2","U4","Marrubium peregrinum",0.0025
"Plot46","f","Stratum-U4-2","U4","Onopordum sp.",0.005
"Plot46","f","Stratum-U4-2","U4","Paliurus spina-christi",0.02125
"Plot46","f","Stratum-U4-2","U4","Poa bulbosa",0.005
"Plot46","f","Stratum-U4-2","U4","Solanum elaeagnifolium",0.0425
"Plot46","f","Stratum-U4-2","U4","Thymus sibthorpii",0.02125
"Plot46","f","Stratum-U4-2","U4","Trifolium angustifolium",0.01
"Plot46","f","Stratum-U4-2","U4","Trifolium arvense",0.5
"Plot46","f","Stratum-U4-2","U4","Trifolium campestre",0.0475
"Plot46","f","Stratum-U4-2","U4","Trifolium hirtum",0.01625
"Plot46","f","Stratum-U4-2","U4","Trifolium nigrescens",0.01
"Plot46","f","Stratum-U4-2","U4","Trifolium scabrum",0.02125
"Plot46","f","Stratum-U4-2","U4","Vulpia myuros",0.02125
"Plot47","f","Stratum-U4-2","U4","Aegilops triuncialis",0.04625
"Plot47","f","Stratum-U4-2","U4","Anchusa officinalis",0.02125
"Plot47","f","Stratum-U4-2","U4","Avena sterilis",0.0725
"Plot47","f","Stratum-U4-2","U4","Convolvulus arvensis",0.0225
"Plot47","f","Stratum-U4-2","U4","Cruciata pedemontana",0.005
"Plot47","f","Stratum-U4-2","U4","Cynodon dactylon",0.115
"Plot47","f","Stratum-U4-2","U4","Hordeum murinum",0.18625
"Plot47","f","Stratum-U4-2","U4","Lolium perenne",0.11375
"Plot47","f","Stratum-U4-2","U4","Malva sylvestris",0.02125
"Plot47","f","Stratum-U4-2","U4","Marrubium peregrinum",0.0925
"Plot47","f","Stratum-U4-2","U4","Matricaria recutita",0.005
"Plot47","f","Stratum-U4-2","U4","Onopordum sp.",0.1875
"Plot47","f","Stratum-U4-2","U4","Rumex pulcher",0.11875
"Plot47","f","Stratum-U4-2","U4","Scolymus hispanicus",0.00125
"Plot47","f","Stratum-U4-2","U4","Solanum elaeagnifolium",0.05125
"Plot47","f","Stratum-U4-2","U4","Sonchus arvensis",0.005
"Plot47","f","Stratum-U4-2","U4","Sorghum halepense",0.02125
"Plot47","f","Stratum-U4-2","U4","Taeniatherum caput-medusae",0.005
"Plot47","f","Stratum-U4-2","U4","Trifolium campestre",0.04625
"Plot47","f","Stratum-U4-2","U4","Trifolium hirtum",0.00125
"Plot47","f","Stratum-U4-2","U4","Trifolium nigrescens",0.02125
"Plot47","f","Stratum-U4-2","U4","Trifolium scabrum",0.02125
"Plot47","f","Stratum-U4-2","U4","Verbascum sp.1",0.005
"Plot48","f","Stratum-U4-2","U4","Achillea clypeolata",0.00125
"Plot48","f","Stratum-U4-2","U4","Carex flacca",0.005
"Plot48","f","Stratum-U4-2","U4","Centaurea solstitialis",0.005
"Plot48","f","Stratum-U4-2","U4","Chondrilla juncea",0.01
"Plot48","f","Stratum-U4-2","U4","Cichorium intybus",0.01
"Plot48","f","Stratum-U4-2","U4","Convolvulus arvensis",0.00125
"Plot48","f","Stratum-U4-2","U4","Crepis sancta",0.005
"Plot48","f","Stratum-U4-2","U4","Cruciata pedemontana",0.00125
"Plot48","f","Stratum-U4-2","U4","Cuscuta sp.",0.00125
"Plot48","f","Stratum-U4-2","U4","Dactylis glomerata",0.005
"Plot48","f","Stratum-U4-2","U4","Dasypyrum villosum",0.0125
"Plot48","f","Stratum-U4-2","U4","Daucus guttatus",0.00125
"Plot48","f","Stratum-U4-2","U4","Echinops sphaerocephalus",0.02125
"Plot48","f","Stratum-U4-2","U4","Erigeron canadensis",0.0025
"Plot48","f","Stratum-U4-2","U4","Geranium brutium",0.01
"Plot48","f","Stratum-U4-2","U4","Hypericum olympicum",0.04625
"Plot48","f","Stratum-U4-2","U4","Hypericum perforatum",0.02125
"Plot48","f","Stratum-U4-2","U4","Hypochaeris achyrophorus",0.02125
"Plot48","f","Stratum-U4-2","U4","Lactuca viminea",0.005
"Plot48","f","Stratum-U4-2","U4","Lotus corniculatus",0.00125
"Plot48","f","Stratum-U4-2","U4","Matricaria recutita",0.005
"Plot48","f","Stratum-U4-2","U4","Ornithopus compressus",0.02125
"Plot48","f","Stratum-U4-2","U4","Piptatherum miliaceum",0.005
"Plot48","f","Stratum-U4-2","U4","Rubus idaeus",0.02125
"Plot48","f","Stratum-U4-2","U4","Rumex acetosella",0.06375
"Plot48","f","Stratum-U4-2","U4","Silene sp.",0.00125
"Plot48","f","Stratum-U4-2","U4","Sorghum halepense",0.09375
"Plot48","f","Stratum-U4-2","U4","Stachys germanica",0.005
"Plot48","f","Stratum-U4-2","U4","Taeniatherum caput-medusae",0.00125
"Plot48","f","Stratum-U4-2","U4","Torilis arvensis",0.005
"Plot48","f","Stratum-U4-2","U4","Trifolium angustifolium",0.0225
"Plot48","f","Stratum-U4-2","U4","Trifolium arvense",0.6875
"Plot48","f","Stratum-U4-2","U4","Trifolium campestre",0.00125
"Plot48","f","Stratum-U4-2","U4","Trifolium purpureum",0.02125
"Plot48","f","Stratum-U4-2","U4","Vulpia myuros",0.00125
"Plot48","f","Stratum-U4-2","U4","Xanthium strumarium",0.00125
"Plot61","f","Stratum-W11-1","W11","Aegilops triuncialis",0.00625
"Plot61","f","Stratum-W11-1","W11","Avena sterilis",0.00125
"Plot61","f","Stratum-W11-1","W11","Bromus hordeaceus",0.0825
"Plot61","f","Stratum-W11-1","W11","Centaurea affinis",0.24375
"Plot61","f","Stratum-W11-1","W11","Centaurea solstitialis",0.025
"Plot61","f","Stratum-W11-1","W11","Dactylis glomerata",0.00125
"Plot61","f","Stratum-W11-1","W11","Eryngium amethystinum",0.02625
"Plot61","f","Stratum-W11-1","W11","Microthlaspi perfoliatum",0.01
"Plot61","f","Stratum-W11-1","W11","Phleum pratense",0.0125
"Plot61","f","Stratum-W11-1","W11","Plantago lanceolata",0.06625
"Plot61","f","Stratum-W11-1","W11","Ranunculus sp.",0.005
"Plot61","f","Stratum-W11-1","W11","Stachys germanica",0.00125
"Plot61","f","Stratum-W11-1","W11","Trifolium arvense",0.00125
"Plot61","f","Stratum-W11-1","W11","Vicia villosa",0.0075
"Plot62","f","Stratum-W11-1","W11","Aegilops triuncialis",0.18375
"Plot62","f","Stratum-W11-1","W11","Avena sterilis",0.005
"Plot62","f","Stratum-W11-1","W11","Centaurea affinis",0.0225
"Plot62","f","Stratum-W11-1","W11","Centaurea solstitialis",0.15125
"Plot62","f","Stratum-W11-1","W11","Cichorium intybus",0.00125
"Plot62","f","Stratum-W11-1","W11","Cistus monspeliensis",0.04625
"Plot62","f","Stratum-W11-1","W11","Dactylis glomerata",0.005
"Plot62","f","Stratum-W11-1","W11","Eryngium amethystinum",0.02125
"Plot62","f","Stratum-W11-1","W11","Euphorbia myrsinites",0.01
"Plot62","f","Stratum-W11-1","W11","Lolium perenne",0.00125
"Plot62","f","Stratum-W11-1","W11","Pimpinella saxifraga",0.00125
"Plot62","f","Stratum-W11-1","W11","Pistacia lentiscus",2.5e-4
"Plot62","f","Stratum-W11-1","W11","Rumex sp.",2.5e-4
"Plot62","f","Stratum-W11-1","W11","Sanguisorba minor",0.00125
"Plot62","f","Stratum-W11-1","W11","Stachys germanica",0.015
"Plot62","f","Stratum-W11-1","W11","Trifolium arvense",0.005
"Plot62","f","Stratum-W11-1","W11","Vicia villosa",0.00625
"Plot63","f","Stratum-W11-1","W11","Aegilops triuncialis",0.05625
"Plot63","f","Stratum-W11-1","W11","Anisantha sterilis",0.02625
"Plot63","f","Stratum-W11-1","W11","Anthemis arvensis",0.01
"Plot63","f","Stratum-W11-1","W11","Anthemis chia",0.02625
"Plot63","f","Stratum-W11-1","W11","Avena sterilis",0.10875
"Plot63","f","Stratum-W11-1","W11","Bromus hordeaceus",0.005
"Plot63","f","Stratum-W11-1","W11","Bromus tectorum",0.04625
"Plot63","f","Stratum-W11-1","W11","Centaurea solstitialis",0.04125
"Plot63","f","Stratum-W11-1","W11","Cistus monspeliensis",0.01
"Plot63","f","Stratum-W11-1","W11","Dactylis glomerata",0.02
"Plot63","f","Stratum-W11-1","W11","Dittrichia viscosa",0.00125
"Plot63","f","Stratum-W11-1","W11","Eryngium amethystinum",0.01
"Plot63","f","Stratum-W11-1","W11","Euphorbia myrsinites",0.02125
"Plot63","f","Stratum-W11-1","W11","Hieracium pilosus",0.005
"Plot63","f","Stratum-W11-1","W11","Lotus corniculatus",0.11375
"Plot63","f","Stratum-W11-1","W11","Ononis spinosa",0.06625
"Plot63","f","Stratum-W11-1","W11","Paliurus spina-christi",0.005
"Plot63","f","Stratum-W11-1","W11","Pimpinella saxifraga",0.0025
"Plot63","f","Stratum-W11-1","W11","Plantago lanceolata",0.02
"Plot63","f","Stratum-W11-1","W11","Sanguisorba minor",0.0575
"Plot63","f","Stratum-W11-1","W11","Trifolium angustifolium",0.025
"Plot64","f","Stratum-W11-1","W11","Aegilops triuncialis",0.02
"Plot64","f","Stratum-W11-1","W11","Anthemis arvensis",0.03125
"Plot64","f","Stratum-W11-1","W11","Avena sterilis",0.01375
"Plot64","f","Stratum-W11-1","W11","Centaurea solstitialis",0.23375
"Plot64","f","Stratum-W11-1","W11","Cistus monspeliensis",0.00125
"Plot64","f","Stratum-W11-1","W11","Crepis sancta",0.01
"Plot64","f","Stratum-W11-1","W11","Cruciata pedemontana",0.005
"Plot64","f","Stratum-W11-1","W11","Dactylis glomerata",0.10375
"Plot64","f","Stratum-W11-1","W11","Eryngium amethystinum",0.00525
"Plot64","f","Stratum-W11-1","W11","Euphorbia myrsinites",0.005
"Plot64","f","Stratum-W11-1","W11","Galium aparine",0.02
"Plot64","f","Stratum-W11-1","W11","Hypericum perforatum",0.015
"Plot64","f","Stratum-W11-1","W11","Lactuca serriola",0.0025
"Plot64","f","Stratum-W11-1","W11","Lolium perenne",0.005
"Plot64","f","Stratum-W11-1","W11","Lotus corniculatus",0.02
"Plot64","f","Stratum-W11-1","W11","Medicago sativa",0.015
"Plot64","f","Stratum-W11-1","W11","Sanguisorba minor",0.04125
"Plot64","f","Stratum-W11-1","W11","Silybum marianum",0.01
"Plot64","f","Stratum-W11-1","W11","Sisymbrium officinale",0.00125
"Plot64","f","Stratum-W11-1","W11","Stachys germanica",0.03125
"Plot64","f","Stratum-W11-1","W11","Teucrium chamaedrys",0.01
"Plot64","f","Stratum-W11-1","W11","Torilis arvensis",0.265
"Plot64","f","Stratum-W11-1","W11","Trifolium angustifolium",0.03125
"Plot65","f","Stratum-W11-1","W11","Aegilops triuncialis",0.05125
"Plot65","f","Stratum-W11-1","W11","Avena sterilis",0.00125
"Plot65","f","Stratum-W11-1","W11","Bromus hordeaceus",0.00125
"Plot65","f","Stratum-W11-1","W11","Centaurea solstitialis",0.27
"Plot65","f","Stratum-W11-1","W11","Cichorium intybus",0.00125
"Plot65","f","Stratum-W11-1","W11","Dactylis glomerata",0.01
"Plot65","f","Stratum-W11-1","W11","Dittrichia viscosa",0.02125
"Plot65","f","Stratum-W11-1","W11","Dorycnium hirsutum",0.02125
"Plot65","f","Stratum-W11-1","W11","Eryngium amethystinum",0.00125
"Plot65","f","Stratum-W11-1","W11","Lactuca serriola",0.00625
"Plot65","f","Stratum-W11-1","W11","Medicago sativa",0.01
"Plot65","f","Stratum-W11-1","W11","Plantago lanceolata",0.03125
"Plot65","f","Stratum-W11-1","W11","Torilis arvensis",0.00125
"Plot65","f","Stratum-W11-1","W11","Trifolium angustifolium",0.005
"Plot66","f","Stratum-W11-1","W11","Aegilops triuncialis",0.02125
"Plot66","f","Stratum-W11-1","W11","Bromus hordeaceus",0.0025
"Plot66","f","Stratum-W11-1","W11","Centaurea solstitialis",0.23375
"Plot66","f","Stratum-W11-1","W11","Cichorium intybus",0.11375
"Plot66","f","Stratum-W11-1","W11","Dactylis glomerata",0.0025
"Plot66","f","Stratum-W11-1","W11","Dittrichia viscosa",0.01
"Plot66","f","Stratum-W11-1","W11","Dorycnium hirsutum",0.09375
"Plot66","f","Stratum-W11-1","W11","Eryngium amethystinum",0.01125
"Plot66","f","Stratum-W11-1","W11","Galium aparine",0.04625
"Plot66","f","Stratum-W11-1","W11","Hypericum perforatum",0.02125
"Plot66","f","Stratum-W11-1","W11","Lotus corniculatus",0.03125
"Plot66","f","Stratum-W11-1","W11","Medicago minima",0.02125
"Plot66","f","Stratum-W11-1","W11","Plantago lanceolata",0.0625
"Plot66","f","Stratum-W11-1","W11","Pterocephalus plumosus",0.01
"Plot66","f","Stratum-W11-1","W11","Rubus sanctus",0.08875
"Plot66","f","Stratum-W11-1","W11","Torilis arvensis",0.052750000000000005
"Plot66","f","Stratum-W11-1","W11","Trifolium angustifolium",0.1775
"Plot66","f","Stratum-W11-1","W11","Trifolium arvense",0.0675
"Plot67","f","Stratum-W11-1","W11","Aegilops triuncialis",0.03125
"Plot67","f","Stratum-W11-1","W11","Anisantha sterilis",0.02
"Plot67","f","Stratum-W11-1","W11","Bromus hordeaceus",0.01
"Plot67","f","Stratum-W11-1","W11","Campanula spatulata",0.01
"Plot67","f","Stratum-W11-1","W11","Centaurea solstitialis",0.14
"Plot67","f","Stratum-W11-1","W11","Cichorium intybus",0.14
"Plot67","f","Stratum-W11-1","W11","Dactylis glomerata",0.03125
"Plot67","f","Stratum-W11-1","W11","Dorycnium hirsutum",0.13625
"Plot67","f","Stratum-W11-1","W11","Eryngium amethystinum",0.01
"Plot67","f","Stratum-W11-1","W11","Hypericum perforatum",0.03125
"Plot67","f","Stratum-W11-1","W11","Medicago sativa",0.005
"Plot67","f","Stratum-W11-1","W11","Plantago lanceolata",0.0675
"Plot67","f","Stratum-W11-1","W11","Pterocephalus plumosus",0.0725
"Plot67","f","Stratum-W11-1","W11","Rubus sanctus",0.35375
"Plot67","f","Stratum-W11-1","W11","Sanguisorba minor",0.0175
"Plot67","f","Stratum-W11-1","W11","Stachys germanica",0.00125
"Plot67","f","Stratum-W11-1","W11","Teucrium chamaedrys",0.00125
"Plot67","f","Stratum-W11-1","W11","Torilis nodosa",0.04125
"Plot67","f","Stratum-W11-1","W11","Trifolium angustifolium",0.11375
"Plot67","f","Stratum-W11-1","W11","Trifolium arvense",0.015
"Plot68","f","Stratum-W11-1","W11","Avena sterilis",0.0027500000000000003
"Plot68","f","Stratum-W11-1","W11","Carex flacca",0.00775
"Plot68","f","Stratum-W11-1","W11","Cistus monspeliensis",0.5
"Plot68","f","Stratum-W11-1","W11","Dactylis glomerata",0.09875
"Plot68","f","Stratum-W11-1","W11","Dittrichia viscosa",0.005
"Plot68","f","Stratum-W11-1","W11","Eryngium campestre",0.00125
"Plot68","f","Stratum-W11-1","W11","Galium aparine",0.005
"Plot68","f","Stratum-W11-1","W11","Phillyrea latifolia",0.00125
"Plot68","f","Stratum-W11-1","W11","Phleum pratense",2.5e-4
"Plot68","f","Stratum-W11-1","W11","Rubus sanctus",0.03125
"Plot68","f","Stratum-W11-1","W11","Trifolium angustifolium",0.105
"Plot68","f","Stratum-W11-1","W11","Trifolium arvense",0.03625
"Plot68","f","Stratum-W11-1","W11","Vicia grandiflora",0.0075
"Plot69","f","Stratum-W11-1","W11","Anthyllis vulneraria",0.02
"Plot69","f","Stratum-W11-1","W11","Avena sterilis",2.5e-4
"Plot69","f","Stratum-W11-1","W11","Centaurea affinis",0.02125
"Plot69","f","Stratum-W11-1","W11","Cistus monspeliensis",0.27
"Plot69","f","Stratum-W11-1","W11","Cynosurus echinatus",0.00125
"Plot69","f","Stratum-W11-1","W11","Dactylis glomerata",0.01
"Plot69","f","Stratum-W11-1","W11","Dittrichia viscosa",0.03125
"Plot69","f","Stratum-W11-1","W11","Galium aparine",0.005
"Plot69","f","Stratum-W11-1","W11","Medicago arabica",0.01
"Plot69","f","Stratum-W11-1","W11","Pinus brutia",2.5e-4
"Plot69","f","Stratum-W11-1","W11","Potentilla recta",0.005
"Plot69","f","Stratum-W11-1","W11","Rubus sanctus",0.14625
"Plot69","f","Stratum-W11-1","W11","Torilis arvensis",0.00125
"Plot69","f","Stratum-W11-1","W11","Trifolium arvense",0.005
"Plot69","f","Stratum-W11-1","W11","Vicia grandiflora",0.01
"Plot70","f","Stratum-W11-1","W11","Anthyllis vulneraria",0.18125
"Plot70","f","Stratum-W11-1","W11","Carex flacca",0.00125
"Plot70","f","Stratum-W11-1","W11","Cistus monspeliensis",0.135
"Plot70","f","Stratum-W11-1","W11","Dactylis glomerata",0.005
"Plot70","f","Stratum-W11-1","W11","Dittrichia viscosa",0.005
"Plot70","f","Stratum-W11-1","W11","Erica arborea",0.16625
"Plot70","f","Stratum-W11-1","W11","Galium aparine",0.03625
"Plot70","f","Stratum-W11-1","W11","Hypericum perforatum",0.01
"Plot70","f","Stratum-W11-1","W11","Linum sp.",0.04625
"Plot70","f","Stratum-W11-1","W11","Pinus brutia",0.0675
"Plot70","f","Stratum-W11-1","W11","Plantago lanceolata",0.00125
"Plot70","f","Stratum-W11-1","W11","Rubus sanctus",0.135
"Plot70","f","Stratum-W11-1","W11","Sanguisorba minor",0.04625
"Plot70","f","Stratum-W11-1","W11","Trifolium arvense",0.00125
"Plot71","f","Stratum-W11-1","W11","Anisantha sterilis",0.01
"Plot71","f","Stratum-W11-1","W11","Anthyllis vulneraria",0.09375
"Plot71","f","Stratum-W11-1","W11","Carex flacca",0.00125
"Plot71","f","Stratum-W11-1","W11","Catapodium rigidum",0.14
"Plot71","f","Stratum-W11-1","W11","Centaurea affinis",0.01
"Plot71","f","Stratum-W11-1","W11","Cistus monspeliensis",0.24375
"Plot71","f","Stratum-W11-1","W11","Cynosurus echinatus",0.00125
"Plot71","f","Stratum-W11-1","W11","Dactylis glomerata",0.0575
"Plot71","f","Stratum-W11-1","W11","Dittrichia viscosa",0.11375
"Plot71","f","Stratum-W11-1","W11","Dorycnium hirsutum",0.0425
"Plot71","f","Stratum-W11-1","W11","Erysimum sp.",0.005
"Plot71","f","Stratum-W11-1","W11","Lotus corniculatus",0.03125
"Plot71","f","Stratum-W11-1","W11","Rubus sanctus",0.04125
"Plot71","f","Stratum-W11-1","W11","Rumex sp.",0.00125
"Plot71","f","Stratum-W11-1","W11","Sanguisorba minor",0.015
"Plot71","f","Stratum-W11-1","W11","Trifolium angustifolium",0.015
"Plot71","f","Stratum-W11-1","W11","Trifolium arvense",0.00625
"Plot72","f","Stratum-W11-1","W11","Anthemis arvensis",0.12
"Plot72","f","Stratum-W11-1","W11","Avena sterilis",5e-4
"Plot72","f","Stratum-W11-1","W11","Carex flacca",0.015
"Plot72","f","Stratum-W11-1","W11","Centaurea affinis",2.5e-4
"Plot72","f","Stratum-W11-1","W11","Cistus monspeliensis",0.625
"Plot72","f","Stratum-W11-1","W11","Dorycnium hirsutum",0.005
"Plot72","f","Stratum-W11-1","W11","Eryngium amethystinum",5e-4
"Plot72","f","Stratum-W11-1","W11","Hypericum perforatum",0.005
"Plot72","f","Stratum-W11-1","W11","Lotus corniculatus",0.005
"Plot72","f","Stratum-W11-1","W11","Rubus sanctus",0.01
"Plot72","f","Stratum-W11-1","W11","Sanguisorba minor",0.005
"Plot72","f","Stratum-W11-1","W11","Teucrium chamaedrys",0.005
"Plot72","f","Stratum-W11-1","W11","Trifolium angustifolium",0.005
"Plot85","f","Stratum-W11-2","W11","Anthoxanthum odoratum",0.36875
"Plot85","f","Stratum-W11-2","W11","Artemisia campestris",0.005
"Plot85","f","Stratum-W11-2","W11","Centaurea affinis",0.04625
"Plot85","f","Stratum-W11-2","W11","Euphorbia sp.",0.02125
"Plot85","f","Stratum-W11-2","W11","Filago pyramidata",0.0925
"Plot85","f","Stratum-W11-2","W11","Holcus lanatus",0.0675
"Plot85","f","Stratum-W11-2","W11","Petroraghia sp.",0.0675
"Plot85","f","Stratum-W11-2","W11","Plantago lanceolata",0.02625
"Plot85","f","Stratum-W11-2","W11","Rubus idaeus",0.02125
"Plot85","f","Stratum-W11-2","W11","Silene italica",0.00125
"Plot85","f","Stratum-W11-2","W11","Torilis arvensis",0.01
"Plot85","f","Stratum-W11-2","W11","Trifolium sp.",0.01
"Plot85","f","Stratum-W11-2","W11","Verbascum sp.",0.0925
"Plot86","f","Stratum-W11-2","W11","Aegilops triuncialis",0.1025
"Plot86","f","Stratum-W11-2","W11","Agrostis castellana",0.04625
"Plot86","f","Stratum-W11-2","W11","Anthoxanthum odoratum",0.12375
"Plot86","f","Stratum-W11-2","W11","Centaurea affinis",0.09375
"Plot86","f","Stratum-W11-2","W11","Cichorium intybus",0.04625
"Plot86","f","Stratum-W11-2","W11","Euphorbia sp.",0.00125
"Plot86","f","Stratum-W11-2","W11","Lactuca viminea",0.005
"Plot86","f","Stratum-W11-2","W11","Melica ciliata",0.005
"Plot86","f","Stratum-W11-2","W11","Ononis spinosa",0.005
"Plot86","f","Stratum-W11-2","W11","Petroraghia sp.",0.01
"Plot86","f","Stratum-W11-2","W11","Plantago lanceolata",0.005
"Plot86","f","Stratum-W11-2","W11","Rubus idaeus",0.005
"Plot86","f","Stratum-W11-2","W11","Sanguisorba minor",0.02125
"Plot86","f","Stratum-W11-2","W11","Trifolium arvense",0.13
"Plot87","f","Stratum-W11-2","W11","Agropyron cristatum",0.005
"Plot87","f","Stratum-W11-2","W11","Avena barbata",0.04625
"Plot87","f","Stratum-W11-2","W11","Dactylis glomerata",0.005
"Plot87","f","Stratum-W11-2","W11","Euphorbia sp.",0.015
"Plot87","f","Stratum-W11-2","W11","Galium aparine",2.5e-4
"Plot87","f","Stratum-W11-2","W11","Hordeum bulbosum",0.01
"Plot87","f","Stratum-W11-2","W11","Lolium perenne",0.01
"Plot87","f","Stratum-W11-2","W11","Medicago sativa",0.30125
"Plot87","f","Stratum-W11-2","W11","Sanguisorba minor",0.06125
"Plot87","f","Stratum-W11-2","W11","Thymus sibthorpii",0.0725
"Plot88","f","Stratum-W11-2","W11","Cynosurus echinatus",0.115
"Plot88","f","Stratum-W11-2","W11","Medicago sativa",0.14375
"Plot88","f","Stratum-W11-2","W11","Melilotus officinalis",0.4375
"Plot88","f","Stratum-W11-2","W11","Rubus idaeus",0.0175
"Plot88","f","Stratum-W11-2","W11","Sanguisorba minor",0.02
"Plot88","f","Stratum-W11-2","W11","Trifolium angustifolium",0.015
"Plot88","f","Stratum-W11-2","W11","Trifolium arvense",0.07375
"Plot89","f","Stratum-W11-2","W11","Alyssum sp.",0.00125
"Plot89","f","Stratum-W11-2","W11","Anthemis arvensis",0.03
"Plot89","f","Stratum-W11-2","W11","Anthemis cotula",0.0215
"Plot89","f","Stratum-W11-2","W11","Crepis sancta",2.5e-4
"Plot89","f","Stratum-W11-2","W11","Erodium absinthoides",2.5e-4
"Plot89","f","Stratum-W11-2","W11","Festuca heterophylla",0.01
"Plot89","f","Stratum-W11-2","W11","Festuca valesiaca",0.04625
"Plot89","f","Stratum-W11-2","W11","Geranium lucidum",2.5e-4
"Plot89","f","Stratum-W11-2","W11","Lathyrus pratensis",0.0075
"Plot89","f","Stratum-W11-2","W11","Lolium perenne",2.5e-4
"Plot89","f","Stratum-W11-2","W11","Medicago minima",0.05
"Plot89","f","Stratum-W11-2","W11","Medicago sativa",0.02175
"Plot89","f","Stratum-W11-2","W11","Plantago lanceolata",0.04775
"Plot89","f","Stratum-W11-2","W11","Ptilostemon strictus",0.03
"Plot89","f","Stratum-W11-2","W11","Rubus idaeus",0.00875
"Plot89","f","Stratum-W11-2","W11","Sonchus arvensis",0.05
"Plot89","f","Stratum-W11-2","W11","Trifolium repens",0.06775
"Plot89","f","Stratum-W11-2","W11","Trifolium sp.",2.5e-4
"Plot89","f","Stratum-W11-2","W11","Vicia hirsuta",0.0055000000000000005
"Plot89","f","Stratum-W11-2","W11","Xanthium strumarium",0.04625
"Plot90","f","Stratum-W11-2","W11","Alyssum sp.",0.005
"Plot90","f","Stratum-W11-2","W11","Anisantha sterilis",0.0015
"Plot90","f","Stratum-W11-2","W11","Anthemis arvensis",0.00125
"Plot90","f","Stratum-W11-2","W11","Clematis vitalba",0.01
"Plot90","f","Stratum-W11-2","W11","Crepis sancta",0.00875
"Plot90","f","Stratum-W11-2","W11","Erodium cicutarium",0.01
"Plot90","f","Stratum-W11-2","W11","Galium aparine",0.00125
"Plot90","f","Stratum-W11-2","W11","Medicago minima",0.0225
"Plot90","f","Stratum-W11-2","W11","Medicago sativa",0.00125
"Plot90","f","Stratum-W11-2","W11","Plantago lanceolata",0.0675
"Plot90","f","Stratum-W11-2","W11","Ptilostemon strictus",0.00125
"Plot90","f","Stratum-W11-2","W11","Rubus canescens",0.39625
"Plot90","f","Stratum-W11-2","W11","Sanguisorba minor",0.00125
"Plot90","f","Stratum-W11-2","W11","Sonchus arvensis",0.0475
"Plot90","f","Stratum-W11-2","W11","Trifolium angustifolium",0.05125
"Plot90","f","Stratum-W11-2","W11","Trifolium arvense",0.0675
"Plot90","f","Stratum-W11-2","W11","Trifolium striatum",0.0475
"Plot90","f","Stratum-W11-2","W11","Veronica sp.",2.5e-4
"Plot90","f","Stratum-W11-2","W11","Vicia hirsuta",0.02375
"Plot90","f","Stratum-W11-2","W11","Viola alba",2.5e-4
"Plot91","f","Stratum-W11-2","W11","Aegilops triuncialis",0.205
"Plot91","f","Stratum-W11-2","W11","Allium sp.",0.00125
"Plot91","f","Stratum-W11-2","W11","Alyssum sp.",0.00125
"Plot91","f","Stratum-W11-2","W11","Anchusa sp.",0.00125
"Plot91","f","Stratum-W11-2","W11","Anisantha sterilis",0.02125
"Plot91","f","Stratum-W11-2","W11","Avena sterilis",0.04625
"Plot91","f","Stratum-W11-2","W11","Carex hirta",0.0475
"Plot91","f","Stratum-W11-2","W11","Convolvulus arvensis",0.00125
"Plot91","f","Stratum-W11-2","W11","Crepis setosa",0.00125
"Plot91","f","Stratum-W11-2","W11","Cynosurus echinatus",0.00125
"Plot91","f","Stratum-W11-2","W11","Dasypyrum villosum",0.005
"Plot91","f","Stratum-W11-2","W11","Geranium brutium",0.00125
"Plot91","f","Stratum-W11-2","W11","Geranium lucidum",0.00125
"Plot91","f","Stratum-W11-2","W11","Geranium robertianum",0.00125
"Plot91","f","Stratum-W11-2","W11","Holcus lanatus",0.02125
"Plot91","f","Stratum-W11-2","W11","Knautia arvensis",0.1575
"Plot91","f","Stratum-W11-2","W11","Lactuca viminea",0.00125
"Plot91","f","Stratum-W11-2","W11","Lolium perenne",0.0025
"Plot91","f","Stratum-W11-2","W11","Lychnis coronaria",0.00125
"Plot91","f","Stratum-W11-2","W11","Malva sylvestris",0.0075
"Plot91","f","Stratum-W11-2","W11","Medicago minima",0.03125
"Plot91","f","Stratum-W11-2","W11","Medicago sativa",0.04625
"Plot91","f","Stratum-W11-2","W11","Onobrychis saxitalis",0.15625
"Plot91","f","Stratum-W11-2","W11","Orlaya grandiflora",0.00125
"Plot91","f","Stratum-W11-2","W11","Orobanche sp.",0.00125
"Plot91","f","Stratum-W11-2","W11","Paliurus spina-christi",0.005
"Plot91","f","Stratum-W11-2","W11","Phleum pratense",0.00125
"Plot91","f","Stratum-W11-2","W11","Rubus idaeus",0.09875
"Plot91","f","Stratum-W11-2","W11","Scolymus hispanicus",0.00125
"Plot91","f","Stratum-W11-2","W11","Seradria arvensis",0.00125
"Plot91","f","Stratum-W11-2","W11","Sonchus arvensis",0.00125
"Plot91","f","Stratum-W11-2","W11","Tragopogon porrifolius",0.015
"Plot91","f","Stratum-W11-2","W11","Trifolium sp.",0.04625
"Plot91","f","Stratum-W11-2","W11","Vicia hirsuta",0.02
"Plot91","f","Stratum-W11-2","W11","Viola alba",0.00125
"Plot92","f","Stratum-W11-2","W11","Coronilla scorpioides",0.00125
"Plot92","f","Stratum-W11-2","W11","Dorycnium hirsutum",0.02125
"Plot92","f","Stratum-W11-2","W11","Festuca heterophylla",0.01125
"Plot92","f","Stratum-W11-2","W11","Medicago sativa",0.07625
"Plot92","f","Stratum-W11-2","W11","Melilotus officinalis",0.02
"Plot92","f","Stratum-W11-2","W11","Onobrychis saxitalis",0.0525
"Plot92","f","Stratum-W11-2","W11","Sanguisorba minor",0.2075
"Plot92","f","Stratum-W11-2","W11","Torilis arvensis",0.095
"Plot93","f","Stratum-W11-2","W11","Anisantha sterilis",0.3175
"Plot93","f","Stratum-W11-2","W11","Anthemis arvensis",0.0475
"Plot93","f","Stratum-W11-2","W11","Avena sterilis",0.03125
"Plot93","f","Stratum-W11-2","W11","Briza media",0.0025
"Plot93","f","Stratum-W11-2","W11","Crepis pulchra",0.02125
"Plot93","f","Stratum-W11-2","W11","Cynosurus echinatus",0.01
"Plot93","f","Stratum-W11-2","W11","Erigeron bonariensis",0.105
"Plot93","f","Stratum-W11-2","W11","Galium verum",0.01125
"Plot93","f","Stratum-W11-2","W11","Medicago minima",0.05125
"Plot93","f","Stratum-W11-2","W11","Medicago sativa",0.01
"Plot93","f","Stratum-W11-2","W11","Orlaya grandiflora",0.0475
"Plot93","f","Stratum-W11-2","W11","Torilis arvensis",0.01
"Plot93","f","Stratum-W11-2","W11","Trifolium angustifolium",0.015
"Plot93","f","Stratum-W11-2","W11","Trifolium nigrescens",0.01125
"Plot93","f","Stratum-W11-2","W11","Trifolium sp.",0.24875
"Plot93","f","Stratum-W11-2","W11","Trifolium striatum",0.10375
"Plot93","f","Stratum-W11-2","W11","Vicia hirsuta",0.0525
"Plot94","f","Stratum-W11-2","W11","Achillea clypeolata",0.09375
"Plot94","f","Stratum-W11-2","W11","Anisantha sterilis",0.1225
"Plot94","f","Stratum-W11-2","W11","Astragalus glycyphyllos",0.04625
"Plot94","f","Stratum-W11-2","W11","Cichorium intybus",0.04625
"Plot94","f","Stratum-W11-2","W11","Cota tinctoria subsp. tinctoria",0.11
"Plot94","f","Stratum-W11-2","W11","Crepis sancta",0.00125
"Plot94","f","Stratum-W11-2","W11","Cynoglossum sp.",0.00125
"Plot94","f","Stratum-W11-2","W11","Cynosurus echinatus",0.00125
"Plot94","f","Stratum-W11-2","W11","Dactylis glomerata",0.04625
"Plot94","f","Stratum-W11-2","W11","Dorycnium herbaceum",0.0075
"Plot94","f","Stratum-W11-2","W11","Erigeron canadensis",0.00125
"Plot94","f","Stratum-W11-2","W11","Galium aparine",0.05375
"Plot94","f","Stratum-W11-2","W11","Galium verum",0.00125
"Plot94","f","Stratum-W11-2","W11","Herniaria hirsuta",0.04625
"Plot94","f","Stratum-W11-2","W11","Hypericum perforatum",0.03625
"Plot94","f","Stratum-W11-2","W11","Lactuca viminea",0.00125
"Plot94","f","Stratum-W11-2","W11","Lathyrus pratensis",0.00125
"Plot94","f","Stratum-W11-2","W11","Orlaya daucoides",0.00125
"Plot94","f","Stratum-W11-2","W11","Phleum pratense",0.00125
"Plot94","f","Stratum-W11-2","W11","Piptatherum miliaceum",0.0075
"Plot94","f","Stratum-W11-2","W11","Rubus canescens",0.04625
"Plot94","f","Stratum-W11-2","W11","Rumex acetosella",0.0625
"Plot94","f","Stratum-W11-2","W11","Sanguisorba minor",0.0075
"Plot94","f","Stratum-W11-2","W11","Sonchus arvensis",0.04625
"Plot94","f","Stratum-W11-2","W11","Taraxacum officinale group",0.02125
"Plot94","f","Stratum-W11-2","W11","Trifolium arvense",0.1025
"Plot94","f","Stratum-W11-2","W11","Trifolium repens",0.0025
"Plot94","f","Stratum-W11-2","W11","Vicia hybrida",0.00125
"Plot95","f","Stratum-W11-2","W11","Anisantha sterilis",0.0075
"Plot95","f","Stratum-W11-2","W11","Astragalus glycyphyllos",0.48375
"Plot95","f","Stratum-W11-2","W11","Carex divulsa",0.00125
"Plot95","f","Stratum-W11-2","W11","Dactylis glomerata",0.04625
"Plot95","f","Stratum-W11-2","W11","Dasypyrum villosum",0.00125
"Plot95","f","Stratum-W11-2","W11","Daucus guttatus",0.0075
"Plot95","f","Stratum-W11-2","W11","Dorycnium herbaceum",0.00125
"Plot95","f","Stratum-W11-2","W11","Erigeron bonariensis",0.00875
"Plot95","f","Stratum-W11-2","W11","Galium aparine",0.00125
"Plot95","f","Stratum-W11-2","W11","Geranium rotundifolium",0.00125
"Plot95","f","Stratum-W11-2","W11","Hordeum murinum",0.0075
"Plot95","f","Stratum-W11-2","W11","Hypericum perforatum",0.00125
"Plot95","f","Stratum-W11-2","W11","Lolium perenne",0.0075
"Plot95","f","Stratum-W11-2","W11","Petrorhagia dubia",0.0075
"Plot95","f","Stratum-W11-2","W11","Phleum pratense",0.0075
"Plot95","f","Stratum-W11-2","W11","Rubus canescens",0.16375
"Plot95","f","Stratum-W11-2","W11","Rumex acetosella",0.04625
"Plot95","f","Stratum-W11-2","W11","Silene vulgaris",0.0075
"Plot95","f","Stratum-W11-2","W11","Sonchus arvensis",0.00125
"Plot95","f","Stratum-W11-2","W11","Torilis arvensis",0.00125
"Plot95","f","Stratum-W11-2","W11","Trifolium arvense",0.06875
"Plot95","f","Stratum-W11-2","W11","Trifolium pratense",0.00125
"Plot96","f","Stratum-W11-2","W11","Achillea millefolium",0.04625
"Plot96","f","Stratum-W11-2","W11","Aira elegans",0.0075
"Plot96","f","Stratum-W11-2","W11","Anthemis arvensis",0.00125
"Plot96","f","Stratum-W11-2","W11","Avena sterilis",0.00125
"Plot96","f","Stratum-W11-2","W11","Bromus hordeaceus",0.0075
"Plot96","f","Stratum-W11-2","W11","Centaurea sp.",0.0075
"Plot96","f","Stratum-W11-2","W11","Cerastium semidecandrum",0.00125
"Plot96","f","Stratum-W11-2","W11","Dactylis glomerata",0.04625
"Plot96","f","Stratum-W11-2","W11","Filago arvensis",0.00125
"Plot96","f","Stratum-W11-2","W11","Herniaria glabra",0.00125
"Plot96","f","Stratum-W11-2","W11","Hypericum olympicum",0.0675
"Plot96","f","Stratum-W11-2","W11","Hypericum perforatum",0.00875
"Plot96","f","Stratum-W11-2","W11","Hypochaeris radicata",0.00125
"Plot96","f","Stratum-W11-2","W11","Medicago minima",0.00125
"Plot96","f","Stratum-W11-2","W11","Ornithopus compressus",0.0075
"Plot96","f","Stratum-W11-2","W11","Petrorhagia dubia",0.03
"Plot96","f","Stratum-W11-2","W11","Phlomis samia",0.00125
"Plot96","f","Stratum-W11-2","W11","Rubus canescens",0.04625
"Plot96","f","Stratum-W11-2","W11","Sanguisorba minor",0.00875
"Plot96","f","Stratum-W11-2","W11","Taeniatherum caput-medusae",0.09375
"Plot96","f","Stratum-W11-2","W11","Teucrium capitatum",0.00125
"Plot96","f","Stratum-W11-2","W11","Thymus sibthorpii",0.0075
"Plot96","f","Stratum-W11-2","W11","Trifolium angustifolium",0.1575
"Plot96","f","Stratum-W11-2","W11","Trifolium arvense",0.075
"Plot96","f","Stratum-W11-2","W11","Trifolium campestre",0.015
"Plot96","f","Stratum-W11-2","W11","Trifolium hirtum",0.12125
"Plot96","f","Stratum-W11-2","W11","Trifolium striatum",0.00875
"PlotBm1","b","W21","W21","Aegilops triuncialis",0.00125
"PlotBm1","b","W21","W21","Aira elegans",0.00125
"PlotBm1","b","W21","W21","Anthemis arvensis",0.00125
"PlotBm1","b","W21","W21","Avena sterilis",0.00375
"PlotBm1","b","W21","W21","Ballota acetabulosa",0.00125
"PlotBm1","b","W21","W21","Brachypodium retusum",0.0025
"PlotBm1","b","W21","W21","Bromus hordeaceus",0.0025
"PlotBm1","b","W21","W21","Bromus sterilis",0.0025
"PlotBm1","b","W21","W21","Cerastium brachypetalum",0.00125
"PlotBm1","b","W21","W21","Cistus monspeliensis",0.75
"PlotBm1","b","W21","W21","Crepis sancta",0.00125
"PlotBm1","b","W21","W21","Cynosurus echinatus",0.00125
"PlotBm1","b","W21","W21","Dactylis glomerata",0.00375
"PlotBm1","b","W21","W21","Dittrichia viscosa",0.3125
"PlotBm1","b","W21","W21","Erica manipuliflora",0.0075
"PlotBm1","b","W21","W21","Geranium brutium",0.00125
"PlotBm1","b","W21","W21","Lagurus ovatus",0.00375
"PlotBm1","b","W21","W21","Medicago minima",0.0025
"PlotBm1","b","W21","W21","Micromeria juliana",0.0075
"PlotBm1","b","W21","W21","Orlaya daucoides",0.00125
"PlotBm1","b","W21","W21","Piptatherum miliaceum",0.00875
"PlotBm1","b","W21","W21","Pistacia lentiscus",0.02875
"PlotBm1","b","W21","W21","Poa bulbosa",0.00125
"PlotBm1","b","W21","W21","Taeniatherum caput-medusae",0.00125
"PlotBm1","b","W21","W21","Torilis arvensis",0.00125
"PlotBm1","b","W21","W21","Trifolium angustifolium",0.005
"PlotBm1","b","W21","W21","Trifolium campestre",0.0025
"PlotBm1","b","W21","W21","Trifolium scabrum",0.00375
"PlotBm10","b","W21","W21","Aegilops triuncialis",0.00125
"PlotBm10","b","W21","W21","Anthemis arvensis",0.00125
"PlotBm10","b","W21","W21","Anthoxanthum odoratum",0.00125
"PlotBm10","b","W21","W21","Avena sterilis",0.0025
"PlotBm10","b","W21","W21","Ballota acetabulosa",0.00125
"PlotBm10","b","W21","W21","Brachypodium retusum",0.0025
"PlotBm10","b","W21","W21","Briza maxima",0.00125
"PlotBm10","b","W21","W21","Bromus squarrosus",0.00125
"PlotBm10","b","W21","W21","Cistus monspeliensis",0.4375
"PlotBm10","b","W21","W21","Cynosurus echinatus",0.00125
"PlotBm10","b","W21","W21","Dactylis glomerata",0.00375
"PlotBm10","b","W21","W21","Erica manipuliflora",0.09375
"PlotBm10","b","W21","W21","Lagurus ovatus",0.0025
"PlotBm10","b","W21","W21","Lolium rigidum",0.0075
"PlotBm10","b","W21","W21","Ornithopus compressus",0.00125
"PlotBm10","b","W21","W21","Plantago lanceolata",0.00125
"PlotBm10","b","W21","W21","Poa bulbosa",0.00125
"PlotBm10","b","W21","W21","Quercus coccifera",0.5625
"PlotBm10","b","W21","W21","Sherardia arvensis",0.00125
"PlotBm10","b","W21","W21","Trifolium angustifolium",0.00125
"PlotBm10","b","W21","W21","Trifolium arvense",0.00375
"PlotBm10","b","W21","W21","Trifolium campestre",0.00125
"PlotBm10","b","W21","W21","Trifolium scabrum",0.00375
"PlotBm10","b","W21","W21","Tuberaria guttata",0.0025
"PlotBm10","b","W21","W21","Vicia tetrasperma",0.00125
"PlotBm100","b","W17","W17","Achillea millefolium",0.005
"PlotBm100","b","W17","W17","Anthoxanthum odoratum",0.02125
"PlotBm100","b","W17","W17","Brachypodium sylvaticum",0.4375
"PlotBm100","b","W17","W17","Carex flacca",0.125
"PlotBm100","b","W17","W17","Carpinus orientalis",0.0975
"PlotBm100","b","W17","W17","Cynosurus cristatus",0.0475
"PlotBm100","b","W17","W17","Fraxinus ornus",0.005
"PlotBm100","b","W17","W17","Galium aparine",0.03125
"PlotBm100","b","W17","W17","Holcus lanatus",0.0975
"PlotBm100","b","W17","W17","Lonicera etrusca",0.005
"PlotBm100","b","W17","W17","Lysimachia nummularia",0.005
"PlotBm100","b","W17","W17","Melilotus sp.",0.02125
"PlotBm100","b","W17","W17","Mentha longifolia",0.005
"PlotBm100","b","W17","W17","Ononis spinosa",0.04625
"PlotBm100","b","W17","W17","Phleum pratense",0.005
"PlotBm100","b","W17","W17","Plantago major",0.005
"PlotBm100","b","W17","W17","Poa bulbosa",0.23375
"PlotBm100","b","W17","W17","Potentilla recta",0.0275
"PlotBm100","b","W17","W17","Prunella vulgaris",0.005
"PlotBm100","b","W17","W17","Quercus pubescens",0.375
"PlotBm100","b","W17","W17","Sanguisorba minor",0.005
"PlotBm100","b","W17","W17","Teucrium capitatum",0.02125
"PlotBm100","b","W17","W17","Teucrium chamaedrys",0.02125
"PlotBm100","b","W17","W17","Verbena officinalis",0.005
"PlotBm100","b","W17","W17","Veronica chamaedrys",0.01
"PlotBm100","b","W17","W17","Viola sp.",0.00125
"PlotBm100","b","W17","W17","Xeranthemum cylindraceum",0.0725
"PlotBm101","b","W17","W17","Achillea millefolium",0.09375
"PlotBm101","b","W17","W17","Agrimonia procera",0.02125
"PlotBm101","b","W17","W17","Brachypodium sylvaticum",0.115
"PlotBm101","b","W17","W17","Bromus sterilis",0.11375
"PlotBm101","b","W17","W17","Carex flacca",0.0975
"PlotBm101","b","W17","W17","Carpinus orientalis",0.11875
"PlotBm101","b","W17","W17","Cornus sanguinea",0.015
"PlotBm101","b","W17","W17","Crataegus monogyna",0.09375
"PlotBm101","b","W17","W17","Cynosurus echinatus",0.04625
"PlotBm101","b","W17","W17","Dactylis glomerata",0.04625
"PlotBm101","b","W17","W17","Fragaria vesca",0.02625
"PlotBm101","b","W17","W17","Hedera helix",0.005
"PlotBm101","b","W17","W17","Juniperus oxycedrus",0.0925
"PlotBm101","b","W17","W17","Ligustrum vulgare",0.02125
"PlotBm101","b","W17","W17","Lolium rigidum",0.01
"PlotBm101","b","W17","W17","Melilotus sp.",0.005
"PlotBm101","b","W17","W17","Paliurus spina-christi",0.01
"PlotBm101","b","W17","W17","Quercus pubescens",0.185
"PlotBm101","b","W17","W17","Ramnus sp.",0.16125
"PlotBm101","b","W17","W17","Rosa sp.",0.09375
"PlotBm101","b","W17","W17","Veronica chamaedrys",0.01
"PlotBm101","b","W17","W17","Viola sp.",0.01
"PlotBm102","b","W17","W17","Achillea millefolium",0.12375
"PlotBm102","b","W17","W17","Anthoxanthum odoratum",0.01
"PlotBm102","b","W17","W17","Brachypodium sylvaticum",0.06125
"PlotBm102","b","W17","W17","Calamagrostis arundinacea",0.03125
"PlotBm102","b","W17","W17","Carex flacca",0.11875
"PlotBm102","b","W17","W17","Carpinus orientalis",0.01
"PlotBm102","b","W17","W17","Chrysopogon gryllus",0.04625
"PlotBm102","b","W17","W17","Dactylis glomerata",0.03625
"PlotBm102","b","W17","W17","Eryngium campestre",0.005
"PlotBm102","b","W17","W17","Fragaria vesca",0.005
"PlotBm102","b","W17","W17","Fraxinus ornus",0.00125
"PlotBm102","b","W17","W17","Hedera helix",0.005
"PlotBm102","b","W17","W17","Juniperus oxycedrus",0.04625
"PlotBm102","b","W17","W17","Lolium rigidum",0.01
"PlotBm102","b","W17","W17","Origanum vulgare",0.005
"PlotBm102","b","W17","W17","Plantago major",0.06125
"PlotBm102","b","W17","W17","Quercus pubescens",0.04
"PlotBm102","b","W17","W17","Ramnus sp.",0.005
"PlotBm102","b","W17","W17","Rumex sp.",0.005
"PlotBm102","b","W17","W17","Sanguisorba minor",0.04625
"PlotBm102","b","W17","W17","Teucrium chamaedrys",0.05125
"PlotBm102","b","W17","W17","Thymus sibthorpii",0.09375
"PlotBm102","b","W17","W17","Trifolium angustifolium",0.02125
"PlotBm102","b","W17","W17","Trifolium campestre",0.25
"PlotBm102","b","W17","W17","Trifolium fragiferum",0.04625
"PlotBm102","b","W17","W17","Ulmus minor",0.04625
"PlotBm102","b","W17","W17","Vicia sp.",0.02125
"PlotBm102","b","W17","W17","Viola sp.",0.005
"PlotBm103","b","W17","W17","Achillea millefolium",0.0925
"PlotBm103","b","W17","W17","Aegonychon purpurocaeruleum",0.005
"PlotBm103","b","W17","W17","Brachypodium sylvaticum",0.1025
"PlotBm103","b","W17","W17","Calamagrostis arundinacea",0.14
"PlotBm103","b","W17","W17","Carex flacca",0.0925
"PlotBm103","b","W17","W17","Carpinus orientalis",0.1275
"PlotBm103","b","W17","W17","Chrysopogon gryllus",0.09375
"PlotBm103","b","W17","W17","Cornus sanguinea",0.005
"PlotBm103","b","W17","W17","Dactylis glomerata",0.005
"PlotBm103","b","W17","W17","Fragaria vesca",0.03125
"PlotBm103","b","W17","W17","Juniperus oxycedrus",0.375
"PlotBm103","b","W17","W17","Medicago minima",0.02125
"PlotBm103","b","W17","W17","Plantago major",0.02125
"PlotBm103","b","W17","W17","Prunella vulgaris",0.01
"PlotBm103","b","W17","W17","Quercus pubescens",0.375
"PlotBm103","b","W17","W17","Ruscus aculeatus",0.005
"PlotBm103","b","W17","W17","Teucrium chamaedrys",0.115
"PlotBm103","b","W17","W17","Trifolium campestre",0.0925
"PlotBm103","b","W17","W17","Trifolium fragiferum",0.04625
"PlotBm103","b","W17","W17","Veronica chamaedrys",0.005
"PlotBm103","b","W17","W17","Viola sp.",0.03125
"PlotBm104","b","W17","W17","Achillea millefolium",0.0425
"PlotBm104","b","W17","W17","Aegilops geniculata",0.015
"PlotBm104","b","W17","W17","Brachypodium sylvaticum",0.255
"PlotBm104","b","W17","W17","Calamagrostis arundinacea",0.29625
"PlotBm104","b","W17","W17","Carex flacca",0.135
"PlotBm104","b","W17","W17","Carpinus orientalis",0.02
"PlotBm104","b","W17","W17","Chrysopogon gryllus",0.03125
"PlotBm104","b","W17","W17","Cornus sanguinea",0.02125
"PlotBm104","b","W17","W17","Cynosurus echinatus",0.03125
"PlotBm104","b","W17","W17","Dactylis glomerata",0.06125
"PlotBm104","b","W17","W17","Fragaria vesca",0.02125
"PlotBm104","b","W17","W17","Galium aparine",0.02125
"PlotBm104","b","W17","W17","Hypericum perforatum",0.005
"PlotBm104","b","W17","W17","Lactuca muralis",0.005
"PlotBm104","b","W17","W17","Lolium rigidum",0.005
"PlotBm104","b","W17","W17","Lysimachia nummularia",0.01
"PlotBm104","b","W17","W17","Melilotus sp.",0.04625
"PlotBm104","b","W17","W17","Plantago major",0.015
"PlotBm104","b","W17","W17","Poa bulbosa",0.0675
"PlotBm104","b","W17","W17","Potentilla argentea",0.02125
"PlotBm104","b","W17","W17","Quercus pubescens",0.085
"PlotBm104","b","W17","W17","Rosa sp.",0.02125
"PlotBm104","b","W17","W17","Ruscus aculeatus",0.02125
"PlotBm104","b","W17","W17","Silene conica",0.005
"PlotBm104","b","W17","W17","Teucrium chamaedrys",0.03625
"PlotBm104","b","W17","W17","Thymus sibthorpii",0.02125
"PlotBm104","b","W17","W17","Trifolium angustifolium",0.0425
"PlotBm104","b","W17","W17","Trifolium fragiferum",0.04625
"PlotBm104","b","W17","W17","Veronica chamaedrys",0.005
"PlotBm104","b","W17","W17","Viola sp.",0.02
"PlotBm105","b","W17","W17","Achillea millefolium",0.0525
"PlotBm105","b","W17","W17","Aegilops geniculata",0.00125
"PlotBm105","b","W17","W17","Brachypodium sylvaticum",0.11375
"PlotBm105","b","W17","W17","Bromus sterilis",0.005
"PlotBm105","b","W17","W17","Calamagrostis arundinacea",0.05625
"PlotBm105","b","W17","W17","Carex flacca",0.145
"PlotBm105","b","W17","W17","Carpinus orientalis",0.0675
"PlotBm105","b","W17","W17","Chrysopogon gryllus",0.005
"PlotBm105","b","W17","W17","Crepis sancta",0.02125
"PlotBm105","b","W17","W17","Cynosurus echinatus",0.02
"PlotBm105","b","W17","W17","Dactylis glomerata",0.02625
"PlotBm105","b","W17","W17","Fragaria vesca",0.01
"PlotBm105","b","W17","W17","Juniperus oxycedrus",0.00125
"PlotBm105","b","W17","W17","Lolium rigidum",0.04625
"PlotBm105","b","W17","W17","Medicago sp.",0.005
"PlotBm105","b","W17","W17","Petrorhagia dubia",0.02125
"PlotBm105","b","W17","W17","Poa bulbosa",0.015
"PlotBm105","b","W17","W17","Quercus pubescens",0.185
"PlotBm105","b","W17","W17","Ruscus aculeatus",0.02125
"PlotBm105","b","W17","W17","Stachys germanica",0.05125
"PlotBm105","b","W17","W17","Teucrium chamaedrys",0.03125
"PlotBm105","b","W17","W17","Trifolium angustifolium",0.005
"PlotBm105","b","W17","W17","Trifolium campestre",0.115
"PlotBm105","b","W17","W17","Trifolium fragiferum",0.10375
"PlotBm105","b","W17","W17","Veronica chamaedrys",0.01
"PlotBm105","b","W17","W17","Vicia sp.",0.005
"PlotBm105","b","W17","W17","Viola sp.",0.01
"PlotBm106","b","W17","W17","Brachypodium sylvaticum",0.10375
"PlotBm106","b","W17","W17","Bromus sterilis",0.02125
"PlotBm106","b","W17","W17","Calamagrostis arundinacea",0.0925
"PlotBm106","b","W17","W17","Carex flacca",0.11375
"PlotBm106","b","W17","W17","Carpinus orientalis",0.06125
"PlotBm106","b","W17","W17","Chrysopogon gryllus",0.14125
"PlotBm106","b","W17","W17","Cynosurus echinatus",0.01
"PlotBm106","b","W17","W17","Galium aparine",0.04625
"PlotBm106","b","W17","W17","Hieracium sp.",0.04625
"PlotBm106","b","W17","W17","Juniperus communis",0.01125
"PlotBm106","b","W17","W17","Melilotus sp.",0.01
"PlotBm106","b","W17","W17","Plantago major",0.02625
"PlotBm106","b","W17","W17","Poa bulbosa",0.01
"PlotBm106","b","W17","W17","Quercus pubescens",0.085
"PlotBm106","b","W17","W17","Teucrium capitatum",0.08875
"PlotBm106","b","W17","W17","Teucrium chamaedrys",0.0775
"PlotBm106","b","W17","W17","Thymus sibthorpii",0.28
"PlotBm106","b","W17","W17","Trifolium campestre",0.005
"PlotBm106","b","W17","W17","Viola sp.",0.005
"PlotBm107","b","W17","W17","Achillea setacea",0.02125
"PlotBm107","b","W17","W17","Aegilops geniculata",0.02125
"PlotBm107","b","W17","W17","Anthemis tinctoria subsp. tinctoria",0.005
"PlotBm107","b","W17","W17","Asparagus acutifolius",0.015
"PlotBm107","b","W17","W17","Bromus squarrosus",0.01
"PlotBm107","b","W17","W17","Carex sylvatica",0.25
"PlotBm107","b","W17","W17","Cruciata laevipes",0.02125
"PlotBm107","b","W17","W17","Cynosurus cristatus",0.005
"PlotBm107","b","W17","W17","Dactylis glomerata",0.06125
"PlotBm107","b","W17","W17","Dianthus armeria",0.00125
"PlotBm107","b","W17","W17","Eryngium campestre",0.015
"PlotBm107","b","W17","W17","Festuca sp.",0.02
"PlotBm107","b","W17","W17","Festuca valesiaca",0.23375
"PlotBm107","b","W17","W17","Fragaria vesca",0.115
"PlotBm107","b","W17","W17","Galium sp.",0.05625
"PlotBm107","b","W17","W17","Galium verum",0.02125
"PlotBm107","b","W17","W17","Geum urbanum",0.01
"PlotBm107","b","W17","W17","Helianthemum nummularium",0.01
"PlotBm107","b","W17","W17","Helleborus odorus subsp. cyclophyllus",0.04625
"PlotBm107","b","W17","W17","Hordeum bulbosum",0.01
"PlotBm107","b","W17","W17","Lathyrus laxiflorus",0.01
"PlotBm107","b","W17","W17","Lathyrus saxatilis",0.02
"PlotBm107","b","W17","W17","Medicago sativa subsp. falcata",0.02125
"PlotBm107","b","W17","W17","Nigella arvensis",0.01
"PlotBm107","b","W17","W17","Papaver dubium",0.0025
"PlotBm107","b","W17","W17","Potentilla recta",0.01625
"PlotBm107","b","W17","W17","Prunella sp.",0.00125
"PlotBm107","b","W17","W17","Quercus pubescens",0.02
"PlotBm107","b","W17","W17","Rosa sp.",0.05125
"PlotBm107","b","W17","W17","Salvia virgata",0.015
"PlotBm107","b","W17","W17","Scabiosa atropurpurea",0.005
"PlotBm107","b","W17","W17","Silene italica",0.005
"PlotBm107","b","W17","W17","Silene sp.",0.005
"PlotBm107","b","W17","W17","Thymus longicaulis",0.0925
"PlotBm107","b","W17","W17","Torilis arvensis",0.005
"PlotBm107","b","W17","W17","Trifolium campestre",0.02125
"PlotBm107","b","W17","W17","Trifolium pratense",0.005
"PlotBm107","b","W17","W17","Vicia hybrida",0.005
"PlotBm107","b","W17","W17","Vicia sepium",0.01
"PlotBm107","b","W17","W17","Vicia sp.",0.005
"PlotBm107","b","W17","W17","Viola sp.",0.015
"PlotBm107","b","W17","W17","Xeranthemum cylindraceum",0.0675
"PlotBm108","b","W17","W17","Achillea setacea",0.01
"PlotBm108","b","W17","W17","Aegilops geniculata",0.005
"PlotBm108","b","W17","W17","Anthoxanthum odoratum",0.04625
"PlotBm108","b","W17","W17","Asparagus acutifolius",0.01
"PlotBm108","b","W17","W17","Briza minor",0.01
"PlotBm108","b","W17","W17","Carex flacca",0.02125
"PlotBm108","b","W17","W17","Cerastium sp.",0.015
"PlotBm108","b","W17","W17","Crepis sancta",0.005
"PlotBm108","b","W17","W17","Crupina crupinastrum",0.005
"PlotBm108","b","W17","W17","Cynosurus cristatus",0.01
"PlotBm108","b","W17","W17","Cynosurus echinatus",0.005
"PlotBm108","b","W17","W17","Dactylis glomerata",0.03
"PlotBm108","b","W17","W17","Eryngium campestre",0.015
"PlotBm108","b","W17","W17","Festuca sp.",0.01
"PlotBm108","b","W17","W17","Festuca valesiaca",0.375
"PlotBm108","b","W17","W17","Fragaria vesca",0.01
"PlotBm108","b","W17","W17","Galium verum",0.11375
"PlotBm108","b","W17","W17","Geranium rotundifolium",0.02125
"PlotBm108","b","W17","W17","Helleborus odorus subsp. cyclophyllus",0.01
"PlotBm108","b","W17","W17","Hieracium sp.",0.04625
"PlotBm108","b","W17","W17","Lathyrus saxatilis",0.015
"PlotBm108","b","W17","W17","Lolium rigidum",0.02125
"PlotBm108","b","W17","W17","Medicago minima",0.0675
"PlotBm108","b","W17","W17","Ornithogalum sp.",0.00125
"PlotBm108","b","W17","W17","Phleum pratense",0.01
"PlotBm108","b","W17","W17","Pilosella officinarum",0.01
"PlotBm108","b","W17","W17","Potentilla recta",0.03625
"PlotBm108","b","W17","W17","Prunella sp.",0.005
"PlotBm108","b","W17","W17","Quercus pubescens",0.185
"PlotBm108","b","W17","W17","Sanguisorba minor",0.02
"PlotBm108","b","W17","W17","Senecio sp.",0.015
"PlotBm108","b","W17","W17","Teucrium chamaedrys",0.01
"PlotBm108","b","W17","W17","Thymus longicaulis",0.02
"PlotBm108","b","W17","W17","Torilis arvensis",0.005
"PlotBm108","b","W17","W17","Trifolium campestre",0.005
"PlotBm108","b","W17","W17","Trifolium fragiferum",0.04625
"PlotBm108","b","W17","W17","Trifolium pratense",0.02125
"PlotBm108","b","W17","W17","Veronica sp.",0.005
"PlotBm108","b","W17","W17","Vicia sepium",0.01
"PlotBm108","b","W17","W17","Xeranthemum cylindraceum",0.025
"PlotBm109","b","W11","W11","Brachypodium sylvaticum",0.005
"PlotBm109","b","W11","W11","Clinopodium vulgare",0.00125
"PlotBm109","b","W11","W11","Dactylis glomerata",0.0175
"PlotBm109","b","W11","W11","Genista carinalis",0.00125
"PlotBm109","b","W11","W11","Lathyrus laxiflorus",0.00125
"PlotBm109","b","W11","W11","Lathyrus niger",0.00125
"PlotBm109","b","W11","W11","Luzula forsteri",0.00125
"PlotBm109","b","W11","W11","Physospermum cornubiense",0.00125
"PlotBm109","b","W11","W11","Poa nemoralis",0.0025
"PlotBm109","b","W11","W11","Quercus petraea",0.875
"PlotBm109","b","W11","W11","Silene italica",0.00125
"PlotBm109","b","W11","W11","Teucrium chamaedrys",0.00125
"PlotBm109","b","W11","W11","Trifolium alpestre",0.00875
"PlotBm109","b","W11","W11","Veronica chamaedrys",0.00875
"PlotBm109","b","W11","W11","Vicia cassubica",0.00125
"PlotBm109","b","W11","W11","Vicia grandiflora",0.00125
"PlotBm11","b","W21","W21","Aegilops triuncialis",0.00125
"PlotBm11","b","W21","W21","Allium sp.",0.00125
"PlotBm11","b","W21","W21","Anthemis arvensis",0.00125
"PlotBm11","b","W21","W21","Avena sterilis",0.01625
"PlotBm11","b","W21","W21","Ballota acetabulosa",0.00875
"PlotBm11","b","W21","W21","Briza maxima",0.0025
"PlotBm11","b","W21","W21","Bromus squarrosus",0.00125
"PlotBm11","b","W21","W21","Bromus sterilis",0.00125
"PlotBm11","b","W21","W21","Carlina vulgaris",0.00125
"PlotBm11","b","W21","W21","Centaurea benedicta",0.00125
"PlotBm11","b","W21","W21","Cistus monspeliensis",0.875
"PlotBm11","b","W21","W21","Crepis setosa",0.00125
"PlotBm11","b","W21","W21","Cynosurus echinatus",0.00125
"PlotBm11","b","W21","W21","Dactylis glomerata",0.00125
"PlotBm11","b","W21","W21","Torilis arvensis",0.00125
"PlotBm11","b","W21","W21","Trifolium angustifolium",0.0025
"PlotBm11","b","W21","W21","Trifolium arvense",0.00375
"PlotBm11","b","W21","W21","Trifolium campestre",0.00125
"PlotBm11","b","W21","W21","Trifolium hirtum",0.00875
"PlotBm11","b","W21","W21","Trifolium scabrum",0.00875
"PlotBm11","b","W21","W21","Tuberaria guttata",0.00125
"PlotBm11","b","W21","W21","Vicia tetrasperma",0.00125
"PlotBm110","b","W11","W11","Brachypodium sylvaticum",0.13625
"PlotBm110","b","W11","W11","Carex flacca",0.115
"PlotBm110","b","W11","W11","Carpinus orientalis",0.13625
"PlotBm110","b","W11","W11","Cornus sanguinea",0.00125
"PlotBm110","b","W11","W11","Fraxinus ornus",0.0025
"PlotBm110","b","W11","W11","Hedera helix",0.02625
"PlotBm110","b","W11","W11","Juniperus oxycedrus",0.005
"PlotBm110","b","W11","W11","Lactuca muralis",0.00125
"PlotBm110","b","W11","W11","Lathyrus niger",0.015
"PlotBm110","b","W11","W11","Lonicera etrusca",0.01
"PlotBm110","b","W11","W11","Quercus pubescens",0.625
"PlotBm110","b","W11","W11","Rosa sp.",0.015
"PlotBm110","b","W11","W11","Ruscus aculeatus",0.04125
"PlotBm110","b","W11","W11","Silene italica",0.0025
"PlotBm110","b","W11","W11","Teucrium chamaedrys",0.02125
"PlotBm110","b","W11","W11","Viola sp.",0.0275
"PlotBm111","b","W11","W11","Asparagus acutifolius",0.005
"PlotBm111","b","W11","W11","Brachypodium sylvaticum",0.10375
"PlotBm111","b","W11","W11","Carex flacca",0.06625
"PlotBm111","b","W11","W11","Carpinus orientalis",0.625
"PlotBm111","b","W11","W11","Hedera helix",0.00125
"PlotBm111","b","W11","W11","Lathyrus niger",0.01
"PlotBm111","b","W11","W11","Lonicera etrusca",0.00625
"PlotBm111","b","W11","W11","Quercus pubescens",0.875
"PlotBm111","b","W11","W11","Rosa sp.",0.095
"PlotBm111","b","W11","W11","Ruscus aculeatus",0.14125
"PlotBm111","b","W11","W11","Viola sp.",0.00625
"PlotBm112","b","W11","W11","Asphodeline liburnica",0.0075
"PlotBm112","b","W11","W11","Brachypodium sylvaticum",0.0925
"PlotBm112","b","W11","W11","Campanula spatulata",0.00125
"PlotBm112","b","W11","W11","Cruciata laevipes",0.00875
"PlotBm112","b","W11","W11","Dactylis glomerata",0.0075
"PlotBm112","b","W11","W11","Festuca heterophylla",0.0075
"PlotBm112","b","W11","W11","Filipendula vulgaris",0.00125
"PlotBm112","b","W11","W11","Fragaria vesca",0.00875
"PlotBm112","b","W11","W11","Fraxinus ornus",0.0025
"PlotBm112","b","W11","W11","Geocaryum capillifolium",0.01125
"PlotBm112","b","W11","W11","Geranium sanguineum",0.0075
"PlotBm112","b","W11","W11","Helleborus odorus",0.16875
"PlotBm112","b","W11","W11","Lathyrus laxiflorus",0.00375
"PlotBm112","b","W11","W11","Luzula forsteri",0.0025
"PlotBm112","b","W11","W11","Quercus petraea",0.875
"PlotBm112","b","W11","W11","Symphytum bulbosum",0.0375
"PlotBm112","b","W11","W11","Trifolium heldreichianum",0.0075
"PlotBm112","b","W11","W11","Vicia hirsuta",0.0075
"PlotBm113","b","W11","W11","Acer monspessulanum",0.00125
"PlotBm113","b","W11","W11","Bellis perennis",0.00125
"PlotBm113","b","W11","W11","Brachypodium sylvaticum",0.01875
"PlotBm113","b","W11","W11","Campanula spatulata",0.00125
"PlotBm113","b","W11","W11","Dactylis glomerata",0.0075
"PlotBm113","b","W11","W11","Galium mollugo group",0.00125
"PlotBm113","b","W11","W11","Geocaryum capillifolium",0.0075
"PlotBm113","b","W11","W11","Geranium macrorrhizum",0.00125
"PlotBm113","b","W11","W11","Geum urbanum",0.00125
"PlotBm113","b","W11","W11","Helleborus odorus",0.03
"PlotBm113","b","W11","W11","Lathyrus laxiflorus",0.00375
"PlotBm113","b","W11","W11","Lathyrus niger",0.00125
"PlotBm113","b","W11","W11","Luzula forsteri",0.0025
"PlotBm113","b","W11","W11","Melittis melissophyllum",0.01625
"PlotBm113","b","W11","W11","Poa nemoralis",0.0075
"PlotBm113","b","W11","W11","Quercus petraea",0.875
"PlotBm113","b","W11","W11","Symphytum bulbosum",0.06125
"PlotBm113","b","W11","W11","Trifolium heldreichianum",0.0075
"PlotBm113","b","W11","W11","Vicia grandiflora",0.0075
"PlotBm114","b","W11","W11","Acer campestre",0.185
"PlotBm114","b","W11","W11","Brachypodium sylvaticum",0.03
"PlotBm114","b","W11","W11","Dactylis glomerata",0.00125
"PlotBm114","b","W11","W11","Doronicum caucasicum",0.0025
"PlotBm114","b","W11","W11","Filipendula vulgaris",0.0075
"PlotBm114","b","W11","W11","Fragaria vesca",0.00125
"PlotBm114","b","W11","W11","Geocaryum capillifolium",0.0025
"PlotBm114","b","W11","W11","Geranium macrorrhizum",0.00125
"PlotBm114","b","W11","W11","Helleborus odorus",0.0075
"PlotBm114","b","W11","W11","Lamium maculatum",0.00125
"PlotBm114","b","W11","W11","Lathyrus laxiflorus",0.0025
"PlotBm114","b","W11","W11","Luzula forsteri",0.00375
"PlotBm114","b","W11","W11","Melittis melissophyllum",0.095
"PlotBm114","b","W11","W11","Potentilla recta",0.0025
"PlotBm114","b","W11","W11","Quercus petraea",0.875
"PlotBm114","b","W11","W11","Symphytum bulbosum",0.0375
"PlotBm115","b","W11","W11","Brachypodium sylvaticum",0.0025
"PlotBm115","b","W11","W11","Campanula spatulata",0.00125
"PlotBm115","b","W11","W11","Cardamine graeca",0.00125
"PlotBm115","b","W11","W11","Carex flacca",0.00125
"PlotBm115","b","W11","W11","Dactylis glomerata",0.0025
"PlotBm115","b","W11","W11","Dianthus cruentus",0.00125
"PlotBm115","b","W11","W11","Doronicum caucasicum",0.0025
"PlotBm115","b","W11","W11","Geranium lucidum",0.00375
"PlotBm115","b","W11","W11","Geum urbanum",0.00375
"PlotBm115","b","W11","W11","Helleborus odorus",0.00375
"PlotBm115","b","W11","W11","Lathyrus laxiflorus",0.0025
"PlotBm115","b","W11","W11","Lathyrus venetus",0.00125
"PlotBm115","b","W11","W11","Luzula forsteri",0.00375
"PlotBm115","b","W11","W11","Potentilla recta",0.00375
"PlotBm115","b","W11","W11","Quercus cerris",0.875
"PlotBm115","b","W11","W11","Ranunculus neapolitanus",0.01
"PlotBm115","b","W11","W11","Silene italica",0.0025
"PlotBm115","b","W11","W11","Symphytum bulbosum",0.05375
"PlotBm115","b","W11","W11","Taraxacum officinale group",0.00125
"PlotBm115","b","W11","W11","Trifolium alpestre",0.00125
"PlotBm115","b","W11","W11","Veronica chamaedrys",0.00125
"PlotBm115","b","W11","W11","Vicia grandiflora",0.00375
"PlotBm116","b","W11","W11","Brachypodium sylvaticum",0.00375
"PlotBm116","b","W11","W11","Campanula spatulata",0.0025
"PlotBm116","b","W11","W11","Cardamine graeca",0.00125
"PlotBm116","b","W11","W11","Carex flacca",0.00125
"PlotBm116","b","W11","W11","Carpinus orientalis",0.14
"PlotBm116","b","W11","W11","Clinopodium vulgare",0.005
"PlotBm116","b","W11","W11","Crataegus monogyna",0.02125
"PlotBm116","b","W11","W11","Dactylis glomerata",0.00125
"PlotBm116","b","W11","W11","Fraxinus ornus",0.2275
"PlotBm116","b","W11","W11","Lathyrus laxiflorus",0.00125
"PlotBm116","b","W11","W11","Luzula forsteri",0.005
"PlotBm116","b","W11","W11","Physospermum cornubiense",0.00125
"PlotBm116","b","W11","W11","Potentilla micrantha",0.00375
"PlotBm116","b","W11","W11","Quercus frainetto",0.625
"PlotBm116","b","W11","W11","Silene coronaria",0.00125
"PlotBm116","b","W11","W11","Silene italica",0.00375
"PlotBm116","b","W11","W11","Teucrium chamaedrys",0.0025
"PlotBm116","b","W11","W11","Trifolium alpestre",0.0025
"PlotBm116","b","W11","W11","Trifolium medium subsp. balcanicum",0.00125
"PlotBm116","b","W11","W11","Veronica chamaedrys",0.0025
"PlotBm116","b","W11","W11","Vicia grandiflora",0.0025
"PlotBm116","b","W11","W11","Viola alba",0.00125
"PlotBm117","b","W11","W11","Brachypodium sylvaticum",0.0025
"PlotBm117","b","W11","W11","Cardamine graeca",0.00125
"PlotBm117","b","W11","W11","Carpinus orientalis",0.085
"PlotBm117","b","W11","W11","Clinopodium vulgare",0.00375
"PlotBm117","b","W11","W11","Crataegus monogyna",0.0025
"PlotBm117","b","W11","W11","Dactylis glomerata",0.00125
"PlotBm117","b","W11","W11","Euphorbia amygdaloides",0.00125
"PlotBm117","b","W11","W11","Fraxinus ornus",0.1275
"PlotBm117","b","W11","W11","Hedera helix",0.0025
"PlotBm117","b","W11","W11","Lathyrus laxiflorus",0.00375
"PlotBm117","b","W11","W11","Luzula forsteri",0.00375
"PlotBm117","b","W11","W11","Physospermum cornubiense",0.00125
"PlotBm117","b","W11","W11","Potentilla recta",0.00125
"PlotBm117","b","W11","W11","Quercus frainetto",0.625
"PlotBm117","b","W11","W11","Silene italica",0.0025
"PlotBm117","b","W11","W11","Teucrium chamaedrys",0.0025
"PlotBm117","b","W11","W11","Trifolium alpestre",0.00125
"PlotBm117","b","W11","W11","Vicia grandiflora",0.00375
"PlotBm117","b","W11","W11","Vicia hirsuta",0.0025
"PlotBm117","b","W11","W11","Vicia tetrasperma",0.0025
"PlotBm117","b","W11","W11","Viola alba",0.0025
"PlotBm118","b","W11","W11","Aremonia agrimonoides",0.0075
"PlotBm118","b","W11","W11","Brachypodium sylvaticum",0.00125
"PlotBm118","b","W11","W11","Dactylis glomerata",0.00875
"PlotBm118","b","W11","W11","Festuca heterophylla",0.0025
"PlotBm118","b","W11","W11","Galium aparine",0.00125
"PlotBm118","b","W11","W11","Lathyrus laxiflorus",0.00375
"PlotBm118","b","W11","W11","Ligustrum vulgare",0.0075
"PlotBm118","b","W11","W11","Luzula forsteri",0.005
"PlotBm118","b","W11","W11","Poa bulbosa",0.00125
"PlotBm118","b","W11","W11","Quercus ilex",0.03
"PlotBm118","b","W11","W11","Quercus pubescens",0.875
"PlotBm118","b","W11","W11","Trifolium alpestre",0.00125
"PlotBm118","b","W11","W11","Trifolium medium subsp. balcanicum",0.00125
"PlotBm118","b","W11","W11","Veronica chamaedrys",0.00125
"PlotBm119","b","W11","W11","Aremonia agrimonoides",0.00125
"PlotBm119","b","W11","W11","Brachypodium sylvaticum",0.00125
"PlotBm119","b","W11","W11","Dactylis glomerata",0.00375
"PlotBm119","b","W11","W11","Festuca valesiaca",0.00125
"PlotBm119","b","W11","W11","Galium mollugo group",0.00125
"PlotBm119","b","W11","W11","Helleborus odorus",0.0025
"PlotBm119","b","W11","W11","Lathyrus laxiflorus",0.00375
"PlotBm119","b","W11","W11","Luzula forsteri",0.0025
"PlotBm119","b","W11","W11","Physospermum cornubiense",0.00125
"PlotBm119","b","W11","W11","Poa nemoralis",0.0025
"PlotBm119","b","W11","W11","Quercus frainetto",0.875
"PlotBm119","b","W11","W11","Trifolium alpestre",0.00125
"PlotBm119","b","W11","W11","Trifolium medium subsp. balcanicum",0.00125
"PlotBm119","b","W11","W11","Veronica chamaedrys",0.00375
"PlotBm119","b","W11","W11","Vicia grandiflora",0.0025
"PlotBm12","b","W21","W21","Aegilops triuncialis",0.0025
"PlotBm12","b","W21","W21","Aira elegans",0.00125
"PlotBm12","b","W21","W21","Anthoxanthum odoratum",0.02875
"PlotBm12","b","W21","W21","Avena sterilis",0.00375
"PlotBm12","b","W21","W21","Ballota acetabulosa",0.00125
"PlotBm12","b","W21","W21","Brachypodium retusum",0.0025
"PlotBm12","b","W21","W21","Briza maxima",0.00125
"PlotBm12","b","W21","W21","Bromus squarrosus",0.00125
"PlotBm12","b","W21","W21","Bromus sterilis",0.00125
"PlotBm12","b","W21","W21","Cistus monspeliensis",0.46875
"PlotBm12","b","W21","W21","Crepis sancta",0.00125
"PlotBm12","b","W21","W21","Crepis setosa",0.00125
"PlotBm12","b","W21","W21","Cynodon dactylon",0.02375
"PlotBm12","b","W21","W21","Cynosurus echinatus",0.00875
"PlotBm12","b","W21","W21","Dactylis glomerata",0.0025
"PlotBm12","b","W21","W21","Dittrichia viscosa",0.09375
"PlotBm12","b","W21","W21","Erica manipuliflora",0.1875
"PlotBm12","b","W21","W21","Lagurus ovatus",0.0025
"PlotBm12","b","W21","W21","Plantago lagopus",0.00125
"PlotBm12","b","W21","W21","Sherardia arvensis",0.00125
"PlotBm12","b","W21","W21","Trifolium angustifolium",0.0025
"PlotBm12","b","W21","W21","Trifolium arvense",0.00375
"PlotBm12","b","W21","W21","Trifolium campestre",0.00375
"PlotBm12","b","W21","W21","Trifolium scabrum",0.0025
"PlotBm120","b","W11","W11","Agrostemma githago",0.00125
"PlotBm120","b","W11","W11","Brachypodium sylvaticum",0.0075
"PlotBm120","b","W11","W11","Castanea sativa",0.02125
"PlotBm120","b","W11","W11","Dactylis glomerata",0.0025
"PlotBm120","b","W11","W11","Galium mollugo group",0.00375
"PlotBm120","b","W11","W11","Helleborus odorus",0.00875
"PlotBm120","b","W11","W11","Lathyrus laxiflorus",0.0025
"PlotBm120","b","W11","W11","Luzula forsteri",0.01
"PlotBm120","b","W11","W11","Physospermum cornubiense",0.00125
"PlotBm120","b","W11","W11","Poa nemoralis",0.00125
"PlotBm120","b","W11","W11","Pteridium aquilinum",0.0075
"PlotBm120","b","W11","W11","Quercus frainetto",0.875
"PlotBm120","b","W11","W11","Trifolium alpestre",0.00125
"PlotBm120","b","W11","W11","Trifolium medium subsp. balcanicum",0.0075
"PlotBm120","b","W11","W11","Veronica chamaedrys",0.0025
"PlotBm120","b","W11","W11","Vicia grandiflora",0.0025
"PlotBm121","b","W10","W10","Acer monspessulanum",0.00125
"PlotBm121","b","W10","W10","Aremonia agrimonoides",0.015
"PlotBm121","b","W10","W10","Brachypodium sylvaticum",0.1
"PlotBm121","b","W10","W10","Carex divulsa",0.00125
"PlotBm121","b","W10","W10","Chaerophyllum nodosum",0.0075
"PlotBm121","b","W10","W10","Cruciata laevipes",0.00125
"PlotBm121","b","W10","W10","Dactylis glomerata",0.00125
"PlotBm121","b","W10","W10","Doronicum caucasicum",0.02875
"PlotBm121","b","W10","W10","Fragaria vesca",0.00125
"PlotBm121","b","W10","W10","Galium verum",0.02375
"PlotBm121","b","W10","W10","Geocaryum capillifolium",0.0075
"PlotBm121","b","W10","W10","Geranium macrorrhizum",0.00125
"PlotBm121","b","W10","W10","Geum urbanum",0.00125
"PlotBm121","b","W10","W10","Hieracium murorum",0.0075
"PlotBm121","b","W10","W10","Luzula forsteri",0.0025
"PlotBm121","b","W10","W10","Poa nemoralis",0.0075
"PlotBm121","b","W10","W10","Quercus pubescens",0.375
"PlotBm121","b","W10","W10","Quercus trojana",0.375
"PlotBm121","b","W10","W10","Ranunculus neapolitanus",0.0075
"PlotBm121","b","W10","W10","Rosa arvensis",0.0025
"PlotBm121","b","W10","W10","Veronica chamaedrys",0.00125
"PlotBm122","b","W10","W10","Asplenium trichomaris",0.00125
"PlotBm122","b","W10","W10","Brachypodium sylvaticum",0.00375
"PlotBm122","b","W10","W10","Bromus sterilis",0.00125
"PlotBm122","b","W10","W10","Cardamine graeca",0.00125
"PlotBm122","b","W10","W10","Carex flacca",0.00125
"PlotBm122","b","W10","W10","Clinopodium vulgare",0.00125
"PlotBm122","b","W10","W10","Dactylis glomerata",0.09625
"PlotBm122","b","W10","W10","Galium mollugo group",0.00125
"PlotBm122","b","W10","W10","Geocaryum capillifolium",0.0025
"PlotBm122","b","W10","W10","Helleborus odorus",0.0025
"PlotBm122","b","W10","W10","Lathyrus laxiflorus",0.0025
"PlotBm122","b","W10","W10","Luzula forsteri",0.00125
"PlotBm122","b","W10","W10","Poa nemoralis",0.00375
"PlotBm122","b","W10","W10","Quercus pubescens",0.375
"PlotBm122","b","W10","W10","Quercus trojana",0.375
"PlotBm122","b","W10","W10","Silene italica",0.0025
"PlotBm122","b","W10","W10","Trifolium campestre",0.00125
"PlotBm122","b","W10","W10","Viola alba",0.0025
"PlotBm123","b","W10","W10","Asplenium trichomaris",0.00125
"PlotBm123","b","W10","W10","Brachypodium sylvaticum",0.0025
"PlotBm123","b","W10","W10","Bromus sterilis",0.0025
"PlotBm123","b","W10","W10","Campanula spatulata",0.00125
"PlotBm123","b","W10","W10","Clinopodium vulgare",0.0025
"PlotBm123","b","W10","W10","Cruciata laevipes",0.00125
"PlotBm123","b","W10","W10","Dactylis glomerata",0.115
"PlotBm123","b","W10","W10","Festuca valesiaca",0.09375
"PlotBm123","b","W10","W10","Fragaria vesca",0.00125
"PlotBm123","b","W10","W10","Geocaryum capillifolium",0.00125
"PlotBm123","b","W10","W10","Helleborus odorus",0.02375
"PlotBm123","b","W10","W10","Lathyrus laxiflorus",0.00125
"PlotBm123","b","W10","W10","Luzula forsteri",0.00125
"PlotBm123","b","W10","W10","Poa nemoralis",0.00125
"PlotBm123","b","W10","W10","Potentilla micrantha",0.00125
"PlotBm123","b","W10","W10","Quercus pubescens",0.875
"PlotBm123","b","W10","W10","Quercus trojana",0.875
"PlotBm123","b","W10","W10","Silene coronaria",0.00125
"PlotBm123","b","W10","W10","Teucrium chamaedrys",0.00125
"PlotBm123","b","W10","W10","Veronica chamaedrys",0.0025
"PlotBm123","b","W10","W10","Viola alba",0.00125
"PlotBm124","b","W10","W10","Acer campestre",0.01
"PlotBm124","b","W10","W10","Asplenium onopteris",0.00125
"PlotBm124","b","W10","W10","Brachypodium sylvaticum",0.02375
"PlotBm124","b","W10","W10","Bromus sterilis",0.00125
"PlotBm124","b","W10","W10","Campanula spatulata",0.00125
"PlotBm124","b","W10","W10","Clinopodium vulgare",0.0025
"PlotBm124","b","W10","W10","Cruciata laevipes",0.00375
"PlotBm124","b","W10","W10","Dactylis glomerata",0.00375
"PlotBm124","b","W10","W10","Fragaria vesca",0.00125
"PlotBm124","b","W10","W10","Helleborus odorus",0.0175
"PlotBm124","b","W10","W10","Physospermum cornubiense",0.00125
"PlotBm124","b","W10","W10","Poa nemoralis",0.00125
"PlotBm124","b","W10","W10","Potentilla argentea",0.00125
"PlotBm124","b","W10","W10","Quercus pubescens",0.875
"PlotBm124","b","W10","W10","Quercus trojana",0.875
"PlotBm124","b","W10","W10","Rosa canina",0.00125
"PlotBm124","b","W10","W10","Silene italica",0.00125
"PlotBm124","b","W10","W10","Teucrium chamaedrys",0.00125
"PlotBm124","b","W10","W10","Viola alba",0.00125
"PlotBm125","b","W10","W10","Aremonia agrimonoides",0.00125
"PlotBm125","b","W10","W10","Bellis perennis",0.00125
"PlotBm125","b","W10","W10","Brachypodium sylvaticum",0.00125
"PlotBm125","b","W10","W10","Campanula spatulata",0.00125
"PlotBm125","b","W10","W10","Cardamine graeca",0.0025
"PlotBm125","b","W10","W10","Chaerophyllum nodosum",0.00875
"PlotBm125","b","W10","W10","Dactylis glomerata",0.00125
"PlotBm125","b","W10","W10","Galium aparine",0.00125
"PlotBm125","b","W10","W10","Geranium lucidum",0.1075
"PlotBm125","b","W10","W10","Helleborus odorus",0.11375
"PlotBm125","b","W10","W10","Lamium maculatum",0.00125
"PlotBm125","b","W10","W10","Luzula forsteri",0.00125
"PlotBm125","b","W10","W10","Poa bulbosa",0.00125
"PlotBm125","b","W10","W10","Potentilla recta",0.0025
"PlotBm125","b","W10","W10","Quercus pubescens",0.375
"PlotBm125","b","W10","W10","Quercus trojana",0.375
"PlotBm125","b","W10","W10","Silene italica",0.00375
"PlotBm125","b","W10","W10","Symphytum bulbosum",0.06125
"PlotBm125","b","W10","W10","Trifolium alpestre",0.00125
"PlotBm125","b","W10","W10","Trifolium campestre",0.00125
"PlotBm125","b","W10","W10","Vicia grandiflora",0.0025
"PlotBm126","b","W10","W10","Acer monspessulanum",0.085
"PlotBm126","b","W10","W10","Aremonia agrimonoides",0.00125
"PlotBm126","b","W10","W10","Brachypodium sylvaticum",0.0025
"PlotBm126","b","W10","W10","Campanula spatulata",0.0025
"PlotBm126","b","W10","W10","Cardamine graeca",0.00125
"PlotBm126","b","W10","W10","Carex divulsa",0.00125
"PlotBm126","b","W10","W10","Clinopodium vulgare",0.00375
"PlotBm126","b","W10","W10","Cruciata laevipes",0.015
"PlotBm126","b","W10","W10","Dactylis glomerata",0.01
"PlotBm126","b","W10","W10","Doronicum caucasicum",0.02375
"PlotBm126","b","W10","W10","Euphorbia amygdaloides",0.00375
"PlotBm126","b","W10","W10","Fragaria vesca",0.00125
"PlotBm126","b","W10","W10","Galium mollugo group",0.00125
"PlotBm126","b","W10","W10","Geranium macrorrhizum",0.01
"PlotBm126","b","W10","W10","Geum urbanum",0.00125
"PlotBm126","b","W10","W10","Helleborus odorus",0.015
"PlotBm126","b","W10","W10","Lamium maculatum",0.0575
"PlotBm126","b","W10","W10","Lathyrus laxiflorus",0.01125
"PlotBm126","b","W10","W10","Luzula forsteri",0.0025
"PlotBm126","b","W10","W10","Melica uniflora",0.0025
"PlotBm126","b","W10","W10","Potentilla recta",0.00125
"PlotBm126","b","W10","W10","Quercus cerris",0.185
"PlotBm126","b","W10","W10","Quercus pubescens",0.375
"PlotBm126","b","W10","W10","Quercus trojana",0.185
"PlotBm126","b","W10","W10","Rosa canina",0.00875
"PlotBm126","b","W10","W10","Silene italica",0.00875
"PlotBm126","b","W10","W10","Silene viridiflora",0.0075
"PlotBm126","b","W10","W10","Symphytum bulbosum",0.015
"PlotBm126","b","W10","W10","Trifolium alpestre",0.00125
"PlotBm126","b","W10","W10","Veronica chamaedrys",0.0025
"PlotBm126","b","W10","W10","Vicia grandiflora",0.00875
"PlotBm127","b","W10","W10","Bellis perennis",0.0075
"PlotBm127","b","W10","W10","Brachypodium sylvaticum",0.00125
"PlotBm127","b","W10","W10","Campanula spatulata",0.00125
"PlotBm127","b","W10","W10","Dactylis glomerata",0.01
"PlotBm127","b","W10","W10","Euphorbia amygdaloides",0.01125
"PlotBm127","b","W10","W10","Festuca valesiaca",0.00125
"PlotBm127","b","W10","W10","Fragaria vesca",0.00875
"PlotBm127","b","W10","W10","Geranium macrorrhizum",0.00875
"PlotBm127","b","W10","W10","Helleborus odorus",0.0025
"PlotBm127","b","W10","W10","Lathyrus aphaca",0.01
"PlotBm127","b","W10","W10","Lathyrus nissolia",0.0025
"PlotBm127","b","W10","W10","Luzula forsteri",0.00125
"PlotBm127","b","W10","W10","Poa bulbosa",0.00125
"PlotBm127","b","W10","W10","Poa nemoralis",0.00875
"PlotBm127","b","W10","W10","Potentilla micrantha",0.00125
"PlotBm127","b","W10","W10","Quercus pubescens",0.375
"PlotBm127","b","W10","W10","Quercus trojana",0.185
"PlotBm127","b","W10","W10","Scorzoneroides cichoriacea",0.0075
"PlotBm127","b","W10","W10","Silene coronaria",0.00125
"PlotBm127","b","W10","W10","Silene italica",0.01
"PlotBm127","b","W10","W10","Teucrium chamaedrys",0.0075
"PlotBm127","b","W10","W10","Trifolium campestre",0.00125
"PlotBm127","b","W10","W10","Trifolium heldreichianum",0.00125
"PlotBm127","b","W10","W10","Trifolium pratense",0.0075
"PlotBm127","b","W10","W10","Veronica chamaedrys",0.00375
"PlotBm127","b","W10","W10","Vicia grandiflora",0.01
"PlotBm127","b","W10","W10","Vicia sativa",0.00875
"PlotBm128","b","W10","W10","Achnatherum bromoides",0.01
"PlotBm128","b","W10","W10","Carex flacca",0.04625
"PlotBm128","b","W10","W10","Colutea arborescens",0.0425
"PlotBm128","b","W10","W10","Dictamnus albus",0.005
"PlotBm128","b","W10","W10","Festuca heterophylla",0.23375
"PlotBm128","b","W10","W10","Galium verum",0.03125
"PlotBm128","b","W10","W10","Hippocrepis emerus",0.1875
"PlotBm128","b","W10","W10","Iris sp.",0.005
"PlotBm128","b","W10","W10","Juniperus oxycedrus",0.0925
"PlotBm128","b","W10","W10","Microthlaspi perfoliatum",0.005
"PlotBm128","b","W10","W10","Pistacia terebinthus",0.085
"PlotBm128","b","W10","W10","Quercus pubescens",0.185
"PlotBm128","b","W10","W10","Quercus trojana",0.5625
"PlotBm128","b","W10","W10","Silene italica",0.02125
"PlotBm128","b","W10","W10","Teucrium chamaedrys",0.0725
"PlotBm128","b","W10","W10","Thymus longicaulis",0.02
"PlotBm128","b","W10","W10","Veronica chamaedrys",0.03125
"PlotBm128","b","W10","W10","Veronica officinalis",0.005
"PlotBm128","b","W10","W10","Viola sp.",0.005
"PlotBm129","b","W10","W10","Carex flacca",0.01
"PlotBm129","b","W10","W10","Dactylis glomerata",0.1025
"PlotBm129","b","W10","W10","Dorycnium herbaceum",0.04625
"PlotBm129","b","W10","W10","Euphorbia cyparissias",0.02
"PlotBm129","b","W10","W10","Fraxinus ornus",0.0425
"PlotBm129","b","W10","W10","Galium verum",0.02125
"PlotBm129","b","W10","W10","Juniperus oxycedrus",0.0925
"PlotBm129","b","W10","W10","Linum trigynum",0.005
"PlotBm129","b","W10","W10","Lonicera etrusca",0.05125
"PlotBm129","b","W10","W10","Microthlaspi perfoliatum",0.02125
"PlotBm129","b","W10","W10","Quercus pubescens",0.11625
"PlotBm129","b","W10","W10","Quercus trojana",0.7175
"PlotBm129","b","W10","W10","Rosa sp.",0.01
"PlotBm129","b","W10","W10","Silene italica",0.0525
"PlotBm129","b","W10","W10","Teucrium chamaedrys",0.03125
"PlotBm129","b","W10","W10","Thymus longicaulis",0.005
"PlotBm129","b","W10","W10","Torilis sp.",0.01
"PlotBm129","b","W10","W10","Veronica chamaedrys",0.02
"PlotBm129","b","W10","W10","Viola sp.",0.00625
"PlotBm13","b","W2","W2","Asparagus acutifolius",0.0025
"PlotBm13","b","W2","W2","Dactylis glomerata",0.00125
"PlotBm13","b","W2","W2","Festuca heterophylla",0.03
"PlotBm13","b","W2","W2","Fraxinus ornus",0.00125
"PlotBm13","b","W2","W2","Quercus coccifera",0.9175
"PlotBm13","b","W2","W2","Ruscus aculeatus",0.0025
"PlotBm13","b","W2","W2","Teucrium chamaedrys",0.00125
"PlotBm13","b","W2","W2","Veronica chamaedrys",0.00125
"PlotBm130","b","W10","W10","Carex flacca",0.005
"PlotBm130","b","W10","W10","Dactylis glomerata",0.01
"PlotBm130","b","W10","W10","Galium sp.",0.01
"PlotBm130","b","W10","W10","Geranium sanguineum",0.00625
"PlotBm130","b","W10","W10","Juniperus communis",0.02125
"PlotBm130","b","W10","W10","Juniperus oxycedrus",0.10375
"PlotBm130","b","W10","W10","Lactuca muralis",0.00125
"PlotBm130","b","W10","W10","Lathyrus laxiflorus",0.005
"PlotBm130","b","W10","W10","Pistacia terebinthus",0.02625
"PlotBm130","b","W10","W10","Quercus pubescens",0.185
"PlotBm130","b","W10","W10","Quercus trojana",0.125
"PlotBm130","b","W10","W10","Teucrium chamaedrys",0.005
"PlotBm130","b","W10","W10","Torilis sp.",0.025
"PlotBm130","b","W10","W10","Veronica chamaedrys",0.01125
"PlotBm131","b","W10","W10","Acer campestre",0.005
"PlotBm131","b","W10","W10","Carex flacca",0.0425
"PlotBm131","b","W10","W10","Carpinus orientalis",0.04
"PlotBm131","b","W10","W10","Dactylis glomerata",0.03
"PlotBm131","b","W10","W10","Daphne laureola",0.01125
"PlotBm131","b","W10","W10","Dictamnus albus",0.005
"PlotBm131","b","W10","W10","Fragaria vesca",0.02125
"PlotBm131","b","W10","W10","Fraxinus ornus",0.005
"PlotBm131","b","W10","W10","Galium sp.",0.01
"PlotBm131","b","W10","W10","Geranium sanguineum",0.025
"PlotBm131","b","W10","W10","Iris sp.",0.09375
"PlotBm131","b","W10","W10","Juniperus oxycedrus",0.09375
"PlotBm131","b","W10","W10","Lathyrus laxiflorus",0.015
"PlotBm131","b","W10","W10","Lonicera etrusca",0.005
"PlotBm131","b","W10","W10","Pistacia terebinthus",0.03125
"PlotBm131","b","W10","W10","Quercus pubescens",0.375
"PlotBm131","b","W10","W10","Quercus trojana",0.375
"PlotBm131","b","W10","W10","Rosa sp.",0.015
"PlotBm131","b","W10","W10","Silene italica",0.01
"PlotBm131","b","W10","W10","Teucrium chamaedrys",0.0675
"PlotBm131","b","W10","W10","Torilis sp.",0.04625
"PlotBm131","b","W10","W10","Trifolium ochroleucon",0.01
"PlotBm132","b","W10","W10","Acer campestre",0.02
"PlotBm132","b","W10","W10","Carex flacca",0.03
"PlotBm132","b","W10","W10","Carpinus orientalis",0.5
"PlotBm132","b","W10","W10","Cornus mas",0.01
"PlotBm132","b","W10","W10","Dactylis glomerata",0.06625
"PlotBm132","b","W10","W10","Festuca valesiaca",0.1875
"PlotBm132","b","W10","W10","Iris sp.",0.005
"PlotBm132","b","W10","W10","Juniperus communis",0.0425
"PlotBm132","b","W10","W10","Pistacia terebinthus",0.01
"PlotBm132","b","W10","W10","Quercus pubescens",0.375
"PlotBm132","b","W10","W10","Quercus trojana",0.185
"PlotBm132","b","W10","W10","Silene italica",0.02125
"PlotBm132","b","W10","W10","Torilis sp.",0.03125
"PlotBm132","b","W10","W10","Trifolium ochroleucon",0.05125
"PlotBm132","b","W10","W10","Veronica chamaedrys",0.0575
"PlotBm133","b","W10","W10","Acer campestre",0.025
"PlotBm133","b","W10","W10","Carex flacca",0.1825
"PlotBm133","b","W10","W10","Dactylis glomerata",0.17125
"PlotBm133","b","W10","W10","Daphne laureola",0.03
"PlotBm133","b","W10","W10","Euphorbia cyparissias",0.005
"PlotBm133","b","W10","W10","Festuca valesiaca",0.125
"PlotBm133","b","W10","W10","Fragaria vesca",0.015
"PlotBm133","b","W10","W10","Fraxinus ornus",0.02125
"PlotBm133","b","W10","W10","Galium sp.",0.02125
"PlotBm133","b","W10","W10","Galium verum",0.01
"PlotBm133","b","W10","W10","Geranium sanguineum",0.02125
"PlotBm133","b","W10","W10","Juniperus communis",0.09375
"PlotBm133","b","W10","W10","Juniperus oxycedrus",0.005
"PlotBm133","b","W10","W10","Lathyrus laxiflorus",0.01
"PlotBm133","b","W10","W10","Polygonatum hirtum",0.025
"PlotBm133","b","W10","W10","Quercus pubescens",0.375
"PlotBm133","b","W10","W10","Quercus trojana",0.375
"PlotBm133","b","W10","W10","Silene italica",0.03
"PlotBm133","b","W10","W10","Teucrium chamaedrys",0.05625
"PlotBm133","b","W10","W10","Trifolium ochroleucon",0.02
"PlotBm133","b","W10","W10","Veronica chamaedrys",0.14875
"PlotBm133","b","W10","W10","Viola sp.",0.015
"PlotBm134","b","W16","W16","Allium sp.",0.005
"PlotBm134","b","W16","W16","Carex flacca",0.0675
"PlotBm134","b","W16","W16","Crataegus monogyna",0.01
"PlotBm134","b","W16","W16","Epipactis helleborine",0.00125
"PlotBm134","b","W16","W16","Festuca sp.",0.1275
"PlotBm134","b","W16","W16","Fraxinus ornus",0.0925
"PlotBm134","b","W16","W16","Galium tricornutum",0.005
"PlotBm134","b","W16","W16","Lathyrus laxiflorus",0.03125
"PlotBm134","b","W16","W16","Muscari comosum",0.005
"PlotBm134","b","W16","W16","Pinus brutia",0.185
"PlotBm134","b","W16","W16","Pteridium aquilinum",0.01
"PlotBm134","b","W16","W16","Quercus coccifera",0.005
"PlotBm134","b","W16","W16","Quercus frainetto",0.2075
"PlotBm134","b","W16","W16","Trifolium fragiferum",0.005
"PlotBm134","b","W16","W16","Vicia villosa",0.02125
"PlotBm135","b","W16","W16","Bromus hordeaceus",0.115
"PlotBm135","b","W16","W16","Bromus sterilis",0.04625
"PlotBm135","b","W16","W16","Capsella bursa-pastoris",0.005
"PlotBm135","b","W16","W16","Carex flacca",0.30625
"PlotBm135","b","W16","W16","Dactylis glomerata",0.12
"PlotBm135","b","W16","W16","Elytrigia repens",0.01
"PlotBm135","b","W16","W16","Festuca sp.",0.04625
"PlotBm135","b","W16","W16","Galium aparine",0.0775
"PlotBm135","b","W16","W16","Lathyrus laxiflorus",0.01
"PlotBm135","b","W16","W16","Melilotus indicus",0.0675
"PlotBm135","b","W16","W16","Ononis spinosa",0.01
"PlotBm135","b","W16","W16","Pinus brutia",0.085
"PlotBm135","b","W16","W16","Quercus frainetto",0.625
"PlotBm135","b","W16","W16","Rubus sanctus",0.0675
"PlotBm135","b","W16","W16","Teucrium chamaedrys",0.01
"PlotBm135","b","W16","W16","Trifolium fragiferum",0.0425
"PlotBm136","b","W16","W16","Acer monspessulanum",0.005
"PlotBm136","b","W16","W16","Carex flacca",0.04625
"PlotBm136","b","W16","W16","Carpinus orientalis",0.02125
"PlotBm136","b","W16","W16","Cornus mas",0.16125
"PlotBm136","b","W16","W16","Dactylis glomerata",0.015
"PlotBm136","b","W16","W16","Erica arborea",0.02125
"PlotBm136","b","W16","W16","Fraxinus ornus",0.0675
"PlotBm136","b","W16","W16","Juniperus oxycedrus",0.1875
"PlotBm136","b","W16","W16","Lathyrus laxiflorus",0.005
"PlotBm136","b","W16","W16","Pinus brutia",0.085
"PlotBm136","b","W16","W16","Quercus frainetto",0.375
"PlotBm136","b","W16","W16","Quercus pubescens",0.035
"PlotBm136","b","W16","W16","Rosa sp.",0.005
"PlotBm136","b","W16","W16","Sorbus torminalis",0.0925
"PlotBm137","b","W16","W16","Aira elegans",0.005
"PlotBm137","b","W16","W16","Carex flacca",0.10375
"PlotBm137","b","W16","W16","Cistus creticus",0.02125
"PlotBm137","b","W16","W16","Festuca sp.",0.02125
"PlotBm137","b","W16","W16","Muscari comosum",0.03
"PlotBm137","b","W16","W16","Phillyrea latifolia",0.04
"PlotBm137","b","W16","W16","Pinus brutia",0.375
"PlotBm137","b","W16","W16","Quercus coccifera",0.02625
"PlotBm137","b","W16","W16","Quercus frainetto",0.085
"PlotBm137","b","W16","W16","Silene italica",0.005
"PlotBm137","b","W16","W16","Trifolium campestre",0.02
"PlotBm137","b","W16","W16","Trifolium fragiferum",0.04625
"PlotBm138","b","W16","W16","Asparagus acutifolius",0.01
"PlotBm138","b","W16","W16","Dactylis glomerata",0.015
"PlotBm138","b","W16","W16","Erica arborea",0.02
"PlotBm138","b","W16","W16","Muscari comosum",0.02
"PlotBm138","b","W16","W16","Phillyrea latifolia",0.03125
"PlotBm138","b","W16","W16","Quercus frainetto",0.0675
"PlotBm138","b","W16","W16","Ruscus aculeatus",0.01
"PlotBm138","b","W16","W16","Trifolium fragiferum",0.025
"PlotBm139","b","W16","W16","Carex flacca",0.02125
"PlotBm139","b","W16","W16","Dactylis glomerata",0.01
"PlotBm139","b","W16","W16","Erica arborea",0.02
"PlotBm139","b","W16","W16","Muscari comosum",0.01
"PlotBm139","b","W16","W16","Phillyrea latifolia",0.01
"PlotBm139","b","W16","W16","Pinus brutia",0.185
"PlotBm139","b","W16","W16","Quercus coccifera",0.01
"PlotBm139","b","W16","W16","Quercus frainetto",0.375
"PlotBm139","b","W16","W16","Quercus pubescens",0.01
"PlotBm139","b","W16","W16","Trifolium fragiferum",0.02
"PlotBm14","b","W2","W2","Aegilops triuncialis",0.0025
"PlotBm14","b","W2","W2","Asplenium ceterach",0.0075
"PlotBm14","b","W2","W2","Brachypodium sylvaticum",0.04625
"PlotBm14","b","W2","W2","Carpinus orientalis",0.4175
"PlotBm14","b","W2","W2","Clinopodium vulgare",0.00125
"PlotBm14","b","W2","W2","Crepis sancta",0.00375
"PlotBm14","b","W2","W2","Crepis setosa",0.00125
"PlotBm14","b","W2","W2","Cruciata pedemontana",0.00125
"PlotBm14","b","W2","W2","Dactylis glomerata",0.0075
"PlotBm14","b","W2","W2","Doronicum caucasicum",0.0075
"PlotBm14","b","W2","W2","Festuca heterophylla",0.0075
"PlotBm14","b","W2","W2","Fraxinus ornus",0.375
"PlotBm14","b","W2","W2","Galium mollugo group",0.00875
"PlotBm14","b","W2","W2","Piptatherum miliaceum",0.06125
"PlotBm14","b","W2","W2","Potentilla recta",0.00125
"PlotBm14","b","W2","W2","Quercus coccifera",0.4175
"PlotBm14","b","W2","W2","Quercus pubescens",0.0075
"PlotBm14","b","W2","W2","Ruscus aculeatus",0.04625
"PlotBm14","b","W2","W2","Thymus sibthorpii",0.0025
"PlotBm140","b","W16","W16","Avena sterilis",0.005
"PlotBm140","b","W16","W16","Briza maxima",0.00125
"PlotBm140","b","W16","W16","Carex flacca",0.02625
"PlotBm140","b","W16","W16","Carpinus orientalis",0.02
"PlotBm140","b","W16","W16","Cynosurus echinatus",0.10375
"PlotBm140","b","W16","W16","Dactylis glomerata",0.0675
"PlotBm140","b","W16","W16","Festuca sp.",0.0775
"PlotBm140","b","W16","W16","Juniperus oxycedrus",0.01
"PlotBm140","b","W16","W16","Lathyrus laxiflorus",0.01125
"PlotBm140","b","W16","W16","Muscari comosum",0.0025
"PlotBm140","b","W16","W16","Orlaya grandiflora",0.00625
"PlotBm140","b","W16","W16","Osyris alba",0.02125
"PlotBm140","b","W16","W16","Pinus brutia",0.375
"PlotBm140","b","W16","W16","Poa bulbosa",0.00125
"PlotBm140","b","W16","W16","Quercus cerris",0.105
"PlotBm140","b","W16","W16","Quercus frainetto",0.085
"PlotBm140","b","W16","W16","Quercus pubescens",0.0025
"PlotBm140","b","W16","W16","Rosa canina",0.01
"PlotBm140","b","W16","W16","Ruscus aculeatus",0.01
"PlotBm140","b","W16","W16","Torilis arvensis",0.01125
"PlotBm140","b","W16","W16","Trifolium stellatum",0.01
"PlotBm141","b","W16","W16","Carex flacca",0.28625
"PlotBm141","b","W16","W16","Juniperus oxycedrus",0.16125
"PlotBm141","b","W16","W16","Pinus brutia",0.625
"PlotBm141","b","W16","W16","Quercus frainetto",0.04
"PlotBm141","b","W16","W16","Quercus pubescens",0.00375
"PlotBm142","b","W16","W16","Carex flacca",0.28125
"PlotBm142","b","W16","W16","Festuca sp.",0.0675
"PlotBm142","b","W16","W16","Muscari comosum",0.0025
"PlotBm142","b","W16","W16","Pinus brutia",0.625
"PlotBm142","b","W16","W16","Quercus frainetto",0.635
"PlotBm143","b","W16","W16","Carex flacca",0.2125
"PlotBm143","b","W16","W16","Crepis setosa",0.005
"PlotBm143","b","W16","W16","Dactylis glomerata",0.00125
"PlotBm143","b","W16","W16","Festuca sp.",0.0325
"PlotBm143","b","W16","W16","Iris sp.",0.01
"PlotBm143","b","W16","W16","Juniperus oxycedrus",0.0925
"PlotBm143","b","W16","W16","Muscari comosum",0.04375
"PlotBm143","b","W16","W16","Pilosela sp.",0.005
"PlotBm143","b","W16","W16","Pinus brutia",0.625
"PlotBm143","b","W16","W16","Quercus frainetto",0.085
"PlotBm144","b","W16","W16","Arbutus unedo",0.04
"PlotBm144","b","W16","W16","Cistus creticus",0.02125
"PlotBm144","b","W16","W16","Festuca sp.",0.135
"PlotBm144","b","W16","W16","Fraxinus ornus",0.0425
"PlotBm144","b","W16","W16","Juniperus oxycedrus",0.02125
"PlotBm144","b","W16","W16","Lonicera etrusca",0.005
"PlotBm144","b","W16","W16","Phillyrea latifolia",0.125
"PlotBm144","b","W16","W16","Pinus brutia",0.185
"PlotBm144","b","W16","W16","Quercus cerris",0.05625
"PlotBm144","b","W16","W16","Quercus frainetto",0.0675
"PlotBm145","b","W16","W16","Arbutus unedo",0.02125
"PlotBm145","b","W16","W16","Carex flacca",0.255
"PlotBm145","b","W16","W16","Cistus creticus",0.005
"PlotBm145","b","W16","W16","Dactylis glomerata",0.09375
"PlotBm145","b","W16","W16","Erica arborea",0.01
"PlotBm145","b","W16","W16","Galium aparine",0.005
"PlotBm145","b","W16","W16","Muscari comosum",0.00125
"PlotBm145","b","W16","W16","Phillyrea latifolia",0.085
"PlotBm145","b","W16","W16","Pinus brutia",0.01
"PlotBm145","b","W16","W16","Quercus frainetto",0.2275
"PlotBm145","b","W16","W16","Quercus pubescens",0.01
"PlotBm145","b","W16","W16","Rosa canina",0.01
"PlotBm15","b","W2","W2","Asparagus acutifolius",0.00125
"PlotBm15","b","W2","W2","Cistus creticus",0.015
"PlotBm15","b","W2","W2","Clinopodium vulgare",0.00125
"PlotBm15","b","W2","W2","Colutea arborescens",0.0075
"PlotBm15","b","W2","W2","Erysimum microstylum",0.0075
"PlotBm15","b","W2","W2","Fraxinus ornus",0.00125
"PlotBm15","b","W2","W2","Juniperus oxycedrus",0.39
"PlotBm15","b","W2","W2","Odontarrhena muralis",0.0075
"PlotBm15","b","W2","W2","Quercus coccifera",0.28
"PlotBm15","b","W2","W2","Silene italica",0.00125
"PlotBm16","b","W2","W2","Arabis turrita",0.00125
"PlotBm16","b","W2","W2","Asparagus acutifolius",0.05625
"PlotBm16","b","W2","W2","Bromus squarrosus",0.00125
"PlotBm16","b","W2","W2","Clinopodium vulgare",0.00125
"PlotBm16","b","W2","W2","Juniperus oxycedrus",0.14
"PlotBm16","b","W2","W2","Piptatherum miliaceum",0.00125
"PlotBm16","b","W2","W2","Pistacia terebinthus",0.00125
"PlotBm16","b","W2","W2","Quercus coccifera",0.375
"PlotBm16","b","W2","W2","Smilax aspera",0.00125
"PlotBm16","b","W2","W2","Teucrium capitatum",0.00125
"PlotBm16","b","W2","W2","Teucrium chamaedrys",0.04625
"PlotBm17","b","W2","W2","Asplenium onopteris",0.00875
"PlotBm17","b","W2","W2","Carpinus orientalis",0.1575
"PlotBm17","b","W2","W2","Dactylis glomerata",0.00875
"PlotBm17","b","W2","W2","Fraxinus ornus",0.0075
"PlotBm17","b","W2","W2","Hypericum montbretii",0.00125
"PlotBm17","b","W2","W2","Juniperus oxycedrus",0.02125
"PlotBm17","b","W2","W2","Piptatherum miliaceum",0.00125
"PlotBm17","b","W2","W2","Quercus coccifera",0.625
"PlotBm17","b","W2","W2","Silene italica",0.00125
"PlotBm17","b","W2","W2","Thymus sibthorpii",0.02125
"PlotBm17","b","W2","W2","Trifolium arvense",0.00125
"PlotBm17","b","W2","W2","Trifolium campestre",0.00125
"PlotBm18","b","W2","W2","Aegilops triuncialis",0.13
"PlotBm18","b","W2","W2","Arenaria sp.",0.145
"PlotBm18","b","W2","W2","Bromus sterilis",0.01
"PlotBm18","b","W2","W2","Crataegus monogyna",0.10375
"PlotBm18","b","W2","W2","Cynosurus echinatus",0.01
"PlotBm18","b","W2","W2","Dactylis glomerata",0.05625
"PlotBm18","b","W2","W2","Dasypyrum villosum",0.02625
"PlotBm18","b","W2","W2","Dorycnium herbaceum",0.01
"PlotBm18","b","W2","W2","Eryngium campestre",0.03625
"PlotBm18","b","W2","W2","Euphorbia seguieriana",0.005
"PlotBm18","b","W2","W2","Festuca sp.",0.03125
"PlotBm18","b","W2","W2","Hypericum perforatum",0.005
"PlotBm18","b","W2","W2","Potentilla sp.",0.01
"PlotBm18","b","W2","W2","Prunus dulcis",0.005
"PlotBm18","b","W2","W2","Quercus coccifera",1
"PlotBm18","b","W2","W2","Rubia peregrina",0.005
"PlotBm18","b","W2","W2","Teucrium capitatum",0.01
"PlotBm18","b","W2","W2","Thlaspi arvense",0.005
"PlotBm18","b","W2","W2","Torilis arvensis",0.005
"PlotBm18","b","W2","W2","Trifolium angustifolium",0.01
"PlotBm18","b","W2","W2","Trifolium sp.",0.03125
"PlotBm19","b","W2","W2","Briza minor",0.005
"PlotBm19","b","W2","W2","Carex flacca",0.17125
"PlotBm19","b","W2","W2","Carpinus orientalis",0.375
"PlotBm19","b","W2","W2","Fragaria vesca",0.015
"PlotBm19","b","W2","W2","Hedera helix",0.025
"PlotBm19","b","W2","W2","Juniperus oxycedrus",0.01
"PlotBm19","b","W2","W2","Lonicera sp.",0.05625
"PlotBm19","b","W2","W2","Melilotus indicus",0.015
"PlotBm19","b","W2","W2","Quercus coccifera",0.375
"PlotBm19","b","W2","W2","Rostraria cristata",0.0775
"PlotBm19","b","W2","W2","Scabiosa atropurpurea",0.01
"PlotBm19","b","W2","W2","Silene italica",0.005
"PlotBm19","b","W2","W2","Teucrium chamaedrys",0.04625
"PlotBm19","b","W2","W2","Viola sp.",0.01
"PlotBm2","b","W21","W21","Acinos alpinus",0.00125
"PlotBm2","b","W21","W21","Aegilops triuncialis",0.0025
"PlotBm2","b","W21","W21","Allium sp.",0.00125
"PlotBm2","b","W21","W21","Anthemis arvensis",0.00125
"PlotBm2","b","W21","W21","Avena sterilis",0.00375
"PlotBm2","b","W21","W21","Ballota acetabulosa",0.10125
"PlotBm2","b","W21","W21","Brachypodium retusum",0.0025
"PlotBm2","b","W21","W21","Briza maxima",0.00125
"PlotBm2","b","W21","W21","Bromus squarrosus",0.00125
"PlotBm2","b","W21","W21","Bromus sterilis",0.00375
"PlotBm2","b","W21","W21","Centaurea benedicta",0.00125
"PlotBm2","b","W21","W21","Cistus creticus",0.0075
"PlotBm2","b","W21","W21","Cistus monspeliensis",0.875
"PlotBm2","b","W21","W21","Crepis sancta",0.00125
"PlotBm2","b","W21","W21","Dactylis glomerata",0.00375
"PlotBm2","b","W21","W21","Geranium brutium",0.00125
"PlotBm2","b","W21","W21","Lagurus ovatus",0.0025
"PlotBm2","b","W21","W21","Medicago minima",0.00125
"PlotBm2","b","W21","W21","Petrorhagia dubia",0.00125
"PlotBm2","b","W21","W21","Poa bulbosa",0.0025
"PlotBm2","b","W21","W21","Taeniatherum caput-medusae",0.0025
"PlotBm2","b","W21","W21","Trifolium angustifolium",0.0025
"PlotBm2","b","W21","W21","Trifolium arvense",0.025
"PlotBm2","b","W21","W21","Trifolium scabrum",0.025
"PlotBm2","b","W21","W21","Tuberaria guttata",0.005
"PlotBm2","b","W21","W21","Vulpia muralis",0.00125
"PlotBm20","b","W2","W2","Bromus sterilis",0.06125
"PlotBm20","b","W2","W2","Carex flacca",0.03125
"PlotBm20","b","W2","W2","Carpinus orientalis",0.19625
"PlotBm20","b","W2","W2","Cerastium brachypetalum",0.01
"PlotBm20","b","W2","W2","Cynosurus echinatus",0.375
"PlotBm20","b","W2","W2","Dactylis glomerata",0.02
"PlotBm20","b","W2","W2","Fraxinus ornus",0.02125
"PlotBm20","b","W2","W2","Galium aparine",0.01
"PlotBm20","b","W2","W2","Lathyrus pratensis",0.005
"PlotBm20","b","W2","W2","Paliurus spina-christi",0.0925
"PlotBm20","b","W2","W2","Poa bulbosa",0.005
"PlotBm20","b","W2","W2","Quercus coccifera",0.625
"PlotBm20","b","W2","W2","Sanguisorba minor",0.005
"PlotBm20","b","W2","W2","Silene italica",0.05125
"PlotBm20","b","W2","W2","Teucrium chamaedrys",0.015
"PlotBm20","b","W2","W2","Thymus sibthorpii",0.03625
"PlotBm20","b","W2","W2","Trifolium angustifolium",0.005
"PlotBm20","b","W2","W2","Trifolium fragiferum",0.01
"PlotBm20","b","W2","W2","Viola sp.",0.015
"PlotBm21","b","W2","W2","Arenaria sp.",0.01
"PlotBm21","b","W2","W2","Asparagus acutifolius",0.025
"PlotBm21","b","W2","W2","Carex flacca",0.04125
"PlotBm21","b","W2","W2","Carpinus orientalis",0.04
"PlotBm21","b","W2","W2","Cistus creticus",0.025
"PlotBm21","b","W2","W2","Crataegus monogyna",0.01
"PlotBm21","b","W2","W2","Cynosurus echinatus",0.005
"PlotBm21","b","W2","W2","Dactylis glomerata",0.005
"PlotBm21","b","W2","W2","Galium murale",0.005
"PlotBm21","b","W2","W2","Lathyrus laxiflorus",0.005
"PlotBm21","b","W2","W2","Oxalis corniculata",0.01
"PlotBm21","b","W2","W2","Quercus coccifera",0.3125
"PlotBm21","b","W2","W2","Quercus frainetto",0.02
"PlotBm21","b","W2","W2","Quercus pubescens",0.185
"PlotBm21","b","W2","W2","Ruscus aculeatus",0.0475
"PlotBm21","b","W2","W2","Silene italica",0.015
"PlotBm22","b","W2","W2","Avena sterilis",0.005
"PlotBm22","b","W2","W2","Bromus sterilis",0.005
"PlotBm22","b","W2","W2","Cerastium brachypetalum",0.015
"PlotBm22","b","W2","W2","Cistus creticus",0.05125
"PlotBm22","b","W2","W2","Cynosurus echinatus",0.005
"PlotBm22","b","W2","W2","Festuca sp.",0.02625
"PlotBm22","b","W2","W2","Fraxinus ornus",0.02625
"PlotBm22","b","W2","W2","Juniperus oxycedrus",0.0925
"PlotBm22","b","W2","W2","Oxalis corniculata",0.005
"PlotBm22","b","W2","W2","Quercus coccifera",0.405
"PlotBm22","b","W2","W2","Quercus frainetto",0.07375
"PlotBm22","b","W2","W2","Quercus pubescens",0.185
"PlotBm22","b","W2","W2","Ruscus aculeatus",0.025
"PlotBm22","b","W2","W2","Silene italica",0.01
"PlotBm22","b","W2","W2","Trifolium angustifolium",0.01
"PlotBm22","b","W2","W2","Trifolium campestre",0.01
"PlotBm22","b","W2","W2","Trifolium sp.",0.005
"PlotBm23","b","W2","W2","Acer campestre",0.04
"PlotBm23","b","W2","W2","Aegilops triuncialis",0.005
"PlotBm23","b","W2","W2","Avena sterilis",0.005
"PlotBm23","b","W2","W2","Carex flacca",0.0675
"PlotBm23","b","W2","W2","Clematis flammula",0.01
"PlotBm23","b","W2","W2","Cynosurus echinatus",0.005
"PlotBm23","b","W2","W2","Festuca sp.",0.0675
"PlotBm23","b","W2","W2","Fraxinus ornus",0.085
"PlotBm23","b","W2","W2","Galium murale",0.02125
"PlotBm23","b","W2","W2","Juniperus oxycedrus",0.015
"PlotBm23","b","W2","W2","Phillyrea latifolia",0.1125
"PlotBm23","b","W2","W2","Quercus coccifera",0.5
"PlotBm23","b","W2","W2","Ruscus aculeatus",0.0425
"PlotBm23","b","W2","W2","Trifolium angustifolium",0.01
"PlotBm24","b","W2","W2","Asparagus acutifolius",0.02
"PlotBm24","b","W2","W2","Avena sterilis",0.01
"PlotBm24","b","W2","W2","Carex flacca",0.115
"PlotBm24","b","W2","W2","Crataegus monogyna",0.01
"PlotBm24","b","W2","W2","Euphorbia sp.",0.0925
"PlotBm24","b","W2","W2","Festuca sp.",0.115
"PlotBm24","b","W2","W2","Fraxinus ornus",0.10375
"PlotBm24","b","W2","W2","Galium murale",0.01
"PlotBm24","b","W2","W2","Lathyrus grandiflorus",0.005
"PlotBm24","b","W2","W2","Papaver rhoeas",0.005
"PlotBm24","b","W2","W2","Phillyrea latifolia",0.13625
"PlotBm24","b","W2","W2","Pistacia terebinthus",0.02125
"PlotBm24","b","W2","W2","Quercus coccifera",0.375
"PlotBm24","b","W2","W2","Quercus pubescens",0.085
"PlotBm24","b","W2","W2","Ruscus aculeatus",0.0725
"PlotBm24","b","W2","W2","Silene italica",0.04625
"PlotBm24","b","W2","W2","Trifolium sp.",0.015
"PlotBm25","b","M24","M24","Agrostis stolonifera",0.05375
"PlotBm25","b","M24","M24","Bromus sterilis",0.09375
"PlotBm25","b","M24","M24","Carduus sp.",0.1075
"PlotBm25","b","M24","M24","Daucus guttatus",0.05375
"PlotBm25","b","M24","M24","Glycyrrhiza echinata",0.05375
"PlotBm25","b","M24","M24","Holcus lanatus",0.135
"PlotBm25","b","M24","M24","Iris pseudacorus",0.04625
"PlotBm25","b","M24","M24","Medicago minima",0.015
"PlotBm25","b","M24","M24","Mentha pulegium",0.0075
"PlotBm25","b","M24","M24","Potentilla reptans",0.05
"PlotBm25","b","M24","M24","Rhinanthus sintenisii",0.0425
"PlotBm25","b","M24","M24","Trifolium repens",0.185
"PlotBm25","b","M24","M24","Vicia villosa",0.02875
"PlotBm26","b","M24","M24","Agrostis stolonifera",0.0675
"PlotBm26","b","M24","M24","Carduus sp.",0.0075
"PlotBm26","b","M24","M24","Daucus guttatus",0.00125
"PlotBm26","b","M24","M24","Holcus lanatus",0.00875
"PlotBm26","b","M24","M24","Iris pseudacorus",0.0225
"PlotBm26","b","M24","M24","Medicago minima",0.02875
"PlotBm26","b","M24","M24","Myosotis ramosissima",0.04625
"PlotBm26","b","M24","M24","Potentilla reptans",0.075
"PlotBm26","b","M24","M24","Rhinanthus sintenisii",0.28
"PlotBm26","b","M24","M24","Trifolium repens",0.1075
"PlotBm26","b","M24","M24","Vicia villosa",0.0075
"PlotBm27","b","M24","M24","Agrostis stolonifera",0.4525
"PlotBm27","b","M24","M24","Cynodon dactylon",0.02125
"PlotBm27","b","M24","M24","Juncus effusus",0.0075
"PlotBm27","b","M24","M24","Phalaris paradoxa",0.00125
"PlotBm27","b","M24","M24","Taraxacum officinale group",0.015
"PlotBm27","b","M24","M24","Trifolium campestre",0.02125
"PlotBm27","b","M24","M24","Trifolium nigrescens",0.02125
"PlotBm27","b","M24","M24","Trifolium repens",0.2325
"PlotBm28","b","M24","M24","Aegilops triuncialis",0.00125
"PlotBm28","b","M24","M24","Bromus sterilis",0.04625
"PlotBm28","b","M24","M24","Capsella bursa-pastoris",0.0075
"PlotBm28","b","M24","M24","Cichorium intybus",0.0075
"PlotBm28","b","M24","M24","Crepis sancta",0.01625
"PlotBm28","b","M24","M24","Cynodon dactylon",0.0675
"PlotBm28","b","M24","M24","Dasypyrum villosum",0.00875
"PlotBm28","b","M24","M24","Erodium ciconium",0.0075
"PlotBm28","b","M24","M24","Filago arvensis",0.00125
"PlotBm28","b","M24","M24","Heliotropium suaveolens",0.04875
"PlotBm28","b","M24","M24","Juncus effusus",0.15625
"PlotBm28","b","M24","M24","Matricaria chamomilla",0.03625
"PlotBm28","b","M24","M24","Medicago minima",0.0425
"PlotBm28","b","M24","M24","Petrorhagia dubia",0.02375
"PlotBm28","b","M24","M24","Phalaris canariensis",0.11375
"PlotBm28","b","M24","M24","Trifolium campestre",0.02875
"PlotBm28","b","M24","M24","Trifolium scabrum",0.0225
"PlotBm29","b","M24","M24","Agrostis stolonifera",0.01
"PlotBm29","b","M24","M24","Aira elegans",0.01
"PlotBm29","b","M24","M24","Avena sterilis",0.005
"PlotBm29","b","M24","M24","Ballota nigra",0.005
"PlotBm29","b","M24","M24","Crepis pulchra",0.02125
"PlotBm29","b","M24","M24","Descurainia sophia",0.005
"PlotBm29","b","M24","M24","Elytrigia repens",0.8125
"PlotBm29","b","M24","M24","Galium parisiense",0.0675
"PlotBm29","b","M24","M24","Poa pratensis",0.015
"PlotBm3","b","W21","W21","Aegilops triuncialis",0.00375
"PlotBm3","b","W21","W21","Anthemis arvensis",0.00125
"PlotBm3","b","W21","W21","Avena sterilis",0.0175
"PlotBm3","b","W21","W21","Ballota acetabulosa",0.00125
"PlotBm3","b","W21","W21","Brachypodium retusum",0.0025
"PlotBm3","b","W21","W21","Briza maxima",0.0075
"PlotBm3","b","W21","W21","Bromus hordeaceus",0.00125
"PlotBm3","b","W21","W21","Bromus squarrosus",0.00125
"PlotBm3","b","W21","W21","Bromus sterilis",0.01
"PlotBm3","b","W21","W21","Carlina vulgaris",0.00125
"PlotBm3","b","W21","W21","Cistus monspeliensis",0.625
"PlotBm3","b","W21","W21","Convolvulus althaeoides",0.00125
"PlotBm3","b","W21","W21","Crepis setosa",0.00125
"PlotBm3","b","W21","W21","Dactylis glomerata",0.00375
"PlotBm3","b","W21","W21","Dittrichia viscosa",0.0075
"PlotBm3","b","W21","W21","Erica arborea",0.09375
"PlotBm3","b","W21","W21","Lagurus ovatus",0.01
"PlotBm3","b","W21","W21","Medicago minima",0.00125
"PlotBm3","b","W21","W21","Petrorhagia dubia",0.00125
"PlotBm3","b","W21","W21","Phillyrea latifolia",0.00125
"PlotBm3","b","W21","W21","Piptatherum miliaceum",0.00125
"PlotBm3","b","W21","W21","Pistacia lentiscus",0.0075
"PlotBm3","b","W21","W21","Poa bulbosa",0.0025
"PlotBm3","b","W21","W21","Quercus coccifera",0.15625
"PlotBm3","b","W21","W21","Trifolium angustifolium",0.00125
"PlotBm3","b","W21","W21","Trifolium arvense",0.01125
"PlotBm3","b","W21","W21","Trifolium campestre",0.0025
"PlotBm3","b","W21","W21","Trifolium scabrum",0.0025
"PlotBm3","b","W21","W21","Tuberaria guttata",0.0025
"PlotBm3","b","W21","W21","Vicia tetrasperma",0.0075
"PlotBm3","b","W21","W21","Vulpia muralis",0.00125
"PlotBm30","b","M24","M24","Cerastium sp.",0.02
"PlotBm30","b","M24","M24","Crepis pulchra",0.015
"PlotBm30","b","M24","M24","Elytrigia repens",0.625
"PlotBm30","b","M24","M24","Galium parisiense",0.0475
"PlotBm30","b","M24","M24","Poa pratensis",0.015
"PlotBm31","b","M24","M24","Agrostis stolonifera",0.02
"PlotBm31","b","M24","M24","Aira elegans",0.005
"PlotBm31","b","M24","M24","Cerastium sp.",0.03125
"PlotBm31","b","M24","M24","Elytrigia repens",0.6875
"PlotBm31","b","M24","M24","Galium parisiense",0.04625
"PlotBm31","b","M24","M24","Poa pratensis",0.01
"PlotBm32","b","M24","M24","Agrostis stolonifera",0.1525
"PlotBm32","b","M24","M24","Calamagrostis canescens",0.04625
"PlotBm32","b","M24","M24","Crepis pulchra",0.005
"PlotBm32","b","M24","M24","Elytrigia repens",0.515
"PlotBm32","b","M24","M24","Galium parisiense",0.02
"PlotBm32","b","M24","M24","Gaudinia fragilis",0.01
"PlotBm32","b","M24","M24","Poa pratensis",0.14
"PlotBm32","b","M24","M24","Silene conica",0.005
"PlotBm33","b","M24","M24","Agrostis stolonifera",0.04125
"PlotBm33","b","M24","M24","Elytrigia repens",0.5625
"PlotBm33","b","M24","M24","Galium parisiense",0.05625
"PlotBm33","b","M24","M24","Juncus sp.",0.01
"PlotBm33","b","M24","M24","Reseda lutea",0.005
"PlotBm34","b","M24","M24","Agrostis stolonifera",0.02125
"PlotBm34","b","M24","M24","Elytrigia repens",0.75
"PlotBm34","b","M24","M24","Galium parisiense",0.02
"PlotBm34","b","M24","M24","Juncus sp.",0.0475
"PlotBm34","b","M24","M24","Poa pratensis",0.01
"PlotBm35","b","M24","M24","Avena sterilis",0.01
"PlotBm35","b","M24","M24","Cynosurus echinatus",0.005
"PlotBm35","b","M24","M24","Juncus effusus",0.6875
"PlotBm35","b","M24","M24","Petrorhagia prolifera",0.00125
"PlotBm35","b","M24","M24","Phragmites australis",0.02125
"PlotBm35","b","M24","M24","Rostraria cristata",0.005
"PlotBm36","b","M24","M24","Avena sterilis",0.005
"PlotBm36","b","M24","M24","Juncus effusus",0.625
"PlotBm37","b","W12","W12","Aremonia agrimonoides",0.00125
"PlotBm37","b","W12","W12","Fagus sylvatica",0.875
"PlotBm37","b","W12","W12","Hedera helix",0.0075
"PlotBm37","b","W12","W12","Luzula luzuloides",0.00125
"PlotBm37","b","W12","W12","Taxus baccata",0.16375
"PlotBm37","b","W12","W12","Viola reichenbachiana",0.00125
"PlotBm38","b","W12","W12","Aremonia agrimonoides",0.00125
"PlotBm38","b","W12","W12","Euonymus europaeus",0.00125
"PlotBm38","b","W12","W12","Fagus sylvatica",0.875
"PlotBm38","b","W12","W12","Galium odoratum",0.00125
"PlotBm38","b","W12","W12","Hordelymus europaeus",0.00125
"PlotBm38","b","W12","W12","Lathyrus venetus",0.00125
"PlotBm38","b","W12","W12","Poa nemoralis",0.00125
"PlotBm38","b","W12","W12","Quercus petraea",0.00125
"PlotBm38","b","W12","W12","Viola alba",0.00125
"PlotBm39","b","W12","W12","Castanea sativa",0.00125
"PlotBm39","b","W12","W12","Fagus sylvatica",0.875
"PlotBm39","b","W12","W12","Festuca heterophylla",0.00125
"PlotBm39","b","W12","W12","Lactuca muralis",0.0075
"PlotBm39","b","W12","W12","Luzula luzuloides",0.04625
"PlotBm39","b","W12","W12","Melica uniflora",0.00125
"PlotBm39","b","W12","W12","Veronica chamaedrys",0.00125
"PlotBm4","b","W21","W21","Aegilops triuncialis",0.0025
"PlotBm4","b","W21","W21","Aira elegans",0.00125
"PlotBm4","b","W21","W21","Anthemis arvensis",0.00125
"PlotBm4","b","W21","W21","Avena sterilis",0.00375
"PlotBm4","b","W21","W21","Ballota acetabulosa",0.0475
"PlotBm4","b","W21","W21","Brachypodium retusum",0.00125
"PlotBm4","b","W21","W21","Briza maxima",0.00125
"PlotBm4","b","W21","W21","Bromus squarrosus",0.00125
"PlotBm4","b","W21","W21","Bromus sterilis",0.0025
"PlotBm4","b","W21","W21","Cichorium intybus",0.0075
"PlotBm4","b","W21","W21","Cistus monspeliensis",0.625
"PlotBm4","b","W21","W21","Convolvulus althaeoides",0.00125
"PlotBm4","b","W21","W21","Crepis setosa",0.00125
"PlotBm4","b","W21","W21","Cynosurus echinatus",0.00125
"PlotBm4","b","W21","W21","Dactylis glomerata",0.00375
"PlotBm4","b","W21","W21","Erica manipuliflora",0.1875
"PlotBm4","b","W21","W21","Geranium brutium",0.00125
"PlotBm4","b","W21","W21","Lagurus ovatus",0.00375
"PlotBm4","b","W21","W21","Lathyrus aphaca",0.0075
"PlotBm4","b","W21","W21","Medicago minima",0.0025
"PlotBm4","b","W21","W21","Piptatherum miliaceum",0.00125
"PlotBm4","b","W21","W21","Poa bulbosa",0.00125
"PlotBm4","b","W21","W21","Taeniatherum caput-medusae",0.0025
"PlotBm4","b","W21","W21","Trifolium angustifolium",0.00125
"PlotBm4","b","W21","W21","Trifolium arvense",0.01
"PlotBm4","b","W21","W21","Trifolium scabrum",0.00125
"PlotBm4","b","W21","W21","Tuberaria guttata",0.00125
"PlotBm40","b","W12","W12","Cardamine bulbifera",2.5e-4
"PlotBm40","b","W12","W12","Euphorbia amygdaloides",0.00125
"PlotBm40","b","W12","W12","Fagus sylvatica",0.875
"PlotBm40","b","W12","W12","Galium odoratum",2.5e-4
"PlotBm40","b","W12","W12","Lathyrus laxiflorus",2.5e-4
"PlotBm40","b","W12","W12","Poa nemoralis",0.00875
"PlotBm40","b","W12","W12","Pteridium aquilinum",0.0075
"PlotBm40","b","W12","W12","Rubus canescens",0.00375
"PlotBm40","b","W12","W12","Viola alba",0.0025
"PlotBm41","b","W12","W12","Cardamine graeca",0.00125
"PlotBm41","b","W12","W12","Euphorbia amygdaloides",0.0075
"PlotBm41","b","W12","W12","Fagus sylvatica",0.875
"PlotBm41","b","W12","W12","Galium odoratum",0.02125
"PlotBm41","b","W12","W12","Glechoma hirsuta",0.00125
"PlotBm41","b","W12","W12","Lactuca muralis",0.00875
"PlotBm41","b","W12","W12","Lamium maculatum",0.02125
"PlotBm41","b","W12","W12","Melica uniflora",0.0075
"PlotBm41","b","W12","W12","Poa nemoralis",0.0075
"PlotBm41","b","W12","W12","Rubus idaeus",0.03625
"PlotBm42","b","W12","W12","Acer pseudoplatanus",0.00125
"PlotBm42","b","W12","W12","Fagus sylvatica",0.875
"PlotBm42","b","W12","W12","Galium odoratum",0.0225
"PlotBm42","b","W12","W12","Lamium maculatum",0.00125
"PlotBm42","b","W12","W12","Melittis melissophyllum",0.00125
"PlotBm42","b","W12","W12","Pteridium aquilinum",0.01
"PlotBm43","b","W12","W12","Cardamine bulbifera",0.0075
"PlotBm43","b","W12","W12","Euphorbia amygdaloides",0.00125
"PlotBm43","b","W12","W12","Fagus sylvatica",0.875
"PlotBm43","b","W12","W12","Galium rotundifolium",0.0075
"PlotBm43","b","W12","W12","Milium effusum",0.185
"PlotBm43","b","W12","W12","Orthilia secunda",0.0075
"PlotBm43","b","W12","W12","Rubus canescens",0.0175
"PlotBm43","b","W12","W12","Sanicula europaea",0.00125
"PlotBm43","b","W12","W12","Viola riviniana",0.00125
"PlotBm44","b","W12","W12","Fagus sylvatica",0.875
"PlotBm44","b","W12","W12","Galium rotundifolium",0.00125
"PlotBm44","b","W12","W12","Luzula luzuloides",0.0225
"PlotBm44","b","W12","W12","Milium effusum",0.0075
"PlotBm44","b","W12","W12","Poa nemoralis",0.00125
"PlotBm44","b","W12","W12","Prenanthes purpurea",0.0375
"PlotBm45","b","W12","W12","Cardamine bulbifera",0.00125
"PlotBm45","b","W12","W12","Fagus sylvatica",0.875
"PlotBm45","b","W12","W12","Galium odoratum",0.05375
"PlotBm45","b","W12","W12","Glechoma hirsuta",0.00125
"PlotBm45","b","W12","W12","Lactuca muralis",0.0075
"PlotBm45","b","W12","W12","Neottia nidus-avis",0.00125
"PlotBm45","b","W12","W12","Poa nemoralis",0.0025
"PlotBm45","b","W12","W12","Potentilla micrantha",0.00125
"PlotBm46","b","W12","W12","Brachypodium sylvaticum",0.00125
"PlotBm46","b","W12","W12","Epilobium montanum",0.00125
"PlotBm46","b","W12","W12","Fagus sylvatica",0.875
"PlotBm46","b","W12","W12","Galium odoratum",0.015
"PlotBm46","b","W12","W12","Galium rotundifolium",2.5e-4
"PlotBm46","b","W12","W12","Lactuca muralis",0.0015
"PlotBm46","b","W12","W12","Sanicula europaea",0.00125
"PlotBm47","b","W12","W12","Fagus sylvatica",0.875
"PlotBm47","b","W12","W12","Galium rotundifolium",0.0025
"PlotBm47","b","W12","W12","Lactuca muralis",0.00125
"PlotBm47","b","W12","W12","Poa nemoralis",0.00875
"PlotBm48","b","W12","W12","Cardamine bulbifera",0.00125
"PlotBm48","b","W12","W12","Fagus sylvatica",0.875
"PlotBm48","b","W12","W12","Galium odoratum",0.00875
"PlotBm48","b","W12","W12","Lactuca muralis",0.00125
"PlotBm48","b","W12","W12","Poa nemoralis",0.00125
"PlotBm49","b","W18","W18","Carex flacca",0.405
"PlotBm49","b","W18","W18","Festuca sp.",0.04625
"PlotBm49","b","W18","W18","Muscari comosum",0.0025
"PlotBm49","b","W18","W18","Pinus brutia",0.875
"PlotBm49","b","W18","W18","Quercus cerris",0.00625
"PlotBm49","b","W18","W18","Quercus frainetto",0.0325
"PlotBm49","b","W18","W18","Quercus pubescens",0.0075
"PlotBm5","b","W21","W21","Aegilops triuncialis",0.0025
"PlotBm5","b","W21","W21","Aira elegans",0.0025
"PlotBm5","b","W21","W21","Anthemis arvensis",0.00125
"PlotBm5","b","W21","W21","Avena sterilis",0.00375
"PlotBm5","b","W21","W21","Ballota acetabulosa",0.00125
"PlotBm5","b","W21","W21","Briza maxima",0.00125
"PlotBm5","b","W21","W21","Bromus hordeaceus",0.00125
"PlotBm5","b","W21","W21","Bromus squarrosus",0.00125
"PlotBm5","b","W21","W21","Bromus sterilis",0.0025
"PlotBm5","b","W21","W21","Centaurea benedicta",0.00125
"PlotBm5","b","W21","W21","Cichorium intybus",0.0075
"PlotBm5","b","W21","W21","Cistus monspeliensis",0.75
"PlotBm5","b","W21","W21","Convolvulus althaeoides",0.00125
"PlotBm5","b","W21","W21","Crepis sancta",0.00125
"PlotBm5","b","W21","W21","Cynosurus echinatus",0.00125
"PlotBm5","b","W21","W21","Dactylis glomerata",0.00875
"PlotBm5","b","W21","W21","Daucus guttatus",0.00125
"PlotBm5","b","W21","W21","Geranium lucidum",0.00125
"PlotBm5","b","W21","W21","Lagurus ovatus",0.0025
"PlotBm5","b","W21","W21","Lathyrus aphaca",0.00125
"PlotBm5","b","W21","W21","Medicago arabica",0.00125
"PlotBm5","b","W21","W21","Medicago minima",0.0025
"PlotBm5","b","W21","W21","Medicago orbicularis",0.00125
"PlotBm5","b","W21","W21","Micromeria juliana",0.00125
"PlotBm5","b","W21","W21","Petrorhagia dubia",0.00125
"PlotBm5","b","W21","W21","Piptatherum miliaceum",0.00875
"PlotBm5","b","W21","W21","Pistacia lentiscus",0.1875
"PlotBm5","b","W21","W21","Poa bulbosa",0.00125
"PlotBm5","b","W21","W21","Trifolium angustifolium",0.00375
"PlotBm5","b","W21","W21","Trifolium arvense",0.0025
"PlotBm5","b","W21","W21","Trifolium scabrum",0.00875
"PlotBm50","b","W18","W18","Carex flacca",0.14375
"PlotBm50","b","W18","W18","Muscari comosum",0.0025
"PlotBm50","b","W18","W18","Pinus brutia",0.625
"PlotBm50","b","W18","W18","Quercus frainetto",0.425
"PlotBm50","b","W18","W18","Quercus pubescens",0.02
"PlotBm51","b","W18","W18","Carex flacca",0.3175
"PlotBm51","b","W18","W18","Cirsium vulgare",0.00125
"PlotBm51","b","W18","W18","Festuca sp.",0.14
"PlotBm51","b","W18","W18","Juniperus oxycedrus",0.1875
"PlotBm51","b","W18","W18","Muscari comosum",0.00625
"PlotBm51","b","W18","W18","Pinus brutia",0.625
"PlotBm51","b","W18","W18","Quercus frainetto",0.00625
"PlotBm51","b","W18","W18","Quercus pubescens",0.0225
"PlotBm52","b","W18","W18","Carex flacca",0.1875
"PlotBm52","b","W18","W18","Festuca sp.",0.1025
"PlotBm52","b","W18","W18","Juniperus oxycedrus",0.00625
"PlotBm52","b","W18","W18","Muscari comosum",0.005
"PlotBm52","b","W18","W18","Pilosela sp.",0.005
"PlotBm52","b","W18","W18","Pinus brutia",0.875
"PlotBm52","b","W18","W18","Quercus frainetto",0.02
"PlotBm53","b","W18","W18","Carex flacca",0.245
"PlotBm53","b","W18","W18","Festuca sp.",0.11375
"PlotBm53","b","W18","W18","Phillyrea latifolia",0.01
"PlotBm53","b","W18","W18","Pinus brutia",0.625
"PlotBm53","b","W18","W18","Quercus frainetto",0.0025
"PlotBm53","b","W18","W18","Ruscus aculeatus",0.00125
"PlotBm54","b","W18","W18","Aira elegans",0.005
"PlotBm54","b","W18","W18","Anthoxanthum odoratum",0.005
"PlotBm54","b","W18","W18","Arenaria sp.",0.00125
"PlotBm54","b","W18","W18","Briza maxima",0.005
"PlotBm54","b","W18","W18","Carex flacca",0.06125
"PlotBm54","b","W18","W18","Crepis sancta",0.09375
"PlotBm54","b","W18","W18","Cynosurus echinatus",0.005
"PlotBm54","b","W18","W18","Dactylis glomerata",0.00625
"PlotBm54","b","W18","W18","Dianthus giganteus",0.005
"PlotBm54","b","W18","W18","Galium aparine",0.09375
"PlotBm54","b","W18","W18","Juniperus oxycedrus",0.005
"PlotBm54","b","W18","W18","Lonicera etrusca",0.01
"PlotBm54","b","W18","W18","Muscari comosum",0.005
"PlotBm54","b","W18","W18","Orlaya grandiflora",0.00125
"PlotBm54","b","W18","W18","Pinus brutia",0.625
"PlotBm54","b","W18","W18","Poa bulbosa",0.02125
"PlotBm54","b","W18","W18","Quercus frainetto",0.115
"PlotBm54","b","W18","W18","Quercus pubescens",0.01
"PlotBm54","b","W18","W18","Rumex acetosella",0.00125
"PlotBm54","b","W18","W18","Trifolium angustifolium",0.01
"PlotBm54","b","W18","W18","Trifolium scabrum",0.04625
"PlotBm54","b","W18","W18","Trifolium stellatum",0.02125
"PlotBm54","b","W18","W18","Vicia villosa",0.005
"PlotBm55","b","W18","W18","Carex flacca",0.00875
"PlotBm55","b","W18","W18","Elytrigia repens",0.01125
"PlotBm55","b","W18","W18","Festuca sp.",0.0575
"PlotBm55","b","W18","W18","Pilosela sp.",0.0225
"PlotBm55","b","W18","W18","Pinus brutia",0.095
"PlotBm55","b","W18","W18","Quercus frainetto",0.0075
"PlotBm55","b","W18","W18","Quercus pubescens",0.00375
"PlotBm55","b","W18","W18","Silene italica",0.00625
"PlotBm56","b","W18","W18","Carex flacca",0.0725
"PlotBm56","b","W18","W18","Festuca sp.",0.03125
"PlotBm56","b","W18","W18","Juniperus oxycedrus",0.0725
"PlotBm56","b","W18","W18","Muscari comosum",2.5e-4
"PlotBm56","b","W18","W18","Pinus brutia",0.875
"PlotBm56","b","W18","W18","Quercus frainetto",0.095
"PlotBm57","b","W18","W18","Avena sterilis",0.005
"PlotBm57","b","W18","W18","Festuca sp.",0.0425
"PlotBm57","b","W18","W18","Juniperus communis",0.05125
"PlotBm57","b","W18","W18","Phillyrea latifolia",0.0925
"PlotBm57","b","W18","W18","Pinus brutia",0.875
"PlotBm57","b","W18","W18","Quercus frainetto",0.02125
"PlotBm57","b","W18","W18","Quercus pubescens",0.03125
"PlotBm58","b","W18","W18","Muscari comosum",0.005
"PlotBm58","b","W18","W18","Pinus brutia",0.875
"PlotBm58","b","W18","W18","Quercus pubescens",0.015
"PlotBm59","b","W18","W18","Avena sterilis",0.005
"PlotBm59","b","W18","W18","Briza maxima",0.04625
"PlotBm59","b","W18","W18","Festuca sp.",0.5
"PlotBm59","b","W18","W18","Pinus brutia",0.625
"PlotBm59","b","W18","W18","Quercus pubescens",0.02
"PlotBm6","b","W21","W21","Aegilops triuncialis",0.0025
"PlotBm6","b","W21","W21","Aira elegans",0.00125
"PlotBm6","b","W21","W21","Avena sterilis",0.005
"PlotBm6","b","W21","W21","Ballota acetabulosa",0.00125
"PlotBm6","b","W21","W21","Brachypodium retusum",0.00125
"PlotBm6","b","W21","W21","Briza maxima",0.0025
"PlotBm6","b","W21","W21","Bromus hordeaceus",0.00125
"PlotBm6","b","W21","W21","Bromus sterilis",0.0025
"PlotBm6","b","W21","W21","Carlina vulgaris",0.00125
"PlotBm6","b","W21","W21","Cichorium intybus",0.00125
"PlotBm6","b","W21","W21","Cistus creticus",0.0075
"PlotBm6","b","W21","W21","Cistus monspeliensis",0.17125
"PlotBm6","b","W21","W21","Convolvulus althaeoides",0.00125
"PlotBm6","b","W21","W21","Cruciata pedemontana",0.00125
"PlotBm6","b","W21","W21","Dactylis glomerata",0.00125
"PlotBm6","b","W21","W21","Erica manipuliflora",0.615
"PlotBm6","b","W21","W21","Galium divaricatum",0.00125
"PlotBm6","b","W21","W21","Geranium brutium",0.0025
"PlotBm6","b","W21","W21","Lagurus ovatus",0.00375
"PlotBm6","b","W21","W21","Medicago arabica",0.00125
"PlotBm6","b","W21","W21","Medicago minima",0.00125
"PlotBm6","b","W21","W21","Petrorhagia dubia",0.00125
"PlotBm6","b","W21","W21","Piptatherum miliaceum",0.00125
"PlotBm6","b","W21","W21","Poa bulbosa",0.0025
"PlotBm6","b","W21","W21","Taeniatherum caput-medusae",0.00125
"PlotBm6","b","W21","W21","Trifolium angustifolium",0.00375
"PlotBm6","b","W21","W21","Trifolium arvense",0.00375
"PlotBm6","b","W21","W21","Trifolium campestre",0.00125
"PlotBm6","b","W21","W21","Trifolium scabrum",0.0075
"PlotBm6","b","W21","W21","Tuberaria guttata",0.015
"PlotBm6","b","W21","W21","Vulpia muralis",0.00125
"PlotBm60","b","W18","W18","Allium sp.",0.00125
"PlotBm60","b","W18","W18","Avena sterilis",0.005
"PlotBm60","b","W18","W18","Cistus creticus",0.01
"PlotBm60","b","W18","W18","Dactylis glomerata",0.0425
"PlotBm60","b","W18","W18","Festuca sp.",0.4375
"PlotBm60","b","W18","W18","Muscari comosum",0.005
"PlotBm60","b","W18","W18","Pinus brutia",0.875
"PlotBm60","b","W18","W18","Quercus pubescens",0.005
"PlotBm61","b","U17","U17","Aira elegans",0.015
"PlotBm61","b","U17","U17","Arbutus unedo",0.1875
"PlotBm61","b","U17","U17","Bromus hordeaceus",0.01
"PlotBm61","b","U17","U17","Bromus sterilis",0.3125
"PlotBm61","b","U17","U17","Capsella bursa-pastoris",0.01
"PlotBm61","b","U17","U17","Cistus creticus",0.04125
"PlotBm61","b","U17","U17","Cynosurus echinatus",0.005
"PlotBm61","b","U17","U17","Dactylis glomerata",0.01
"PlotBm61","b","U17","U17","Erica arborea",0.185
"PlotBm61","b","U17","U17","Festuca sp.",0.03
"PlotBm61","b","U17","U17","Galium aparine",0.01
"PlotBm61","b","U17","U17","Juniperus oxycedrus",0.01
"PlotBm61","b","U17","U17","Phillyrea latifolia",0.085
"PlotBm61","b","U17","U17","Pistacia terebinthus",0.005
"PlotBm61","b","U17","U17","Poa bulbosa",0.02
"PlotBm61","b","U17","U17","Quercus cerris",0.085
"PlotBm61","b","U17","U17","Quercus pubescens",0.04625
"PlotBm61","b","U17","U17","Trifolium angustifolium",0.005
"PlotBm62","b","U17","U17","Achnatherum bromoides",0.02125
"PlotBm62","b","U17","U17","Agrostis stolonifera",0.02125
"PlotBm62","b","U17","U17","Asparagus sp.",0.02125
"PlotBm62","b","U17","U17","Brachypodium pinnatum",0.005
"PlotBm62","b","U17","U17","Carpinus orientalis",0.01
"PlotBm62","b","U17","U17","Cerastium brachypetalum",0.005
"PlotBm62","b","U17","U17","Cistus creticus",0.16125
"PlotBm62","b","U17","U17","Dactylis glomerata",0.01
"PlotBm62","b","U17","U17","Erica arborea",0.03125
"PlotBm62","b","U17","U17","Festuca sp.",0.1125
"PlotBm62","b","U17","U17","Juniperus oxycedrus",0.3125
"PlotBm62","b","U17","U17","Phillyrea latifolia",0.01
"PlotBm62","b","U17","U17","Quercus coccifera",0.875
"PlotBm62","b","U17","U17","Teucrium capitatum",0.01
"PlotBm62","b","U17","U17","Thymus sibthorpii",0.03125
"PlotBm62","b","U17","U17","Trifolium angustifolium",0.005
"PlotBm62","b","U17","U17","Trifolium arvense",0.01
"PlotBm63","b","U17","U17","Achnatherum bromoides",0.005
"PlotBm63","b","U17","U17","Alyssum sp.",0.015
"PlotBm63","b","U17","U17","Anthemis arvensis",0.02125
"PlotBm63","b","U17","U17","Avena fatua",0.005
"PlotBm63","b","U17","U17","Avena sterilis",0.015
"PlotBm63","b","U17","U17","Chondrilla juncea",0.04625
"PlotBm63","b","U17","U17","Cistus creticus",0.10375
"PlotBm63","b","U17","U17","Cynosurus echinatus",0.005
"PlotBm63","b","U17","U17","Dasypyrum villosum",0.01
"PlotBm63","b","U17","U17","Erica arborea",0.1875
"PlotBm63","b","U17","U17","Euphorbia characias",0.04625
"PlotBm63","b","U17","U17","Festuca sp.",0.04625
"PlotBm63","b","U17","U17","Galium aparine",0.02125
"PlotBm63","b","U17","U17","Helianthemum sp.",0.01
"PlotBm63","b","U17","U17","Medicago minima",0.01
"PlotBm63","b","U17","U17","Micromeria sp.",0.03625
"PlotBm63","b","U17","U17","Pentanema verbascifolium",0.01
"PlotBm63","b","U17","U17","Phillyrea latifolia",0.015
"PlotBm63","b","U17","U17","Quercus coccifera",0.2075
"PlotBm63","b","U17","U17","Rostraria cristata",0.01
"PlotBm63","b","U17","U17","Silene conica",0.015
"PlotBm63","b","U17","U17","Teucrium capitatum",0.06625
"PlotBm63","b","U17","U17","Thymus sibthorpii",0.1025
"PlotBm63","b","U17","U17","Torilis arvensis",0.01
"PlotBm63","b","U17","U17","Trifolium angustifolium",0.01
"PlotBm63","b","U17","U17","Xeranthemum cylindraceum",0.01
"PlotBm64","b","U17","U17","Alyssum sp.",0.01
"PlotBm64","b","U17","U17","Asperula cynanchica",0.09375
"PlotBm64","b","U17","U17","Avena sterilis",0.015
"PlotBm64","b","U17","U17","Bombycilaena erecta",0.0425
"PlotBm64","b","U17","U17","Brachypodium pinnatum",0.01
"PlotBm64","b","U17","U17","Bromus squarrosus",0.005
"PlotBm64","b","U17","U17","Cerastium brachypetalum",0.015
"PlotBm64","b","U17","U17","Cercis siliquastrum",0.005
"PlotBm64","b","U17","U17","Cistus creticus",0.255
"PlotBm64","b","U17","U17","Cynodon dactylon",0.01
"PlotBm64","b","U17","U17","Dasypyrum villosum",0.015
"PlotBm64","b","U17","U17","Euphorbia characias",0.01
"PlotBm64","b","U17","U17","Festuca sp.",0.0675
"PlotBm64","b","U17","U17","Fumana sp.",0.01
"PlotBm64","b","U17","U17","Galium aparine",0.02125
"PlotBm64","b","U17","U17","Medicago minima",0.015
"PlotBm64","b","U17","U17","Paliurus spina-christi",0.02125
"PlotBm64","b","U17","U17","Petrorhagia prolifera",0.02125
"PlotBm64","b","U17","U17","Poa nemoralis",0.01
"PlotBm64","b","U17","U17","Quercus coccifera",0.1875
"PlotBm64","b","U17","U17","Rostraria cristata",0.03125
"PlotBm64","b","U17","U17","Scutellaria albida",0.005
"PlotBm64","b","U17","U17","Silene italica",0.015
"PlotBm64","b","U17","U17","Stachys germanica",0.01
"PlotBm64","b","U17","U17","Thymus sibthorpii",0.04625
"PlotBm64","b","U17","U17","Torilis arvensis",0.015
"PlotBm64","b","U17","U17","Trifolium angustifolium",0.02
"PlotBm64","b","U17","U17","Trifolium fragiferum",0.02
"PlotBm65","b","U17","U17","Agrostis stolonifera",0.01
"PlotBm65","b","U17","U17","Aira elegans",0.005
"PlotBm65","b","U17","U17","Anthemis arvensis",0.005
"PlotBm65","b","U17","U17","Anthyllis hermanniae",0.0925
"PlotBm65","b","U17","U17","Asparagus acutifolius",0.01
"PlotBm65","b","U17","U17","Carpinus orientalis",0.185
"PlotBm65","b","U17","U17","Chrysopogon gryllus",0.01
"PlotBm65","b","U17","U17","Cistus creticus",0.24375
"PlotBm65","b","U17","U17","Dactylis glomerata",0.02
"PlotBm65","b","U17","U17","Eryngium campestre",0.005
"PlotBm65","b","U17","U17","Euphorbia seguieriana",0.01
"PlotBm65","b","U17","U17","Festuca valesiaca",0.16
"PlotBm65","b","U17","U17","Fraxinus ornus",0.04
"PlotBm65","b","U17","U17","Galium divaricatum",0.01
"PlotBm65","b","U17","U17","Juniperus oxycedrus",0.01
"PlotBm65","b","U17","U17","Linum usitatissimum",0.04625
"PlotBm65","b","U17","U17","Phalaris paradoxa",0.01
"PlotBm65","b","U17","U17","Phillyrea latifolia",0.04625
"PlotBm65","b","U17","U17","Quercus coccifera",0.375
"PlotBm65","b","U17","U17","Quercus pubescens",0.0425
"PlotBm65","b","U17","U17","Silene italica",0.01
"PlotBm65","b","U17","U17","Spergula arvensis",0.005
"PlotBm65","b","U17","U17","Thymus sibthorpii",0.01
"PlotBm65","b","U17","U17","Trifolium fragiferum",0.02125
"PlotBm65","b","U17","U17","Vicia sp.",0.05625
"PlotBm65","b","U17","U17","Xeranthemum inapertum",0.01
"PlotBm66","b","U17","U17","Anthemis arvensis",0.005
"PlotBm66","b","U17","U17","Cistus creticus",0.16
"PlotBm66","b","U17","U17","Crataegus monogyna",0.01
"PlotBm66","b","U17","U17","Dactylis glomerata",0.02125
"PlotBm66","b","U17","U17","Festuca valesiaca",0.12375
"PlotBm66","b","U17","U17","Fraxinus ornus",0.085
"PlotBm66","b","U17","U17","Galium divaricatum",0.01
"PlotBm66","b","U17","U17","Hieracium sp.",0.01
"PlotBm66","b","U17","U17","Juniperus oxycedrus",0.01
"PlotBm66","b","U17","U17","Linum usitatissimum",0.04625
"PlotBm66","b","U17","U17","Phillyrea latifolia",0.03125
"PlotBm66","b","U17","U17","Phleum pratense",0.05625
"PlotBm66","b","U17","U17","Pyrus spinosa",0.02
"PlotBm66","b","U17","U17","Quercus coccifera",0.405
"PlotBm66","b","U17","U17","Quercus pubescens",0.185
"PlotBm66","b","U17","U17","Teucrium capitatum",0.01
"PlotBm66","b","U17","U17","Teucrium chamaedrys",0.005
"PlotBm66","b","U17","U17","Thymus sibthorpii",0.03125
"PlotBm66","b","U17","U17","Trifolium scabrum",0.02125
"PlotBm66","b","U17","U17","Veronica sp.",0.02125
"PlotBm67","b","U16","U16","Allium sp.",0.0075
"PlotBm67","b","U16","U16","Asparagus acutifolius",0.02125
"PlotBm67","b","U16","U16","Brachypodium sylvaticum",0.02125
"PlotBm67","b","U16","U16","Crepis sancta",0.0075
"PlotBm67","b","U16","U16","Crepis setosa",0.04625
"PlotBm67","b","U16","U16","Cynodon dactylon",0.1875
"PlotBm67","b","U16","U16","Eryngium campestre",0.0475
"PlotBm67","b","U16","U16","Fraxinus ornus",0.09375
"PlotBm67","b","U16","U16","Goniolimon tataricum",0.0075
"PlotBm67","b","U16","U16","Helianthemum nummularium",0.10125
"PlotBm67","b","U16","U16","Juniperus oxycedrus",0.00125
"PlotBm67","b","U16","U16","Melica ciliata",0.00125
"PlotBm67","b","U16","U16","Piptatherum miliaceum",0.00125
"PlotBm67","b","U16","U16","Poa bulbosa",0.0075
"PlotBm67","b","U16","U16","Quercus coccifera",0.625
"PlotBm67","b","U16","U16","Ruscus aculeatus",0.00125
"PlotBm67","b","U16","U16","Silene conica",0.0425
"PlotBm67","b","U16","U16","Silene italica",0.0925
"PlotBm67","b","U16","U16","Teucrium capitatum",0.11375
"PlotBm67","b","U16","U16","Trifolium angustifolium",0.02875
"PlotBm68","b","U16","U16","Asparagus acutifolius",0.0225
"PlotBm68","b","U16","U16","Bromus hordeaceus",0.0075
"PlotBm68","b","U16","U16","Crepis setosa",0.00125
"PlotBm68","b","U16","U16","Cruciata pedemontana",0.00125
"PlotBm68","b","U16","U16","Cynosurus echinatus",0.00125
"PlotBm68","b","U16","U16","Dactylis glomerata",0.0075
"PlotBm68","b","U16","U16","Dasypyrum villosum",0.03625
"PlotBm68","b","U16","U16","Eryngium campestre",0.00125
"PlotBm68","b","U16","U16","Filago arvensis",0.00125
"PlotBm68","b","U16","U16","Hypericum perforatum",0.00125
"PlotBm68","b","U16","U16","Myosotis ramosissima",0.00125
"PlotBm68","b","U16","U16","Paliurus spina-christi",0.00125
"PlotBm68","b","U16","U16","Piptatherum miliaceum",0.00125
"PlotBm68","b","U16","U16","Quercus coccifera",0.53125
"PlotBm68","b","U16","U16","Trifolium angustifolium",0.0025
"PlotBm68","b","U16","U16","Trifolium campestre",0.00125
"PlotBm68","b","U16","U16","Trifolium scabrum",0.005
"PlotBm68","b","U16","U16","Ulmus glabra",0.00125
"PlotBm68","b","U16","U16","Vicia grandiflora",0.02125
"PlotBm69","b","U16","U16","Aegilops triuncialis",0.00875
"PlotBm69","b","U16","U16","Anthemis arvensis",0.00125
"PlotBm69","b","U16","U16","Asparagus acutifolius",0.0075
"PlotBm69","b","U16","U16","Bromus hordeaceus",0.00125
"PlotBm69","b","U16","U16","Crepis sancta",0.02125
"PlotBm69","b","U16","U16","Cruciata pedemontana",0.0025
"PlotBm69","b","U16","U16","Cynodon dactylon",0.0625
"PlotBm69","b","U16","U16","Dactylis glomerata",0.02875
"PlotBm69","b","U16","U16","Dasypyrum villosum",0.0025
"PlotBm69","b","U16","U16","Eryngium campestre",0.00125
"PlotBm69","b","U16","U16","Fraxinus ornus",0.00125
"PlotBm69","b","U16","U16","Juniperus oxycedrus",0.02125
"PlotBm69","b","U16","U16","Melica ciliata",0.00125
"PlotBm69","b","U16","U16","Myosotis ramosissima",0.00125
"PlotBm69","b","U16","U16","Paliurus spina-christi",0.0075
"PlotBm69","b","U16","U16","Phleum pratense",0.00125
"PlotBm69","b","U16","U16","Piptatherum miliaceum",0.05
"PlotBm69","b","U16","U16","Quercus coccifera",0.34375
"PlotBm69","b","U16","U16","Silene italica",0.0075
"PlotBm69","b","U16","U16","Trifolium angustifolium",0.00125
"PlotBm69","b","U16","U16","Trifolium scabrum",0.00125
"PlotBm7","b","W21","W21","Aegilops triuncialis",0.0025
"PlotBm7","b","W21","W21","Anthemis arvensis",0.00125
"PlotBm7","b","W21","W21","Anthoxanthum odoratum",0.00125
"PlotBm7","b","W21","W21","Avena sterilis",0.01
"PlotBm7","b","W21","W21","Ballota acetabulosa",0.00125
"PlotBm7","b","W21","W21","Brachypodium retusum",0.00125
"PlotBm7","b","W21","W21","Briza maxima",0.00125
"PlotBm7","b","W21","W21","Bromus squarrosus",0.0025
"PlotBm7","b","W21","W21","Bromus sterilis",0.0075
"PlotBm7","b","W21","W21","Centaurea benedicta",0.00125
"PlotBm7","b","W21","W21","Cistus monspeliensis",0.24125
"PlotBm7","b","W21","W21","Crepis sancta",0.00125
"PlotBm7","b","W21","W21","Cynosurus echinatus",0.00125
"PlotBm7","b","W21","W21","Dactylis glomerata",0.0025
"PlotBm7","b","W21","W21","Erica manipuliflora",0.65625
"PlotBm7","b","W21","W21","Helianthemum nummularium",0.00125
"PlotBm7","b","W21","W21","Lagurus ovatus",0.00875
"PlotBm7","b","W21","W21","Plantago lagopus",0.00125
"PlotBm7","b","W21","W21","Sherardia arvensis",0.0025
"PlotBm7","b","W21","W21","Trifolium angustifolium",0.00375
"PlotBm7","b","W21","W21","Trifolium arvense",0.00375
"PlotBm7","b","W21","W21","Trifolium hirtum",0.00125
"PlotBm7","b","W21","W21","Trifolium scabrum",0.00375
"PlotBm7","b","W21","W21","Tuberaria guttata",0.00125
"PlotBm70","b","U16","U16","Acinos alpinus",0.00125
"PlotBm70","b","U16","U16","Aegilops triuncialis",0.0025
"PlotBm70","b","U16","U16","Anthemis arvensis",0.00125
"PlotBm70","b","U16","U16","Asparagus acutifolius",0.0075
"PlotBm70","b","U16","U16","Asplenium onopteris",0.00125
"PlotBm70","b","U16","U16","Atractylis cancellata",0.04625
"PlotBm70","b","U16","U16","Avena sterilis",0.0025
"PlotBm70","b","U16","U16","Bupleurum praealtum",0.00875
"PlotBm70","b","U16","U16","Carlina vulgaris",0.00125
"PlotBm70","b","U16","U16","Crepis setosa",0.01
"PlotBm70","b","U16","U16","Cruciata pedemontana",0.0025
"PlotBm70","b","U16","U16","Cynodon dactylon",0.015
"PlotBm70","b","U16","U16","Cynosurus echinatus",0.0025
"PlotBm70","b","U16","U16","Dactylis glomerata",0.04875
"PlotBm70","b","U16","U16","Dasypyrum villosum",0.00125
"PlotBm70","b","U16","U16","Doronicum caucasicum",0.00125
"PlotBm70","b","U16","U16","Helianthemum nummularium",0.03625
"PlotBm70","b","U16","U16","Linum bienne",0.00125
"PlotBm70","b","U16","U16","Paliurus spina-christi",0.4375
"PlotBm70","b","U16","U16","Piptatherum miliaceum",0.00375
"PlotBm70","b","U16","U16","Quercus coccifera",0.185
"PlotBm70","b","U16","U16","Silene italica",0.00125
"PlotBm70","b","U16","U16","Solanum elaeagnifolium",0.00125
"PlotBm70","b","U16","U16","Teucrium capitatum",0.16875
"PlotBm70","b","U16","U16","Thymus sibthorpii",0.00125
"PlotBm70","b","U16","U16","Trifolium angustifolium",0.0025
"PlotBm70","b","U16","U16","Trifolium hirtum",0.0075
"PlotBm70","b","U16","U16","Trifolium scabrum",0.01
"PlotBm70","b","U16","U16","Xeranthemum inapertum",0.00125
"PlotBm71","b","U16","U16","Aira elegans",0.00125
"PlotBm71","b","U16","U16","Allium sp.",0.00125
"PlotBm71","b","U16","U16","Asparagus acutifolius",0.0075
"PlotBm71","b","U16","U16","Crepis setosa",0.00125
"PlotBm71","b","U16","U16","Cynodon dactylon",0.1775
"PlotBm71","b","U16","U16","Dactylis glomerata",0.0075
"PlotBm71","b","U16","U16","Fraxinus ornus",0.00125
"PlotBm71","b","U16","U16","Helianthemum nummularium",0.0075
"PlotBm71","b","U16","U16","Hypericum montbretii",0.0225
"PlotBm71","b","U16","U16","Ornithopus compressus",0.0075
"PlotBm71","b","U16","U16","Petrorhagia dubia",0.0075
"PlotBm71","b","U16","U16","Poa bulbosa",0.00125
"PlotBm71","b","U16","U16","Quercus coccifera",0.1875
"PlotBm71","b","U16","U16","Scabiosa columbaria",0.00125
"PlotBm71","b","U16","U16","Thymus sibthorpii",0.0475
"PlotBm71","b","U16","U16","Trifolium angustifolium",0.015
"PlotBm71","b","U16","U16","Trifolium hirtum",0.0425
"PlotBm71","b","U16","U16","Trifolium scabrum",0.00125
"PlotBm72","b","U16","U16","Asplenium onopteris",0.06375
"PlotBm72","b","U16","U16","Dactylis glomerata",0.0025
"PlotBm72","b","U16","U16","Fraxinus ornus",0.015
"PlotBm72","b","U16","U16","Piptatherum miliaceum",0.04375
"PlotBm72","b","U16","U16","Quercus coccifera",0.875
"PlotBm72","b","U16","U16","Silene italica",0.01
"PlotBm72","b","U16","U16","Trifolium angustifolium",0.00125
"PlotBm72","b","U16","U16","Trifolium hirtum",0.00125
"PlotBm73","b","U17","U17","Asphodelus ramosus",0.00125
"PlotBm73","b","U17","U17","Avena sterilis",0.00375
"PlotBm73","b","U17","U17","Brachypodium retusum",0.075
"PlotBm73","b","U17","U17","Cistus creticus",0.02125
"PlotBm73","b","U17","U17","Crupina vulgaris",0.0025
"PlotBm73","b","U17","U17","Cynosurus echinatus",0.00125
"PlotBm73","b","U17","U17","Eryngium campestre",0.00125
"PlotBm73","b","U17","U17","Festuca valesiaca",0.00125
"PlotBm73","b","U17","U17","Filago arvensis",0.00125
"PlotBm73","b","U17","U17","Helianthemum nummularium",0.01625
"PlotBm73","b","U17","U17","Hypericum perforatum",0.00125
"PlotBm73","b","U17","U17","Juniperus oxycedrus",0.00125
"PlotBm73","b","U17","U17","Linum usitatissimum",0.00125
"PlotBm73","b","U17","U17","Micromeria juliana",0.0025
"PlotBm73","b","U17","U17","Odontarrhena muralis",0.00125
"PlotBm73","b","U17","U17","Osyris alba",0.05375
"PlotBm73","b","U17","U17","Phillyrea latifolia",0.04625
"PlotBm73","b","U17","U17","Piptatherum miliaceum",0.00125
"PlotBm73","b","U17","U17","Pistacia lentiscus",0.02125
"PlotBm73","b","U17","U17","Poa bulbosa",0.00125
"PlotBm73","b","U17","U17","Quercus coccifera",0.3125
"PlotBm73","b","U17","U17","Sanguisorba minor",0.00125
"PlotBm73","b","U17","U17","Sedum sp.",0.00125
"PlotBm73","b","U17","U17","Trifolium campestre",0.00125
"PlotBm74","b","U17","U17","Avena sterilis",0.0025
"PlotBm74","b","U17","U17","Brachypodium retusum",0.055
"PlotBm74","b","U17","U17","Cistus creticus",0.02875
"PlotBm74","b","U17","U17","Convolvulus althaeoides",0.0025
"PlotBm74","b","U17","U17","Crupina vulgaris",0.00875
"PlotBm74","b","U17","U17","Dianthus cruentus",0.00125
"PlotBm74","b","U17","U17","Erica manipuliflora",0.0075
"PlotBm74","b","U17","U17","Euphorbia myrsinites",0.00125
"PlotBm74","b","U17","U17","Filago arvensis",0.02875
"PlotBm74","b","U17","U17","Geranium brutium",0.00125
"PlotBm74","b","U17","U17","Helianthemum nummularium",0.05
"PlotBm74","b","U17","U17","Juniperus oxycedrus",0.00125
"PlotBm74","b","U17","U17","Myosotis ramosissima",0.00125
"PlotBm74","b","U17","U17","Onobrychis aequidentata",0.00125
"PlotBm74","b","U17","U17","Osyris alba",0.0075
"PlotBm74","b","U17","U17","Piptatherum miliaceum",0.00875
"PlotBm74","b","U17","U17","Pistacia lentiscus",0.02125
"PlotBm74","b","U17","U17","Poa bulbosa",0.0025
"PlotBm74","b","U17","U17","Quercus coccifera",0.1875
"PlotBm74","b","U17","U17","Silene conica",0.00125
"PlotBm74","b","U17","U17","Trifolium arvense",0.00125
"PlotBm74","b","U17","U17","Trifolium fragiferum",0.00125
"PlotBm74","b","U17","U17","Trifolium scabrum",0.00125
"PlotBm75","b","U17","U17","Allium sp.",0.00125
"PlotBm75","b","U17","U17","Asparagus acutifolius",0.0075
"PlotBm75","b","U17","U17","Avena sterilis",0.01
"PlotBm75","b","U17","U17","Brachypodium retusum",0.165
"PlotBm75","b","U17","U17","Cistus creticus",0.00125
"PlotBm75","b","U17","U17","Daucus guttatus",0.00125
"PlotBm75","b","U17","U17","Filago arvensis",0.0075
"PlotBm75","b","U17","U17","Geranium lucidum",0.00125
"PlotBm75","b","U17","U17","Helianthemum nummularium",0.0225
"PlotBm75","b","U17","U17","Hordeum murinum",0.00125
"PlotBm75","b","U17","U17","Hypericum olympicum",0.00875
"PlotBm75","b","U17","U17","Lathyrus nissolia",0.00125
"PlotBm75","b","U17","U17","Medicago minima",0.00125
"PlotBm75","b","U17","U17","Olea europaea",0.02125
"PlotBm75","b","U17","U17","Osyris alba",0.05375
"PlotBm75","b","U17","U17","Phillyrea latifolia",0.0075
"PlotBm75","b","U17","U17","Piptatherum miliaceum",0.00875
"PlotBm75","b","U17","U17","Pistacia lentiscus",0.0075
"PlotBm75","b","U17","U17","Poa bulbosa",0.0025
"PlotBm75","b","U17","U17","Quercus coccifera",0.1775
"PlotBm75","b","U17","U17","Solanum elaeagnifolium",0.0075
"PlotBm75","b","U17","U17","Torilis arvensis",0.00125
"PlotBm75","b","U17","U17","Trifolium angustifolium",0.00125
"PlotBm75","b","U17","U17","Trifolium hirtum",0.00125
"PlotBm76","b","U17","U17","Asparagus acutifolius",0.00125
"PlotBm76","b","U17","U17","Avena sterilis",0.01
"PlotBm76","b","U17","U17","Bromus squarrosus",0.00125
"PlotBm76","b","U17","U17","Bromus sterilis",0.0025
"PlotBm76","b","U17","U17","Carlina vulgaris",0.00125
"PlotBm76","b","U17","U17","Cerastium brachypetalum",0.0025
"PlotBm76","b","U17","U17","Crepis sancta",0.00125
"PlotBm76","b","U17","U17","Crepis setosa",0.00125
"PlotBm76","b","U17","U17","Cruciata pedemontana",0.00125
"PlotBm76","b","U17","U17","Cynosurus echinatus",0.00125
"PlotBm76","b","U17","U17","Dasypyrum villosum",0.0025
"PlotBm76","b","U17","U17","Filago arvensis",0.00125
"PlotBm76","b","U17","U17","Helianthemum nummularium",0.00875
"PlotBm76","b","U17","U17","Matricaria chamomilla",0.0075
"PlotBm76","b","U17","U17","Medicago minima",0.01
"PlotBm76","b","U17","U17","Olea europaea",0.0075
"PlotBm76","b","U17","U17","Phillyrea latifolia",0.055
"PlotBm76","b","U17","U17","Piptatherum miliaceum",0.00875
"PlotBm76","b","U17","U17","Pistacia lentiscus",0.0075
"PlotBm76","b","U17","U17","Plantago lagopus",0.0075
"PlotBm76","b","U17","U17","Poa bulbosa",0.015
"PlotBm76","b","U17","U17","Quercus coccifera",0.39625
"PlotBm76","b","U17","U17","Solanum elaeagnifolium",0.00125
"PlotBm76","b","U17","U17","Trifolium angustifolium",0.0025
"PlotBm76","b","U17","U17","Trifolium arvense",0.00125
"PlotBm76","b","U17","U17","Trifolium campestre",0.00125
"PlotBm76","b","U17","U17","Trifolium scabrum",0.00125
"PlotBm77","b","U17","U17","Aira elegans",0.00875
"PlotBm77","b","U17","U17","Allium sp.",0.0025
"PlotBm77","b","U17","U17","Asparagus acutifolius",0.00125
"PlotBm77","b","U17","U17","Avena sterilis",0.0025
"PlotBm77","b","U17","U17","Brachypodium retusum",0.00375
"PlotBm77","b","U17","U17","Briza maxima",0.0075
"PlotBm77","b","U17","U17","Bromus sterilis",0.0025
"PlotBm77","b","U17","U17","Cerastium brachypetalum",0.00125
"PlotBm77","b","U17","U17","Cistus creticus",0.31125
"PlotBm77","b","U17","U17","Crepis sancta",0.00125
"PlotBm77","b","U17","U17","Crepis setosa",0.00125
"PlotBm77","b","U17","U17","Cynosurus echinatus",0.00125
"PlotBm77","b","U17","U17","Dasypyrum villosum",0.00125
"PlotBm77","b","U17","U17","Erica manipuliflora",0.09375
"PlotBm77","b","U17","U17","Helianthemum nummularium",0.0075
"PlotBm77","b","U17","U17","Medicago minima",0.00375
"PlotBm77","b","U17","U17","Phillyrea latifolia",0.02125
"PlotBm77","b","U17","U17","Pistacia lentiscus",0.16125
"PlotBm77","b","U17","U17","Plantago lagopus",0.00875
"PlotBm77","b","U17","U17","Poa bulbosa",0.00125
"PlotBm77","b","U17","U17","Potentilla recta",0.00125
"PlotBm77","b","U17","U17","Trifolium angustifolium",0.02875
"PlotBm77","b","U17","U17","Trifolium arvense",0.0075
"PlotBm77","b","U17","U17","Trifolium campestre",0.00875
"PlotBm77","b","U17","U17","Trifolium hirtum",0.0025
"PlotBm77","b","U17","U17","Trifolium scabrum",0.00125
"PlotBm77","b","U17","U17","Tuberaria guttata",0.02125
"PlotBm78","b","U17","U17","Arbutus unedo",0.09375
"PlotBm78","b","U17","U17","Avena sterilis",0.00875
"PlotBm78","b","U17","U17","Briza maxima",0.00125
"PlotBm78","b","U17","U17","Bromus sterilis",0.0025
"PlotBm78","b","U17","U17","Bunias erucago",0.00125
"PlotBm78","b","U17","U17","Carlina vulgaris",0.0075
"PlotBm78","b","U17","U17","Cistus creticus",0.13875
"PlotBm78","b","U17","U17","Crepis setosa",0.00125
"PlotBm78","b","U17","U17","Cynosurus echinatus",0.00125
"PlotBm78","b","U17","U17","Erica manipuliflora",0.4525
"PlotBm78","b","U17","U17","Medicago minima",0.0025
"PlotBm78","b","U17","U17","Melica ciliata",0.00125
"PlotBm78","b","U17","U17","Pistacia terebinthus",0.00125
"PlotBm78","b","U17","U17","Poa bulbosa",0.00125
"PlotBm78","b","U17","U17","Quercus coccifera",0.3125
"PlotBm78","b","U17","U17","Trifolium arvense",0.0225
"PlotBm78","b","U17","U17","Trifolium campestre",0.0025
"PlotBm78","b","U17","U17","Trifolium scabrum",0.00125
"PlotBm78","b","U17","U17","Vicia hirsuta",0.00125
"PlotBm78","b","U17","U17","Vicia hybrida",0.00125
"PlotBm79","b","U16","U16","Acinos alpinus",0.00125
"PlotBm79","b","U16","U16","Aegilops triuncialis",0.00125
"PlotBm79","b","U16","U16","Asplenium onopteris",0.0075
"PlotBm79","b","U16","U16","Asplenium trichomaris",0.00125
"PlotBm79","b","U16","U16","Avena sterilis",0.00125
"PlotBm79","b","U16","U16","Carpinus orientalis",0.25
"PlotBm79","b","U16","U16","Clinopodium vulgare",0.00875
"PlotBm79","b","U16","U16","Crepis sancta",0.00125
"PlotBm79","b","U16","U16","Cynodon dactylon",0.115
"PlotBm79","b","U16","U16","Dactylis glomerata",0.115
"PlotBm79","b","U16","U16","Helianthemum nummularium",0.00875
"PlotBm79","b","U16","U16","Juniperus oxycedrus",0.00125
"PlotBm79","b","U16","U16","Paliurus spina-christi",0.00125
"PlotBm79","b","U16","U16","Piptatherum miliaceum",0.00125
"PlotBm79","b","U16","U16","Potentilla recta",0.0025
"PlotBm79","b","U16","U16","Prunella vulgaris",0.00125
"PlotBm79","b","U16","U16","Quercus coccifera",0.02125
"PlotBm79","b","U16","U16","Teucrium chamaedrys",0.04625
"PlotBm79","b","U16","U16","Trifolium angustifolium",0.0075
"PlotBm79","b","U16","U16","Trifolium arvense",0.00125
"PlotBm8","b","W21","W21","Aegilops triuncialis",0.00125
"PlotBm8","b","W21","W21","Anthemis arvensis",0.00125
"PlotBm8","b","W21","W21","Avena sterilis",0.00375
"PlotBm8","b","W21","W21","Brachypodium retusum",0.0025
"PlotBm8","b","W21","W21","Briza maxima",0.00125
"PlotBm8","b","W21","W21","Bromus squarrosus",0.00125
"PlotBm8","b","W21","W21","Carlina vulgaris",0.00125
"PlotBm8","b","W21","W21","Cerastium brachypetalum",0.00125
"PlotBm8","b","W21","W21","Cistus monspeliensis",0.625
"PlotBm8","b","W21","W21","Cruciata pedemontana",0.00125
"PlotBm8","b","W21","W21","Cynodon dactylon",0.00375
"PlotBm8","b","W21","W21","Dactylis glomerata",0.0025
"PlotBm8","b","W21","W21","Dittrichia viscosa",0.0075
"PlotBm8","b","W21","W21","Geranium brutium",0.00125
"PlotBm8","b","W21","W21","Lagurus ovatus",0.00125
"PlotBm8","b","W21","W21","Ornithopus compressus",0.00125
"PlotBm8","b","W21","W21","Plantago lagopus",0.00125
"PlotBm8","b","W21","W21","Poa bulbosa",0.00125
"PlotBm8","b","W21","W21","Sherardia arvensis",0.00125
"PlotBm8","b","W21","W21","Trifolium angustifolium",0.0025
"PlotBm8","b","W21","W21","Trifolium arvense",0.01125
"PlotBm8","b","W21","W21","Trifolium campestre",0.0025
"PlotBm8","b","W21","W21","Trifolium hirtum",0.00125
"PlotBm8","b","W21","W21","Trifolium scabrum",0.00375
"PlotBm8","b","W21","W21","Tuberaria guttata",0.0025
"PlotBm8","b","W21","W21","Vulpia muralis",0.00125
"PlotBm80","b","U16","U16","Aegilops geniculata",0.2075
"PlotBm80","b","U16","U16","Carex flacca",0.05625
"PlotBm80","b","U16","U16","Convolvulus cantabrica",0.11375
"PlotBm80","b","U16","U16","Crataegus monogyna",0.09375
"PlotBm80","b","U16","U16","Crepis sancta",0.02625
"PlotBm80","b","U16","U16","Dactylis glomerata",0.06625
"PlotBm80","b","U16","U16","Echinops ritro",0.01
"PlotBm80","b","U16","U16","Epilobium sp.",0.01
"PlotBm80","b","U16","U16","Eryngium campestre",0.015
"PlotBm80","b","U16","U16","Euphorbia seguieriana",0.015
"PlotBm80","b","U16","U16","Festuca rubra",0.015
"PlotBm80","b","U16","U16","Filago sp.",0.01
"PlotBm80","b","U16","U16","Medicago minima",0.005
"PlotBm80","b","U16","U16","Medicago sp.",0.015
"PlotBm80","b","U16","U16","Nigella arvensis",0.02125
"PlotBm80","b","U16","U16","Odontites vernus",0.01
"PlotBm80","b","U16","U16","Paliurus spina-christi",0.005
"PlotBm80","b","U16","U16","Plantago lanceolata",0.01
"PlotBm80","b","U16","U16","Poa trivialis ",0.1025
"PlotBm80","b","U16","U16","Potentilla sp.",0.005
"PlotBm80","b","U16","U16","Quercus coccifera",0.0925
"PlotBm80","b","U16","U16","Rosa canina",0.005
"PlotBm80","b","U16","U16","Rostraria cristata",0.005
"PlotBm80","b","U16","U16","Rumex sp.",0.00625
"PlotBm80","b","U16","U16","Sanguisorba minor",0.005
"PlotBm80","b","U16","U16","Solanum elaeagnifolium",0.005
"PlotBm80","b","U16","U16","Teucrium capitatum",0.11625
"PlotBm80","b","U16","U16","Teucrium chamaedrys",0.02625
"PlotBm80","b","U16","U16","Thlaspi arvense",0.005
"PlotBm80","b","U16","U16","Torilis arvensis",0.00125
"PlotBm80","b","U16","U16","Trifolium angustifolium",0.01
"PlotBm80","b","U16","U16","Trifolium campestre",0.005
"PlotBm80","b","U16","U16","Ulmus minor",0.005
"PlotBm81","b","U16","U16","Aegilops geniculata",0.13625
"PlotBm81","b","U16","U16","Anthemis arvensis",0.005
"PlotBm81","b","U16","U16","Bromus sterilis",0.0725
"PlotBm81","b","U16","U16","Carex flacca",0.04625
"PlotBm81","b","U16","U16","Convolvulus cantabrica",0.135
"PlotBm81","b","U16","U16","Crepis sancta",0.01
"PlotBm81","b","U16","U16","Dactylis glomerata",0.01
"PlotBm81","b","U16","U16","Dasypyrum villosum",0.19625
"PlotBm81","b","U16","U16","Echinops ritro",0.01
"PlotBm81","b","U16","U16","Eryngium campestre",0.005
"PlotBm81","b","U16","U16","Euphorbia myrsinites",0.005
"PlotBm81","b","U16","U16","Medicago minima",0.02
"PlotBm81","b","U16","U16","Odontites vernus",0.005
"PlotBm81","b","U16","U16","Petrorhagia dubia",0.005
"PlotBm81","b","U16","U16","Poa trivialis ",0.0925
"PlotBm81","b","U16","U16","Quercus coccifera",0.185
"PlotBm81","b","U16","U16","Rumex sp.",0.005
"PlotBm81","b","U16","U16","Sanguisorba minor",0.015
"PlotBm81","b","U16","U16","Teucrium capitatum",0.0575
"PlotBm81","b","U16","U16","Teucrium chamaedrys",0.01
"PlotBm81","b","U16","U16","Thymelaea passerina",0.03125
"PlotBm81","b","U16","U16","Trifolium sp.",0.025
"PlotBm82","b","U16","U16","Aegilops triuncialis",0.15
"PlotBm82","b","U16","U16","Anthemis arvensis",0.005
"PlotBm82","b","U16","U16","Arenaria sp.",0.11875
"PlotBm82","b","U16","U16","Avena sterilis",0.04625
"PlotBm82","b","U16","U16","Bromus sterilis",0.07125
"PlotBm82","b","U16","U16","Carex flacca",0.01
"PlotBm82","b","U16","U16","Crataegus monogyna",0.04625
"PlotBm82","b","U16","U16","Dactylis glomerata",0.0525
"PlotBm82","b","U16","U16","Dasypyrum villosum",0.0425
"PlotBm82","b","U16","U16","Echium parviflorum",0.015
"PlotBm82","b","U16","U16","Epilobium sp.",0.01
"PlotBm82","b","U16","U16","Euphorbia seguieriana",0.01
"PlotBm82","b","U16","U16","Festuca sp.",0.0675
"PlotBm82","b","U16","U16","Galium aparine",0.01
"PlotBm82","b","U16","U16","Medicago minima",0.15
"PlotBm82","b","U16","U16","Mentha spicata",0.10625
"PlotBm82","b","U16","U16","Plantago lanceolata",0.01
"PlotBm82","b","U16","U16","Quercus coccifera",0.04
"PlotBm82","b","U16","U16","Sanguisorba minor",0.005
"PlotBm82","b","U16","U16","Teucrium capitatum",0.0825
"PlotBm82","b","U16","U16","Teucrium chamaedrys",0.04625
"PlotBm82","b","U16","U16","Torilis arvensis",0.005
"PlotBm82","b","U16","U16","Trifolium angustifolium",0.14
"PlotBm82","b","U16","U16","Trifolium sp.",0.0525
"PlotBm82","b","U16","U16","Trigonella gladiata",0.01
"PlotBm83","b","U16","U16","Aegilops triuncialis",0.09375
"PlotBm83","b","U16","U16","Arenaria sp.",0.0875
"PlotBm83","b","U16","U16","Bromus sterilis",0.03
"PlotBm83","b","U16","U16","Centaurea sp.",0.01
"PlotBm83","b","U16","U16","Crepis sancta",0.01
"PlotBm83","b","U16","U16","Dactylis glomerata",0.04625
"PlotBm83","b","U16","U16","Dasypyrum villosum",0.0825
"PlotBm83","b","U16","U16","Echium parviflorum",0.02125
"PlotBm83","b","U16","U16","Festuca rubra",0.02125
"PlotBm83","b","U16","U16","Festuca sp.",0.02125
"PlotBm83","b","U16","U16","Medicago minima",0.03125
"PlotBm83","b","U16","U16","Mentha spicata",0.09875
"PlotBm83","b","U16","U16","Onobrychis arenaria",0.04625
"PlotBm83","b","U16","U16","Phillyrea latifolia",0.005
"PlotBm83","b","U16","U16","Plantago lanceolata",0.015
"PlotBm83","b","U16","U16","Poa trivialis ",0.01
"PlotBm83","b","U16","U16","Potentilla sp.",0.005
"PlotBm83","b","U16","U16","Quercus coccifera",0.14
"PlotBm83","b","U16","U16","Sanguisorba minor",0.005
"PlotBm83","b","U16","U16","Silene conica",0.00125
"PlotBm83","b","U16","U16","Teucrium capitatum",0.035
"PlotBm83","b","U16","U16","Teucrium chamaedrys",0.02125
"PlotBm83","b","U16","U16","Torilis arvensis",0.005
"PlotBm83","b","U16","U16","Trifolium campestre",0.02125
"PlotBm83","b","U16","U16","Trifolium sp.",0.11
"PlotBm83","b","U16","U16","Ulmus minor",0.01
"PlotBm83","b","U16","U16","Vicia sp.",0.01
"PlotBm84","b","U16","U16","Aegilops triuncialis",0.05625
"PlotBm84","b","U16","U16","Althaea cannabina",0.01
"PlotBm84","b","U16","U16","Arenaria sp.",0.0475
"PlotBm84","b","U16","U16","Avena sterilis",0.04625
"PlotBm84","b","U16","U16","Bromus sterilis",0.04625
"PlotBm84","b","U16","U16","Crataegus monogyna",0.03125
"PlotBm84","b","U16","U16","Crepis sp.",0.005
"PlotBm84","b","U16","U16","Dactylis glomerata",0.02
"PlotBm84","b","U16","U16","Dasypyrum villosum",0.0425
"PlotBm84","b","U16","U16","Eryngium campestre",0.005
"PlotBm84","b","U16","U16","Euphorbia seguieriana",0.01
"PlotBm84","b","U16","U16","Galium murale",0.04625
"PlotBm84","b","U16","U16","Geranium sanguineum",0.005
"PlotBm84","b","U16","U16","Hypericum perforatum",0.005
"PlotBm84","b","U16","U16","Melica ciliata",0.01
"PlotBm84","b","U16","U16","Paliurus spina-christi",0.02
"PlotBm84","b","U16","U16","Plantago lanceolata",0.01
"PlotBm84","b","U16","U16","Poa trivialis ",0.01
"PlotBm84","b","U16","U16","Potentilla sp.",0.005
"PlotBm84","b","U16","U16","Quercus coccifera",0.42125
"PlotBm84","b","U16","U16","Rubia peregrina",0.01
"PlotBm84","b","U16","U16","Solanum elaeagnifolium",0.02875
"PlotBm84","b","U16","U16","Thlaspi arvense",0.01
"PlotBm84","b","U16","U16","Torilis arvensis",0.01
"PlotBm84","b","U16","U16","Trifolium campestre",0.02125
"PlotBm84","b","U16","U16","Trifolium sp.",0.02125
"PlotBm84","b","U16","U16","Vicia sp.",0.01
"PlotBm85","b","U4","U4","Achillea setacea",0.2075
"PlotBm85","b","U4","U4","Anthemis tinctoria subsp. tinctoria",0.3025
"PlotBm85","b","U4","U4","Bromus squarrosus",0.00125
"PlotBm85","b","U4","U4","Centaurea cyanus",0.02125
"PlotBm85","b","U4","U4","Centaurea solstitialis",0.3025
"PlotBm85","b","U4","U4","Chrysopogon gryllus",0.03125
"PlotBm85","b","U4","U4","Cirsium sp.",0.01
"PlotBm85","b","U4","U4","Cynosurus echinatus",0.01
"PlotBm85","b","U4","U4","Lotus corniculatus",0.005
"PlotBm85","b","U4","U4","Papaver dubium",0.0075
"PlotBm85","b","U4","U4","Phleum pratense",0.005
"PlotBm85","b","U4","U4","Plantago lanceolata",0.07375
"PlotBm85","b","U4","U4","Poa bulbosa",0.005
"PlotBm85","b","U4","U4","Potentilla recta",0.02125
"PlotBm85","b","U4","U4","Sanguisorba minor",0.005
"PlotBm85","b","U4","U4","Torilis arvensis",0.0425
"PlotBm85","b","U4","U4","Trifolium fragiferum",0.01
"PlotBm85","b","U4","U4","Trifolium ochroleucon",0.01
"PlotBm86","b","U4","U4","Achillea setacea",0.14875
"PlotBm86","b","U4","U4","Arenaria sp.",0.03125
"PlotBm86","b","U4","U4","Bromus squarrosus",0.05125
"PlotBm86","b","U4","U4","Cruciata pedemontana",0.005
"PlotBm86","b","U4","U4","Cynosurus echinatus",0.015
"PlotBm86","b","U4","U4","Dianthus sp.",0.04125
"PlotBm86","b","U4","U4","Eryngium campestre",0.015
"PlotBm86","b","U4","U4","Euphorbia myrsinites",0.01
"PlotBm86","b","U4","U4","Festuca valesiaca",0.28125
"PlotBm86","b","U4","U4","Filago sp.",0.005
"PlotBm86","b","U4","U4","Hypericum barbatum",0.005
"PlotBm86","b","U4","U4","Melica ciliata",0.01
"PlotBm86","b","U4","U4","Ononis spinosa",0.17125
"PlotBm86","b","U4","U4","Phleum pratense",0.03125
"PlotBm86","b","U4","U4","Silene conica",0.02
"PlotBm86","b","U4","U4","Thymus sibthorpii",0.19625
"PlotBm86","b","U4","U4","Trifolium fragiferum",0.02
"PlotBm86","b","U4","U4","Verbascum sp.",0.015
"PlotBm86","b","U4","U4","Verbena officinalis",0.03125
"PlotBm86","b","U4","U4","Veronica sp.",0.015
"PlotBm86","b","U4","U4","Xeranthemum cylindraceum",0.05125
"PlotBm87","b","U4","U4","Achillea setacea",0.0525
"PlotBm87","b","U4","U4","Alyssum alyssoides",0.025
"PlotBm87","b","U4","U4","Asyneuma limonifolium",0.005
"PlotBm87","b","U4","U4","Bromus squarrosus",0.025
"PlotBm87","b","U4","U4","Chamaecytisus hirsutus",0.04625
"PlotBm87","b","U4","U4","Cichorium intybus",0.015
"PlotBm87","b","U4","U4","Cruciata pedemontana",0.005
"PlotBm87","b","U4","U4","Cruciata verna",0.01
"PlotBm87","b","U4","U4","Cynosurus echinatus",0.005
"PlotBm87","b","U4","U4","Eryngium campestre",0.03625
"PlotBm87","b","U4","U4","Festuca valesiaca",0.3275
"PlotBm87","b","U4","U4","Herniaria incana",0.015
"PlotBm87","b","U4","U4","Linaria genistifolia",0.01
"PlotBm87","b","U4","U4","Ononis spinosa",0.02
"PlotBm87","b","U4","U4","Oxytropis purpurea",0.025
"PlotBm87","b","U4","U4","Plantago lanceolata",0.09875
"PlotBm87","b","U4","U4","Potentilla recta",0.13875
"PlotBm87","b","U4","U4","Reseda luteola",0.005
"PlotBm87","b","U4","U4","Rumex sp.",0.025
"PlotBm87","b","U4","U4","Thymelaea passerina",0.01
"PlotBm87","b","U4","U4","Thymus sibthorpii",0.23375
"PlotBm87","b","U4","U4","Trifolium fragiferum",0.02625
"PlotBm87","b","U4","U4","Xeranthemum cylindraceum",0.02625
"PlotBm88","b","U4","U4","Adonis flammea",0.00125
"PlotBm88","b","U4","U4","Aegilops triuncialis",0.03625
"PlotBm88","b","U4","U4","Anthemis arvensis",0.0225
"PlotBm88","b","U4","U4","Arenaria leptoclados",0.0075
"PlotBm88","b","U4","U4","Bellardia latifolia",0.00875
"PlotBm88","b","U4","U4","Bromus hordeaceus",0.06125
"PlotBm88","b","U4","U4","Bromus sterilis",0.0075
"PlotBm88","b","U4","U4","Bunias erucago",0.0075
"PlotBm88","b","U4","U4","Crepis sancta",0.16875
"PlotBm88","b","U4","U4","Cruciata pedemontana",0.0075
"PlotBm88","b","U4","U4","Erodium absinthoides",0.0075
"PlotBm88","b","U4","U4","Euphorbia myrsinites",0.015
"PlotBm88","b","U4","U4","Galium divaricatum",0.00125
"PlotBm88","b","U4","U4","Helianthemum nummularium",0.03625
"PlotBm88","b","U4","U4","Medicago minima",0.03125
"PlotBm88","b","U4","U4","Medicago orbicularis",0.00875
"PlotBm88","b","U4","U4","Plantago lanceolata",0.0425
"PlotBm88","b","U4","U4","Poa bulbosa",0.02125
"PlotBm88","b","U4","U4","Poa trivialis ",0.0225
"PlotBm88","b","U4","U4","Rumex acetosella",0.0075
"PlotBm88","b","U4","U4","Scandix australis",0.00125
"PlotBm88","b","U4","U4","Sherardia arvensis",0.0025
"PlotBm88","b","U4","U4","Silene conica",0.075
"PlotBm88","b","U4","U4","Teucrium chamaedrys",0.0075
"PlotBm88","b","U4","U4","Thymus sibthorpii",0.09625
"PlotBm88","b","U4","U4","Trifolium campestre",0.00125
"PlotBm88","b","U4","U4","Trifolium fragiferum",0.0075
"PlotBm88","b","U4","U4","Trifolium nigrescens",0.0075
"PlotBm88","b","U4","U4","Valerianella locusta",0.0075
"PlotBm89","b","U4","U4","Adonis flammea",0.00125
"PlotBm89","b","U4","U4","Aegilops triuncialis",0.09875
"PlotBm89","b","U4","U4","Ajuga chamaepitys",0.0075
"PlotBm89","b","U4","U4","Anthoxanthum odoratum",0.00875
"PlotBm89","b","U4","U4","Arenaria leptoclados",0.02125
"PlotBm89","b","U4","U4","Bromus hordeaceus",0.015
"PlotBm89","b","U4","U4","Carex flacca",0.02125
"PlotBm89","b","U4","U4","Centaurea sp.",0.0075
"PlotBm89","b","U4","U4","Convolvulus arvensis",0.00125
"PlotBm89","b","U4","U4","Cruciata pedemontana",0.00125
"PlotBm89","b","U4","U4","Crupina vulgaris",0.00125
"PlotBm89","b","U4","U4","Draba muralis",0.00125
"PlotBm89","b","U4","U4","Eryngium campestre",0.0075
"PlotBm89","b","U4","U4","Galium aparine",0.0075
"PlotBm89","b","U4","U4","Leontodon crispus",0.00125
"PlotBm89","b","U4","U4","Malva setigera",0.00125
"PlotBm89","b","U4","U4","Medicago lupulina",0.00125
"PlotBm89","b","U4","U4","Medicago minima",0.0375
"PlotBm89","b","U4","U4","Micromeria juliana",0.0075
"PlotBm89","b","U4","U4","Microthlaspi perfoliatum",0.00125
"PlotBm89","b","U4","U4","Myosotis ramosissima",0.00125
"PlotBm89","b","U4","U4","Odontarrhena muralis",0.0025
"PlotBm89","b","U4","U4","Onobrychis aequidentata",0.0075
"PlotBm89","b","U4","U4","Phleum pratense",0.02125
"PlotBm89","b","U4","U4","Plantago lanceolata",0.0075
"PlotBm89","b","U4","U4","Poa bulbosa",0.06125
"PlotBm89","b","U4","U4","Poa trivialis ",0.02875
"PlotBm89","b","U4","U4","Potentilla recta",0.015
"PlotBm89","b","U4","U4","Scandix australis",0.00125
"PlotBm89","b","U4","U4","Sherardia arvensis",0.00125
"PlotBm89","b","U4","U4","Silene conica",0.0025
"PlotBm89","b","U4","U4","Spergularia rubra",0.00125
"PlotBm89","b","U4","U4","Teucrium chamaedrys",0.11
"PlotBm89","b","U4","U4","Thymus sibthorpii",0.0225
"PlotBm89","b","U4","U4","Tragopogon samaritanii",0.00125
"PlotBm89","b","U4","U4","Trifolium campestre",0.0225
"PlotBm89","b","U4","U4","Trifolium fragiferum",0.02875
"PlotBm89","b","U4","U4","Trifolium scabrum",0.015
"PlotBm89","b","U4","U4","Valerianella locusta",0.00125
"PlotBm9","b","W21","W21","Aegilops triuncialis",0.0025
"PlotBm9","b","W21","W21","Anthemis arvensis",0.00125
"PlotBm9","b","W21","W21","Avena sterilis",0.00375
"PlotBm9","b","W21","W21","Ballota acetabulosa",0.00125
"PlotBm9","b","W21","W21","Briza maxima",0.00125
"PlotBm9","b","W21","W21","Bromus squarrosus",0.00125
"PlotBm9","b","W21","W21","Cichorium intybus",0.00125
"PlotBm9","b","W21","W21","Cistus monspeliensis",0.625
"PlotBm9","b","W21","W21","Crepis setosa",0.00125
"PlotBm9","b","W21","W21","Cynodon dactylon",0.00125
"PlotBm9","b","W21","W21","Cynosurus echinatus",0.0025
"PlotBm9","b","W21","W21","Dactylis glomerata",0.0025
"PlotBm9","b","W21","W21","Dittrichia viscosa",0.00875
"PlotBm9","b","W21","W21","Geranium lucidum",0.00125
"PlotBm9","b","W21","W21","Lagurus ovatus",0.0025
"PlotBm9","b","W21","W21","Plantago lagopus",0.0025
"PlotBm9","b","W21","W21","Poa bulbosa",0.00125
"PlotBm9","b","W21","W21","Torilis arvensis",0.00125
"PlotBm9","b","W21","W21","Trifolium angustifolium",0.0025
"PlotBm9","b","W21","W21","Trifolium arvense",0.01125
"PlotBm9","b","W21","W21","Trifolium campestre",0.0025
"PlotBm9","b","W21","W21","Trifolium hirtum",0.00125
"PlotBm9","b","W21","W21","Trifolium scabrum",0.00375
"PlotBm9","b","W21","W21","Tuberaria guttata",0.0075
"PlotBm9","b","W21","W21","Vulpia muralis",0.00125
"PlotBm90","b","U4","U4","Achillea clypeolata",0.00125
"PlotBm90","b","U4","U4","Achillea millefolium",0.00875
"PlotBm90","b","U4","U4","Adonis flammea",0.00125
"PlotBm90","b","U4","U4","Aegilops triuncialis",0.0825
"PlotBm90","b","U4","U4","Arenaria leptoclados",0.0025
"PlotBm90","b","U4","U4","Bellardia latifolia",0.00125
"PlotBm90","b","U4","U4","Bromus sterilis",0.0225
"PlotBm90","b","U4","U4","Centaurea sp.",0.0075
"PlotBm90","b","U4","U4","Convolvulus arvensis",0.00125
"PlotBm90","b","U4","U4","Crepis sancta",0.02375
"PlotBm90","b","U4","U4","Cruciata pedemontana",0.00875
"PlotBm90","b","U4","U4","Dasypyrum villosum",0.02125
"PlotBm90","b","U4","U4","Dianthus pinifolius",0.00125
"PlotBm90","b","U4","U4","Erodium absinthoides",0.0025
"PlotBm90","b","U4","U4","Eryngium campestre",0.0225
"PlotBm90","b","U4","U4","Erysimum microstylum",0.0075
"PlotBm90","b","U4","U4","Euphorbia myrsinites",0.0025
"PlotBm90","b","U4","U4","Filago arvensis",0.00125
"PlotBm90","b","U4","U4","Geranium brutium",0.00125
"PlotBm90","b","U4","U4","Helianthemum nummularium",0.0225
"PlotBm90","b","U4","U4","Malva setigera",0.0025
"PlotBm90","b","U4","U4","Matricaria chamomilla",0.015
"PlotBm90","b","U4","U4","Medicago minima",0.01625
"PlotBm90","b","U4","U4","Medicago orbicularis",0.00125
"PlotBm90","b","U4","U4","Micromeria juliana",0.03
"PlotBm90","b","U4","U4","Odontarrhena muralis",0.00375
"PlotBm90","b","U4","U4","Onobrychis aequidentata",0.00125
"PlotBm90","b","U4","U4","Phleum pratense",0.0075
"PlotBm90","b","U4","U4","Plantago lanceolata",0.00125
"PlotBm90","b","U4","U4","Poa bulbosa",0.0225
"PlotBm90","b","U4","U4","Potentilla recta",0.00125
"PlotBm90","b","U4","U4","Silene conica",0.01625
"PlotBm90","b","U4","U4","Spergularia rubra",0.0075
"PlotBm90","b","U4","U4","Teucrium chamaedrys",0.02875
"PlotBm90","b","U4","U4","Thymus sibthorpii",0.07625
"PlotBm90","b","U4","U4","Trifolium campestre",0.0075
"PlotBm90","b","U4","U4","Trifolium fragiferum",0.00125
"PlotBm90","b","U4","U4","Trifolium scabrum",0.00875
"PlotBm90","b","U4","U4","Valerianella locusta",0.00125
"PlotBm90","b","U4","U4","Veronica verna",0.00125
"PlotBm91","b","U4","U4","Achillea millefolium",0.1225
"PlotBm91","b","U4","U4","Aegilops triuncialis",0.01
"PlotBm91","b","U4","U4","Crupina vulgaris",0.00125
"PlotBm91","b","U4","U4","Dactylis glomerata",0.00125
"PlotBm91","b","U4","U4","Erysimum microstylum",0.00125
"PlotBm91","b","U4","U4","Festuca valesiaca",0.06875
"PlotBm91","b","U4","U4","Filago arvensis",0.0075
"PlotBm91","b","U4","U4","Herniaria hirsuta",0.00125
"PlotBm91","b","U4","U4","Linum tenuifolium",0.00125
"PlotBm91","b","U4","U4","Medicago minima",0.0575
"PlotBm91","b","U4","U4","Myosotis ramosissima",0.01
"PlotBm91","b","U4","U4","Pilosella leucopsilon",0.0225
"PlotBm91","b","U4","U4","Plantago lanceolata",0.0075
"PlotBm91","b","U4","U4","Poa bulbosa",0.00875
"PlotBm91","b","U4","U4","Potentilla recta",0.00125
"PlotBm91","b","U4","U4","Sanguisorba minor",0.055
"PlotBm91","b","U4","U4","Scandix australis",0.03625
"PlotBm91","b","U4","U4","Stachys germanica",0.01625
"PlotBm91","b","U4","U4","Taraxacum officinale group",0.00875
"PlotBm91","b","U4","U4","Trifolium scabrum",0.03625
"PlotBm92","b","U4","U4","Adonis flammea",0.00875
"PlotBm92","b","U4","U4","Aegilops triuncialis",0.0075
"PlotBm92","b","U4","U4","Arenaria leptoclados",0.00125
"PlotBm92","b","U4","U4","Biscutella didyma",0.00125
"PlotBm92","b","U4","U4","Bromus sterilis",0.0025
"PlotBm92","b","U4","U4","Capsella bursa-pastoris",0.00125
"PlotBm92","b","U4","U4","Cerastium brachypetalum",0.0225
"PlotBm92","b","U4","U4","Cerastium semidecandrum",0.00125
"PlotBm92","b","U4","U4","Convolvulus cantabrica",0.00125
"PlotBm92","b","U4","U4","Crepis sancta",0.02125
"PlotBm92","b","U4","U4","Crepis setosa",0.0475
"PlotBm92","b","U4","U4","Dactylis glomerata",0.03625
"PlotBm92","b","U4","U4","Dianthus cruentus",0.00125
"PlotBm92","b","U4","U4","Euphorbia myrsinites",0.00125
"PlotBm92","b","U4","U4","Galium mollugo group",0.00125
"PlotBm92","b","U4","U4","Herniaria hirsuta",0.00125
"PlotBm92","b","U4","U4","Malva setigera",0.00125
"PlotBm92","b","U4","U4","Matricaria chamomilla",0.015
"PlotBm92","b","U4","U4","Medicago minima",0.015
"PlotBm92","b","U4","U4","Medicago orbicularis",0.0075
"PlotBm92","b","U4","U4","Micromeria juliana",0.015
"PlotBm92","b","U4","U4","Minuartia hamata",0.02125
"PlotBm92","b","U4","U4","Odontarrhena muralis",0.01625
"PlotBm92","b","U4","U4","Orlaya daucoides",0.0075
"PlotBm92","b","U4","U4","Phleum pratense",0.0075
"PlotBm92","b","U4","U4","Scandix australis",0.02875
"PlotBm92","b","U4","U4","Sedum amplexicaule",0.00875
"PlotBm92","b","U4","U4","Teucrium chamaedrys",0.02125
"PlotBm92","b","U4","U4","Thymus sibthorpii",0.02125
"PlotBm92","b","U4","U4","Veronica verna",0.0025
"PlotBm93","b","U4","U4","Bellis perennis",0.0025
"PlotBm93","b","U4","U4","Cerastium brachypetalum",0.02875
"PlotBm93","b","U4","U4","Cerastium semidecandrum",0.00875
"PlotBm93","b","U4","U4","Cruciata pedemontana",0.00125
"PlotBm93","b","U4","U4","Cynosurus echinatus",0.00125
"PlotBm93","b","U4","U4","Dasypyrum villosum",0.0025
"PlotBm93","b","U4","U4","Eryngium campestre",0.0075
"PlotBm93","b","U4","U4","Geranium brutium",0.00875
"PlotBm93","b","U4","U4","Hordeum murinum",0.0375
"PlotBm93","b","U4","U4","Lolium perenne",0.0075
"PlotBm93","b","U4","U4","Mentha longifolia",0.0075
"PlotBm93","b","U4","U4","Petrorhagia dubia",0.0025
"PlotBm93","b","U4","U4","Plantago lanceolata",0.045
"PlotBm93","b","U4","U4","Poa bulbosa",0.015
"PlotBm93","b","U4","U4","Sanguisorba minor",0.0075
"PlotBm93","b","U4","U4","Sherardia arvensis",0.0075
"PlotBm93","b","U4","U4","Taraxacum officinale group",0.0075
"PlotBm93","b","U4","U4","Trifolium angustifolium",0.00125
"PlotBm93","b","U4","U4","Trifolium fragiferum",0.00125
"PlotBm93","b","U4","U4","Trifolium nigrescens",0.02875
"PlotBm93","b","U4","U4","Valerianella locusta",0.00125
"PlotBm93","b","U4","U4","Veronica chamaedrys",0.0075
"PlotBm93","b","U4","U4","Vicia hirsuta",0.0075
"PlotBm93","b","U4","U4","Vicia villosa",0.00875
"PlotBm94","b","U4","U4","Achillea millefolium",0.02875
"PlotBm94","b","U4","U4","Bellardia latifolia",0.0075
"PlotBm94","b","U4","U4","Bromus sterilis",0.02125
"PlotBm94","b","U4","U4","Centaurea sp.",0.01
"PlotBm94","b","U4","U4","Cerastium brachypetalum",0.00875
"PlotBm94","b","U4","U4","Cerastium semidecandrum",0.00875
"PlotBm94","b","U4","U4","Crepis sancta",0.00125
"PlotBm94","b","U4","U4","Cynosurus echinatus",0.0075
"PlotBm94","b","U4","U4","Dactylis glomerata",0.00125
"PlotBm94","b","U4","U4","Dasypyrum villosum",0.0075
"PlotBm94","b","U4","U4","Eryngium campestre",0.03125
"PlotBm94","b","U4","U4","Festuca valesiaca",0.255
"PlotBm94","b","U4","U4","Geranium brutium",0.00125
"PlotBm94","b","U4","U4","Hieracium murorum",0.0075
"PlotBm94","b","U4","U4","Myosotis ramosissima",0.00125
"PlotBm94","b","U4","U4","Petrorhagia dubia",0.00125
"PlotBm94","b","U4","U4","Pilosella leucopsilon",0.02125
"PlotBm94","b","U4","U4","Piptatherum miliaceum",0.0075
"PlotBm94","b","U4","U4","Plantago lanceolata",0.01625
"PlotBm94","b","U4","U4","Potentilla argentea",0.00125
"PlotBm94","b","U4","U4","Potentilla recta",0.00875
"PlotBm94","b","U4","U4","Rumex acetosella",0.00125
"PlotBm94","b","U4","U4","Sanguisorba minor",0.00875
"PlotBm94","b","U4","U4","Sherardia arvensis",0.00125
"PlotBm94","b","U4","U4","Teucrium chamaedrys",0.00125
"PlotBm94","b","U4","U4","Trifolium fragiferum",0.00125
"PlotBm94","b","U4","U4","Trifolium hirtum",0.0075
"PlotBm94","b","U4","U4","Trifolium scabrum",0.0075
"PlotBm94","b","U4","U4","Veronica chamaedrys",0.0075
"PlotBm94","b","U4","U4","Vicia hirsuta",0.01625
"PlotBm94","b","U4","U4","Vicia villosa",0.0075
"PlotBm95","b","U4","U4","Achillea millefolium",0.135
"PlotBm95","b","U4","U4","Aira elegans",0.08875
"PlotBm95","b","U4","U4","Ajuga genevensis",0.0225
"PlotBm95","b","U4","U4","Bromus hordeaceus",0.0225
"PlotBm95","b","U4","U4","Bromus sterilis",0.08875
"PlotBm95","b","U4","U4","Cerastium brachypetalum",0.0075
"PlotBm95","b","U4","U4","Cerastium semidecandrum",0.00125
"PlotBm95","b","U4","U4","Cruciata pedemontana",0.0225
"PlotBm95","b","U4","U4","Cynosurus echinatus",0.0075
"PlotBm95","b","U4","U4","Filago gallica",0.00125
"PlotBm95","b","U4","U4","Galium mollugo group",0.00125
"PlotBm95","b","U4","U4","Geranium brutium",0.00125
"PlotBm95","b","U4","U4","Hypericum perforatum",0.00875
"PlotBm95","b","U4","U4","Lathyrus nissolia",0.02125
"PlotBm95","b","U4","U4","Matricaria chamomilla",0.00875
"PlotBm95","b","U4","U4","Mentha longifolia",0.00125
"PlotBm95","b","U4","U4","Plantago lanceolata",0.03
"PlotBm95","b","U4","U4","Poa bulbosa",0.015
"PlotBm95","b","U4","U4","Prunella vulgaris",0.00875
"PlotBm95","b","U4","U4","Rumex acetosella",0.07625
"PlotBm95","b","U4","U4","Sanguisorba minor",0.00125
"PlotBm95","b","U4","U4","Sherardia arvensis",0.00125
"PlotBm95","b","U4","U4","Trifolium angustifolium",0.00125
"PlotBm95","b","U4","U4","Trifolium campestre",0.02875
"PlotBm95","b","U4","U4","Trifolium repens",0.015
"PlotBm95","b","U4","U4","Vicia hirsuta",0.02125
"PlotBm95","b","U4","U4","Vicia hybrida",0.0225
"PlotBm95","b","U4","U4","Viola macedonica",0.0075
"PlotBm96","b","U4","U4","Achnatherum bromoides",0.0075
"PlotBm96","b","U4","U4","Aegilops triuncialis",0.024
"PlotBm96","b","U4","U4","Ajuga chamaepitys",0.00125
"PlotBm96","b","U4","U4","Anchusa officinalis",0.0075
"PlotBm96","b","U4","U4","Arenaria leptoclados",0.00875
"PlotBm96","b","U4","U4","Avena sterilis",0.00775
"PlotBm96","b","U4","U4","Bromus tectorum",0.02125
"PlotBm96","b","U4","U4","Catapodium rigidum",2.5e-4
"PlotBm96","b","U4","U4","Centaurea sp.",0.00125
"PlotBm96","b","U4","U4","Chrysopogon gryllus",0.00125
"PlotBm96","b","U4","U4","Convolvulus althaeoides",0.03
"PlotBm96","b","U4","U4","Crepis setosa",0.00125
"PlotBm96","b","U4","U4","Dactylis glomerata",0.00125
"PlotBm96","b","U4","U4","Helianthemum aegyptiacum",0.03
"PlotBm96","b","U4","U4","Medicago minima",0.0025
"PlotBm96","b","U4","U4","Melica ciliata",0.0075
"PlotBm96","b","U4","U4","Micromeria juliana",0.00125
"PlotBm96","b","U4","U4","Onobrychis aequidentata",0.00875
"PlotBm96","b","U4","U4","Osyris alba",0.02125
"PlotBm96","b","U4","U4","Plantago afra",0.0075
"PlotBm96","b","U4","U4","Rostraria cristata",0.015
"PlotBm96","b","U4","U4","Sanguisorba minor",0.00875
"PlotBm96","b","U4","U4","Solanum elaeagnifolium",0.00125
"PlotBm96","b","U4","U4","Stipa capensis",0.00125
"PlotBm96","b","U4","U4","Teucrium capitatum",0.03625
"PlotBm96","b","U4","U4","Thymus sibthorpii",0.02875
"PlotBm96","b","U4","U4","Verbascum sp.",0.00125
"PlotBm97","b","W17","W17","Aegilops geniculata",0.01
"PlotBm97","b","W17","W17","Aira elegans",0.005
"PlotBm97","b","W17","W17","Asparagus acutifolius",0.10375
"PlotBm97","b","W17","W17","Brachypodium sylvaticum",0.39
"PlotBm97","b","W17","W17","Carex flacca",0.03125
"PlotBm97","b","W17","W17","Carpinus orientalis",0.2025
"PlotBm97","b","W17","W17","Centaurea sp.",0.005
"PlotBm97","b","W17","W17","Cynodon dactylon",0.02125
"PlotBm97","b","W17","W17","Dactylis glomerata",0.015
"PlotBm97","b","W17","W17","Fragaria vesca",0.01
"PlotBm97","b","W17","W17","Galium aparine",0.0675
"PlotBm97","b","W17","W17","Melilotus sp.",0.005
"PlotBm97","b","W17","W17","Paliurus spina-christi",0.0025
"PlotBm97","b","W17","W17","Plantago lanceolata",0.005
"PlotBm97","b","W17","W17","Plantago major",0.005
"PlotBm97","b","W17","W17","Poa bulbosa",0.05125
"PlotBm97","b","W17","W17","Quercus pubescens",0.185
"PlotBm97","b","W17","W17","Rubus sanctus",0.005
"PlotBm97","b","W17","W17","Rumex sp.",0.01
"PlotBm97","b","W17","W17","Ruscus aculeatus",0.00125
"PlotBm97","b","W17","W17","Veronica chamaedrys",0.005
"PlotBm97","b","W17","W17","Viola sp.",0.03125
"PlotBm98","b","W17","W17","Brachypodium sylvaticum",0.34875
"PlotBm98","b","W17","W17","Carex flacca",0.10375
"PlotBm98","b","W17","W17","Carpinus orientalis",0.19375
"PlotBm98","b","W17","W17","Cornus sanguinea",0.115
"PlotBm98","b","W17","W17","Dactylis glomerata",0.00625
"PlotBm98","b","W17","W17","Fragaria vesca",0.005
"PlotBm98","b","W17","W17","Fraxinus ornus",0.005
"PlotBm98","b","W17","W17","Galium aparine",0.0675
"PlotBm98","b","W17","W17","Geranium rotundifolium",0.00125
"PlotBm98","b","W17","W17","Hedera helix",0.01
"PlotBm98","b","W17","W17","Juniperus oxycedrus",0.04625
"PlotBm98","b","W17","W17","Lactuca muralis",0.005
"PlotBm98","b","W17","W17","Lathyrus niger",0.02
"PlotBm98","b","W17","W17","Melilotus sp.",0.00125
"PlotBm98","b","W17","W17","Prunella vulgaris",0.01125
"PlotBm98","b","W17","W17","Quercus pubescens",0.375
"PlotBm98","b","W17","W17","Ramnus sp.",0.00125
"PlotBm98","b","W17","W17","Rumex sp.",0.00125
"PlotBm98","b","W17","W17","Silene italica",0.01
"PlotBm98","b","W17","W17","Teucrium chamaedrys",0.04625
"PlotBm98","b","W17","W17","Veronica chamaedrys",0.005
"PlotBm98","b","W17","W17","Vicia sp.",0.005
"PlotBm98","b","W17","W17","Viola sp.",0.03625
"PlotBm98","b","W17","W17","Xeranthemum cylindraceum",0.0925
"PlotBm99","b","W17","W17","Achillea millefolium",0.0475
"PlotBm99","b","W17","W17","Brachypodium sylvaticum",0.15
"PlotBm99","b","W17","W17","Briza minor",0.01
"PlotBm99","b","W17","W17","Bromus sp.",0.09875
"PlotBm99","b","W17","W17","Carex flacca",0.12
"PlotBm99","b","W17","W17","Carpinus orientalis",0.10375
"PlotBm99","b","W17","W17","Chrysopogon gryllus",0.09875
"PlotBm99","b","W17","W17","Cornus sanguinea",0.00625
"PlotBm99","b","W17","W17","Dactylis glomerata",0.06125
"PlotBm99","b","W17","W17","Eryngium campestre",0.0025
"PlotBm99","b","W17","W17","Fragaria vesca",0.0975
"PlotBm99","b","W17","W17","Fraxinus ornus",0.015
"PlotBm99","b","W17","W17","Galium rotundifolium",0.02125
"PlotBm99","b","W17","W17","Juniperus oxycedrus",0.1875
"PlotBm99","b","W17","W17","Plantago major",0.00125
"PlotBm99","b","W17","W17","Quercus pubescens",0.085
"PlotBm99","b","W17","W17","Rumex sp.",0.0025
"PlotBm99","b","W17","W17","Ruscus aculeatus",0.02125
"PlotBm99","b","W17","W17","Sanguisorba minor",0.005
"PlotBm99","b","W17","W17","Silene italica",0.01
"PlotBm99","b","W17","W17","Teucrium chamaedrys",0.365
"PlotBm99","b","W17","W17","Trifolium angustifolium",0.005
"PlotBm99","b","W17","W17","Veronica chamaedrys",0.005
"PlotBm99","b","W17","W17","Vicia sp.",0.02
"PlotBm99","b","W17","W17","Viola sp.",0.02
