"stem_id","plotCode","focalOrBenchmark","landCover","vegClass","subplot","ind","ind_id","stratum","species","dbh_cm","ba_m2"
1,"PlotBm100","b","W17","W17","1",1,"PlotBm100_1","Stems >=10 cm DBH","Quercus pubescens",30,0.07068583470577035
2,"PlotBm100","b","W17","W17","2",2,"PlotBm100_2","Stems >=10 cm DBH","Carpinus orientalis",17,0.022698006922186254
3,"PlotBm100","b","W17","W17","2",3,"PlotBm100_3","Stems >=10 cm DBH","Carpinus orientalis",18,0.025446900494077322
4,"PlotBm100","b","W17","W17","3",4,"PlotBm100_4","Stems >=10 cm DBH","Quercus pubescens",46,0.16619025137490004
5,"PlotBm100","b","W17","W17","3",5,"PlotBm100_5","Stems >=10 cm DBH","Quercus pubescens",52,0.21237166338267002
6,"PlotBm100","b","W17","W17","3",6,"PlotBm100_6","Stems >=10 cm DBH","Carpinus orientalis",14,0.015393804002589986
7,"PlotBm101","b","W17","W17","1",1,"PlotBm101_1","Stems >=10 cm DBH","Quercus pubescens",26,0.053092915845667506
8,"PlotBm101","b","W17","W17","1",2,"PlotBm101_2","Stems >=10 cm DBH","Quercus pubescens",33,0.08552985999398212
9,"PlotBm101","b","W17","W17","2",3,"PlotBm101_3","Stems >=10 cm DBH","Quercus pubescens",25,0.04908738521234052
10,"PlotBm101","b","W17","W17","2",4,"PlotBm101_4","Stems >=10 cm DBH","Quercus pubescens",27,0.05725552611167398
11,"PlotBm101","b","W17","W17","2",5,"PlotBm101_5","Stems >=10 cm DBH","Ostrya carpinifolia",18,0.025446900494077322
12,"PlotBm101","b","W17","W17","3",6,"PlotBm101_6","Stems >=10 cm DBH","Quercus pubescens",42,0.13854423602330987
13,"PlotBm101","b","W17","W17","3",7,"PlotBm101_7","Stems >=10 cm DBH","Quercus pubescens",24,0.04523893421169302
14,"PlotBm101","b","W17","W17","3",8,"PlotBm101_8","Stems 2.5-10 cm DBH","Cornus mas",4,0.0012566370614359172
15,"PlotBm101","b","W17","W17","3",9,"PlotBm101_9","Stems >=10 cm DBH","Quercus pubescens",26,0.053092915845667506
1591,"PlotBm101","b","W17","W17","3",8,"PlotBm101_8","Stems 2.5-10 cm DBH","Cornus mas",6,0.0028274333882308137
1954,"PlotBm101","b","W17","W17","3",8,"PlotBm101_8","Stems 2.5-10 cm DBH","Cornus mas",6,0.0028274333882308137
1848,"PlotBm101","b","W17","W17","3",8,"PlotBm101_8","Stems 2.5-10 cm DBH","Cornus mas",7,0.0038484510006474965
18,"PlotBm102","b","W17","W17","3",3,"PlotBm102_3","Stems >=10 cm DBH","Quercus pubescens",32,0.0804247719318987
19,"PlotBm102","b","W17","W17","3",4,"PlotBm102_4","Stems >=10 cm DBH","Quercus pubescens",24,0.04523893421169302
17,"PlotBm102","b","W17","W17","2",2,"PlotBm102_2","Stems 2.5-10 cm DBH","Paliurus spina-christi",3,7.068583470577034e-4
22,"PlotBm102","b","W17","W17","3",7,"PlotBm102_7","Stems >=10 cm DBH","Juniperus oxycedrus",14,0.015393804002589986
1955,"PlotBm102","b","W17","W17","2",2,"PlotBm102_2","Stems 2.5-10 cm DBH","Paliurus spina-christi",3,7.068583470577034e-4
20,"PlotBm102","b","W17","W17","3",5,"PlotBm102_5","Stems >=10 cm DBH","Quercus pubescens",18,0.025446900494077322
21,"PlotBm102","b","W17","W17","3",6,"PlotBm102_6","Stems >=10 cm DBH","Quercus pubescens",42,0.13854423602330987
1592,"PlotBm102","b","W17","W17","2",2,"PlotBm102_2","Stems 2.5-10 cm DBH","Paliurus spina-christi",5,0.001963495408493621
16,"PlotBm102","b","W17","W17","1",1,"PlotBm102_1","Stems >=10 cm DBH","Quercus pubescens",33,0.08552985999398212
1849,"PlotBm102","b","W17","W17","2",2,"PlotBm102_2","Stems 2.5-10 cm DBH","Paliurus spina-christi",4,0.0012566370614359172
23,"PlotBm103","b","W17","W17","1",1,"PlotBm103_1","Stems >=10 cm DBH","Quercus pubescens",14,0.015393804002589986
24,"PlotBm103","b","W17","W17","1",2,"PlotBm103_2","Stems >=10 cm DBH","Quercus pubescens",43,0.14522012041218818
27,"PlotBm103","b","W17","W17","1",5,"PlotBm103_5","Stems 2.5-10 cm DBH","Carpinus orientalis",4,0.0012566370614359172
1594,"PlotBm103","b","W17","W17","1",7,"PlotBm103_7","Stems >=10 cm DBH","Carpinus orientalis",19,0.02835287369864788
25,"PlotBm103","b","W17","W17","1",3,"PlotBm103_3","Stems 2.5-10 cm DBH","Juniperus oxycedrus",9,0.0063617251235193305
26,"PlotBm103","b","W17","W17","1",4,"PlotBm103_4","Stems 2.5-10 cm DBH","Juniperus oxycedrus",8,0.005026548245743669
30,"PlotBm103","b","W17","W17","3",8,"PlotBm103_8","Stems >=10 cm DBH","Cercis siliquastrum",17,0.022698006922186254
1850,"PlotBm103","b","W17","W17","1",6,"PlotBm103_6","Stems >=10 cm DBH","Quercus pubescens",11,0.009503317777109124
29,"PlotBm103","b","W17","W17","1",7,"PlotBm103_7","Stems >=10 cm DBH","Carpinus orientalis",22,0.0380132711084365
1593,"PlotBm103","b","W17","W17","1",6,"PlotBm103_6","Stems >=10 cm DBH","Quercus pubescens",31,0.07547676350249478
28,"PlotBm103","b","W17","W17","1",6,"PlotBm103_6","Stems >=10 cm DBH","Quercus pubescens",22,0.0380132711084365
31,"PlotBm104","b","W17","W17","1",1,"PlotBm104_1","Stems >=10 cm DBH","Quercus pubescens",33,0.08552985999398212
34,"PlotBm104","b","W17","W17","3",4,"PlotBm104_4","Stems >=10 cm DBH","Quercus pubescens",47,0.17349445429449634
32,"PlotBm104","b","W17","W17","1",2,"PlotBm104_2","Stems >=10 cm DBH","Juniperus oxycedrus",12,0.011309733552923255
33,"PlotBm104","b","W17","W17","2",3,"PlotBm104_3","Stems >=10 cm DBH","Juniperus oxycedrus",10,0.007853981633974483
1595,"PlotBm104","b","W17","W17","1",2,"PlotBm104_2","Stems >=10 cm DBH","Juniperus oxycedrus",13,0.013273228961416876
36,"PlotBm105","b","W17","W17","1",2,"PlotBm105_2","Stems >=10 cm DBH","Quercus pubescens",47,0.17349445429449634
40,"PlotBm105","b","W17","W17","2",6,"PlotBm105_6","Stems >=10 cm DBH","Juniperus oxycedrus",12,0.011309733552923255
35,"PlotBm105","b","W17","W17","1",1,"PlotBm105_1","Stems >=10 cm DBH","Quercus pubescens",42,0.13854423602330987
1597,"PlotBm105","b","W17","W17","2",6,"PlotBm105_6","Stems 2.5-10 cm DBH","Juniperus oxycedrus",5,0.001963495408493621
37,"PlotBm105","b","W17","W17","1",3,"PlotBm105_3","Stems >=10 cm DBH","Carpinus orientalis",22,0.0380132711084365
38,"PlotBm105","b","W17","W17","2",4,"PlotBm105_4","Stems >=10 cm DBH","Juniperus oxycedrus",21,0.03463605900582747
39,"PlotBm105","b","W17","W17","2",5,"PlotBm105_5","Stems >=10 cm DBH","Juniperus oxycedrus",19,0.02835287369864788
1851,"PlotBm105","b","W17","W17","2",6,"PlotBm105_6","Stems 2.5-10 cm DBH","Juniperus oxycedrus",7,0.0038484510006474965
1596,"PlotBm105","b","W17","W17","2",4,"PlotBm105_4","Stems 2.5-10 cm DBH","Juniperus oxycedrus",9,0.0063617251235193305
49,"PlotBm106","b","W17","W17","3",9,"PlotBm106_9","Stems >=10 cm DBH","Carpinus orientalis",22,0.0380132711084365
50,"PlotBm106","b","W17","W17","3",10,"PlotBm106_10","Stems 2.5-10 cm DBH","Juniperus oxycedrus",8,0.005026548245743669
43,"PlotBm106","b","W17","W17","2",3,"PlotBm106_3","Stems >=10 cm DBH","Carpinus orientalis",14,0.015393804002589986
48,"PlotBm106","b","W17","W17","3",8,"PlotBm106_8","Stems >=10 cm DBH","Quercus pubescens",22,0.0380132711084365
41,"PlotBm106","b","W17","W17","1",1,"PlotBm106_1","Stems >=10 cm DBH","Quercus pubescens",28,0.061575216010359944
42,"PlotBm106","b","W17","W17","1",2,"PlotBm106_2","Stems >=10 cm DBH","Quercus pubescens",20,0.031415926535897934
46,"PlotBm106","b","W17","W17","2",6,"PlotBm106_6","Stems >=10 cm DBH","Quercus pubescens",26,0.053092915845667506
47,"PlotBm106","b","W17","W17","2",7,"PlotBm106_7","Stems >=10 cm DBH","Quercus pubescens",25,0.04908738521234052
1598,"PlotBm106","b","W17","W17","3",10,"PlotBm106_10","Stems 2.5-10 cm DBH","Juniperus oxycedrus",7,0.0038484510006474965
45,"PlotBm106","b","W17","W17","2",5,"PlotBm106_5","Stems >=10 cm DBH","Quercus pubescens",24,0.04523893421169302
44,"PlotBm106","b","W17","W17","2",4,"PlotBm106_4","Stems >=10 cm DBH","Carpinus orientalis",17,0.022698006922186254
51,"PlotBm107","b","W17","W17","1",1,"PlotBm107_1","Stems >=10 cm DBH","Quercus pubescens",17,0.022698006922186254
53,"PlotBm107","b","W17","W17","3",3,"PlotBm107_3","Stems >=10 cm DBH","Quercus pubescens",16,0.020106192982974676
1599,"PlotBm107","b","W17","W17","3",5,"PlotBm107_5","Stems >=10 cm DBH","Quercus pubescens",14,0.015393804002589986
52,"PlotBm107","b","W17","W17","2",2,"PlotBm107_2","Stems >=10 cm DBH","Quercus pubescens",11,0.009503317777109124
55,"PlotBm107","b","W17","W17","3",5,"PlotBm107_5","Stems >=10 cm DBH","Quercus pubescens",11,0.009503317777109124
1852,"PlotBm107","b","W17","W17","3",5,"PlotBm107_5","Stems >=10 cm DBH","Quercus pubescens",18,0.025446900494077322
54,"PlotBm107","b","W17","W17","3",4,"PlotBm107_4","Stems >=10 cm DBH","Quercus pubescens",21,0.03463605900582747
56,"PlotBm108","b","W17","W17","1",1,"PlotBm108_1","Stems >=10 cm DBH","Quercus pubescens",10,0.007853981633974483
58,"PlotBm108","b","W17","W17","2",3,"PlotBm108_3","Stems >=10 cm DBH","Quercus pubescens",12,0.011309733552923255
59,"PlotBm108","b","W17","W17","3",4,"PlotBm108_4","Stems >=10 cm DBH","Quercus pubescens",11,0.009503317777109124
60,"PlotBm108","b","W17","W17","3",5,"PlotBm108_5","Stems >=10 cm DBH","Quercus pubescens",17,0.022698006922186254
57,"PlotBm108","b","W17","W17","1",2,"PlotBm108_2","Stems >=10 cm DBH","Quercus pubescens",22,0.0380132711084365
64,"PlotBm109","b","W11","W11","1",4,"PlotBm109_4","Stems >=10 cm DBH","Quercus petraea",15,0.017671458676442587
65,"PlotBm109","b","W11","W11","1",5,"PlotBm109_5","Stems >=10 cm DBH","Quercus petraea",19,0.02835287369864788
67,"PlotBm109","b","W11","W11","1",7,"PlotBm109_7","Stems >=10 cm DBH","Quercus petraea",15,0.017671458676442587
76,"PlotBm109","b","W11","W11","2",16,"PlotBm109_16","Stems >=10 cm DBH","Quercus petraea",32,0.0804247719318987
77,"PlotBm109","b","W11","W11","2",17,"PlotBm109_17","Stems >=10 cm DBH","Quercus petraea",33,0.08552985999398212
66,"PlotBm109","b","W11","W11","1",6,"PlotBm109_6","Stems >=10 cm DBH","Quercus petraea",22,0.0380132711084365
75,"PlotBm109","b","W11","W11","2",15,"PlotBm109_15","Stems >=10 cm DBH","Quercus petraea",11,0.009503317777109124
80,"PlotBm109","b","W11","W11","2",20,"PlotBm109_20","Stems >=10 cm DBH","Quercus petraea",28,0.061575216010359944
68,"PlotBm109","b","W11","W11","1",8,"PlotBm109_8","Stems >=10 cm DBH","Quercus petraea",25,0.04908738521234052
78,"PlotBm109","b","W11","W11","2",18,"PlotBm109_18","Stems >=10 cm DBH","Quercus petraea",37,0.10752100856911068
79,"PlotBm109","b","W11","W11","2",19,"PlotBm109_19","Stems >=10 cm DBH","Quercus petraea",28,0.061575216010359944
61,"PlotBm109","b","W11","W11","1",1,"PlotBm109_1","Stems >=10 cm DBH","Quercus petraea",12,0.011309733552923255
62,"PlotBm109","b","W11","W11","1",2,"PlotBm109_2","Stems >=10 cm DBH","Quercus petraea",10,0.007853981633974483
69,"PlotBm109","b","W11","W11","1",9,"PlotBm109_9","Stems >=10 cm DBH","Quercus petraea",32,0.0804247719318987
1600,"PlotBm109","b","W11","W11","1",7,"PlotBm109_7","Stems >=10 cm DBH","Quercus petraea",11,0.009503317777109124
1601,"PlotBm109","b","W11","W11","2",13,"PlotBm109_13","Stems >=10 cm DBH","Quercus petraea",17,0.022698006922186254
1602,"PlotBm109","b","W11","W11","3",21,"PlotBm109_21","Stems >=10 cm DBH","Quercus petraea",19,0.02835287369864788
63,"PlotBm109","b","W11","W11","1",3,"PlotBm109_3","Stems >=10 cm DBH","Quercus petraea",17,0.022698006922186254
82,"PlotBm109","b","W11","W11","3",22,"PlotBm109_22","Stems >=10 cm DBH","Quercus petraea",21,0.03463605900582747
83,"PlotBm109","b","W11","W11","3",23,"PlotBm109_23","Stems >=10 cm DBH","Quercus petraea",19,0.02835287369864788
84,"PlotBm109","b","W11","W11","3",24,"PlotBm109_24","Stems >=10 cm DBH","Quercus petraea",21,0.03463605900582747
81,"PlotBm109","b","W11","W11","3",21,"PlotBm109_21","Stems >=10 cm DBH","Quercus petraea",11,0.009503317777109124
86,"PlotBm109","b","W11","W11","3",26,"PlotBm109_26","Stems >=10 cm DBH","Quercus petraea",42,0.13854423602330987
73,"PlotBm109","b","W11","W11","2",13,"PlotBm109_13","Stems 2.5-10 cm DBH","Quercus petraea",9,0.0063617251235193305
74,"PlotBm109","b","W11","W11","2",14,"PlotBm109_14","Stems >=10 cm DBH","Quercus petraea",19,0.02835287369864788
70,"PlotBm109","b","W11","W11","2",10,"PlotBm109_10","Stems >=10 cm DBH","Quercus petraea",21,0.03463605900582747
85,"PlotBm109","b","W11","W11","3",25,"PlotBm109_25","Stems >=10 cm DBH","Quercus petraea",33,0.08552985999398212
72,"PlotBm109","b","W11","W11","2",12,"PlotBm109_12","Stems >=10 cm DBH","Quercus petraea",14,0.015393804002589986
71,"PlotBm109","b","W11","W11","2",11,"PlotBm109_11","Stems >=10 cm DBH","Quercus petraea",16,0.020106192982974676
92,"PlotBm110","b","W11","W11","2",6,"PlotBm110_6","Stems 2.5-10 cm DBH","Carpinus orientalis",7,0.0038484510006474965
89,"PlotBm110","b","W11","W11","2",3,"PlotBm110_3","Stems >=10 cm DBH","Carpinus orientalis",21,0.03463605900582747
90,"PlotBm110","b","W11","W11","2",4,"PlotBm110_4","Stems >=10 cm DBH","Quercus pubescens",23,0.04154756284372501
95,"PlotBm110","b","W11","W11","3",9,"PlotBm110_9","Stems >=10 cm DBH","Quercus pubescens",28,0.061575216010359944
93,"PlotBm110","b","W11","W11","2",7,"PlotBm110_7","Stems >=10 cm DBH","Quercus pubescens",46,0.16619025137490004
96,"PlotBm110","b","W11","W11","3",10,"PlotBm110_10","Stems >=10 cm DBH","Quercus pubescens",35,0.09621127501618741
91,"PlotBm110","b","W11","W11","2",5,"PlotBm110_5","Stems >=10 cm DBH","Quercus pubescens",28,0.061575216010359944
87,"PlotBm110","b","W11","W11","1",1,"PlotBm110_1","Stems >=10 cm DBH","Quercus pubescens",30,0.07068583470577035
88,"PlotBm110","b","W11","W11","1",2,"PlotBm110_2","Stems >=10 cm DBH","Carpinus orientalis",15,0.017671458676442587
100,"PlotBm110","b","W11","W11","3",14,"PlotBm110_14","Stems >=10 cm DBH","Quercus pubescens",17,0.022698006922186254
94,"PlotBm110","b","W11","W11","2",8,"PlotBm110_8","Stems >=10 cm DBH","Carpinus orientalis",17,0.022698006922186254
98,"PlotBm110","b","W11","W11","3",12,"PlotBm110_12","Stems >=10 cm DBH","Quercus pubescens",28,0.061575216010359944
99,"PlotBm110","b","W11","W11","3",13,"PlotBm110_13","Stems >=10 cm DBH","Quercus pubescens",42,0.13854423602330987
97,"PlotBm110","b","W11","W11","3",11,"PlotBm110_11","Stems >=10 cm DBH","Carpinus orientalis",18,0.025446900494077322
107,"PlotBm111","b","W11","W11","2",7,"PlotBm111_7","Stems >=10 cm DBH","Carpinus orientalis",12,0.011309733552923255
102,"PlotBm111","b","W11","W11","1",2,"PlotBm111_2","Stems >=10 cm DBH","Carpinus orientalis",13,0.013273228961416876
103,"PlotBm111","b","W11","W11","1",3,"PlotBm111_3","Stems 2.5-10 cm DBH","Carpinus orientalis",8,0.005026548245743669
115,"PlotBm111","b","W11","W11","3",15,"PlotBm111_15","Stems >=10 cm DBH","Carpinus orientalis",10,0.007853981633974483
106,"PlotBm111","b","W11","W11","2",6,"PlotBm111_6","Stems >=10 cm DBH","Quercus pubescens",32,0.0804247719318987
108,"PlotBm111","b","W11","W11","2",8,"PlotBm111_8","Stems >=10 cm DBH","Carpinus orientalis",17,0.022698006922186254
104,"PlotBm111","b","W11","W11","1",4,"PlotBm111_4","Stems >=10 cm DBH","Quercus pubescens",29,0.0660519855417254
105,"PlotBm111","b","W11","W11","2",5,"PlotBm111_5","Stems >=10 cm DBH","Quercus pubescens",30,0.07068583470577035
101,"PlotBm111","b","W11","W11","1",1,"PlotBm111_1","Stems >=10 cm DBH","Carpinus orientalis",17,0.022698006922186254
110,"PlotBm111","b","W11","W11","3",10,"PlotBm111_10","Stems >=10 cm DBH","Quercus pubescens",16,0.020106192982974676
109,"PlotBm111","b","W11","W11","2",9,"PlotBm111_9","Stems >=10 cm DBH","Quercus pubescens",22,0.0380132711084365
112,"PlotBm111","b","W11","W11","3",12,"PlotBm111_12","Stems >=10 cm DBH","Quercus pubescens",28,0.061575216010359944
113,"PlotBm111","b","W11","W11","3",13,"PlotBm111_13","Stems >=10 cm DBH","Quercus pubescens",19,0.02835287369864788
114,"PlotBm111","b","W11","W11","3",14,"PlotBm111_14","Stems >=10 cm DBH","Quercus pubescens",37,0.10752100856911068
111,"PlotBm111","b","W11","W11","3",11,"PlotBm111_11","Stems >=10 cm DBH","Quercus pubescens",24,0.04523893421169302
117,"PlotBm112","b","W11","W11","1",2,"PlotBm112_2","Stems >=10 cm DBH","Quercus petraea",22,0.0380132711084365
119,"PlotBm112","b","W11","W11","1",4,"PlotBm112_4","Stems >=10 cm DBH","Quercus petraea",20,0.031415926535897934
116,"PlotBm112","b","W11","W11","1",1,"PlotBm112_1","Stems >=10 cm DBH","Quercus petraea",20,0.031415926535897934
121,"PlotBm112","b","W11","W11","1",6,"PlotBm112_6","Stems >=10 cm DBH","Quercus petraea",19,0.02835287369864788
118,"PlotBm112","b","W11","W11","1",3,"PlotBm112_3","Stems >=10 cm DBH","Quercus petraea",28,0.061575216010359944
123,"PlotBm112","b","W11","W11","1",8,"PlotBm112_8","Stems >=10 cm DBH","Quercus petraea",17,0.022698006922186254
120,"PlotBm112","b","W11","W11","1",5,"PlotBm112_5","Stems >=10 cm DBH","Quercus petraea",19,0.02835287369864788
129,"PlotBm112","b","W11","W11","2",14,"PlotBm112_14","Stems >=10 cm DBH","Quercus petraea",14,0.015393804002589986
122,"PlotBm112","b","W11","W11","1",7,"PlotBm112_7","Stems >=10 cm DBH","Quercus petraea",18,0.025446900494077322
131,"PlotBm112","b","W11","W11","2",16,"PlotBm112_16","Stems >=10 cm DBH","Quercus petraea",16,0.020106192982974676
132,"PlotBm112","b","W11","W11","2",17,"PlotBm112_17","Stems >=10 cm DBH","Quercus petraea",18,0.025446900494077322
133,"PlotBm112","b","W11","W11","2",18,"PlotBm112_18","Stems >=10 cm DBH","Quercus petraea",13,0.013273228961416876
130,"PlotBm112","b","W11","W11","2",15,"PlotBm112_15","Stems >=10 cm DBH","Quercus petraea",13,0.013273228961416876
145,"PlotBm112","b","W11","W11","3",30,"PlotBm112_30","Stems >=10 cm DBH","Quercus petraea",14,0.015393804002589986
127,"PlotBm112","b","W11","W11","1",12,"PlotBm112_12","Stems 2.5-10 cm DBH","Quercus petraea",8,0.005026548245743669
124,"PlotBm112","b","W11","W11","1",9,"PlotBm112_9","Stems >=10 cm DBH","Quercus petraea",23,0.04154756284372501
146,"PlotBm112","b","W11","W11","3",31,"PlotBm112_31","Stems >=10 cm DBH","Quercus petraea",37,0.10752100856911068
126,"PlotBm112","b","W11","W11","1",11,"PlotBm112_11","Stems >=10 cm DBH","Quercus petraea",14,0.015393804002589986
141,"PlotBm112","b","W11","W11","3",26,"PlotBm112_26","Stems >=10 cm DBH","Quercus petraea",22,0.0380132711084365
128,"PlotBm112","b","W11","W11","2",13,"PlotBm112_13","Stems >=10 cm DBH","Quercus petraea",17,0.022698006922186254
139,"PlotBm112","b","W11","W11","3",24,"PlotBm112_24","Stems >=10 cm DBH","Quercus petraea",12,0.011309733552923255
140,"PlotBm112","b","W11","W11","3",25,"PlotBm112_25","Stems >=10 cm DBH","Quercus petraea",11,0.009503317777109124
136,"PlotBm112","b","W11","W11","3",21,"PlotBm112_21","Stems >=10 cm DBH","Quercus petraea",13,0.013273228961416876
142,"PlotBm112","b","W11","W11","3",27,"PlotBm112_27","Stems >=10 cm DBH","Quercus petraea",22,0.0380132711084365
143,"PlotBm112","b","W11","W11","3",28,"PlotBm112_28","Stems >=10 cm DBH","Quercus petraea",53,0.22061834409834324
144,"PlotBm112","b","W11","W11","3",29,"PlotBm112_29","Stems >=10 cm DBH","Quercus petraea",28,0.061575216010359944
137,"PlotBm112","b","W11","W11","3",22,"PlotBm112_22","Stems >=10 cm DBH","Quercus petraea",13,0.013273228961416876
134,"PlotBm112","b","W11","W11","2",19,"PlotBm112_19","Stems >=10 cm DBH","Quercus petraea",12,0.011309733552923255
125,"PlotBm112","b","W11","W11","1",10,"PlotBm112_10","Stems >=10 cm DBH","Quercus petraea",10,0.007853981633974483
138,"PlotBm112","b","W11","W11","3",23,"PlotBm112_23","Stems >=10 cm DBH","Quercus petraea",14,0.015393804002589986
135,"PlotBm112","b","W11","W11","2",20,"PlotBm112_20","Stems >=10 cm DBH","Quercus petraea",13,0.013273228961416876
149,"PlotBm113","b","W11","W11","1",3,"PlotBm113_3","Stems >=10 cm DBH","Quercus petraea",10,0.007853981633974483
148,"PlotBm113","b","W11","W11","1",2,"PlotBm113_2","Stems >=10 cm DBH","Quercus petraea",20,0.031415926535897934
162,"PlotBm113","b","W11","W11","2",16,"PlotBm113_16","Stems >=10 cm DBH","Quercus petraea",21,0.03463605900582747
156,"PlotBm113","b","W11","W11","2",10,"PlotBm113_10","Stems >=10 cm DBH","Quercus petraea",11,0.009503317777109124
157,"PlotBm113","b","W11","W11","2",11,"PlotBm113_11","Stems >=10 cm DBH","Quercus petraea",13,0.013273228961416876
158,"PlotBm113","b","W11","W11","2",12,"PlotBm113_12","Stems >=10 cm DBH","Quercus petraea",11,0.009503317777109124
155,"PlotBm113","b","W11","W11","1",9,"PlotBm113_9","Stems >=10 cm DBH","Quercus petraea",14,0.015393804002589986
160,"PlotBm113","b","W11","W11","2",14,"PlotBm113_14","Stems >=10 cm DBH","Quercus petraea",29,0.0660519855417254
161,"PlotBm113","b","W11","W11","2",15,"PlotBm113_15","Stems >=10 cm DBH","Quercus petraea",14,0.015393804002589986
147,"PlotBm113","b","W11","W11","1",1,"PlotBm113_1","Stems >=10 cm DBH","Quercus petraea",10,0.007853981633974483
159,"PlotBm113","b","W11","W11","2",13,"PlotBm113_13","Stems >=10 cm DBH","Quercus petraea",19,0.02835287369864788
164,"PlotBm113","b","W11","W11","2",18,"PlotBm113_18","Stems >=10 cm DBH","Quercus petraea",27,0.05725552611167398
165,"PlotBm113","b","W11","W11","3",19,"PlotBm113_19","Stems >=10 cm DBH","Quercus petraea",13,0.013273228961416876
166,"PlotBm113","b","W11","W11","3",20,"PlotBm113_20","Stems >=10 cm DBH","Quercus petraea",24,0.04523893421169302
163,"PlotBm113","b","W11","W11","2",17,"PlotBm113_17","Stems >=10 cm DBH","Quercus petraea",25,0.04908738521234052
168,"PlotBm113","b","W11","W11","3",22,"PlotBm113_22","Stems >=10 cm DBH","Quercus petraea",39,0.11945906065275187
169,"PlotBm113","b","W11","W11","3",23,"PlotBm113_23","Stems >=10 cm DBH","Quercus petraea",16,0.020106192982974676
170,"PlotBm113","b","W11","W11","3",24,"PlotBm113_24","Stems >=10 cm DBH","Quercus petraea",11,0.009503317777109124
171,"PlotBm113","b","W11","W11","3",25,"PlotBm113_25","Stems >=10 cm DBH","Quercus petraea",18,0.025446900494077322
172,"PlotBm113","b","W11","W11","3",26,"PlotBm113_26","Stems >=10 cm DBH","Quercus petraea",11,0.009503317777109124
173,"PlotBm113","b","W11","W11","3",27,"PlotBm113_27","Stems >=10 cm DBH","Quercus petraea",11,0.009503317777109124
150,"PlotBm113","b","W11","W11","1",4,"PlotBm113_4","Stems >=10 cm DBH","Quercus petraea",22,0.0380132711084365
151,"PlotBm113","b","W11","W11","1",5,"PlotBm113_5","Stems >=10 cm DBH","Quercus petraea",21,0.03463605900582747
1603,"PlotBm113","b","W11","W11","1",9,"PlotBm113_9","Stems >=10 cm DBH","Quercus petraea",26,0.053092915845667506
1604,"PlotBm113","b","W11","W11","2",13,"PlotBm113_13","Stems >=10 cm DBH","Quercus petraea",22,0.0380132711084365
154,"PlotBm113","b","W11","W11","1",8,"PlotBm113_8","Stems >=10 cm DBH","Quercus petraea",14,0.015393804002589986
1853,"PlotBm113","b","W11","W11","2",13,"PlotBm113_13","Stems >=10 cm DBH","Quercus petraea",23,0.04154756284372501
167,"PlotBm113","b","W11","W11","3",21,"PlotBm113_21","Stems >=10 cm DBH","Quercus petraea",26,0.053092915845667506
153,"PlotBm113","b","W11","W11","1",7,"PlotBm113_7","Stems >=10 cm DBH","Quercus petraea",23,0.04154756284372501
1605,"PlotBm113","b","W11","W11","3",25,"PlotBm113_25","Stems >=10 cm DBH","Quercus petraea",21,0.03463605900582747
1854,"PlotBm113","b","W11","W11","3",25,"PlotBm113_25","Stems >=10 cm DBH","Quercus petraea",13,0.013273228961416876
152,"PlotBm113","b","W11","W11","1",6,"PlotBm113_6","Stems >=10 cm DBH","Quercus petraea",18,0.025446900494077322
175,"PlotBm114","b","W11","W11","1",2,"PlotBm114_2","Stems >=10 cm DBH","Quercus petraea",17,0.022698006922186254
174,"PlotBm114","b","W11","W11","1",1,"PlotBm114_1","Stems >=10 cm DBH","Quercus petraea",16,0.020106192982974676
186,"PlotBm114","b","W11","W11","3",13,"PlotBm114_13","Stems >=10 cm DBH","Quercus petraea",26,0.053092915845667506
187,"PlotBm114","b","W11","W11","3",14,"PlotBm114_14","Stems >=10 cm DBH","Quercus petraea",29,0.0660519855417254
184,"PlotBm114","b","W11","W11","2",11,"PlotBm114_11","Stems >=10 cm DBH","Quercus petraea",12,0.011309733552923255
185,"PlotBm114","b","W11","W11","2",12,"PlotBm114_12","Stems >=10 cm DBH","Quercus petraea",15,0.017671458676442587
177,"PlotBm114","b","W11","W11","1",4,"PlotBm114_4","Stems >=10 cm DBH","Quercus petraea",18,0.025446900494077322
178,"PlotBm114","b","W11","W11","1",5,"PlotBm114_5","Stems >=10 cm DBH","Quercus petraea",14,0.015393804002589986
188,"PlotBm114","b","W11","W11","3",15,"PlotBm114_15","Stems >=10 cm DBH","Quercus petraea",16,0.020106192982974676
176,"PlotBm114","b","W11","W11","1",3,"PlotBm114_3","Stems >=10 cm DBH","Quercus petraea",21,0.03463605900582747
181,"PlotBm114","b","W11","W11","2",8,"PlotBm114_8","Stems >=10 cm DBH","Quercus petraea",32,0.0804247719318987
182,"PlotBm114","b","W11","W11","2",9,"PlotBm114_9","Stems >=10 cm DBH","Quercus petraea",17,0.022698006922186254
183,"PlotBm114","b","W11","W11","2",10,"PlotBm114_10","Stems >=10 cm DBH","Quercus petraea",19,0.02835287369864788
180,"PlotBm114","b","W11","W11","2",7,"PlotBm114_7","Stems >=10 cm DBH","Quercus petraea",15,0.017671458676442587
189,"PlotBm114","b","W11","W11","3",16,"PlotBm114_16","Stems >=10 cm DBH","Quercus petraea",19,0.02835287369864788
190,"PlotBm114","b","W11","W11","3",17,"PlotBm114_17","Stems >=10 cm DBH","Quercus petraea",39,0.11945906065275187
191,"PlotBm114","b","W11","W11","3",18,"PlotBm114_18","Stems >=10 cm DBH","Quercus petraea",19,0.02835287369864788
193,"PlotBm114","b","W11","W11","3",20,"PlotBm114_20","Stems >=10 cm DBH","Quercus petraea",13,0.013273228961416876
179,"PlotBm114","b","W11","W11","1",6,"PlotBm114_6","Stems >=10 cm DBH","Quercus petraea",37,0.10752100856911068
192,"PlotBm114","b","W11","W11","3",19,"PlotBm114_19","Stems >=10 cm DBH","Quercus petraea",17,0.022698006922186254
198,"PlotBm115","b","W11","W11","1",5,"PlotBm115_5","Stems >=10 cm DBH","Quercus cerris",37,0.10752100856911068
202,"PlotBm115","b","W11","W11","2",9,"PlotBm115_9","Stems >=10 cm DBH","Quercus cerris",16,0.020106192982974676
199,"PlotBm115","b","W11","W11","2",6,"PlotBm115_6","Stems >=10 cm DBH","Quercus cerris",41,0.13202543126711105
200,"PlotBm115","b","W11","W11","2",7,"PlotBm115_7","Stems >=10 cm DBH","Quercus cerris",26,0.053092915845667506
201,"PlotBm115","b","W11","W11","2",8,"PlotBm115_8","Stems >=10 cm DBH","Quercus cerris",38,0.11341149479459152
210,"PlotBm115","b","W11","W11","2",17,"PlotBm115_17","Stems >=10 cm DBH","Quercus cerris",11,0.009503317777109124
211,"PlotBm115","b","W11","W11","3",18,"PlotBm115_18","Stems >=10 cm DBH","Quercus cerris",16,0.020106192982974676
208,"PlotBm115","b","W11","W11","2",15,"PlotBm115_15","Stems >=10 cm DBH","Quercus cerris",16,0.020106192982974676
209,"PlotBm115","b","W11","W11","2",16,"PlotBm115_16","Stems >=10 cm DBH","Quercus cerris",15,0.017671458676442587
214,"PlotBm115","b","W11","W11","3",21,"PlotBm115_21","Stems >=10 cm DBH","Quercus cerris",25,0.04908738521234052
215,"PlotBm115","b","W11","W11","3",22,"PlotBm115_22","Stems >=10 cm DBH","Quercus cerris",13,0.013273228961416876
212,"PlotBm115","b","W11","W11","3",19,"PlotBm115_19","Stems >=10 cm DBH","Quercus cerris",19,0.02835287369864788
213,"PlotBm115","b","W11","W11","3",20,"PlotBm115_20","Stems >=10 cm DBH","Quercus cerris",24,0.04523893421169302
205,"PlotBm115","b","W11","W11","2",12,"PlotBm115_12","Stems >=10 cm DBH","Quercus cerris",21,0.03463605900582747
206,"PlotBm115","b","W11","W11","2",13,"PlotBm115_13","Stems 2.5-10 cm DBH","Quercus cerris",8,0.005026548245743669
203,"PlotBm115","b","W11","W11","2",10,"PlotBm115_10","Stems >=10 cm DBH","Quercus cerris",39,0.11945906065275187
204,"PlotBm115","b","W11","W11","2",11,"PlotBm115_11","Stems >=10 cm DBH","Quercus cerris",11,0.009503317777109124
195,"PlotBm115","b","W11","W11","1",2,"PlotBm115_2","Stems >=10 cm DBH","Quercus cerris",17,0.022698006922186254
196,"PlotBm115","b","W11","W11","1",3,"PlotBm115_3","Stems >=10 cm DBH","Quercus cerris",11,0.009503317777109124
197,"PlotBm115","b","W11","W11","1",4,"PlotBm115_4","Stems >=10 cm DBH","Quercus cerris",10,0.007853981633974483
194,"PlotBm115","b","W11","W11","1",1,"PlotBm115_1","Stems >=10 cm DBH","Quercus cerris",19,0.02835287369864788
207,"PlotBm115","b","W11","W11","2",14,"PlotBm115_14","Stems >=10 cm DBH","Quercus cerris",14,0.015393804002589986
226,"PlotBm116","b","W11","W11","3",11,"PlotBm116_11","Stems >=10 cm DBH","Quercus frainetto",26,0.053092915845667506
227,"PlotBm116","b","W11","W11","3",12,"PlotBm116_12","Stems >=10 cm DBH","Quercus frainetto",13,0.013273228961416876
224,"PlotBm116","b","W11","W11","2",9,"PlotBm116_9","Stems >=10 cm DBH","Quercus frainetto",23,0.04154756284372501
225,"PlotBm116","b","W11","W11","2",10,"PlotBm116_10","Stems >=10 cm DBH","Quercus frainetto",25,0.04908738521234052
217,"PlotBm116","b","W11","W11","1",2,"PlotBm116_2","Stems >=10 cm DBH","Quercus frainetto",19,0.02835287369864788
218,"PlotBm116","b","W11","W11","1",3,"PlotBm116_3","Stems >=10 cm DBH","Quercus frainetto",15,0.017671458676442587
228,"PlotBm116","b","W11","W11","3",13,"PlotBm116_13","Stems >=10 cm DBH","Quercus frainetto",28,0.061575216010359944
216,"PlotBm116","b","W11","W11","1",1,"PlotBm116_1","Stems >=10 cm DBH","Quercus frainetto",17,0.022698006922186254
221,"PlotBm116","b","W11","W11","2",6,"PlotBm116_6","Stems 2.5-10 cm DBH","Quercus frainetto",5,0.001963495408493621
222,"PlotBm116","b","W11","W11","2",7,"PlotBm116_7","Stems >=10 cm DBH","Quercus frainetto",13,0.013273228961416876
223,"PlotBm116","b","W11","W11","2",8,"PlotBm116_8","Stems >=10 cm DBH","Quercus frainetto",13,0.013273228961416876
220,"PlotBm116","b","W11","W11","1",5,"PlotBm116_5","Stems >=10 cm DBH","Quercus frainetto",10,0.007853981633974483
229,"PlotBm116","b","W11","W11","3",14,"PlotBm116_14","Stems >=10 cm DBH","Quercus frainetto",16,0.020106192982974676
230,"PlotBm116","b","W11","W11","3",15,"PlotBm116_15","Stems >=10 cm DBH","Quercus frainetto",37,0.10752100856911068
231,"PlotBm116","b","W11","W11","3",16,"PlotBm116_16","Stems >=10 cm DBH","Quercus frainetto",35,0.09621127501618741
1606,"PlotBm116","b","W11","W11","1",4,"PlotBm116_4","Stems >=10 cm DBH","Quercus frainetto",27,0.05725552611167398
1607,"PlotBm116","b","W11","W11","3",12,"PlotBm116_12","Stems >=10 cm DBH","Quercus frainetto",10,0.007853981633974483
219,"PlotBm116","b","W11","W11","1",4,"PlotBm116_4","Stems >=10 cm DBH","Quercus frainetto",22,0.0380132711084365
238,"PlotBm117","b","W11","W11","1",7,"PlotBm117_7","Stems >=10 cm DBH","Quercus frainetto",31,0.07547676350249478
241,"PlotBm117","b","W11","W11","2",10,"PlotBm117_10","Stems 2.5-10 cm DBH","Quercus frainetto",4,0.0012566370614359172
242,"PlotBm117","b","W11","W11","2",11,"PlotBm117_11","Stems >=10 cm DBH","Quercus frainetto",12,0.011309733552923255
239,"PlotBm117","b","W11","W11","2",8,"PlotBm117_8","Stems >=10 cm DBH","Quercus frainetto",14,0.015393804002589986
249,"PlotBm117","b","W11","W11","3",18,"PlotBm117_18","Stems >=10 cm DBH","Quercus frainetto",14,0.015393804002589986
250,"PlotBm117","b","W11","W11","3",19,"PlotBm117_19","Stems 2.5-10 cm DBH","Quercus frainetto",6,0.0028274333882308137
251,"PlotBm117","b","W11","W11","3",20,"PlotBm117_20","Stems >=10 cm DBH","Quercus frainetto",15,0.017671458676442587
240,"PlotBm117","b","W11","W11","2",9,"PlotBm117_9","Stems >=10 cm DBH","Quercus frainetto",33,0.08552985999398212
253,"PlotBm117","b","W11","W11","3",22,"PlotBm117_22","Stems >=10 cm DBH","Quercus frainetto",21,0.03463605900582747
245,"PlotBm117","b","W11","W11","3",14,"PlotBm117_14","Stems >=10 cm DBH","Quercus frainetto",11,0.009503317777109124
246,"PlotBm117","b","W11","W11","3",15,"PlotBm117_15","Stems >=10 cm DBH","Quercus frainetto",26,0.053092915845667506
252,"PlotBm117","b","W11","W11","3",21,"PlotBm117_21","Stems >=10 cm DBH","Quercus frainetto",22,0.0380132711084365
244,"PlotBm117","b","W11","W11","3",13,"PlotBm117_13","Stems >=10 cm DBH","Quercus frainetto",18,0.025446900494077322
235,"PlotBm117","b","W11","W11","1",4,"PlotBm117_4","Stems >=10 cm DBH","Quercus frainetto",19,0.02835287369864788
236,"PlotBm117","b","W11","W11","1",5,"PlotBm117_5","Stems >=10 cm DBH","Quercus frainetto",16,0.020106192982974676
243,"PlotBm117","b","W11","W11","2",12,"PlotBm117_12","Stems >=10 cm DBH","Quercus frainetto",21,0.03463605900582747
248,"PlotBm117","b","W11","W11","3",17,"PlotBm117_17","Stems 2.5-10 cm DBH","Quercus frainetto",9,0.0063617251235193305
233,"PlotBm117","b","W11","W11","1",2,"PlotBm117_2","Stems >=10 cm DBH","Quercus frainetto",18,0.025446900494077322
234,"PlotBm117","b","W11","W11","1",3,"PlotBm117_3","Stems >=10 cm DBH","Quercus frainetto",26,0.053092915845667506
237,"PlotBm117","b","W11","W11","1",6,"PlotBm117_6","Stems 2.5-10 cm DBH","Quercus frainetto",9,0.0063617251235193305
1611,"PlotBm117","b","W11","W11","2",11,"PlotBm117_11","Stems >=10 cm DBH","Quercus frainetto",11,0.009503317777109124
1610,"PlotBm117","b","W11","W11","2",8,"PlotBm117_8","Stems >=10 cm DBH","Quercus frainetto",13,0.013273228961416876
1608,"PlotBm117","b","W11","W11","1",4,"PlotBm117_4","Stems >=10 cm DBH","Quercus frainetto",14,0.015393804002589986
247,"PlotBm117","b","W11","W11","3",16,"PlotBm117_16","Stems >=10 cm DBH","Quercus frainetto",15,0.017671458676442587
232,"PlotBm117","b","W11","W11","1",1,"PlotBm117_1","Stems >=10 cm DBH","Quercus frainetto",21,0.03463605900582747
1609,"PlotBm117","b","W11","W11","1",6,"PlotBm117_6","Stems 2.5-10 cm DBH","Quercus frainetto",8,0.005026548245743669
255,"PlotBm118","b","W11","W11","1",2,"PlotBm118_2","Stems 2.5-10 cm DBH","Quercus pubescens",7,0.0038484510006474965
280,"PlotBm118","b","W11","W11","3",27,"PlotBm118_27","Stems >=10 cm DBH","Quercus pubescens",24,0.04523893421169302
281,"PlotBm118","b","W11","W11","3",28,"PlotBm118_28","Stems >=10 cm DBH","Quercus pubescens",13,0.013273228961416876
254,"PlotBm118","b","W11","W11","1",1,"PlotBm118_1","Stems >=10 cm DBH","Quercus ilex",17,0.022698006922186254
256,"PlotBm118","b","W11","W11","1",3,"PlotBm118_3","Stems >=10 cm DBH","Quercus pubescens",31,0.07547676350249478
257,"PlotBm118","b","W11","W11","1",4,"PlotBm118_4","Stems >=10 cm DBH","Quercus pubescens",37,0.10752100856911068
282,"PlotBm118","b","W11","W11","3",29,"PlotBm118_29","Stems >=10 cm DBH","Quercus pubescens",11,0.009503317777109124
279,"PlotBm118","b","W11","W11","3",26,"PlotBm118_26","Stems >=10 cm DBH","Quercus pubescens",17,0.022698006922186254
264,"PlotBm118","b","W11","W11","2",11,"PlotBm118_11","Stems >=10 cm DBH","Quercus pubescens",14,0.015393804002589986
265,"PlotBm118","b","W11","W11","2",12,"PlotBm118_12","Stems >=10 cm DBH","Quercus pubescens",16,0.020106192982974676
266,"PlotBm118","b","W11","W11","2",13,"PlotBm118_13","Stems >=10 cm DBH","Quercus pubescens",16,0.020106192982974676
268,"PlotBm118","b","W11","W11","2",15,"PlotBm118_15","Stems >=10 cm DBH","Quercus pubescens",16,0.020106192982974676
259,"PlotBm118","b","W11","W11","1",6,"PlotBm118_6","Stems >=10 cm DBH","Quercus pubescens",22,0.0380132711084365
269,"PlotBm118","b","W11","W11","2",16,"PlotBm118_16","Stems >=10 cm DBH","Quercus pubescens",23,0.04154756284372501
270,"PlotBm118","b","W11","W11","3",17,"PlotBm118_17","Stems >=10 cm DBH","Quercus pubescens",16,0.020106192982974676
267,"PlotBm118","b","W11","W11","2",14,"PlotBm118_14","Stems >=10 cm DBH","Quercus pubescens",23,0.04154756284372501
263,"PlotBm118","b","W11","W11","2",10,"PlotBm118_10","Stems >=10 cm DBH","Quercus pubescens",23,0.04154756284372501
260,"PlotBm118","b","W11","W11","1",7,"PlotBm118_7","Stems >=10 cm DBH","Quercus pubescens",28,0.061575216010359944
261,"PlotBm118","b","W11","W11","2",8,"PlotBm118_8","Stems >=10 cm DBH","Quercus pubescens",14,0.015393804002589986
262,"PlotBm118","b","W11","W11","2",9,"PlotBm118_9","Stems >=10 cm DBH","Quercus pubescens",17,0.022698006922186254
1612,"PlotBm118","b","W11","W11","1",1,"PlotBm118_1","Stems >=10 cm DBH","Quercus ilex",29,0.0660519855417254
278,"PlotBm118","b","W11","W11","3",25,"PlotBm118_25","Stems >=10 cm DBH","Quercus pubescens",15,0.017671458676442587
1855,"PlotBm118","b","W11","W11","1",1,"PlotBm118_1","Stems >=10 cm DBH","Quercus ilex",11,0.009503317777109124
1613,"PlotBm118","b","W11","W11","3",29,"PlotBm118_29","Stems >=10 cm DBH","Quercus pubescens",11,0.009503317777109124
273,"PlotBm118","b","W11","W11","3",20,"PlotBm118_20","Stems >=10 cm DBH","Quercus pubescens",21,0.03463605900582747
274,"PlotBm118","b","W11","W11","3",21,"PlotBm118_21","Stems >=10 cm DBH","Quercus pubescens",19,0.02835287369864788
258,"PlotBm118","b","W11","W11","1",5,"PlotBm118_5","Stems >=10 cm DBH","Quercus pubescens",24,0.04523893421169302
1956,"PlotBm118","b","W11","W11","1",1,"PlotBm118_1","Stems >=10 cm DBH","Quercus ilex",10,0.007853981633974483
277,"PlotBm118","b","W11","W11","3",24,"PlotBm118_24","Stems >=10 cm DBH","Quercus pubescens",22,0.0380132711084365
275,"PlotBm118","b","W11","W11","3",22,"PlotBm118_22","Stems 2.5-10 cm DBH","Quercus pubescens",8,0.005026548245743669
276,"PlotBm118","b","W11","W11","3",23,"PlotBm118_23","Stems 2.5-10 cm DBH","Quercus pubescens",6,0.0028274333882308137
272,"PlotBm118","b","W11","W11","3",19,"PlotBm118_19","Stems >=10 cm DBH","Quercus pubescens",17,0.022698006922186254
271,"PlotBm118","b","W11","W11","3",18,"PlotBm118_18","Stems >=10 cm DBH","Quercus pubescens",11,0.009503317777109124
296,"PlotBm119","b","W11","W11","2",14,"PlotBm119_14","Stems >=10 cm DBH","Quercus frainetto",16,0.020106192982974676
287,"PlotBm119","b","W11","W11","1",5,"PlotBm119_5","Stems >=10 cm DBH","Quercus frainetto",22,0.0380132711084365
284,"PlotBm119","b","W11","W11","1",2,"PlotBm119_2","Stems >=10 cm DBH","Quercus frainetto",11,0.009503317777109124
283,"PlotBm119","b","W11","W11","1",1,"PlotBm119_1","Stems >=10 cm DBH","Quercus frainetto",21,0.03463605900582747
295,"PlotBm119","b","W11","W11","2",13,"PlotBm119_13","Stems >=10 cm DBH","Quercus frainetto",19,0.02835287369864788
308,"PlotBm119","b","W11","W11","3",26,"PlotBm119_26","Stems >=10 cm DBH","Quercus frainetto",31,0.07547676350249478
285,"PlotBm119","b","W11","W11","1",3,"PlotBm119_3","Stems >=10 cm DBH","Quercus frainetto",26,0.053092915845667506
286,"PlotBm119","b","W11","W11","1",4,"PlotBm119_4","Stems >=10 cm DBH","Quercus frainetto",23,0.04154756284372501
298,"PlotBm119","b","W11","W11","2",16,"PlotBm119_16","Stems >=10 cm DBH","Quercus frainetto",23,0.04154756284372501
299,"PlotBm119","b","W11","W11","2",17,"PlotBm119_17","Stems 2.5-10 cm DBH","Quercus frainetto",4,0.0012566370614359172
309,"PlotBm119","b","W11","W11","3",27,"PlotBm119_27","Stems >=10 cm DBH","Quercus frainetto",23,0.04154756284372501
297,"PlotBm119","b","W11","W11","2",15,"PlotBm119_15","Stems >=10 cm DBH","Quercus frainetto",16,0.020106192982974676
290,"PlotBm119","b","W11","W11","1",8,"PlotBm119_8","Stems >=10 cm DBH","Quercus frainetto",13,0.013273228961416876
291,"PlotBm119","b","W11","W11","1",9,"PlotBm119_9","Stems >=10 cm DBH","Quercus frainetto",22,0.0380132711084365
292,"PlotBm119","b","W11","W11","1",10,"PlotBm119_10","Stems >=10 cm DBH","Quercus frainetto",24,0.04523893421169302
293,"PlotBm119","b","W11","W11","1",11,"PlotBm119_11","Stems >=10 cm DBH","Quercus frainetto",23,0.04154756284372501
294,"PlotBm119","b","W11","W11","1",12,"PlotBm119_12","Stems >=10 cm DBH","Quercus frainetto",27,0.05725552611167398
1614,"PlotBm119","b","W11","W11","2",17,"PlotBm119_17","Stems 2.5-10 cm DBH","Quercus frainetto",4,0.0012566370614359172
303,"PlotBm119","b","W11","W11","3",21,"PlotBm119_21","Stems >=10 cm DBH","Quercus frainetto",16,0.020106192982974676
288,"PlotBm119","b","W11","W11","1",6,"PlotBm119_6","Stems >=10 cm DBH","Quercus frainetto",24,0.04523893421169302
310,"PlotBm119","b","W11","W11","3",28,"PlotBm119_28","Stems >=10 cm DBH","Quercus frainetto",19,0.02835287369864788
302,"PlotBm119","b","W11","W11","3",20,"PlotBm119_20","Stems >=10 cm DBH","Quercus frainetto",24,0.04523893421169302
307,"PlotBm119","b","W11","W11","3",25,"PlotBm119_25","Stems >=10 cm DBH","Quercus frainetto",15,0.017671458676442587
304,"PlotBm119","b","W11","W11","3",22,"PlotBm119_22","Stems >=10 cm DBH","Quercus frainetto",14,0.015393804002589986
289,"PlotBm119","b","W11","W11","1",7,"PlotBm119_7","Stems >=10 cm DBH","Quercus frainetto",16,0.020106192982974676
306,"PlotBm119","b","W11","W11","3",24,"PlotBm119_24","Stems 2.5-10 cm DBH","Quercus frainetto",4,0.0012566370614359172
301,"PlotBm119","b","W11","W11","2",19,"PlotBm119_19","Stems >=10 cm DBH","Quercus frainetto",17,0.022698006922186254
305,"PlotBm119","b","W11","W11","3",23,"PlotBm119_23","Stems >=10 cm DBH","Quercus frainetto",29,0.0660519855417254
300,"PlotBm119","b","W11","W11","2",18,"PlotBm119_18","Stems >=10 cm DBH","Quercus frainetto",16,0.020106192982974676
323,"PlotBm120","b","W11","W11","3",13,"PlotBm120_13","Stems >=10 cm DBH","Quercus frainetto",42,0.13854423602330987
322,"PlotBm120","b","W11","W11","2",12,"PlotBm120_12","Stems >=10 cm DBH","Quercus frainetto",37,0.10752100856911068
321,"PlotBm120","b","W11","W11","2",11,"PlotBm120_11","Stems >=10 cm DBH","Quercus frainetto",29,0.0660519855417254
327,"PlotBm120","b","W11","W11","3",17,"PlotBm120_17","Stems >=10 cm DBH","Quercus frainetto",41,0.13202543126711105
325,"PlotBm120","b","W11","W11","3",15,"PlotBm120_15","Stems >=10 cm DBH","Quercus frainetto",37,0.10752100856911068
326,"PlotBm120","b","W11","W11","3",16,"PlotBm120_16","Stems >=10 cm DBH","Quercus frainetto",47,0.17349445429449634
312,"PlotBm120","b","W11","W11","1",2,"PlotBm120_2","Stems >=10 cm DBH","Quercus frainetto",24,0.04523893421169302
316,"PlotBm120","b","W11","W11","1",6,"PlotBm120_6","Stems >=10 cm DBH","Quercus frainetto",35,0.09621127501618741
324,"PlotBm120","b","W11","W11","3",14,"PlotBm120_14","Stems >=10 cm DBH","Quercus frainetto",10,0.007853981633974483
311,"PlotBm120","b","W11","W11","1",1,"PlotBm120_1","Stems >=10 cm DBH","Quercus frainetto",42,0.13854423602330987
315,"PlotBm120","b","W11","W11","1",5,"PlotBm120_5","Stems >=10 cm DBH","Quercus frainetto",26,0.053092915845667506
320,"PlotBm120","b","W11","W11","2",10,"PlotBm120_10","Stems >=10 cm DBH","Quercus frainetto",11,0.009503317777109124
317,"PlotBm120","b","W11","W11","1",7,"PlotBm120_7","Stems >=10 cm DBH","Quercus frainetto",17,0.022698006922186254
318,"PlotBm120","b","W11","W11","1",8,"PlotBm120_8","Stems >=10 cm DBH","Quercus frainetto",21,0.03463605900582747
319,"PlotBm120","b","W11","W11","2",9,"PlotBm120_9","Stems >=10 cm DBH","Quercus frainetto",26,0.053092915845667506
314,"PlotBm120","b","W11","W11","1",4,"PlotBm120_4","Stems >=10 cm DBH","Quercus frainetto",29,0.0660519855417254
328,"PlotBm120","b","W11","W11","3",18,"PlotBm120_18","Stems >=10 cm DBH","Quercus frainetto",38,0.11341149479459152
329,"PlotBm120","b","W11","W11","3",19,"PlotBm120_19","Stems >=10 cm DBH","Quercus frainetto",42,0.13854423602330987
313,"PlotBm120","b","W11","W11","1",3,"PlotBm120_3","Stems 2.5-10 cm DBH","Quercus frainetto",5,0.001963495408493621
362,"PlotBm121","b","W10","W10","3",33,"PlotBm121_33","Stems >=10 cm DBH","Quercus pubescens",25,0.04908738521234052
336,"PlotBm121","b","W10","W10","1",7,"PlotBm121_7","Stems 2.5-10 cm DBH","Quercus pubescens",9,0.0063617251235193305
366,"PlotBm121","b","W10","W10","3",37,"PlotBm121_37","Stems 2.5-10 cm DBH","Quercus trojana",3,7.068583470577034e-4
363,"PlotBm121","b","W10","W10","3",34,"PlotBm121_34","Stems >=10 cm DBH","Quercus trojana",42,0.13854423602330987
365,"PlotBm121","b","W10","W10","3",36,"PlotBm121_36","Stems >=10 cm DBH","Quercus trojana",46,0.16619025137490004
331,"PlotBm121","b","W10","W10","1",2,"PlotBm121_2","Stems >=10 cm DBH","Quercus pubescens",25,0.04908738521234052
332,"PlotBm121","b","W10","W10","1",3,"PlotBm121_3","Stems >=10 cm DBH","Quercus pubescens",21,0.03463605900582747
364,"PlotBm121","b","W10","W10","3",35,"PlotBm121_35","Stems >=10 cm DBH","Quercus trojana",31,0.07547676350249478
330,"PlotBm121","b","W10","W10","1",1,"PlotBm121_1","Stems >=10 cm DBH","Quercus pubescens",17,0.022698006922186254
335,"PlotBm121","b","W10","W10","1",6,"PlotBm121_6","Stems >=10 cm DBH","Quercus pubescens",14,0.015393804002589986
348,"PlotBm121","b","W10","W10","1",19,"PlotBm121_19","Stems >=10 cm DBH","Quercus trojana",12,0.011309733552923255
333,"PlotBm121","b","W10","W10","1",4,"PlotBm121_4","Stems >=10 cm DBH","Quercus pubescens",18,0.025446900494077322
334,"PlotBm121","b","W10","W10","1",5,"PlotBm121_5","Stems >=10 cm DBH","Quercus pubescens",26,0.053092915845667506
338,"PlotBm121","b","W10","W10","1",9,"PlotBm121_9","Stems >=10 cm DBH","Quercus pubescens",24,0.04523893421169302
339,"PlotBm121","b","W10","W10","1",10,"PlotBm121_10","Stems >=10 cm DBH","Quercus pubescens",26,0.053092915845667506
349,"PlotBm121","b","W10","W10","2",20,"PlotBm121_20","Stems >=10 cm DBH","Quercus trojana",23,0.04154756284372501
337,"PlotBm121","b","W10","W10","1",8,"PlotBm121_8","Stems 2.5-10 cm DBH","Quercus pubescens",7,0.0038484510006474965
342,"PlotBm121","b","W10","W10","1",13,"PlotBm121_13","Stems >=10 cm DBH","Quercus trojana",19,0.02835287369864788
343,"PlotBm121","b","W10","W10","1",14,"PlotBm121_14","Stems >=10 cm DBH","Quercus trojana",18,0.025446900494077322
344,"PlotBm121","b","W10","W10","1",15,"PlotBm121_15","Stems >=10 cm DBH","Quercus trojana",17,0.022698006922186254
345,"PlotBm121","b","W10","W10","1",16,"PlotBm121_16","Stems 2.5-10 cm DBH","Quercus trojana",9,0.0063617251235193305
346,"PlotBm121","b","W10","W10","1",17,"PlotBm121_17","Stems >=10 cm DBH","Quercus trojana",14,0.015393804002589986
347,"PlotBm121","b","W10","W10","1",18,"PlotBm121_18","Stems >=10 cm DBH","Quercus trojana",26,0.053092915845667506
361,"PlotBm121","b","W10","W10","3",32,"PlotBm121_32","Stems >=10 cm DBH","Quercus pubescens",39,0.11945906065275187
1615,"PlotBm121","b","W10","W10","2",22,"PlotBm121_22","Stems >=10 cm DBH","Quercus trojana",13,0.013273228961416876
350,"PlotBm121","b","W10","W10","2",21,"PlotBm121_21","Stems >=10 cm DBH","Quercus trojana",18,0.025446900494077322
351,"PlotBm121","b","W10","W10","2",22,"PlotBm121_22","Stems >=10 cm DBH","Quercus trojana",21,0.03463605900582747
352,"PlotBm121","b","W10","W10","2",23,"PlotBm121_23","Stems >=10 cm DBH","Quercus pubescens",25,0.04908738521234052
356,"PlotBm121","b","W10","W10","2",27,"PlotBm121_27","Stems >=10 cm DBH","Quercus pubescens",22,0.0380132711084365
340,"PlotBm121","b","W10","W10","1",11,"PlotBm121_11","Stems >=10 cm DBH","Quercus pubescens",18,0.025446900494077322
341,"PlotBm121","b","W10","W10","1",12,"PlotBm121_12","Stems >=10 cm DBH","Quercus trojana",24,0.04523893421169302
355,"PlotBm121","b","W10","W10","2",26,"PlotBm121_26","Stems >=10 cm DBH","Quercus pubescens",22,0.0380132711084365
360,"PlotBm121","b","W10","W10","3",31,"PlotBm121_31","Stems 2.5-10 cm DBH","Quercus pubescens",6,0.0028274333882308137
357,"PlotBm121","b","W10","W10","3",28,"PlotBm121_28","Stems 2.5-10 cm DBH","Quercus pubescens",6,0.0028274333882308137
358,"PlotBm121","b","W10","W10","3",29,"PlotBm121_29","Stems >=10 cm DBH","Quercus pubescens",25,0.04908738521234052
359,"PlotBm121","b","W10","W10","3",30,"PlotBm121_30","Stems 2.5-10 cm DBH","Quercus pubescens",6,0.0028274333882308137
1616,"PlotBm121","b","W10","W10","2",25,"PlotBm121_25","Stems >=10 cm DBH","Quercus pubescens",38,0.11341149479459152
354,"PlotBm121","b","W10","W10","2",25,"PlotBm121_25","Stems >=10 cm DBH","Quercus pubescens",40,0.12566370614359174
353,"PlotBm121","b","W10","W10","2",24,"PlotBm121_24","Stems >=10 cm DBH","Quercus pubescens",30,0.07068583470577035
367,"PlotBm122","b","W10","W10","1",1,"PlotBm122_1","Stems >=10 cm DBH","Quercus trojana",11,0.009503317777109124
376,"PlotBm122","b","W10","W10","2",10,"PlotBm122_10","Stems >=10 cm DBH","Quercus trojana",14,0.015393804002589986
1618,"PlotBm122","b","W10","W10","1",7,"PlotBm122_7","Stems >=10 cm DBH","Quercus trojana",17,0.022698006922186254
1619,"PlotBm122","b","W10","W10","3",35,"PlotBm122_35","Stems >=10 cm DBH","Quercus trojana",35,0.09621127501618741
1617,"PlotBm122","b","W10","W10","1",3,"PlotBm122_3","Stems >=10 cm DBH","Quercus trojana",16,0.020106192982974676
370,"PlotBm122","b","W10","W10","1",4,"PlotBm122_4","Stems 2.5-10 cm DBH","Quercus trojana",7,0.0038484510006474965
371,"PlotBm122","b","W10","W10","1",5,"PlotBm122_5","Stems >=10 cm DBH","Quercus trojana",11,0.009503317777109124
372,"PlotBm122","b","W10","W10","1",6,"PlotBm122_6","Stems >=10 cm DBH","Quercus trojana",14,0.015393804002589986
373,"PlotBm122","b","W10","W10","1",7,"PlotBm122_7","Stems >=10 cm DBH","Quercus trojana",15,0.017671458676442587
374,"PlotBm122","b","W10","W10","1",8,"PlotBm122_8","Stems >=10 cm DBH","Quercus trojana",32,0.0804247719318987
375,"PlotBm122","b","W10","W10","2",9,"PlotBm122_9","Stems >=10 cm DBH","Quercus trojana",17,0.022698006922186254
387,"PlotBm122","b","W10","W10","3",21,"PlotBm122_21","Stems >=10 cm DBH","Quercus trojana",16,0.020106192982974676
388,"PlotBm122","b","W10","W10","3",22,"PlotBm122_22","Stems >=10 cm DBH","Quercus trojana",18,0.025446900494077322
389,"PlotBm122","b","W10","W10","3",23,"PlotBm122_23","Stems >=10 cm DBH","Quercus trojana",19,0.02835287369864788
377,"PlotBm122","b","W10","W10","2",11,"PlotBm122_11","Stems >=10 cm DBH","Quercus trojana",11,0.009503317777109124
378,"PlotBm122","b","W10","W10","2",12,"PlotBm122_12","Stems >=10 cm DBH","Quercus trojana",41,0.13202543126711105
368,"PlotBm122","b","W10","W10","1",2,"PlotBm122_2","Stems >=10 cm DBH","Quercus trojana",21,0.03463605900582747
369,"PlotBm122","b","W10","W10","1",3,"PlotBm122_3","Stems >=10 cm DBH","Quercus trojana",17,0.022698006922186254
381,"PlotBm122","b","W10","W10","2",15,"PlotBm122_15","Stems >=10 cm DBH","Quercus trojana",15,0.017671458676442587
382,"PlotBm122","b","W10","W10","2",16,"PlotBm122_16","Stems >=10 cm DBH","Quercus trojana",23,0.04154756284372501
383,"PlotBm122","b","W10","W10","2",17,"PlotBm122_17","Stems >=10 cm DBH","Quercus trojana",11,0.009503317777109124
384,"PlotBm122","b","W10","W10","2",18,"PlotBm122_18","Stems >=10 cm DBH","Quercus trojana",24,0.04523893421169302
385,"PlotBm122","b","W10","W10","2",19,"PlotBm122_19","Stems >=10 cm DBH","Quercus trojana",20,0.031415926535897934
386,"PlotBm122","b","W10","W10","3",20,"PlotBm122_20","Stems >=10 cm DBH","Quercus trojana",33,0.08552985999398212
400,"PlotBm122","b","W10","W10","3",34,"PlotBm122_34","Stems >=10 cm DBH","Quercus trojana",16,0.020106192982974676
401,"PlotBm122","b","W10","W10","3",35,"PlotBm122_35","Stems >=10 cm DBH","Quercus trojana",29,0.0660519855417254
399,"PlotBm122","b","W10","W10","3",33,"PlotBm122_33","Stems >=10 cm DBH","Quercus trojana",12,0.011309733552923255
390,"PlotBm122","b","W10","W10","3",24,"PlotBm122_24","Stems >=10 cm DBH","Quercus trojana",17,0.022698006922186254
391,"PlotBm122","b","W10","W10","3",25,"PlotBm122_25","Stems 2.5-10 cm DBH","Quercus trojana",9,0.0063617251235193305
393,"PlotBm122","b","W10","W10","3",27,"PlotBm122_27","Stems >=10 cm DBH","Quercus trojana",12,0.011309733552923255
394,"PlotBm122","b","W10","W10","3",28,"PlotBm122_28","Stems >=10 cm DBH","Quercus trojana",15,0.017671458676442587
379,"PlotBm122","b","W10","W10","2",13,"PlotBm122_13","Stems >=10 cm DBH","Quercus trojana",17,0.022698006922186254
380,"PlotBm122","b","W10","W10","2",14,"PlotBm122_14","Stems >=10 cm DBH","Quercus trojana",19,0.02835287369864788
397,"PlotBm122","b","W10","W10","3",31,"PlotBm122_31","Stems >=10 cm DBH","Quercus trojana",48,0.18095573684677208
398,"PlotBm122","b","W10","W10","3",32,"PlotBm122_32","Stems >=10 cm DBH","Quercus trojana",23,0.04154756284372501
395,"PlotBm122","b","W10","W10","3",29,"PlotBm122_29","Stems >=10 cm DBH","Quercus trojana",17,0.022698006922186254
396,"PlotBm122","b","W10","W10","3",30,"PlotBm122_30","Stems >=10 cm DBH","Quercus trojana",14,0.015393804002589986
392,"PlotBm122","b","W10","W10","3",26,"PlotBm122_26","Stems >=10 cm DBH","Quercus trojana",11,0.009503317777109124
408,"PlotBm123","b","W10","W10","1",7,"PlotBm123_7","Stems >=10 cm DBH","Quercus trojana",14,0.015393804002589986
417,"PlotBm123","b","W10","W10","2",16,"PlotBm123_16","Stems >=10 cm DBH","Quercus trojana",17,0.022698006922186254
403,"PlotBm123","b","W10","W10","1",2,"PlotBm123_2","Stems >=10 cm DBH","Quercus trojana",15,0.017671458676442587
407,"PlotBm123","b","W10","W10","1",6,"PlotBm123_6","Stems >=10 cm DBH","Quercus trojana",10,0.007853981633974483
405,"PlotBm123","b","W10","W10","1",4,"PlotBm123_4","Stems >=10 cm DBH","Quercus trojana",10,0.007853981633974483
406,"PlotBm123","b","W10","W10","1",5,"PlotBm123_5","Stems >=10 cm DBH","Quercus trojana",12,0.011309733552923255
409,"PlotBm123","b","W10","W10","1",8,"PlotBm123_8","Stems >=10 cm DBH","Quercus trojana",14,0.015393804002589986
404,"PlotBm123","b","W10","W10","1",3,"PlotBm123_3","Stems >=10 cm DBH","Quercus trojana",10,0.007853981633974483
411,"PlotBm123","b","W10","W10","1",10,"PlotBm123_10","Stems >=10 cm DBH","Quercus trojana",10,0.007853981633974483
412,"PlotBm123","b","W10","W10","1",11,"PlotBm123_11","Stems >=10 cm DBH","Quercus trojana",11,0.009503317777109124
413,"PlotBm123","b","W10","W10","1",12,"PlotBm123_12","Stems >=10 cm DBH","Quercus trojana",13,0.013273228961416876
414,"PlotBm123","b","W10","W10","2",13,"PlotBm123_13","Stems >=10 cm DBH","Quercus trojana",15,0.017671458676442587
415,"PlotBm123","b","W10","W10","2",14,"PlotBm123_14","Stems >=10 cm DBH","Quercus trojana",14,0.015393804002589986
416,"PlotBm123","b","W10","W10","2",15,"PlotBm123_15","Stems >=10 cm DBH","Quercus trojana",13,0.013273228961416876
402,"PlotBm123","b","W10","W10","1",1,"PlotBm123_1","Stems >=10 cm DBH","Quercus trojana",14,0.015393804002589986
430,"PlotBm123","b","W10","W10","3",29,"PlotBm123_29","Stems >=10 cm DBH","Quercus trojana",23,0.04154756284372501
418,"PlotBm123","b","W10","W10","2",17,"PlotBm123_17","Stems >=10 cm DBH","Quercus trojana",14,0.015393804002589986
419,"PlotBm123","b","W10","W10","2",18,"PlotBm123_18","Stems >=10 cm DBH","Quercus trojana",12,0.011309733552923255
420,"PlotBm123","b","W10","W10","2",19,"PlotBm123_19","Stems >=10 cm DBH","Quercus trojana",14,0.015393804002589986
1620,"PlotBm123","b","W10","W10","2",14,"PlotBm123_14","Stems >=10 cm DBH","Quercus trojana",14,0.015393804002589986
410,"PlotBm123","b","W10","W10","1",9,"PlotBm123_9","Stems >=10 cm DBH","Quercus trojana",11,0.009503317777109124
423,"PlotBm123","b","W10","W10","2",22,"PlotBm123_22","Stems >=10 cm DBH","Quercus trojana",26,0.053092915845667506
424,"PlotBm123","b","W10","W10","2",23,"PlotBm123_23","Stems >=10 cm DBH","Quercus trojana",23,0.04154756284372501
425,"PlotBm123","b","W10","W10","2",24,"PlotBm123_24","Stems >=10 cm DBH","Quercus trojana",12,0.011309733552923255
426,"PlotBm123","b","W10","W10","2",25,"PlotBm123_25","Stems >=10 cm DBH","Quercus trojana",17,0.022698006922186254
427,"PlotBm123","b","W10","W10","2",26,"PlotBm123_26","Stems >=10 cm DBH","Quercus trojana",19,0.02835287369864788
428,"PlotBm123","b","W10","W10","3",27,"PlotBm123_27","Stems >=10 cm DBH","Quercus trojana",19,0.02835287369864788
429,"PlotBm123","b","W10","W10","3",28,"PlotBm123_28","Stems >=10 cm DBH","Quercus trojana",14,0.015393804002589986
434,"PlotBm123","b","W10","W10","3",33,"PlotBm123_33","Stems >=10 cm DBH","Quercus trojana",22,0.0380132711084365
431,"PlotBm123","b","W10","W10","3",30,"PlotBm123_30","Stems >=10 cm DBH","Quercus trojana",25,0.04908738521234052
432,"PlotBm123","b","W10","W10","3",31,"PlotBm123_31","Stems >=10 cm DBH","Quercus trojana",15,0.017671458676442587
433,"PlotBm123","b","W10","W10","3",32,"PlotBm123_32","Stems >=10 cm DBH","Quercus trojana",14,0.015393804002589986
421,"PlotBm123","b","W10","W10","2",20,"PlotBm123_20","Stems 2.5-10 cm DBH","Quercus trojana",6,0.0028274333882308137
422,"PlotBm123","b","W10","W10","2",21,"PlotBm123_21","Stems >=10 cm DBH","Quercus trojana",18,0.025446900494077322
435,"PlotBm123","b","W10","W10","3",34,"PlotBm123_34","Stems >=10 cm DBH","Quercus trojana",16,0.020106192982974676
457,"PlotBm124","b","W10","W10","3",22,"PlotBm124_22","Stems >=10 cm DBH","Quercus trojana",15,0.017671458676442587
452,"PlotBm124","b","W10","W10","2",17,"PlotBm124_17","Stems >=10 cm DBH","Quercus trojana",16,0.020106192982974676
453,"PlotBm124","b","W10","W10","2",18,"PlotBm124_18","Stems >=10 cm DBH","Quercus trojana",18,0.025446900494077322
454,"PlotBm124","b","W10","W10","2",19,"PlotBm124_19","Stems >=10 cm DBH","Quercus trojana",23,0.04154756284372501
451,"PlotBm124","b","W10","W10","2",16,"PlotBm124_16","Stems >=10 cm DBH","Quercus trojana",27,0.05725552611167398
456,"PlotBm124","b","W10","W10","2",21,"PlotBm124_21","Stems >=10 cm DBH","Quercus trojana",10,0.007853981633974483
443,"PlotBm124","b","W10","W10","2",8,"PlotBm124_8","Stems >=10 cm DBH","Quercus trojana",37,0.10752100856911068
444,"PlotBm124","b","W10","W10","2",9,"PlotBm124_9","Stems >=10 cm DBH","Quercus trojana",14,0.015393804002589986
455,"PlotBm124","b","W10","W10","2",20,"PlotBm124_20","Stems >=10 cm DBH","Quercus trojana",43,0.14522012041218818
446,"PlotBm124","b","W10","W10","2",11,"PlotBm124_11","Stems >=10 cm DBH","Quercus trojana",27,0.05725552611167398
447,"PlotBm124","b","W10","W10","2",12,"PlotBm124_12","Stems >=10 cm DBH","Quercus trojana",11,0.009503317777109124
449,"PlotBm124","b","W10","W10","2",14,"PlotBm124_14","Stems >=10 cm DBH","Quercus trojana",16,0.020106192982974676
445,"PlotBm124","b","W10","W10","2",10,"PlotBm124_10","Stems >=10 cm DBH","Quercus trojana",29,0.0660519855417254
1622,"PlotBm124","b","W10","W10","2",13,"PlotBm124_13","Stems >=10 cm DBH","Quercus trojana",15,0.017671458676442587
1623,"PlotBm124","b","W10","W10","2",21,"PlotBm124_21","Stems >=10 cm DBH","Quercus trojana",11,0.009503317777109124
465,"PlotBm124","b","W10","W10","3",30,"PlotBm124_30","Stems >=10 cm DBH","Quercus trojana",16,0.020106192982974676
466,"PlotBm124","b","W10","W10","3",31,"PlotBm124_31","Stems >=10 cm DBH","Quercus trojana",22,0.0380132711084365
467,"PlotBm124","b","W10","W10","3",32,"PlotBm124_32","Stems >=10 cm DBH","Quercus trojana",13,0.013273228961416876
468,"PlotBm124","b","W10","W10","3",33,"PlotBm124_33","Stems >=10 cm DBH","Quercus trojana",19,0.02835287369864788
469,"PlotBm124","b","W10","W10","3",34,"PlotBm124_34","Stems >=10 cm DBH","Quercus trojana",23,0.04154756284372501
470,"PlotBm124","b","W10","W10","3",35,"PlotBm124_35","Stems >=10 cm DBH","Quercus trojana",14,0.015393804002589986
458,"PlotBm124","b","W10","W10","3",23,"PlotBm124_23","Stems >=10 cm DBH","Quercus trojana",10,0.007853981633974483
459,"PlotBm124","b","W10","W10","3",24,"PlotBm124_24","Stems 2.5-10 cm DBH","Quercus trojana",9,0.0063617251235193305
460,"PlotBm124","b","W10","W10","3",25,"PlotBm124_25","Stems >=10 cm DBH","Quercus trojana",33,0.08552985999398212
448,"PlotBm124","b","W10","W10","2",13,"PlotBm124_13","Stems >=10 cm DBH","Quercus trojana",11,0.009503317777109124
450,"PlotBm124","b","W10","W10","2",15,"PlotBm124_15","Stems >=10 cm DBH","Quercus trojana",18,0.025446900494077322
463,"PlotBm124","b","W10","W10","3",28,"PlotBm124_28","Stems 2.5-10 cm DBH","Quercus trojana",5,0.001963495408493621
464,"PlotBm124","b","W10","W10","3",29,"PlotBm124_29","Stems >=10 cm DBH","Quercus trojana",24,0.04523893421169302
438,"PlotBm124","b","W10","W10","1",3,"PlotBm124_3","Stems >=10 cm DBH","Quercus trojana",11,0.009503317777109124
439,"PlotBm124","b","W10","W10","2",4,"PlotBm124_4","Stems >=10 cm DBH","Quercus trojana",17,0.022698006922186254
440,"PlotBm124","b","W10","W10","2",5,"PlotBm124_5","Stems >=10 cm DBH","Quercus trojana",23,0.04154756284372501
441,"PlotBm124","b","W10","W10","2",6,"PlotBm124_6","Stems >=10 cm DBH","Quercus trojana",26,0.053092915845667506
442,"PlotBm124","b","W10","W10","2",7,"PlotBm124_7","Stems >=10 cm DBH","Quercus trojana",16,0.020106192982974676
1856,"PlotBm124","b","W10","W10","1",3,"PlotBm124_3","Stems >=10 cm DBH","Quercus trojana",24,0.04523893421169302
471,"PlotBm124","b","W10","W10","3",36,"PlotBm124_36","Stems >=10 cm DBH","Quercus trojana",27,0.05725552611167398
436,"PlotBm124","b","W10","W10","1",1,"PlotBm124_1","Stems >=10 cm DBH","Quercus trojana",41,0.13202543126711105
437,"PlotBm124","b","W10","W10","1",2,"PlotBm124_2","Stems >=10 cm DBH","Quercus trojana",17,0.022698006922186254
1621,"PlotBm124","b","W10","W10","1",3,"PlotBm124_3","Stems >=10 cm DBH","Quercus trojana",25,0.04908738521234052
1857,"PlotBm124","b","W10","W10","2",21,"PlotBm124_21","Stems >=10 cm DBH","Quercus trojana",11,0.009503317777109124
462,"PlotBm124","b","W10","W10","3",27,"PlotBm124_27","Stems >=10 cm DBH","Quercus trojana",10,0.007853981633974483
461,"PlotBm124","b","W10","W10","3",26,"PlotBm124_26","Stems >=10 cm DBH","Quercus trojana",10,0.007853981633974483
474,"PlotBm125","b","W10","W10","1",3,"PlotBm125_3","Stems >=10 cm DBH","Quercus pubescens",15,0.017671458676442587
492,"PlotBm125","b","W10","W10","3",21,"PlotBm125_21","Stems >=10 cm DBH","Quercus pubescens",26,0.053092915845667506
493,"PlotBm125","b","W10","W10","3",22,"PlotBm125_22","Stems >=10 cm DBH","Quercus pubescens",16,0.020106192982974676
473,"PlotBm125","b","W10","W10","1",2,"PlotBm125_2","Stems >=10 cm DBH","Quercus pubescens",12,0.011309733552923255
496,"PlotBm125","b","W10","W10","3",25,"PlotBm125_25","Stems >=10 cm DBH","Quercus pubescens",26,0.053092915845667506
497,"PlotBm125","b","W10","W10","3",26,"PlotBm125_26","Stems >=10 cm DBH","Quercus pubescens",28,0.061575216010359944
472,"PlotBm125","b","W10","W10","1",1,"PlotBm125_1","Stems >=10 cm DBH","Quercus pubescens",11,0.009503317777109124
495,"PlotBm125","b","W10","W10","3",24,"PlotBm125_24","Stems >=10 cm DBH","Quercus pubescens",24,0.04523893421169302
486,"PlotBm125","b","W10","W10","2",15,"PlotBm125_15","Stems >=10 cm DBH","Quercus pubescens",11,0.009503317777109124
487,"PlotBm125","b","W10","W10","2",16,"PlotBm125_16","Stems >=10 cm DBH","Quercus pubescens",18,0.025446900494077322
494,"PlotBm125","b","W10","W10","3",23,"PlotBm125_23","Stems >=10 cm DBH","Quercus pubescens",11,0.009503317777109124
485,"PlotBm125","b","W10","W10","2",14,"PlotBm125_14","Stems >=10 cm DBH","Quercus pubescens",13,0.013273228961416876
490,"PlotBm125","b","W10","W10","2",19,"PlotBm125_19","Stems >=10 cm DBH","Quercus pubescens",16,0.020106192982974676
491,"PlotBm125","b","W10","W10","3",20,"PlotBm125_20","Stems >=10 cm DBH","Quercus pubescens",23,0.04154756284372501
1624,"PlotBm125","b","W10","W10","2",15,"PlotBm125_15","Stems >=10 cm DBH","Quercus pubescens",11,0.009503317777109124
1625,"PlotBm125","b","W10","W10","3",21,"PlotBm125_21","Stems >=10 cm DBH","Quercus pubescens",30,0.07068583470577035
480,"PlotBm125","b","W10","W10","2",9,"PlotBm125_9","Stems >=10 cm DBH","Quercus pubescens",10,0.007853981633974483
481,"PlotBm125","b","W10","W10","2",10,"PlotBm125_10","Stems >=10 cm DBH","Quercus pubescens",26,0.053092915845667506
1992,"PlotBm125","b","W10","W10","2",15,"PlotBm125_15","Stems >=10 cm DBH","Quercus pubescens",19,0.02835287369864788
483,"PlotBm125","b","W10","W10","2",12,"PlotBm125_12","Stems >=10 cm DBH","Quercus pubescens",15,0.017671458676442587
484,"PlotBm125","b","W10","W10","2",13,"PlotBm125_13","Stems >=10 cm DBH","Quercus pubescens",12,0.011309733552923255
1858,"PlotBm125","b","W10","W10","2",15,"PlotBm125_15","Stems >=10 cm DBH","Quercus pubescens",18,0.025446900494077322
498,"PlotBm125","b","W10","W10","3",27,"PlotBm125_27","Stems >=10 cm DBH","Quercus pubescens",16,0.020106192982974676
488,"PlotBm125","b","W10","W10","2",17,"PlotBm125_17","Stems >=10 cm DBH","Quercus pubescens",22,0.0380132711084365
489,"PlotBm125","b","W10","W10","2",18,"PlotBm125_18","Stems >=10 cm DBH","Quercus pubescens",19,0.02835287369864788
501,"PlotBm125","b","W10","W10","3",30,"PlotBm125_30","Stems >=10 cm DBH","Quercus pubescens",15,0.017671458676442587
1957,"PlotBm125","b","W10","W10","2",15,"PlotBm125_15","Stems >=10 cm DBH","Quercus pubescens",22,0.0380132711084365
478,"PlotBm125","b","W10","W10","1",7,"PlotBm125_7","Stems >=10 cm DBH","Quercus pubescens",24,0.04523893421169302
479,"PlotBm125","b","W10","W10","2",8,"PlotBm125_8","Stems >=10 cm DBH","Quercus pubescens",12,0.011309733552923255
475,"PlotBm125","b","W10","W10","1",4,"PlotBm125_4","Stems >=10 cm DBH","Quercus pubescens",14,0.015393804002589986
476,"PlotBm125","b","W10","W10","1",5,"PlotBm125_5","Stems >=10 cm DBH","Quercus pubescens",13,0.013273228961416876
482,"PlotBm125","b","W10","W10","2",11,"PlotBm125_11","Stems >=10 cm DBH","Quercus pubescens",16,0.020106192982974676
500,"PlotBm125","b","W10","W10","3",29,"PlotBm125_29","Stems >=10 cm DBH","Quercus pubescens",17,0.022698006922186254
2012,"PlotBm125","b","W10","W10","2",15,"PlotBm125_15","Stems >=10 cm DBH","Quercus pubescens",16,0.020106192982974676
477,"PlotBm125","b","W10","W10","1",6,"PlotBm125_6","Stems >=10 cm DBH","Quercus pubescens",16,0.020106192982974676
499,"PlotBm125","b","W10","W10","3",28,"PlotBm125_28","Stems >=10 cm DBH","Quercus pubescens",11,0.009503317777109124
1627,"PlotBm126","b","W10","W10","1",7,"PlotBm126_7","Stems >=10 cm DBH","Quercus trojana",29,0.0660519855417254
1626,"PlotBm126","b","W10","W10","3",3,"PlotBm126_3","Stems 2.5-10 cm DBH","Acer campestre",8,0.005026548245743669
510,"PlotBm126","b","W10","W10","1",9,"PlotBm126_9","Stems >=10 cm DBH","Quercus trojana",16,0.020106192982974676
511,"PlotBm126","b","W10","W10","2",10,"PlotBm126_10","Stems >=10 cm DBH","Quercus trojana",17,0.022698006922186254
1629,"PlotBm126","b","W10","W10","2",14,"PlotBm126_14","Stems >=10 cm DBH","Quercus trojana",17,0.022698006922186254
1628,"PlotBm126","b","W10","W10","2",10,"PlotBm126_10","Stems >=10 cm DBH","Quercus trojana",23,0.04154756284372501
505,"PlotBm126","b","W10","W10","1",4,"PlotBm126_4","Stems >=10 cm DBH","Quercus trojana",24,0.04523893421169302
506,"PlotBm126","b","W10","W10","1",5,"PlotBm126_5","Stems >=10 cm DBH","Quercus trojana",17,0.022698006922186254
512,"PlotBm126","b","W10","W10","2",11,"PlotBm126_11","Stems >=10 cm DBH","Quercus trojana",46,0.16619025137490004
504,"PlotBm126","b","W10","W10","3",3,"PlotBm126_3","Stems 2.5-10 cm DBH","Acer campestre",7,0.0038484510006474965
509,"PlotBm126","b","W10","W10","1",8,"PlotBm126_8","Stems >=10 cm DBH","Quercus trojana",29,0.0660519855417254
521,"PlotBm126","b","W10","W10","3",20,"PlotBm126_20","Stems >=10 cm DBH","Quercus trojana",11,0.009503317777109124
507,"PlotBm126","b","W10","W10","1",6,"PlotBm126_6","Stems >=10 cm DBH","Quercus trojana",15,0.017671458676442587
508,"PlotBm126","b","W10","W10","1",7,"PlotBm126_7","Stems >=10 cm DBH","Quercus trojana",25,0.04908738521234052
526,"PlotBm126","b","W10","W10","3",25,"PlotBm126_25","Stems >=10 cm DBH","Quercus trojana",24,0.04523893421169302
527,"PlotBm126","b","W10","W10","3",26,"PlotBm126_26","Stems >=10 cm DBH","Quercus trojana",13,0.013273228961416876
524,"PlotBm126","b","W10","W10","3",23,"PlotBm126_23","Stems >=10 cm DBH","Quercus trojana",31,0.07547676350249478
525,"PlotBm126","b","W10","W10","3",24,"PlotBm126_24","Stems 2.5-10 cm DBH","Quercus trojana",9,0.0063617251235193305
502,"PlotBm126","b","W10","W10","2",1,"PlotBm126_1","Stems 2.5-10 cm DBH","Cornus mas",9,0.0063617251235193305
516,"PlotBm126","b","W10","W10","2",15,"PlotBm126_15","Stems >=10 cm DBH","Quercus trojana",46,0.16619025137490004
517,"PlotBm126","b","W10","W10","2",16,"PlotBm126_16","Stems >=10 cm DBH","Quercus trojana",37,0.10752100856911068
503,"PlotBm126","b","W10","W10","2",2,"PlotBm126_2","Stems 2.5-10 cm DBH","Acer monspessulanum",8,0.005026548245743669
519,"PlotBm126","b","W10","W10","3",18,"PlotBm126_18","Stems >=10 cm DBH","Quercus trojana",31,0.07547676350249478
520,"PlotBm126","b","W10","W10","3",19,"PlotBm126_19","Stems >=10 cm DBH","Quercus trojana",31,0.07547676350249478
518,"PlotBm126","b","W10","W10","3",17,"PlotBm126_17","Stems >=10 cm DBH","Quercus trojana",11,0.009503317777109124
523,"PlotBm126","b","W10","W10","3",22,"PlotBm126_22","Stems >=10 cm DBH","Quercus trojana",28,0.061575216010359944
515,"PlotBm126","b","W10","W10","2",14,"PlotBm126_14","Stems >=10 cm DBH","Quercus trojana",16,0.020106192982974676
522,"PlotBm126","b","W10","W10","3",21,"PlotBm126_21","Stems 2.5-10 cm DBH","Quercus trojana",9,0.0063617251235193305
514,"PlotBm126","b","W10","W10","2",13,"PlotBm126_13","Stems >=10 cm DBH","Quercus trojana",41,0.13202543126711105
513,"PlotBm126","b","W10","W10","2",12,"PlotBm126_12","Stems >=10 cm DBH","Quercus trojana",14,0.015393804002589986
528,"PlotBm126","b","W10","W10","3",27,"PlotBm126_27","Stems >=10 cm DBH","Quercus trojana",27,0.05725552611167398
539,"PlotBm127","b","W10","W10","2",11,"PlotBm127_11","Stems >=10 cm DBH","Quercus pubescens",17,0.022698006922186254
542,"PlotBm127","b","W10","W10","2",14,"PlotBm127_14","Stems >=10 cm DBH","Quercus pubescens",12,0.011309733552923255
531,"PlotBm127","b","W10","W10","1",3,"PlotBm127_3","Stems >=10 cm DBH","Quercus pubescens",23,0.04154756284372501
532,"PlotBm127","b","W10","W10","1",4,"PlotBm127_4","Stems >=10 cm DBH","Quercus pubescens",12,0.011309733552923255
541,"PlotBm127","b","W10","W10","2",13,"PlotBm127_13","Stems >=10 cm DBH","Quercus pubescens",10,0.007853981633974483
535,"PlotBm127","b","W10","W10","1",7,"PlotBm127_7","Stems >=10 cm DBH","Quercus pubescens",27,0.05725552611167398
538,"PlotBm127","b","W10","W10","2",10,"PlotBm127_10","Stems >=10 cm DBH","Quercus pubescens",10,0.007853981633974483
533,"PlotBm127","b","W10","W10","1",5,"PlotBm127_5","Stems >=10 cm DBH","Quercus pubescens",24,0.04523893421169302
534,"PlotBm127","b","W10","W10","1",6,"PlotBm127_6","Stems >=10 cm DBH","Quercus pubescens",15,0.017671458676442587
554,"PlotBm127","b","W10","W10","2",26,"PlotBm127_26","Stems >=10 cm DBH","Quercus pubescens",12,0.011309733552923255
555,"PlotBm127","b","W10","W10","2",27,"PlotBm127_27","Stems >=10 cm DBH","Quercus pubescens",14,0.015393804002589986
537,"PlotBm127","b","W10","W10","2",9,"PlotBm127_9","Stems >=10 cm DBH","Quercus pubescens",14,0.015393804002589986
540,"PlotBm127","b","W10","W10","2",12,"PlotBm127_12","Stems >=10 cm DBH","Quercus pubescens",17,0.022698006922186254
530,"PlotBm127","b","W10","W10","1",2,"PlotBm127_2","Stems >=10 cm DBH","Quercus pubescens",21,0.03463605900582747
546,"PlotBm127","b","W10","W10","2",18,"PlotBm127_18","Stems >=10 cm DBH","Quercus pubescens",13,0.013273228961416876
547,"PlotBm127","b","W10","W10","2",19,"PlotBm127_19","Stems >=10 cm DBH","Quercus pubescens",15,0.017671458676442587
548,"PlotBm127","b","W10","W10","2",20,"PlotBm127_20","Stems >=10 cm DBH","Quercus pubescens",13,0.013273228961416876
549,"PlotBm127","b","W10","W10","2",21,"PlotBm127_21","Stems >=10 cm DBH","Quercus pubescens",16,0.020106192982974676
550,"PlotBm127","b","W10","W10","2",22,"PlotBm127_22","Stems >=10 cm DBH","Quercus pubescens",18,0.025446900494077322
551,"PlotBm127","b","W10","W10","2",23,"PlotBm127_23","Stems >=10 cm DBH","Quercus pubescens",11,0.009503317777109124
552,"PlotBm127","b","W10","W10","2",24,"PlotBm127_24","Stems >=10 cm DBH","Quercus pubescens",12,0.011309733552923255
553,"PlotBm127","b","W10","W10","2",25,"PlotBm127_25","Stems >=10 cm DBH","Quercus pubescens",10,0.007853981633974483
1859,"PlotBm127","b","W10","W10","2",14,"PlotBm127_14","Stems >=10 cm DBH","Quercus pubescens",10,0.007853981633974483
1993,"PlotBm127","b","W10","W10","2",14,"PlotBm127_14","Stems >=10 cm DBH","Quercus pubescens",14,0.015393804002589986
1958,"PlotBm127","b","W10","W10","2",14,"PlotBm127_14","Stems >=10 cm DBH","Quercus pubescens",12,0.011309733552923255
529,"PlotBm127","b","W10","W10","1",1,"PlotBm127_1","Stems >=10 cm DBH","Quercus pubescens",14,0.015393804002589986
544,"PlotBm127","b","W10","W10","2",16,"PlotBm127_16","Stems >=10 cm DBH","Quercus pubescens",11,0.009503317777109124
545,"PlotBm127","b","W10","W10","2",17,"PlotBm127_17","Stems >=10 cm DBH","Quercus pubescens",11,0.009503317777109124
563,"PlotBm127","b","W10","W10","3",35,"PlotBm127_35","Stems >=10 cm DBH","Quercus pubescens",16,0.020106192982974676
560,"PlotBm127","b","W10","W10","3",32,"PlotBm127_32","Stems >=10 cm DBH","Quercus pubescens",24,0.04523893421169302
561,"PlotBm127","b","W10","W10","3",33,"PlotBm127_33","Stems 2.5-10 cm DBH","Quercus pubescens",9,0.0063617251235193305
562,"PlotBm127","b","W10","W10","3",34,"PlotBm127_34","Stems 2.5-10 cm DBH","Quercus pubescens",8,0.005026548245743669
536,"PlotBm127","b","W10","W10","1",8,"PlotBm127_8","Stems >=10 cm DBH","Quercus pubescens",16,0.020106192982974676
564,"PlotBm127","b","W10","W10","3",36,"PlotBm127_36","Stems >=10 cm DBH","Quercus pubescens",23,0.04154756284372501
565,"PlotBm127","b","W10","W10","3",37,"PlotBm127_37","Stems >=10 cm DBH","Quercus pubescens",19,0.02835287369864788
1630,"PlotBm127","b","W10","W10","2",14,"PlotBm127_14","Stems >=10 cm DBH","Quercus pubescens",12,0.011309733552923255
558,"PlotBm127","b","W10","W10","3",30,"PlotBm127_30","Stems >=10 cm DBH","Quercus pubescens",10,0.007853981633974483
559,"PlotBm127","b","W10","W10","3",31,"PlotBm127_31","Stems >=10 cm DBH","Quercus pubescens",11,0.009503317777109124
543,"PlotBm127","b","W10","W10","2",15,"PlotBm127_15","Stems >=10 cm DBH","Quercus pubescens",13,0.013273228961416876
557,"PlotBm127","b","W10","W10","3",29,"PlotBm127_29","Stems >=10 cm DBH","Quercus pubescens",21,0.03463605900582747
566,"PlotBm127","b","W10","W10","3",38,"PlotBm127_38","Stems >=10 cm DBH","Quercus pubescens",27,0.05725552611167398
556,"PlotBm127","b","W10","W10","3",28,"PlotBm127_28","Stems >=10 cm DBH","Quercus pubescens",10,0.007853981633974483
582,"PlotBm128","b","W10","W10","2",16,"PlotBm128_16","Stems 2.5-10 cm DBH","Quercus trojana",7,0.0038484510006474965
575,"PlotBm128","b","W10","W10","1",9,"PlotBm128_9","Stems >=10 cm DBH","Quercus trojana",10,0.007853981633974483
569,"PlotBm128","b","W10","W10","1",3,"PlotBm128_3","Stems >=10 cm DBH","Quercus trojana",13,0.013273228961416876
577,"PlotBm128","b","W10","W10","1",11,"PlotBm128_11","Stems >=10 cm DBH","Quercus trojana",12,0.011309733552923255
574,"PlotBm128","b","W10","W10","1",8,"PlotBm128_8","Stems 2.5-10 cm DBH","Quercus trojana",2.5,4.908738521234052e-4
579,"PlotBm128","b","W10","W10","2",13,"PlotBm128_13","Stems >=10 cm DBH","Quercus trojana",10,0.007853981633974483
576,"PlotBm128","b","W10","W10","1",10,"PlotBm128_10","Stems >=10 cm DBH","Quercus pubescens",13,0.013273228961416876
568,"PlotBm128","b","W10","W10","1",2,"PlotBm128_2","Stems >=10 cm DBH","Quercus pubescens",13,0.013273228961416876
578,"PlotBm128","b","W10","W10","1",12,"PlotBm128_12","Stems 2.5-10 cm DBH","Pistacia terebinthus",6,0.0028274333882308137
570,"PlotBm128","b","W10","W10","1",4,"PlotBm128_4","Stems >=10 cm DBH","Quercus trojana",10,0.007853981633974483
571,"PlotBm128","b","W10","W10","1",5,"PlotBm128_5","Stems >=10 cm DBH","Quercus trojana",15,0.017671458676442587
572,"PlotBm128","b","W10","W10","1",6,"PlotBm128_6","Stems >=10 cm DBH","Quercus pubescens",13,0.013273228961416876
581,"PlotBm128","b","W10","W10","2",15,"PlotBm128_15","Stems 2.5-10 cm DBH","Juniperus oxycedrus",4,0.0012566370614359172
587,"PlotBm128","b","W10","W10","3",21,"PlotBm128_21","Stems >=10 cm DBH","Quercus trojana",12,0.011309733552923255
588,"PlotBm128","b","W10","W10","3",22,"PlotBm128_22","Stems >=10 cm DBH","Quercus trojana",13,0.013273228961416876
589,"PlotBm128","b","W10","W10","3",23,"PlotBm128_23","Stems >=10 cm DBH","Quercus pubescens",13,0.013273228961416876
590,"PlotBm128","b","W10","W10","3",24,"PlotBm128_24","Stems 2.5-10 cm DBH","Juniperus oxycedrus",7,0.0038484510006474965
591,"PlotBm128","b","W10","W10","3",25,"PlotBm128_25","Stems 2.5-10 cm DBH","Quercus trojana",8,0.005026548245743669
592,"PlotBm128","b","W10","W10","3",26,"PlotBm128_26","Stems >=10 cm DBH","Quercus trojana",10,0.007853981633974483
583,"PlotBm128","b","W10","W10","2",17,"PlotBm128_17","Stems >=10 cm DBH","Quercus pubescens",16,0.020106192982974676
567,"PlotBm128","b","W10","W10","1",1,"PlotBm128_1","Stems >=10 cm DBH","Quercus pubescens",11,0.009503317777109124
580,"PlotBm128","b","W10","W10","2",14,"PlotBm128_14","Stems 2.5-10 cm DBH","Quercus trojana",8,0.005026548245743669
1631,"PlotBm128","b","W10","W10","3",24,"PlotBm128_24","Stems 2.5-10 cm DBH","Juniperus oxycedrus",6,0.0028274333882308137
584,"PlotBm128","b","W10","W10","2",18,"PlotBm128_18","Stems >=10 cm DBH","Quercus trojana",13,0.013273228961416876
573,"PlotBm128","b","W10","W10","1",7,"PlotBm128_7","Stems 2.5-10 cm DBH","Quercus trojana",3,7.068583470577034e-4
586,"PlotBm128","b","W10","W10","2",20,"PlotBm128_20","Stems >=10 cm DBH","Quercus trojana",14,0.015393804002589986
585,"PlotBm128","b","W10","W10","2",19,"PlotBm128_19","Stems >=10 cm DBH","Quercus trojana",11,0.009503317777109124
593,"PlotBm129","b","W10","W10","1",1,"PlotBm129_1","Stems >=10 cm DBH","Quercus trojana",13,0.013273228961416876
614,"PlotBm129","b","W10","W10","3",22,"PlotBm129_22","Stems 2.5-10 cm DBH","Juniperus oxycedrus",3,7.068583470577034e-4
601,"PlotBm129","b","W10","W10","1",9,"PlotBm129_9","Stems 2.5-10 cm DBH","Quercus trojana",6,0.0028274333882308137
602,"PlotBm129","b","W10","W10","1",10,"PlotBm129_10","Stems 2.5-10 cm DBH","Juniperus oxycedrus",3,7.068583470577034e-4
604,"PlotBm129","b","W10","W10","2",12,"PlotBm129_12","Stems >=10 cm DBH","Quercus trojana",14,0.015393804002589986
605,"PlotBm129","b","W10","W10","2",13,"PlotBm129_13","Stems >=10 cm DBH","Quercus trojana",11,0.009503317777109124
594,"PlotBm129","b","W10","W10","1",2,"PlotBm129_2","Stems >=10 cm DBH","Quercus trojana",16,0.020106192982974676
603,"PlotBm129","b","W10","W10","2",11,"PlotBm129_11","Stems >=10 cm DBH","Quercus trojana",21,0.03463605900582747
609,"PlotBm129","b","W10","W10","2",17,"PlotBm129_17","Stems >=10 cm DBH","Quercus pubescens",16,0.020106192982974676
610,"PlotBm129","b","W10","W10","3",18,"PlotBm129_18","Stems >=10 cm DBH","Quercus trojana",12,0.011309733552923255
611,"PlotBm129","b","W10","W10","3",19,"PlotBm129_19","Stems >=10 cm DBH","Quercus trojana",13,0.013273228961416876
595,"PlotBm129","b","W10","W10","1",3,"PlotBm129_3","Stems >=10 cm DBH","Quercus pubescens",18,0.025446900494077322
613,"PlotBm129","b","W10","W10","3",21,"PlotBm129_21","Stems >=10 cm DBH","Quercus trojana",12,0.011309733552923255
600,"PlotBm129","b","W10","W10","1",8,"PlotBm129_8","Stems 2.5-10 cm DBH","Quercus trojana",8,0.005026548245743669
596,"PlotBm129","b","W10","W10","1",4,"PlotBm129_4","Stems 2.5-10 cm DBH","Quercus trojana",8,0.005026548245743669
606,"PlotBm129","b","W10","W10","2",14,"PlotBm129_14","Stems >=10 cm DBH","Quercus pubescens",16,0.020106192982974676
608,"PlotBm129","b","W10","W10","2",16,"PlotBm129_16","Stems >=10 cm DBH","Quercus pubescens",13,0.013273228961416876
1632,"PlotBm129","b","W10","W10","1",4,"PlotBm129_4","Stems 2.5-10 cm DBH","Quercus trojana",7,0.0038484510006474965
1636,"PlotBm129","b","W10","W10","3",20,"PlotBm129_20","Stems >=10 cm DBH","Quercus trojana",13,0.013273228961416876
597,"PlotBm129","b","W10","W10","1",5,"PlotBm129_5","Stems 2.5-10 cm DBH","Quercus trojana",6,0.0028274333882308137
612,"PlotBm129","b","W10","W10","3",20,"PlotBm129_20","Stems >=10 cm DBH","Quercus trojana",12,0.011309733552923255
599,"PlotBm129","b","W10","W10","1",7,"PlotBm129_7","Stems >=10 cm DBH","Quercus trojana",11,0.009503317777109124
1860,"PlotBm129","b","W10","W10","1",4,"PlotBm129_4","Stems >=10 cm DBH","Quercus trojana",14,0.015393804002589986
1861,"PlotBm129","b","W10","W10","1",5,"PlotBm129_5","Stems >=10 cm DBH","Quercus trojana",16,0.020106192982974676
1633,"PlotBm129","b","W10","W10","1",5,"PlotBm129_5","Stems 2.5-10 cm DBH","Quercus trojana",8,0.005026548245743669
607,"PlotBm129","b","W10","W10","2",15,"PlotBm129_15","Stems 2.5-10 cm DBH","Quercus trojana",5,0.001963495408493621
1635,"PlotBm129","b","W10","W10","3",18,"PlotBm129_18","Stems >=10 cm DBH","Quercus trojana",10,0.007853981633974483
598,"PlotBm129","b","W10","W10","1",6,"PlotBm129_6","Stems 2.5-10 cm DBH","Quercus trojana",8,0.005026548245743669
1634,"PlotBm129","b","W10","W10","2",15,"PlotBm129_15","Stems 2.5-10 cm DBH","Quercus trojana",4,0.0012566370614359172
617,"PlotBm13","b","W2","W2","1",3,"PlotBm13_3","Stems 2.5-10 cm DBH","Quercus coccifera",7,0.0038484510006474965
615,"PlotBm13","b","W2","W2","1",1,"PlotBm13_1","Stems 2.5-10 cm DBH","Quercus coccifera",8,0.005026548245743669
616,"PlotBm13","b","W2","W2","1",2,"PlotBm13_2","Stems >=10 cm DBH","Quercus coccifera",11,0.009503317777109124
1639,"PlotBm13","b","W2","W2","2",7,"PlotBm13_7","Stems 2.5-10 cm DBH","Quercus coccifera",3,7.068583470577034e-4
618,"PlotBm13","b","W2","W2","1",4,"PlotBm13_4","Stems 2.5-10 cm DBH","Quercus coccifera",4,0.0012566370614359172
619,"PlotBm13","b","W2","W2","1",5,"PlotBm13_5","Stems 2.5-10 cm DBH","Quercus coccifera",3,7.068583470577034e-4
1638,"PlotBm13","b","W2","W2","1",5,"PlotBm13_5","Stems 2.5-10 cm DBH","Quercus coccifera",5,0.001963495408493621
1643,"PlotBm13","b","W2","W2","3",17,"PlotBm13_17","Stems 2.5-10 cm DBH","Quercus coccifera",4,0.0012566370614359172
1640,"PlotBm13","b","W2","W2","2",10,"PlotBm13_10","Stems 2.5-10 cm DBH","Quercus coccifera",3,7.068583470577034e-4
1641,"PlotBm13","b","W2","W2","3",12,"PlotBm13_12","Stems 2.5-10 cm DBH","Quercus coccifera",3,7.068583470577034e-4
1642,"PlotBm13","b","W2","W2","3",15,"PlotBm13_15","Stems 2.5-10 cm DBH","Quercus coccifera",3,7.068583470577034e-4
626,"PlotBm13","b","W2","W2","3",12,"PlotBm13_12","Stems 2.5-10 cm DBH","Quercus coccifera",3,7.068583470577034e-4
627,"PlotBm13","b","W2","W2","3",13,"PlotBm13_13","Stems 2.5-10 cm DBH","Quercus coccifera",9,0.0063617251235193305
628,"PlotBm13","b","W2","W2","3",14,"PlotBm13_14","Stems 2.5-10 cm DBH","Quercus coccifera",7,0.0038484510006474965
1637,"PlotBm13","b","W2","W2","1",1,"PlotBm13_1","Stems 2.5-10 cm DBH","Quercus coccifera",7,0.0038484510006474965
630,"PlotBm13","b","W2","W2","3",16,"PlotBm13_16","Stems >=10 cm DBH","Quercus coccifera",13,0.013273228961416876
631,"PlotBm13","b","W2","W2","3",17,"PlotBm13_17","Stems 2.5-10 cm DBH","Quercus coccifera",3,7.068583470577034e-4
1644,"PlotBm13","b","W2","W2","3",18,"PlotBm13_18","Stems >=10 cm DBH","Quercus coccifera",14,0.015393804002589986
629,"PlotBm13","b","W2","W2","3",15,"PlotBm13_15","Stems 2.5-10 cm DBH","Quercus coccifera",3,7.068583470577034e-4
621,"PlotBm13","b","W2","W2","2",7,"PlotBm13_7","Stems 2.5-10 cm DBH","Quercus coccifera",3,7.068583470577034e-4
1862,"PlotBm13","b","W2","W2","2",10,"PlotBm13_10","Stems 2.5-10 cm DBH","Quercus coccifera",3,7.068583470577034e-4
1863,"PlotBm13","b","W2","W2","3",17,"PlotBm13_17","Stems 2.5-10 cm DBH","Quercus coccifera",5,0.001963495408493621
632,"PlotBm13","b","W2","W2","3",18,"PlotBm13_18","Stems >=10 cm DBH","Quercus coccifera",11,0.009503317777109124
623,"PlotBm13","b","W2","W2","2",9,"PlotBm13_9","Stems 2.5-10 cm DBH","Quercus coccifera",3,7.068583470577034e-4
624,"PlotBm13","b","W2","W2","2",10,"PlotBm13_10","Stems 2.5-10 cm DBH","Quercus coccifera",3,7.068583470577034e-4
625,"PlotBm13","b","W2","W2","3",11,"PlotBm13_11","Stems >=10 cm DBH","Quercus coccifera",14,0.015393804002589986
622,"PlotBm13","b","W2","W2","2",8,"PlotBm13_8","Stems 2.5-10 cm DBH","Quercus coccifera",3,7.068583470577034e-4
620,"PlotBm13","b","W2","W2","2",6,"PlotBm13_6","Stems >=10 cm DBH","Quercus coccifera",11,0.009503317777109124
1645,"PlotBm130","b","W10","W10","1",3,"PlotBm130_3","Stems >=10 cm DBH","Quercus trojana",16,0.020106192982974676
658,"PlotBm130","b","W10","W10","3",26,"PlotBm130_26","Stems >=10 cm DBH","Quercus pubescens",13,0.013273228961416876
655,"PlotBm130","b","W10","W10","3",23,"PlotBm130_23","Stems >=10 cm DBH","Quercus pubescens",18,0.025446900494077322
656,"PlotBm130","b","W10","W10","3",24,"PlotBm130_24","Stems 2.5-10 cm DBH","Quercus pubescens",8,0.005026548245743669
657,"PlotBm130","b","W10","W10","3",25,"PlotBm130_25","Stems >=10 cm DBH","Quercus pubescens",12,0.011309733552923255
1646,"PlotBm130","b","W10","W10","2",13,"PlotBm130_13","Stems >=10 cm DBH","Quercus pubescens",12,0.011309733552923255
1647,"PlotBm130","b","W10","W10","3",24,"PlotBm130_24","Stems >=10 cm DBH","Quercus pubescens",16,0.020106192982974676
633,"PlotBm130","b","W10","W10","1",1,"PlotBm130_1","Stems >=10 cm DBH","Quercus pubescens",12,0.011309733552923255
652,"PlotBm130","b","W10","W10","2",20,"PlotBm130_20","Stems >=10 cm DBH","Quercus trojana",10,0.007853981633974483
653,"PlotBm130","b","W10","W10","2",21,"PlotBm130_21","Stems >=10 cm DBH","Quercus trojana",11,0.009503317777109124
654,"PlotBm130","b","W10","W10","3",22,"PlotBm130_22","Stems >=10 cm DBH","Quercus pubescens",13,0.013273228961416876
640,"PlotBm130","b","W10","W10","1",8,"PlotBm130_8","Stems >=10 cm DBH","Quercus trojana",12,0.011309733552923255
641,"PlotBm130","b","W10","W10","1",9,"PlotBm130_9","Stems >=10 cm DBH","Quercus pubescens",11,0.009503317777109124
642,"PlotBm130","b","W10","W10","1",10,"PlotBm130_10","Stems >=10 cm DBH","Quercus pubescens",11,0.009503317777109124
643,"PlotBm130","b","W10","W10","1",11,"PlotBm130_11","Stems >=10 cm DBH","Quercus pubescens",14,0.015393804002589986
644,"PlotBm130","b","W10","W10","2",12,"PlotBm130_12","Stems >=10 cm DBH","Quercus trojana",19,0.02835287369864788
645,"PlotBm130","b","W10","W10","2",13,"PlotBm130_13","Stems >=10 cm DBH","Quercus pubescens",18,0.025446900494077322
634,"PlotBm130","b","W10","W10","1",2,"PlotBm130_2","Stems >=10 cm DBH","Quercus trojana",14,0.015393804002589986
647,"PlotBm130","b","W10","W10","2",15,"PlotBm130_15","Stems >=10 cm DBH","Quercus trojana",16,0.020106192982974676
648,"PlotBm130","b","W10","W10","2",16,"PlotBm130_16","Stems 2.5-10 cm DBH","Quercus trojana",5,0.001963495408493621
651,"PlotBm130","b","W10","W10","2",19,"PlotBm130_19","Stems >=10 cm DBH","Quercus pubescens",13,0.013273228961416876
637,"PlotBm130","b","W10","W10","1",5,"PlotBm130_5","Stems 2.5-10 cm DBH","Quercus pubescens",6,0.0028274333882308137
638,"PlotBm130","b","W10","W10","1",6,"PlotBm130_6","Stems >=10 cm DBH","Quercus trojana",15,0.017671458676442587
639,"PlotBm130","b","W10","W10","1",7,"PlotBm130_7","Stems 2.5-10 cm DBH","Quercus trojana",9,0.0063617251235193305
660,"PlotBm130","b","W10","W10","3",28,"PlotBm130_28","Stems 2.5-10 cm DBH","Quercus trojana",8,0.005026548245743669
649,"PlotBm130","b","W10","W10","2",17,"PlotBm130_17","Stems >=10 cm DBH","Quercus trojana",12,0.011309733552923255
646,"PlotBm130","b","W10","W10","2",14,"PlotBm130_14","Stems >=10 cm DBH","Quercus pubescens",12,0.011309733552923255
661,"PlotBm130","b","W10","W10","3",29,"PlotBm130_29","Stems >=10 cm DBH","Quercus pubescens",10,0.007853981633974483
659,"PlotBm130","b","W10","W10","3",27,"PlotBm130_27","Stems >=10 cm DBH","Quercus trojana",15,0.017671458676442587
650,"PlotBm130","b","W10","W10","2",18,"PlotBm130_18","Stems >=10 cm DBH","Quercus pubescens",11,0.009503317777109124
1864,"PlotBm130","b","W10","W10","3",24,"PlotBm130_24","Stems >=10 cm DBH","Quercus pubescens",14,0.015393804002589986
635,"PlotBm130","b","W10","W10","1",3,"PlotBm130_3","Stems >=10 cm DBH","Quercus trojana",13,0.013273228961416876
636,"PlotBm130","b","W10","W10","1",4,"PlotBm130_4","Stems >=10 cm DBH","Quercus trojana",16,0.020106192982974676
668,"PlotBm131","b","W10","W10","1",7,"PlotBm131_7","Stems >=10 cm DBH","Quercus trojana",14,0.015393804002589986
1866,"PlotBm131","b","W10","W10","2",20,"PlotBm131_20","Stems 2.5-10 cm DBH","Fraxinus ornus",4,0.0012566370614359172
672,"PlotBm131","b","W10","W10","2",11,"PlotBm131_11","Stems >=10 cm DBH","Quercus frainetto",12,0.011309733552923255
671,"PlotBm131","b","W10","W10","1",10,"PlotBm131_10","Stems >=10 cm DBH","Quercus pubescens",13,0.013273228961416876
667,"PlotBm131","b","W10","W10","1",6,"PlotBm131_6","Stems >=10 cm DBH","Quercus pubescens",16,0.020106192982974676
669,"PlotBm131","b","W10","W10","1",8,"PlotBm131_8","Stems >=10 cm DBH","Quercus trojana",10,0.007853981633974483
670,"PlotBm131","b","W10","W10","1",9,"PlotBm131_9","Stems >=10 cm DBH","Quercus trojana",10,0.007853981633974483
1865,"PlotBm131","b","W10","W10","1",2,"PlotBm131_2","Stems 2.5-10 cm DBH","Quercus pubescens",9,0.0063617251235193305
685,"PlotBm131","b","W10","W10","3",24,"PlotBm131_24","Stems >=10 cm DBH","Quercus trojana",13,0.013273228961416876
682,"PlotBm131","b","W10","W10","2",21,"PlotBm131_21","Stems >=10 cm DBH","Quercus pubescens",16,0.020106192982974676
683,"PlotBm131","b","W10","W10","3",22,"PlotBm131_22","Stems >=10 cm DBH","Quercus trojana",14,0.015393804002589986
684,"PlotBm131","b","W10","W10","3",23,"PlotBm131_23","Stems >=10 cm DBH","Quercus trojana",17,0.022698006922186254
662,"PlotBm131","b","W10","W10","1",1,"PlotBm131_1","Stems >=10 cm DBH","Quercus trojana",12,0.011309733552923255
686,"PlotBm131","b","W10","W10","3",25,"PlotBm131_25","Stems >=10 cm DBH","Quercus pubescens",12,0.011309733552923255
673,"PlotBm131","b","W10","W10","2",12,"PlotBm131_12","Stems >=10 cm DBH","Quercus frainetto",10,0.007853981633974483
679,"PlotBm131","b","W10","W10","2",18,"PlotBm131_18","Stems 2.5-10 cm DBH","Quercus frainetto",4,0.0012566370614359172
680,"PlotBm131","b","W10","W10","2",19,"PlotBm131_19","Stems 2.5-10 cm DBH","Juniperus oxycedrus",3,7.068583470577034e-4
681,"PlotBm131","b","W10","W10","2",20,"PlotBm131_20","Stems 2.5-10 cm DBH","Fraxinus ornus",8,0.005026548245743669
1650,"PlotBm131","b","W10","W10","2",20,"PlotBm131_20","Stems 2.5-10 cm DBH","Fraxinus ornus",3,7.068583470577034e-4
1651,"PlotBm131","b","W10","W10","3",29,"PlotBm131_29","Stems >=10 cm DBH","Quercus trojana",10,0.007853981633974483
674,"PlotBm131","b","W10","W10","2",13,"PlotBm131_13","Stems >=10 cm DBH","Quercus frainetto",10,0.007853981633974483
675,"PlotBm131","b","W10","W10","2",14,"PlotBm131_14","Stems >=10 cm DBH","Quercus pubescens",12,0.011309733552923255
690,"PlotBm131","b","W10","W10","3",29,"PlotBm131_29","Stems >=10 cm DBH","Quercus trojana",11,0.009503317777109124
687,"PlotBm131","b","W10","W10","3",26,"PlotBm131_26","Stems >=10 cm DBH","Quercus pubescens",16,0.020106192982974676
692,"PlotBm131","b","W10","W10","3",31,"PlotBm131_31","Stems >=10 cm DBH","Quercus pubescens",11,0.009503317777109124
665,"PlotBm131","b","W10","W10","1",4,"PlotBm131_4","Stems 2.5-10 cm DBH","Quercus pubescens",8,0.005026548245743669
666,"PlotBm131","b","W10","W10","1",5,"PlotBm131_5","Stems 2.5-10 cm DBH","Quercus pubescens",7,0.0038484510006474965
691,"PlotBm131","b","W10","W10","3",30,"PlotBm131_30","Stems >=10 cm DBH","Quercus pubescens",10,0.007853981633974483
1648,"PlotBm131","b","W10","W10","1",2,"PlotBm131_2","Stems >=10 cm DBH","Quercus pubescens",10,0.007853981633974483
688,"PlotBm131","b","W10","W10","3",27,"PlotBm131_27","Stems 2.5-10 cm DBH","Quercus trojana",9,0.0063617251235193305
689,"PlotBm131","b","W10","W10","3",28,"PlotBm131_28","Stems >=10 cm DBH","Quercus frainetto",14,0.015393804002589986
1649,"PlotBm131","b","W10","W10","1",6,"PlotBm131_6","Stems >=10 cm DBH","Quercus pubescens",14,0.015393804002589986
663,"PlotBm131","b","W10","W10","1",2,"PlotBm131_2","Stems 2.5-10 cm DBH","Quercus pubescens",9,0.0063617251235193305
664,"PlotBm131","b","W10","W10","1",3,"PlotBm131_3","Stems 2.5-10 cm DBH","Quercus pubescens",4,0.0012566370614359172
678,"PlotBm131","b","W10","W10","2",17,"PlotBm131_17","Stems 2.5-10 cm DBH","Quercus trojana",6,0.0028274333882308137
676,"PlotBm131","b","W10","W10","2",15,"PlotBm131_15","Stems >=10 cm DBH","Quercus pubescens",18,0.025446900494077322
677,"PlotBm131","b","W10","W10","2",16,"PlotBm131_16","Stems >=10 cm DBH","Quercus trojana",16,0.020106192982974676
696,"PlotBm132","b","W10","W10","1",4,"PlotBm132_4","Stems 2.5-10 cm DBH","Carpinus orientalis",3,7.068583470577034e-4
698,"PlotBm132","b","W10","W10","1",6,"PlotBm132_6","Stems 2.5-10 cm DBH","Carpinus orientalis",6,0.0028274333882308137
1870,"PlotBm132","b","W10","W10","2",20,"PlotBm132_20","Stems 2.5-10 cm DBH","Carpinus orientalis",3,7.068583470577034e-4
713,"PlotBm132","b","W10","W10","3",21,"PlotBm132_21","Stems 2.5-10 cm DBH","Carpinus orientalis",5,0.001963495408493621
699,"PlotBm132","b","W10","W10","1",7,"PlotBm132_7","Stems 2.5-10 cm DBH","Carpinus orientalis",3,7.068583470577034e-4
700,"PlotBm132","b","W10","W10","1",8,"PlotBm132_8","Stems >=10 cm DBH","Quercus pubescens",13,0.013273228961416876
703,"PlotBm132","b","W10","W10","1",11,"PlotBm132_11","Stems >=10 cm DBH","Quercus trojana",12,0.011309733552923255
695,"PlotBm132","b","W10","W10","1",3,"PlotBm132_3","Stems 2.5-10 cm DBH","Carpinus orientalis",3,7.068583470577034e-4
1868,"PlotBm132","b","W10","W10","1",6,"PlotBm132_6","Stems 2.5-10 cm DBH","Carpinus orientalis",4,0.0012566370614359172
1869,"PlotBm132","b","W10","W10","1",7,"PlotBm132_7","Stems 2.5-10 cm DBH","Carpinus orientalis",6,0.0028274333882308137
711,"PlotBm132","b","W10","W10","2",19,"PlotBm132_19","Stems >=10 cm DBH","Quercus pubescens",17,0.022698006922186254
712,"PlotBm132","b","W10","W10","2",20,"PlotBm132_20","Stems 2.5-10 cm DBH","Carpinus orientalis",3,7.068583470577034e-4
697,"PlotBm132","b","W10","W10","1",5,"PlotBm132_5","Stems 2.5-10 cm DBH","Carpinus orientalis",5,0.001963495408493621
710,"PlotBm132","b","W10","W10","2",18,"PlotBm132_18","Stems >=10 cm DBH","Quercus trojana",18,0.025446900494077322
715,"PlotBm132","b","W10","W10","3",23,"PlotBm132_23","Stems 2.5-10 cm DBH","Carpinus orientalis",8,0.005026548245743669
716,"PlotBm132","b","W10","W10","3",24,"PlotBm132_24","Stems 2.5-10 cm DBH","Cornus mas",3,7.068583470577034e-4
1655,"PlotBm132","b","W10","W10","1",6,"PlotBm132_6","Stems 2.5-10 cm DBH","Carpinus orientalis",8,0.005026548245743669
714,"PlotBm132","b","W10","W10","3",22,"PlotBm132_22","Stems 2.5-10 cm DBH","Carpinus orientalis",6,0.0028274333882308137
693,"PlotBm132","b","W10","W10","1",1,"PlotBm132_1","Stems >=10 cm DBH","Quercus pubescens",16,0.020106192982974676
694,"PlotBm132","b","W10","W10","1",2,"PlotBm132_2","Stems >=10 cm DBH","Quercus trojana",14,0.015393804002589986
708,"PlotBm132","b","W10","W10","2",16,"PlotBm132_16","Stems >=10 cm DBH","Quercus trojana",12,0.011309733552923255
1867,"PlotBm132","b","W10","W10","1",5,"PlotBm132_5","Stems 2.5-10 cm DBH","Carpinus orientalis",4,0.0012566370614359172
723,"PlotBm132","b","W10","W10","3",31,"PlotBm132_31","Stems >=10 cm DBH","Quercus pubescens",12,0.011309733552923255
724,"PlotBm132","b","W10","W10","3",32,"PlotBm132_32","Stems >=10 cm DBH","Quercus trojana",13,0.013273228961416876
725,"PlotBm132","b","W10","W10","3",33,"PlotBm132_33","Stems >=10 cm DBH","Carpinus orientalis",10,0.007853981633974483
1654,"PlotBm132","b","W10","W10","1",5,"PlotBm132_5","Stems 2.5-10 cm DBH","Carpinus orientalis",7,0.0038484510006474965
1656,"PlotBm132","b","W10","W10","1",7,"PlotBm132_7","Stems 2.5-10 cm DBH","Carpinus orientalis",4,0.0012566370614359172
1657,"PlotBm132","b","W10","W10","1",11,"PlotBm132_11","Stems >=10 cm DBH","Quercus trojana",10,0.007853981633974483
1658,"PlotBm132","b","W10","W10","2",20,"PlotBm132_20","Stems 2.5-10 cm DBH","Carpinus orientalis",5,0.001963495408493621
1659,"PlotBm132","b","W10","W10","3",22,"PlotBm132_22","Stems 2.5-10 cm DBH","Carpinus orientalis",5,0.001963495408493621
1660,"PlotBm132","b","W10","W10","3",23,"PlotBm132_23","Stems 2.5-10 cm DBH","Carpinus orientalis",4,0.0012566370614359172
1661,"PlotBm132","b","W10","W10","3",24,"PlotBm132_24","Stems 2.5-10 cm DBH","Cornus mas",3,7.068583470577034e-4
706,"PlotBm132","b","W10","W10","2",14,"PlotBm132_14","Stems >=10 cm DBH","Quercus trojana",11,0.009503317777109124
707,"PlotBm132","b","W10","W10","2",15,"PlotBm132_15","Stems >=10 cm DBH","Quercus trojana",13,0.013273228961416876
709,"PlotBm132","b","W10","W10","2",17,"PlotBm132_17","Stems >=10 cm DBH","Quercus pubescens",12,0.011309733552923255
1960,"PlotBm132","b","W10","W10","1",6,"PlotBm132_6","Stems 2.5-10 cm DBH","Carpinus orientalis",4,0.0012566370614359172
1652,"PlotBm132","b","W10","W10","1",3,"PlotBm132_3","Stems 2.5-10 cm DBH","Carpinus orientalis",5,0.001963495408493621
1653,"PlotBm132","b","W10","W10","1",4,"PlotBm132_4","Stems 2.5-10 cm DBH","Carpinus orientalis",3,7.068583470577034e-4
1994,"PlotBm132","b","W10","W10","1",6,"PlotBm132_6","Stems 2.5-10 cm DBH","Carpinus orientalis",5,0.001963495408493621
704,"PlotBm132","b","W10","W10","1",12,"PlotBm132_12","Stems >=10 cm DBH","Quercus trojana",14,0.015393804002589986
701,"PlotBm132","b","W10","W10","1",9,"PlotBm132_9","Stems >=10 cm DBH","Quercus pubescens",11,0.009503317777109124
702,"PlotBm132","b","W10","W10","1",10,"PlotBm132_10","Stems >=10 cm DBH","Quercus trojana",14,0.015393804002589986
720,"PlotBm132","b","W10","W10","3",28,"PlotBm132_28","Stems >=10 cm DBH","Quercus trojana",14,0.015393804002589986
1959,"PlotBm132","b","W10","W10","1",5,"PlotBm132_5","Stems 2.5-10 cm DBH","Carpinus orientalis",3,7.068583470577034e-4
705,"PlotBm132","b","W10","W10","2",13,"PlotBm132_13","Stems >=10 cm DBH","Quercus pubescens",14,0.015393804002589986
719,"PlotBm132","b","W10","W10","3",27,"PlotBm132_27","Stems >=10 cm DBH","Quercus trojana",12,0.011309733552923255
722,"PlotBm132","b","W10","W10","3",30,"PlotBm132_30","Stems >=10 cm DBH","Quercus pubescens",12,0.011309733552923255
718,"PlotBm132","b","W10","W10","3",26,"PlotBm132_26","Stems >=10 cm DBH","Quercus trojana",14,0.015393804002589986
717,"PlotBm132","b","W10","W10","3",25,"PlotBm132_25","Stems >=10 cm DBH","Quercus trojana",12,0.011309733552923255
721,"PlotBm132","b","W10","W10","3",29,"PlotBm132_29","Stems >=10 cm DBH","Quercus trojana",17,0.022698006922186254
740,"PlotBm133","b","W10","W10","2",15,"PlotBm133_15","Stems >=10 cm DBH","Quercus trojana",32,0.0804247719318987
1871,"PlotBm133","b","W10","W10","2",15,"PlotBm133_15","Stems >=10 cm DBH","Quercus trojana",13,0.013273228961416876
738,"PlotBm133","b","W10","W10","2",13,"PlotBm133_13","Stems >=10 cm DBH","Quercus pubescens",18,0.025446900494077322
739,"PlotBm133","b","W10","W10","2",14,"PlotBm133_14","Stems >=10 cm DBH","Quercus pubescens",14,0.015393804002589986
728,"PlotBm133","b","W10","W10","1",3,"PlotBm133_3","Stems >=10 cm DBH","Fraxinus ornus",10,0.007853981633974483
729,"PlotBm133","b","W10","W10","1",4,"PlotBm133_4","Stems >=10 cm DBH","Quercus pubescens",14,0.015393804002589986
726,"PlotBm133","b","W10","W10","1",1,"PlotBm133_1","Stems >=10 cm DBH","Quercus pubescens",14,0.015393804002589986
737,"PlotBm133","b","W10","W10","2",12,"PlotBm133_12","Stems >=10 cm DBH","Quercus pubescens",15,0.017671458676442587
733,"PlotBm133","b","W10","W10","1",8,"PlotBm133_8","Stems >=10 cm DBH","Quercus trojana",15,0.017671458676442587
734,"PlotBm133","b","W10","W10","1",9,"PlotBm133_9","Stems >=10 cm DBH","Quercus trojana",17,0.022698006922186254
735,"PlotBm133","b","W10","W10","1",10,"PlotBm133_10","Stems >=10 cm DBH","Quercus pubescens",16,0.020106192982974676
727,"PlotBm133","b","W10","W10","1",2,"PlotBm133_2","Stems >=10 cm DBH","Quercus pubescens",11,0.009503317777109124
748,"PlotBm133","b","W10","W10","3",23,"PlotBm133_23","Stems >=10 cm DBH","Quercus pubescens",21,0.03463605900582747
732,"PlotBm133","b","W10","W10","1",7,"PlotBm133_7","Stems >=10 cm DBH","Quercus trojana",16,0.020106192982974676
741,"PlotBm133","b","W10","W10","2",16,"PlotBm133_16","Stems 2.5-10 cm DBH","Quercus pubescens",8,0.005026548245743669
730,"PlotBm133","b","W10","W10","1",5,"PlotBm133_5","Stems >=10 cm DBH","Quercus trojana",18,0.025446900494077322
731,"PlotBm133","b","W10","W10","1",6,"PlotBm133_6","Stems >=10 cm DBH","Quercus pubescens",21,0.03463605900582747
747,"PlotBm133","b","W10","W10","3",22,"PlotBm133_22","Stems >=10 cm DBH","Acer monspessulanum",19,0.02835287369864788
1662,"PlotBm133","b","W10","W10","2",15,"PlotBm133_15","Stems >=10 cm DBH","Quercus trojana",24,0.04523893421169302
1663,"PlotBm133","b","W10","W10","2",18,"PlotBm133_18","Stems >=10 cm DBH","Carpinus orientalis",10,0.007853981633974483
736,"PlotBm133","b","W10","W10","2",11,"PlotBm133_11","Stems >=10 cm DBH","Quercus pubescens",17,0.022698006922186254
1664,"PlotBm133","b","W10","W10","3",19,"PlotBm133_19","Stems >=10 cm DBH","Quercus trojana",14,0.015393804002589986
743,"PlotBm133","b","W10","W10","2",18,"PlotBm133_18","Stems >=10 cm DBH","Carpinus orientalis",11,0.009503317777109124
744,"PlotBm133","b","W10","W10","3",19,"PlotBm133_19","Stems >=10 cm DBH","Quercus trojana",27,0.05725552611167398
742,"PlotBm133","b","W10","W10","2",17,"PlotBm133_17","Stems >=10 cm DBH","Carpinus orientalis",18,0.025446900494077322
1872,"PlotBm133","b","W10","W10","3",19,"PlotBm133_19","Stems >=10 cm DBH","Quercus trojana",19,0.02835287369864788
746,"PlotBm133","b","W10","W10","3",21,"PlotBm133_21","Stems 2.5-10 cm DBH","Quercus pubescens",9,0.0063617251235193305
745,"PlotBm133","b","W10","W10","3",20,"PlotBm133_20","Stems >=10 cm DBH","Quercus pubescens",19,0.02835287369864788
752,"PlotBm134","b","W16","W16","1",4,"PlotBm134_4","Stems >=10 cm DBH","Pinus brutia",65,0.3318307240354219
750,"PlotBm134","b","W16","W16","1",2,"PlotBm134_2","Stems >=10 cm DBH","Pinus brutia",63,0.31172453105244724
751,"PlotBm134","b","W16","W16","1",3,"PlotBm134_3","Stems >=10 cm DBH","Pinus brutia",62,0.30190705400997914
755,"PlotBm134","b","W16","W16","2",7,"PlotBm134_7","Stems >=10 cm DBH","Pinus brutia",68,0.36316811075498007
753,"PlotBm134","b","W16","W16","1",5,"PlotBm134_5","Stems >=10 cm DBH","Quercus frainetto",45,0.15904312808798327
754,"PlotBm134","b","W16","W16","1",6,"PlotBm134_6","Stems >=10 cm DBH","Quercus frainetto",28,0.061575216010359944
749,"PlotBm134","b","W16","W16","1",1,"PlotBm134_1","Stems >=10 cm DBH","Pinus brutia",28,0.061575216010359944
760,"PlotBm134","b","W16","W16","3",12,"PlotBm134_12","Stems >=10 cm DBH","Quercus frainetto",17,0.022698006922186254
756,"PlotBm134","b","W16","W16","2",8,"PlotBm134_8","Stems >=10 cm DBH","Quercus frainetto",12,0.011309733552923255
1873,"PlotBm134","b","W16","W16","3",11,"PlotBm134_11","Stems 2.5-10 cm DBH","Fraxinus ornus",3,7.068583470577034e-4
1665,"PlotBm134","b","W16","W16","3",11,"PlotBm134_11","Stems 2.5-10 cm DBH","Fraxinus ornus",4,0.0012566370614359172
759,"PlotBm134","b","W16","W16","3",11,"PlotBm134_11","Stems 2.5-10 cm DBH","Fraxinus ornus",4,0.0012566370614359172
758,"PlotBm134","b","W16","W16","3",10,"PlotBm134_10","Stems >=10 cm DBH","Fraxinus ornus",14,0.015393804002589986
757,"PlotBm134","b","W16","W16","3",9,"PlotBm134_9","Stems >=10 cm DBH","Pinus brutia",27,0.05725552611167398
764,"PlotBm135","b","W16","W16","2",4,"PlotBm135_4","Stems >=10 cm DBH","Pinus brutia",27,0.05725552611167398
761,"PlotBm135","b","W16","W16","1",1,"PlotBm135_1","Stems >=10 cm DBH","Quercus frainetto",44,0.152053084433746
762,"PlotBm135","b","W16","W16","1",2,"PlotBm135_2","Stems >=10 cm DBH","Pinus brutia",25,0.04908738521234052
763,"PlotBm135","b","W16","W16","2",3,"PlotBm135_3","Stems >=10 cm DBH","Pinus brutia",48,0.18095573684677208
767,"PlotBm135","b","W16","W16","3",7,"PlotBm135_7","Stems >=10 cm DBH","Quercus frainetto",34,0.09079202768874502
768,"PlotBm135","b","W16","W16","3",8,"PlotBm135_8","Stems >=10 cm DBH","Quercus frainetto",36,0.10178760197630929
765,"PlotBm135","b","W16","W16","2",5,"PlotBm135_5","Stems >=10 cm DBH","Pinus brutia",19,0.02835287369864788
769,"PlotBm135","b","W16","W16","3",9,"PlotBm135_9","Stems >=10 cm DBH","Quercus frainetto",38,0.11341149479459152
766,"PlotBm135","b","W16","W16","3",6,"PlotBm135_6","Stems >=10 cm DBH","Pinus brutia",23,0.04154756284372501
770,"PlotBm135","b","W16","W16","3",10,"PlotBm135_10","Stems >=10 cm DBH","Pinus brutia",28,0.061575216010359944
778,"PlotBm136","b","W16","W16","2",8,"PlotBm136_8","Stems >=10 cm DBH","Quercus frainetto",28,0.061575216010359944
775,"PlotBm136","b","W16","W16","1",5,"PlotBm136_5","Stems >=10 cm DBH","Quercus frainetto",18,0.025446900494077322
776,"PlotBm136","b","W16","W16","1",6,"PlotBm136_6","Stems >=10 cm DBH","Quercus pubescens",12,0.011309733552923255
783,"PlotBm136","b","W16","W16","3",13,"PlotBm136_13","Stems >=10 cm DBH","Pinus brutia",26,0.053092915845667506
774,"PlotBm136","b","W16","W16","1",4,"PlotBm136_4","Stems >=10 cm DBH","Quercus frainetto",25,0.04908738521234052
773,"PlotBm136","b","W16","W16","1",3,"PlotBm136_3","Stems >=10 cm DBH","Quercus frainetto",19,0.02835287369864788
777,"PlotBm136","b","W16","W16","2",7,"PlotBm136_7","Stems 2.5-10 cm DBH","Quercus pubescens",9,0.0063617251235193305
771,"PlotBm136","b","W16","W16","1",1,"PlotBm136_1","Stems >=10 cm DBH","Pinus brutia",56,0.24630086404143978
782,"PlotBm136","b","W16","W16","3",12,"PlotBm136_12","Stems >=10 cm DBH","Quercus frainetto",22,0.0380132711084365
779,"PlotBm136","b","W16","W16","2",9,"PlotBm136_9","Stems >=10 cm DBH","Pinus brutia",26,0.053092915845667506
781,"PlotBm136","b","W16","W16","3",11,"PlotBm136_11","Stems >=10 cm DBH","Quercus frainetto",24,0.04523893421169302
780,"PlotBm136","b","W16","W16","2",10,"PlotBm136_10","Stems >=10 cm DBH","Pinus brutia",26,0.053092915845667506
772,"PlotBm136","b","W16","W16","1",2,"PlotBm136_2","Stems >=10 cm DBH","Quercus frainetto",13,0.013273228961416876
793,"PlotBm137","b","W16","W16","3",10,"PlotBm137_10","Stems >=10 cm DBH","Pinus brutia",17,0.022698006922186254
791,"PlotBm137","b","W16","W16","2",8,"PlotBm137_8","Stems 2.5-10 cm DBH","Quercus coccifera",3,7.068583470577034e-4
792,"PlotBm137","b","W16","W16","3",9,"PlotBm137_9","Stems >=10 cm DBH","Pinus brutia",29,0.0660519855417254
1668,"PlotBm137","b","W16","W16","2",8,"PlotBm137_8","Stems 2.5-10 cm DBH","Quercus coccifera",3,7.068583470577034e-4
790,"PlotBm137","b","W16","W16","2",7,"PlotBm137_7","Stems 2.5-10 cm DBH","Quercus coccifera",3,7.068583470577034e-4
1666,"PlotBm137","b","W16","W16","1",2,"PlotBm137_2","Stems >=10 cm DBH","Quercus frainetto",15,0.017671458676442587
1667,"PlotBm137","b","W16","W16","2",7,"PlotBm137_7","Stems 2.5-10 cm DBH","Quercus coccifera",3,7.068583470577034e-4
796,"PlotBm137","b","W16","W16","3",13,"PlotBm137_13","Stems >=10 cm DBH","Quercus frainetto",10,0.007853981633974483
794,"PlotBm137","b","W16","W16","3",11,"PlotBm137_11","Stems >=10 cm DBH","Quercus frainetto",12,0.011309733552923255
788,"PlotBm137","b","W16","W16","2",5,"PlotBm137_5","Stems >=10 cm DBH","Pinus brutia",47,0.17349445429449634
795,"PlotBm137","b","W16","W16","3",12,"PlotBm137_12","Stems >=10 cm DBH","Quercus frainetto",18,0.025446900494077322
786,"PlotBm137","b","W16","W16","1",3,"PlotBm137_3","Stems >=10 cm DBH","Pinus brutia",37,0.10752100856911068
1874,"PlotBm137","b","W16","W16","2",8,"PlotBm137_8","Stems 2.5-10 cm DBH","Quercus coccifera",3,7.068583470577034e-4
797,"PlotBm137","b","W16","W16","3",14,"PlotBm137_14","Stems >=10 cm DBH","Quercus frainetto",19,0.02835287369864788
785,"PlotBm137","b","W16","W16","1",2,"PlotBm137_2","Stems >=10 cm DBH","Quercus frainetto",13,0.013273228961416876
784,"PlotBm137","b","W16","W16","1",1,"PlotBm137_1","Stems >=10 cm DBH","Quercus frainetto",11,0.009503317777109124
787,"PlotBm137","b","W16","W16","1",4,"PlotBm137_4","Stems >=10 cm DBH","Pinus brutia",31,0.07547676350249478
789,"PlotBm137","b","W16","W16","2",6,"PlotBm137_6","Stems >=10 cm DBH","Pinus brutia",45,0.15904312808798327
805,"PlotBm138","b","W16","W16","2",8,"PlotBm138_8","Stems >=10 cm DBH","Pinus brutia",27,0.05725552611167398
803,"PlotBm138","b","W16","W16","1",6,"PlotBm138_6","Stems >=10 cm DBH","Quercus frainetto",14,0.015393804002589986
804,"PlotBm138","b","W16","W16","2",7,"PlotBm138_7","Stems >=10 cm DBH","Quercus frainetto",11,0.009503317777109124
806,"PlotBm138","b","W16","W16","2",9,"PlotBm138_9","Stems >=10 cm DBH","Pinus brutia",28,0.061575216010359944
801,"PlotBm138","b","W16","W16","1",4,"PlotBm138_4","Stems >=10 cm DBH","Quercus frainetto",11,0.009503317777109124
807,"PlotBm138","b","W16","W16","2",10,"PlotBm138_10","Stems >=10 cm DBH","Pinus brutia",31,0.07547676350249478
808,"PlotBm138","b","W16","W16","2",11,"PlotBm138_11","Stems >=10 cm DBH","Quercus frainetto",10,0.007853981633974483
799,"PlotBm138","b","W16","W16","1",2,"PlotBm138_2","Stems >=10 cm DBH","Pinus brutia",44,0.152053084433746
809,"PlotBm138","b","W16","W16","3",12,"PlotBm138_12","Stems >=10 cm DBH","Quercus frainetto",13,0.013273228961416876
802,"PlotBm138","b","W16","W16","1",5,"PlotBm138_5","Stems >=10 cm DBH","Quercus frainetto",12,0.011309733552923255
798,"PlotBm138","b","W16","W16","1",1,"PlotBm138_1","Stems >=10 cm DBH","Quercus frainetto",10,0.007853981633974483
811,"PlotBm138","b","W16","W16","3",14,"PlotBm138_14","Stems >=10 cm DBH","Quercus frainetto",10,0.007853981633974483
813,"PlotBm138","b","W16","W16","3",16,"PlotBm138_16","Stems >=10 cm DBH","Pinus brutia",37,0.10752100856911068
810,"PlotBm138","b","W16","W16","3",13,"PlotBm138_13","Stems >=10 cm DBH","Quercus frainetto",12,0.011309733552923255
815,"PlotBm138","b","W16","W16","3",18,"PlotBm138_18","Stems >=10 cm DBH","Pinus brutia",21,0.03463605900582747
800,"PlotBm138","b","W16","W16","1",3,"PlotBm138_3","Stems >=10 cm DBH","Pinus brutia",38,0.11341149479459152
812,"PlotBm138","b","W16","W16","3",15,"PlotBm138_15","Stems >=10 cm DBH","Pinus brutia",28,0.061575216010359944
814,"PlotBm138","b","W16","W16","3",17,"PlotBm138_17","Stems >=10 cm DBH","Pinus brutia",26,0.053092915845667506
831,"PlotBm139","b","W16","W16","3",16,"PlotBm139_16","Stems >=10 cm DBH","Quercus frainetto",21,0.03463605900582747
820,"PlotBm139","b","W16","W16","1",5,"PlotBm139_5","Stems >=10 cm DBH","Pinus brutia",55,0.23758294442772812
821,"PlotBm139","b","W16","W16","1",6,"PlotBm139_6","Stems >=10 cm DBH","Quercus frainetto",16,0.020106192982974676
819,"PlotBm139","b","W16","W16","1",4,"PlotBm139_4","Stems >=10 cm DBH","Pinus brutia",33,0.08552985999398212
1669,"PlotBm139","b","W16","W16","1",1,"PlotBm139_1","Stems >=10 cm DBH","Quercus frainetto",11,0.009503317777109124
832,"PlotBm139","b","W16","W16","3",17,"PlotBm139_17","Stems >=10 cm DBH","Quercus frainetto",14,0.015393804002589986
818,"PlotBm139","b","W16","W16","1",3,"PlotBm139_3","Stems >=10 cm DBH","Quercus frainetto",13,0.013273228961416876
1670,"PlotBm139","b","W16","W16","1",6,"PlotBm139_6","Stems >=10 cm DBH","Quercus frainetto",14,0.015393804002589986
823,"PlotBm139","b","W16","W16","2",8,"PlotBm139_8","Stems >=10 cm DBH","Quercus frainetto",12,0.011309733552923255
822,"PlotBm139","b","W16","W16","1",7,"PlotBm139_7","Stems >=10 cm DBH","Quercus frainetto",15,0.017671458676442587
817,"PlotBm139","b","W16","W16","1",2,"PlotBm139_2","Stems >=10 cm DBH","Quercus frainetto",10,0.007853981633974483
827,"PlotBm139","b","W16","W16","2",12,"PlotBm139_12","Stems 2.5-10 cm DBH","Quercus frainetto",9,0.0063617251235193305
828,"PlotBm139","b","W16","W16","2",13,"PlotBm139_13","Stems >=10 cm DBH","Pinus brutia",47,0.17349445429449634
816,"PlotBm139","b","W16","W16","1",1,"PlotBm139_1","Stems >=10 cm DBH","Quercus frainetto",10,0.007853981633974483
830,"PlotBm139","b","W16","W16","3",15,"PlotBm139_15","Stems >=10 cm DBH","Quercus frainetto",14,0.015393804002589986
826,"PlotBm139","b","W16","W16","2",11,"PlotBm139_11","Stems >=10 cm DBH","Quercus frainetto",17,0.022698006922186254
1674,"PlotBm139","b","W16","W16","3",16,"PlotBm139_16","Stems >=10 cm DBH","Quercus frainetto",22,0.0380132711084365
1876,"PlotBm139","b","W16","W16","2",8,"PlotBm139_8","Stems >=10 cm DBH","Quercus frainetto",15,0.017671458676442587
824,"PlotBm139","b","W16","W16","2",9,"PlotBm139_9","Stems >=10 cm DBH","Pinus brutia",26,0.053092915845667506
1671,"PlotBm139","b","W16","W16","1",7,"PlotBm139_7","Stems >=10 cm DBH","Quercus frainetto",10,0.007853981633974483
1672,"PlotBm139","b","W16","W16","2",8,"PlotBm139_8","Stems >=10 cm DBH","Quercus frainetto",10,0.007853981633974483
825,"PlotBm139","b","W16","W16","2",10,"PlotBm139_10","Stems >=10 cm DBH","Pinus brutia",18,0.025446900494077322
829,"PlotBm139","b","W16","W16","3",14,"PlotBm139_14","Stems >=10 cm DBH","Pinus brutia",32,0.0804247719318987
1673,"PlotBm139","b","W16","W16","2",11,"PlotBm139_11","Stems 2.5-10 cm DBH","Quercus frainetto",8,0.005026548245743669
1875,"PlotBm139","b","W16","W16","1",1,"PlotBm139_1","Stems >=10 cm DBH","Quercus frainetto",10,0.007853981633974483
834,"PlotBm14","b","W2","W2","1",2,"PlotBm14_2","Stems 2.5-10 cm DBH","Quercus coccifera",6,0.0028274333882308137
835,"PlotBm14","b","W2","W2","1",3,"PlotBm14_3","Stems 2.5-10 cm DBH","Quercus coccifera",4,0.0012566370614359172
833,"PlotBm14","b","W2","W2","1",1,"PlotBm14_1","Stems >=10 cm DBH","Quercus coccifera",12,0.011309733552923255
1680,"PlotBm14","b","W2","W2","2",17,"PlotBm14_17","Stems 2.5-10 cm DBH","Quercus coccifera",5,0.001963495408493621
1681,"PlotBm14","b","W2","W2","3",27,"PlotBm14_27","Stems >=10 cm DBH","Quercus coccifera",12,0.011309733552923255
836,"PlotBm14","b","W2","W2","1",4,"PlotBm14_4","Stems 2.5-10 cm DBH","Quercus coccifera",4,0.0012566370614359172
1679,"PlotBm14","b","W2","W2","2",16,"PlotBm14_16","Stems 2.5-10 cm DBH","Quercus coccifera",4,0.0012566370614359172
837,"PlotBm14","b","W2","W2","1",5,"PlotBm14_5","Stems 2.5-10 cm DBH","Quercus coccifera",5,0.001963495408493621
838,"PlotBm14","b","W2","W2","1",6,"PlotBm14_6","Stems 2.5-10 cm DBH","Quercus coccifera",3,7.068583470577034e-4
1682,"PlotBm14","b","W2","W2","3",32,"PlotBm14_32","Stems 2.5-10 cm DBH","Quercus coccifera",9,0.0063617251235193305
1683,"PlotBm14","b","W2","W2","3",33,"PlotBm14_33","Stems 2.5-10 cm DBH","Quercus coccifera",3,7.068583470577034e-4
844,"PlotBm14","b","W2","W2","2",12,"PlotBm14_12","Stems 2.5-10 cm DBH","Quercus coccifera",6,0.0028274333882308137
845,"PlotBm14","b","W2","W2","2",13,"PlotBm14_13","Stems 2.5-10 cm DBH","Quercus coccifera",3,7.068583470577034e-4
846,"PlotBm14","b","W2","W2","2",14,"PlotBm14_14","Stems 2.5-10 cm DBH","Quercus coccifera",3,7.068583470577034e-4
843,"PlotBm14","b","W2","W2","2",11,"PlotBm14_11","Stems 2.5-10 cm DBH","Quercus coccifera",4,0.0012566370614359172
848,"PlotBm14","b","W2","W2","2",16,"PlotBm14_16","Stems 2.5-10 cm DBH","Quercus coccifera",3,7.068583470577034e-4
1684,"PlotBm14","b","W2","W2","3",34,"PlotBm14_34","Stems 2.5-10 cm DBH","Quercus coccifera",7,0.0038484510006474965
875,"PlotBm14","b","W2","W2","3",43,"PlotBm14_43","Stems 2.5-10 cm DBH","Quercus coccifera",4,0.0012566370614359172
847,"PlotBm14","b","W2","W2","2",15,"PlotBm14_15","Stems 2.5-10 cm DBH","Quercus coccifera",3,7.068583470577034e-4
856,"PlotBm14","b","W2","W2","3",24,"PlotBm14_24","Stems >=10 cm DBH","Quercus coccifera",11,0.009503317777109124
857,"PlotBm14","b","W2","W2","3",25,"PlotBm14_25","Stems >=10 cm DBH","Quercus coccifera",12,0.011309733552923255
858,"PlotBm14","b","W2","W2","3",26,"PlotBm14_26","Stems >=10 cm DBH","Quercus coccifera",12,0.011309733552923255
855,"PlotBm14","b","W2","W2","3",23,"PlotBm14_23","Stems >=10 cm DBH","Quercus coccifera",13,0.013273228961416876
860,"PlotBm14","b","W2","W2","3",28,"PlotBm14_28","Stems 2.5-10 cm DBH","Quercus coccifera",3,7.068583470577034e-4
861,"PlotBm14","b","W2","W2","3",29,"PlotBm14_29","Stems 2.5-10 cm DBH","Quercus coccifera",4,0.0012566370614359172
849,"PlotBm14","b","W2","W2","2",17,"PlotBm14_17","Stems 2.5-10 cm DBH","Quercus coccifera",6,0.0028274333882308137
859,"PlotBm14","b","W2","W2","3",27,"PlotBm14_27","Stems >=10 cm DBH","Quercus coccifera",14,0.015393804002589986
876,"PlotBm14","b","W2","W2","3",44,"PlotBm14_44","Stems >=10 cm DBH","Quercus coccifera",11,0.009503317777109124
839,"PlotBm14","b","W2","W2","1",7,"PlotBm14_7","Stems 2.5-10 cm DBH","Quercus coccifera",3,7.068583470577034e-4
840,"PlotBm14","b","W2","W2","1",8,"PlotBm14_8","Stems 2.5-10 cm DBH","Quercus coccifera",3,7.068583470577034e-4
850,"PlotBm14","b","W2","W2","2",18,"PlotBm14_18","Stems 2.5-10 cm DBH","Quercus coccifera",2.5,4.908738521234052e-4
1676,"PlotBm14","b","W2","W2","1",8,"PlotBm14_8","Stems 2.5-10 cm DBH","Quercus coccifera",3,7.068583470577034e-4
1677,"PlotBm14","b","W2","W2","1",9,"PlotBm14_9","Stems >=10 cm DBH","Quercus coccifera",10,0.007853981633974483
1678,"PlotBm14","b","W2","W2","2",10,"PlotBm14_10","Stems >=10 cm DBH","Quercus coccifera",10,0.007853981633974483
869,"PlotBm14","b","W2","W2","3",37,"PlotBm14_37","Stems 2.5-10 cm DBH","Quercus coccifera",4,0.0012566370614359172
870,"PlotBm14","b","W2","W2","3",38,"PlotBm14_38","Stems 2.5-10 cm DBH","Quercus coccifera",4,0.0012566370614359172
871,"PlotBm14","b","W2","W2","3",39,"PlotBm14_39","Stems 2.5-10 cm DBH","Quercus coccifera",4,0.0012566370614359172
872,"PlotBm14","b","W2","W2","3",40,"PlotBm14_40","Stems 2.5-10 cm DBH","Quercus coccifera",4,0.0012566370614359172
873,"PlotBm14","b","W2","W2","3",41,"PlotBm14_41","Stems 2.5-10 cm DBH","Quercus coccifera",8,0.005026548245743669
874,"PlotBm14","b","W2","W2","3",42,"PlotBm14_42","Stems 2.5-10 cm DBH","Quercus coccifera",3,7.068583470577034e-4
851,"PlotBm14","b","W2","W2","2",19,"PlotBm14_19","Stems 2.5-10 cm DBH","Quercus coccifera",3,7.068583470577034e-4
852,"PlotBm14","b","W2","W2","2",20,"PlotBm14_20","Stems 2.5-10 cm DBH","Quercus coccifera",4,0.0012566370614359172
853,"PlotBm14","b","W2","W2","3",21,"PlotBm14_21","Stems >=10 cm DBH","Quercus coccifera",11,0.009503317777109124
841,"PlotBm14","b","W2","W2","1",9,"PlotBm14_9","Stems >=10 cm DBH","Quercus coccifera",10,0.007853981633974483
878,"PlotBm14","b","W2","W2","3",46,"PlotBm14_46","Stems >=10 cm DBH","Quercus coccifera",13,0.013273228961416876
842,"PlotBm14","b","W2","W2","2",10,"PlotBm14_10","Stems >=10 cm DBH","Quercus coccifera",11,0.009503317777109124
1878,"PlotBm14","b","W2","W2","3",34,"PlotBm14_34","Stems 2.5-10 cm DBH","Quercus coccifera",6,0.0028274333882308137
866,"PlotBm14","b","W2","W2","3",34,"PlotBm14_34","Stems 2.5-10 cm DBH","Quercus coccifera",5,0.001963495408493621
867,"PlotBm14","b","W2","W2","3",35,"PlotBm14_35","Stems 2.5-10 cm DBH","Quercus coccifera",4,0.0012566370614359172
868,"PlotBm14","b","W2","W2","3",36,"PlotBm14_36","Stems 2.5-10 cm DBH","Quercus coccifera",5,0.001963495408493621
1877,"PlotBm14","b","W2","W2","3",33,"PlotBm14_33","Stems 2.5-10 cm DBH","Quercus coccifera",3,7.068583470577034e-4
862,"PlotBm14","b","W2","W2","3",30,"PlotBm14_30","Stems 2.5-10 cm DBH","Quercus coccifera",5,0.001963495408493621
854,"PlotBm14","b","W2","W2","3",22,"PlotBm14_22","Stems >=10 cm DBH","Quercus coccifera",10,0.007853981633974483
1675,"PlotBm14","b","W2","W2","1",5,"PlotBm14_5","Stems 2.5-10 cm DBH","Quercus coccifera",3,7.068583470577034e-4
879,"PlotBm14","b","W2","W2","3",47,"PlotBm14_47","Stems >=10 cm DBH","Quercus coccifera",11,0.009503317777109124
865,"PlotBm14","b","W2","W2","3",33,"PlotBm14_33","Stems 2.5-10 cm DBH","Quercus coccifera",4,0.0012566370614359172
877,"PlotBm14","b","W2","W2","3",45,"PlotBm14_45","Stems >=10 cm DBH","Quercus coccifera",10,0.007853981633974483
863,"PlotBm14","b","W2","W2","3",31,"PlotBm14_31","Stems 2.5-10 cm DBH","Quercus coccifera",3,7.068583470577034e-4
864,"PlotBm14","b","W2","W2","3",32,"PlotBm14_32","Stems 2.5-10 cm DBH","Quercus coccifera",8,0.005026548245743669
884,"PlotBm140","b","W16","W16","1",5,"PlotBm140_5","Stems >=10 cm DBH","Quercus cerris",12,0.011309733552923255
1686,"PlotBm140","b","W16","W16","3",12,"PlotBm140_12","Stems >=10 cm DBH","Quercus frainetto",12,0.011309733552923255
1685,"PlotBm140","b","W16","W16","1",5,"PlotBm140_5","Stems >=10 cm DBH","Quercus cerris",14,0.015393804002589986
883,"PlotBm140","b","W16","W16","1",4,"PlotBm140_4","Stems >=10 cm DBH","Pinus brutia",40,0.12566370614359174
885,"PlotBm140","b","W16","W16","1",6,"PlotBm140_6","Stems >=10 cm DBH","Pinus brutia",35,0.09621127501618741
886,"PlotBm140","b","W16","W16","1",7,"PlotBm140_7","Stems >=10 cm DBH","Quercus frainetto",11,0.009503317777109124
882,"PlotBm140","b","W16","W16","1",3,"PlotBm140_3","Stems >=10 cm DBH","Pinus brutia",31,0.07547676350249478
887,"PlotBm140","b","W16","W16","2",8,"PlotBm140_8","Stems >=10 cm DBH","Quercus petraea",16,0.020106192982974676
897,"PlotBm140","b","W16","W16","3",18,"PlotBm140_18","Stems >=10 cm DBH","Quercus cerris",13,0.013273228961416876
898,"PlotBm140","b","W16","W16","3",19,"PlotBm140_19","Stems >=10 cm DBH","Quercus frainetto",15,0.017671458676442587
899,"PlotBm140","b","W16","W16","3",20,"PlotBm140_20","Stems >=10 cm DBH","Quercus cerris",23,0.04154756284372501
891,"PlotBm140","b","W16","W16","3",12,"PlotBm140_12","Stems >=10 cm DBH","Quercus frainetto",17,0.022698006922186254
888,"PlotBm140","b","W16","W16","2",9,"PlotBm140_9","Stems >=10 cm DBH","Pinus brutia",63,0.31172453105244724
889,"PlotBm140","b","W16","W16","2",10,"PlotBm140_10","Stems >=10 cm DBH","Quercus frainetto",18,0.025446900494077322
881,"PlotBm140","b","W16","W16","1",2,"PlotBm140_2","Stems >=10 cm DBH","Pinus brutia",38,0.11341149479459152
895,"PlotBm140","b","W16","W16","3",16,"PlotBm140_16","Stems 2.5-10 cm DBH","Quercus frainetto",8,0.005026548245743669
896,"PlotBm140","b","W16","W16","3",17,"PlotBm140_17","Stems >=10 cm DBH","Quercus cerris",17,0.022698006922186254
892,"PlotBm140","b","W16","W16","3",13,"PlotBm140_13","Stems >=10 cm DBH","Quercus frainetto",18,0.025446900494077322
880,"PlotBm140","b","W16","W16","1",1,"PlotBm140_1","Stems >=10 cm DBH","Pinus brutia",33,0.08552985999398212
890,"PlotBm140","b","W16","W16","2",11,"PlotBm140_11","Stems >=10 cm DBH","Quercus cerris",19,0.02835287369864788
894,"PlotBm140","b","W16","W16","3",15,"PlotBm140_15","Stems >=10 cm DBH","Quercus cerris",12,0.011309733552923255
893,"PlotBm140","b","W16","W16","3",14,"PlotBm140_14","Stems >=10 cm DBH","Quercus cerris",10,0.007853981633974483
914,"PlotBm141","b","W16","W16","3",15,"PlotBm141_15","Stems >=10 cm DBH","Pinus brutia",56,0.24630086404143978
911,"PlotBm141","b","W16","W16","2",12,"PlotBm141_12","Stems >=10 cm DBH","Pinus brutia",35,0.09621127501618741
912,"PlotBm141","b","W16","W16","2",13,"PlotBm141_13","Stems >=10 cm DBH","Pinus brutia",37,0.10752100856911068
918,"PlotBm141","b","W16","W16","3",19,"PlotBm141_19","Stems >=10 cm DBH","Pinus brutia",36,0.10178760197630929
915,"PlotBm141","b","W16","W16","3",16,"PlotBm141_16","Stems >=10 cm DBH","Pinus brutia",27,0.05725552611167398
1687,"PlotBm141","b","W16","W16","2",9,"PlotBm141_9","Stems >=10 cm DBH","Pinus brutia",17,0.022698006922186254
908,"PlotBm141","b","W16","W16","2",9,"PlotBm141_9","Stems >=10 cm DBH","Pinus brutia",18,0.025446900494077322
909,"PlotBm141","b","W16","W16","2",10,"PlotBm141_10","Stems 2.5-10 cm DBH","Quercus frainetto",7,0.0038484510006474965
910,"PlotBm141","b","W16","W16","2",11,"PlotBm141_11","Stems 2.5-10 cm DBH","Quercus frainetto",9,0.0063617251235193305
913,"PlotBm141","b","W16","W16","2",14,"PlotBm141_14","Stems >=10 cm DBH","Pinus brutia",38,0.11341149479459152
917,"PlotBm141","b","W16","W16","3",18,"PlotBm141_18","Stems >=10 cm DBH","Quercus frainetto",11,0.009503317777109124
903,"PlotBm141","b","W16","W16","1",4,"PlotBm141_4","Stems >=10 cm DBH","Pinus brutia",16,0.020106192982974676
919,"PlotBm141","b","W16","W16","3",20,"PlotBm141_20","Stems >=10 cm DBH","Pinus brutia",22,0.0380132711084365
916,"PlotBm141","b","W16","W16","3",17,"PlotBm141_17","Stems 2.5-10 cm DBH","Quercus frainetto",4,0.0012566370614359172
905,"PlotBm141","b","W16","W16","2",6,"PlotBm141_6","Stems >=10 cm DBH","Pinus brutia",43,0.14522012041218818
906,"PlotBm141","b","W16","W16","2",7,"PlotBm141_7","Stems >=10 cm DBH","Quercus frainetto",11,0.009503317777109124
907,"PlotBm141","b","W16","W16","2",8,"PlotBm141_8","Stems >=10 cm DBH","Pinus brutia",30,0.07068583470577035
901,"PlotBm141","b","W16","W16","1",2,"PlotBm141_2","Stems >=10 cm DBH","Quercus frainetto",11,0.009503317777109124
904,"PlotBm141","b","W16","W16","2",5,"PlotBm141_5","Stems >=10 cm DBH","Pinus brutia",22,0.0380132711084365
902,"PlotBm141","b","W16","W16","1",3,"PlotBm141_3","Stems >=10 cm DBH","Pinus brutia",32,0.0804247719318987
900,"PlotBm141","b","W16","W16","1",1,"PlotBm141_1","Stems >=10 cm DBH","Quercus frainetto",13,0.013273228961416876
925,"PlotBm142","b","W16","W16","2",6,"PlotBm142_6","Stems >=10 cm DBH","Pinus brutia",28,0.061575216010359944
926,"PlotBm142","b","W16","W16","2",7,"PlotBm142_7","Stems >=10 cm DBH","Pinus brutia",57,0.25517586328783093
927,"PlotBm142","b","W16","W16","3",8,"PlotBm142_8","Stems >=10 cm DBH","Pinus brutia",54,0.2290221044466959
928,"PlotBm142","b","W16","W16","3",9,"PlotBm142_9","Stems >=10 cm DBH","Pinus brutia",31,0.07547676350249478
924,"PlotBm142","b","W16","W16","2",5,"PlotBm142_5","Stems >=10 cm DBH","Pinus brutia",46,0.16619025137490004
1961,"PlotBm142","b","W16","W16","1",3,"PlotBm142_3","Stems 2.5-10 cm DBH","Quercus frainetto",7,0.0038484510006474965
930,"PlotBm142","b","W16","W16","3",11,"PlotBm142_11","Stems >=10 cm DBH","Pinus brutia",28,0.061575216010359944
922,"PlotBm142","b","W16","W16","1",3,"PlotBm142_3","Stems 2.5-10 cm DBH","Quercus frainetto",7,0.0038484510006474965
923,"PlotBm142","b","W16","W16","2",4,"PlotBm142_4","Stems 2.5-10 cm DBH","Quercus cerris",3,7.068583470577034e-4
929,"PlotBm142","b","W16","W16","3",10,"PlotBm142_10","Stems >=10 cm DBH","Pinus brutia",44,0.152053084433746
921,"PlotBm142","b","W16","W16","1",2,"PlotBm142_2","Stems >=10 cm DBH","Pinus brutia",18,0.025446900494077322
931,"PlotBm142","b","W16","W16","3",12,"PlotBm142_12","Stems >=10 cm DBH","Pinus brutia",42,0.13854423602330987
1879,"PlotBm142","b","W16","W16","1",3,"PlotBm142_3","Stems 2.5-10 cm DBH","Quercus frainetto",5,0.001963495408493621
1688,"PlotBm142","b","W16","W16","1",3,"PlotBm142_3","Stems 2.5-10 cm DBH","Quercus frainetto",6,0.0028274333882308137
920,"PlotBm142","b","W16","W16","1",1,"PlotBm142_1","Stems >=10 cm DBH","Pinus brutia",22,0.0380132711084365
939,"PlotBm143","b","W16","W16","2",8,"PlotBm143_8","Stems >=10 cm DBH","Pinus brutia",18,0.025446900494077322
938,"PlotBm143","b","W16","W16","2",7,"PlotBm143_7","Stems >=10 cm DBH","Pinus brutia",17,0.022698006922186254
940,"PlotBm143","b","W16","W16","2",9,"PlotBm143_9","Stems >=10 cm DBH","Pinus brutia",26,0.053092915845667506
941,"PlotBm143","b","W16","W16","2",10,"PlotBm143_10","Stems >=10 cm DBH","Pinus brutia",23,0.04154756284372501
933,"PlotBm143","b","W16","W16","1",2,"PlotBm143_2","Stems >=10 cm DBH","Pinus brutia",43,0.14522012041218818
1882,"PlotBm143","b","W16","W16","3",19,"PlotBm143_19","Stems 2.5-10 cm DBH","Quercus frainetto",3,7.068583470577034e-4
1881,"PlotBm143","b","W16","W16","3",18,"PlotBm143_18","Stems 2.5-10 cm DBH","Quercus frainetto",3,7.068583470577034e-4
937,"PlotBm143","b","W16","W16","2",6,"PlotBm143_6","Stems >=10 cm DBH","Pinus brutia",20,0.031415926535897934
942,"PlotBm143","b","W16","W16","2",11,"PlotBm143_11","Stems >=10 cm DBH","Pinus brutia",19,0.02835287369864788
935,"PlotBm143","b","W16","W16","1",4,"PlotBm143_4","Stems >=10 cm DBH","Pinus brutia",24,0.04523893421169302
1691,"PlotBm143","b","W16","W16","3",17,"PlotBm143_17","Stems 2.5-10 cm DBH","Quercus frainetto",5,0.001963495408493621
932,"PlotBm143","b","W16","W16","1",1,"PlotBm143_1","Stems >=10 cm DBH","Pinus brutia",22,0.0380132711084365
950,"PlotBm143","b","W16","W16","3",19,"PlotBm143_19","Stems >=10 cm DBH","Quercus frainetto",13,0.013273228961416876
951,"PlotBm143","b","W16","W16","3",20,"PlotBm143_20","Stems 2.5-10 cm DBH","Pinus brutia",5,0.001963495408493621
1880,"PlotBm143","b","W16","W16","2",9,"PlotBm143_9","Stems >=10 cm DBH","Pinus brutia",32,0.0804247719318987
936,"PlotBm143","b","W16","W16","1",5,"PlotBm143_5","Stems >=10 cm DBH","Pinus brutia",21,0.03463605900582747
1689,"PlotBm143","b","W16","W16","2",9,"PlotBm143_9","Stems >=10 cm DBH","Pinus brutia",26,0.053092915845667506
934,"PlotBm143","b","W16","W16","1",3,"PlotBm143_3","Stems 2.5-10 cm DBH","Quercus frainetto",8,0.005026548245743669
1690,"PlotBm143","b","W16","W16","3",12,"PlotBm143_12","Stems >=10 cm DBH","Pinus brutia",37,0.10752100856911068
946,"PlotBm143","b","W16","W16","3",15,"PlotBm143_15","Stems >=10 cm DBH","Pinus brutia",36,0.10178760197630929
1693,"PlotBm143","b","W16","W16","3",19,"PlotBm143_19","Stems 2.5-10 cm DBH","Quercus frainetto",8,0.005026548245743669
949,"PlotBm143","b","W16","W16","3",18,"PlotBm143_18","Stems 2.5-10 cm DBH","Quercus frainetto",9,0.0063617251235193305
948,"PlotBm143","b","W16","W16","3",17,"PlotBm143_17","Stems 2.5-10 cm DBH","Quercus frainetto",7,0.0038484510006474965
943,"PlotBm143","b","W16","W16","3",12,"PlotBm143_12","Stems >=10 cm DBH","Pinus brutia",30,0.07068583470577035
944,"PlotBm143","b","W16","W16","3",13,"PlotBm143_13","Stems >=10 cm DBH","Pinus brutia",28,0.061575216010359944
947,"PlotBm143","b","W16","W16","3",16,"PlotBm143_16","Stems >=10 cm DBH","Quercus frainetto",10,0.007853981633974483
1692,"PlotBm143","b","W16","W16","3",18,"PlotBm143_18","Stems 2.5-10 cm DBH","Quercus frainetto",5,0.001963495408493621
945,"PlotBm143","b","W16","W16","3",14,"PlotBm143_14","Stems >=10 cm DBH","Pinus brutia",27,0.05725552611167398
955,"PlotBm144","b","W16","W16","1",4,"PlotBm144_4","Stems >=10 cm DBH","Pinus brutia",29,0.0660519855417254
954,"PlotBm144","b","W16","W16","1",3,"PlotBm144_3","Stems >=10 cm DBH","Quercus cerris",13,0.013273228961416876
952,"PlotBm144","b","W16","W16","1",1,"PlotBm144_1","Stems >=10 cm DBH","Quercus cerris",12,0.011309733552923255
953,"PlotBm144","b","W16","W16","1",2,"PlotBm144_2","Stems 2.5-10 cm DBH","Quercus frainetto",6,0.0028274333882308137
964,"PlotBm144","b","W16","W16","3",13,"PlotBm144_13","Stems >=10 cm DBH","Pinus brutia",24,0.04523893421169302
956,"PlotBm144","b","W16","W16","2",5,"PlotBm144_5","Stems >=10 cm DBH","Pinus brutia",33,0.08552985999398212
957,"PlotBm144","b","W16","W16","2",6,"PlotBm144_6","Stems >=10 cm DBH","Pinus brutia",32,0.0804247719318987
959,"PlotBm144","b","W16","W16","2",8,"PlotBm144_8","Stems >=10 cm DBH","Pinus brutia",35,0.09621127501618741
962,"PlotBm144","b","W16","W16","3",11,"PlotBm144_11","Stems >=10 cm DBH","Pinus brutia",27,0.05725552611167398
961,"PlotBm144","b","W16","W16","3",10,"PlotBm144_10","Stems 2.5-10 cm DBH","Quercus frainetto",6,0.0028274333882308137
965,"PlotBm144","b","W16","W16","3",14,"PlotBm144_14","Stems >=10 cm DBH","Quercus frainetto",11,0.009503317777109124
963,"PlotBm144","b","W16","W16","3",12,"PlotBm144_12","Stems >=10 cm DBH","Pinus brutia",35,0.09621127501618741
960,"PlotBm144","b","W16","W16","2",9,"PlotBm144_9","Stems 2.5-10 cm DBH","Quercus frainetto",7,0.0038484510006474965
958,"PlotBm144","b","W16","W16","2",7,"PlotBm144_7","Stems >=10 cm DBH","Pinus brutia",36,0.10178760197630929
970,"PlotBm145","b","W16","W16","1",5,"PlotBm145_5","Stems >=10 cm DBH","Pinus brutia",18,0.025446900494077322
969,"PlotBm145","b","W16","W16","1",4,"PlotBm145_4","Stems 2.5-10 cm DBH","Phillyrea latifolia",3,7.068583470577034e-4
1694,"PlotBm145","b","W16","W16","1",4,"PlotBm145_4","Stems 2.5-10 cm DBH","Phillyrea latifolia",3,7.068583470577034e-4
973,"PlotBm145","b","W16","W16","2",8,"PlotBm145_8","Stems 2.5-10 cm DBH","Pinus brutia",6,0.0028274333882308137
971,"PlotBm145","b","W16","W16","2",6,"PlotBm145_6","Stems >=10 cm DBH","Quercus frainetto",14,0.015393804002589986
972,"PlotBm145","b","W16","W16","2",7,"PlotBm145_7","Stems >=10 cm DBH","Quercus frainetto",16,0.020106192982974676
968,"PlotBm145","b","W16","W16","1",3,"PlotBm145_3","Stems >=10 cm DBH","Pinus brutia",15,0.017671458676442587
966,"PlotBm145","b","W16","W16","1",1,"PlotBm145_1","Stems >=10 cm DBH","Pinus brutia",10,0.007853981633974483
977,"PlotBm145","b","W16","W16","3",12,"PlotBm145_12","Stems 2.5-10 cm DBH","Pinus brutia",8,0.005026548245743669
974,"PlotBm145","b","W16","W16","2",9,"PlotBm145_9","Stems 2.5-10 cm DBH","Pinus brutia",8,0.005026548245743669
967,"PlotBm145","b","W16","W16","1",2,"PlotBm145_2","Stems >=10 cm DBH","Quercus frainetto",19,0.02835287369864788
979,"PlotBm145","b","W16","W16","3",14,"PlotBm145_14","Stems >=10 cm DBH","Quercus frainetto",11,0.009503317777109124
976,"PlotBm145","b","W16","W16","3",11,"PlotBm145_11","Stems >=10 cm DBH","Pinus brutia",46,0.16619025137490004
978,"PlotBm145","b","W16","W16","3",13,"PlotBm145_13","Stems 2.5-10 cm DBH","Quercus frainetto",7,0.0038484510006474965
975,"PlotBm145","b","W16","W16","2",10,"PlotBm145_10","Stems >=10 cm DBH","Pinus brutia",16,0.020106192982974676
1695,"PlotBm15","b","W2","W2","2",1,"PlotBm15_1","Stems 2.5-10 cm DBH","Juniperus oxycedrus",3,7.068583470577034e-4
981,"PlotBm15","b","W2","W2","3",2,"PlotBm15_2","Stems 2.5-10 cm DBH","Juniperus oxycedrus",3,7.068583470577034e-4
1696,"PlotBm15","b","W2","W2","3",2,"PlotBm15_2","Stems 2.5-10 cm DBH","Juniperus oxycedrus",3,7.068583470577034e-4
980,"PlotBm15","b","W2","W2","2",1,"PlotBm15_1","Stems 2.5-10 cm DBH","Juniperus oxycedrus",3,7.068583470577034e-4
1697,"PlotBm16","b","W2","W2","1",1,"PlotBm16_1","Stems >=10 cm DBH","Quercus coccifera",12,0.011309733552923255
983,"PlotBm16","b","W2","W2","1",2,"PlotBm16_2","Stems 2.5-10 cm DBH","Quercus coccifera",6,0.0028274333882308137
1884,"PlotBm16","b","W2","W2","2",8,"PlotBm16_8","Stems 2.5-10 cm DBH","Quercus coccifera",6,0.0028274333882308137
1885,"PlotBm16","b","W2","W2","2",9,"PlotBm16_9","Stems 2.5-10 cm DBH","Quercus coccifera",4,0.0012566370614359172
982,"PlotBm16","b","W2","W2","1",1,"PlotBm16_1","Stems >=10 cm DBH","Quercus coccifera",17,0.022698006922186254
1883,"PlotBm16","b","W2","W2","1",6,"PlotBm16_6","Stems 2.5-10 cm DBH","Quercus coccifera",4,0.0012566370614359172
1962,"PlotBm16","b","W2","W2","2",9,"PlotBm16_9","Stems 2.5-10 cm DBH","Quercus coccifera",4,0.0012566370614359172
1699,"PlotBm16","b","W2","W2","1",5,"PlotBm16_5","Stems 2.5-10 cm DBH","Quercus coccifera",3,7.068583470577034e-4
2017,"PlotBm16","b","W2","W2","2",9,"PlotBm16_9","Stems 2.5-10 cm DBH","Quercus coccifera",3,7.068583470577034e-4
1698,"PlotBm16","b","W2","W2","1",4,"PlotBm16_4","Stems 2.5-10 cm DBH","Quercus coccifera",5,0.001963495408493621
2019,"PlotBm16","b","W2","W2","2",9,"PlotBm16_9","Stems 2.5-10 cm DBH","Quercus coccifera",3,7.068583470577034e-4
1703,"PlotBm16","b","W2","W2","2",9,"PlotBm16_9","Stems 2.5-10 cm DBH","Quercus coccifera",4,0.0012566370614359172
1700,"PlotBm16","b","W2","W2","1",6,"PlotBm16_6","Stems 2.5-10 cm DBH","Quercus coccifera",3,7.068583470577034e-4
2013,"PlotBm16","b","W2","W2","2",9,"PlotBm16_9","Stems 2.5-10 cm DBH","Quercus coccifera",3,7.068583470577034e-4
1702,"PlotBm16","b","W2","W2","2",8,"PlotBm16_8","Stems 2.5-10 cm DBH","Quercus coccifera",4,0.0012566370614359172
986,"PlotBm16","b","W2","W2","1",5,"PlotBm16_5","Stems 2.5-10 cm DBH","Quercus coccifera",3,7.068583470577034e-4
984,"PlotBm16","b","W2","W2","1",3,"PlotBm16_3","Stems 2.5-10 cm DBH","Quercus coccifera",9,0.0063617251235193305
985,"PlotBm16","b","W2","W2","1",4,"PlotBm16_4","Stems 2.5-10 cm DBH","Quercus coccifera",4,0.0012566370614359172
990,"PlotBm16","b","W2","W2","2",9,"PlotBm16_9","Stems 2.5-10 cm DBH","Quercus coccifera",3,7.068583470577034e-4
987,"PlotBm16","b","W2","W2","1",6,"PlotBm16_6","Stems 2.5-10 cm DBH","Quercus coccifera",3,7.068583470577034e-4
988,"PlotBm16","b","W2","W2","2",7,"PlotBm16_7","Stems 2.5-10 cm DBH","Quercus coccifera",3,7.068583470577034e-4
1701,"PlotBm16","b","W2","W2","2",7,"PlotBm16_7","Stems 2.5-10 cm DBH","Quercus coccifera",5,0.001963495408493621
1995,"PlotBm16","b","W2","W2","2",9,"PlotBm16_9","Stems 2.5-10 cm DBH","Quercus coccifera",3,7.068583470577034e-4
989,"PlotBm16","b","W2","W2","2",8,"PlotBm16_8","Stems 2.5-10 cm DBH","Quercus coccifera",5,0.001963495408493621
1708,"PlotBm17","b","W2","W2","3",12,"PlotBm17_12","Stems 2.5-10 cm DBH","Quercus coccifera",4,0.0012566370614359172
1707,"PlotBm17","b","W2","W2","1",8,"PlotBm17_8","Stems 2.5-10 cm DBH","Quercus coccifera",3,7.068583470577034e-4
997,"PlotBm17","b","W2","W2","1",7,"PlotBm17_7","Stems 2.5-10 cm DBH","Quercus coccifera",4,0.0012566370614359172
998,"PlotBm17","b","W2","W2","1",8,"PlotBm17_8","Stems 2.5-10 cm DBH","Quercus coccifera",3,7.068583470577034e-4
994,"PlotBm17","b","W2","W2","3",4,"PlotBm17_4","Stems 2.5-10 cm DBH","Juniperus oxycedrus",8,0.005026548245743669
996,"PlotBm17","b","W2","W2","1",6,"PlotBm17_6","Stems 2.5-10 cm DBH","Quercus coccifera",4,0.0012566370614359172
1963,"PlotBm17","b","W2","W2","3",12,"PlotBm17_12","Stems 2.5-10 cm DBH","Quercus coccifera",3,7.068583470577034e-4
1706,"PlotBm17","b","W2","W2","3",3,"PlotBm17_3","Stems >=10 cm DBH","Carpinus orientalis",10,0.007853981633974483
991,"PlotBm17","b","W2","W2","2",1,"PlotBm17_1","Stems >=10 cm DBH","Carpinus orientalis",10,0.007853981633974483
995,"PlotBm17","b","W2","W2","3",5,"PlotBm17_5","Stems >=10 cm DBH","Juniperus oxycedrus",12,0.011309733552923255
993,"PlotBm17","b","W2","W2","3",3,"PlotBm17_3","Stems >=10 cm DBH","Carpinus orientalis",10,0.007853981633974483
999,"PlotBm17","b","W2","W2","1",9,"PlotBm17_9","Stems >=10 cm DBH","Quercus coccifera",11,0.009503317777109124
1886,"PlotBm17","b","W2","W2","3",2,"PlotBm17_2","Stems >=10 cm DBH","Carpinus orientalis",10,0.007853981633974483
992,"PlotBm17","b","W2","W2","3",2,"PlotBm17_2","Stems >=10 cm DBH","Carpinus orientalis",11,0.009503317777109124
1888,"PlotBm17","b","W2","W2","3",12,"PlotBm17_12","Stems 2.5-10 cm DBH","Quercus coccifera",3,7.068583470577034e-4
1705,"PlotBm17","b","W2","W2","3",2,"PlotBm17_2","Stems >=10 cm DBH","Carpinus orientalis",10,0.007853981633974483
1000,"PlotBm17","b","W2","W2","2",10,"PlotBm17_10","Stems 2.5-10 cm DBH","Quercus coccifera",5,0.001963495408493621
1887,"PlotBm17","b","W2","W2","3",3,"PlotBm17_3","Stems >=10 cm DBH","Carpinus orientalis",11,0.009503317777109124
1704,"PlotBm17","b","W2","W2","2",1,"PlotBm17_1","Stems >=10 cm DBH","Carpinus orientalis",10,0.007853981633974483
1996,"PlotBm17","b","W2","W2","3",12,"PlotBm17_12","Stems 2.5-10 cm DBH","Quercus coccifera",3,7.068583470577034e-4
1003,"PlotBm17","b","W2","W2","3",13,"PlotBm17_13","Stems 2.5-10 cm DBH","Quercus coccifera",3,7.068583470577034e-4
1001,"PlotBm17","b","W2","W2","2",11,"PlotBm17_11","Stems 2.5-10 cm DBH","Quercus coccifera",4,0.0012566370614359172
1002,"PlotBm17","b","W2","W2","3",12,"PlotBm17_12","Stems 2.5-10 cm DBH","Quercus coccifera",3,7.068583470577034e-4
1005,"PlotBm18","b","W2","W2","1",2,"PlotBm18_2","Stems >=10 cm DBH","Quercus coccifera",13,0.013273228961416876
1710,"PlotBm18","b","W2","W2","1",9,"PlotBm18_9","Stems >=10 cm DBH","Quercus coccifera",11,0.009503317777109124
1964,"PlotBm18","b","W2","W2","3",13,"PlotBm18_13","Stems 2.5-10 cm DBH","Quercus coccifera",3,7.068583470577034e-4
1006,"PlotBm18","b","W2","W2","1",3,"PlotBm18_3","Stems >=10 cm DBH","Quercus coccifera",14,0.015393804002589986
1709,"PlotBm18","b","W2","W2","1",6,"PlotBm18_6","Stems >=10 cm DBH","Quercus coccifera",11,0.009503317777109124
1008,"PlotBm18","b","W2","W2","1",5,"PlotBm18_5","Stems >=10 cm DBH","Quercus coccifera",11,0.009503317777109124
1013,"PlotBm18","b","W2","W2","2",10,"PlotBm18_10","Stems 2.5-10 cm DBH","Quercus coccifera",3,7.068583470577034e-4
1010,"PlotBm18","b","W2","W2","1",7,"PlotBm18_7","Stems >=10 cm DBH","Quercus coccifera",14,0.015393804002589986
1011,"PlotBm18","b","W2","W2","1",8,"PlotBm18_8","Stems >=10 cm DBH","Quercus coccifera",18,0.025446900494077322
1012,"PlotBm18","b","W2","W2","1",9,"PlotBm18_9","Stems >=10 cm DBH","Quercus coccifera",12,0.011309733552923255
1004,"PlotBm18","b","W2","W2","1",1,"PlotBm18_1","Stems >=10 cm DBH","Quercus coccifera",10,0.007853981633974483
1892,"PlotBm18","b","W2","W2","3",13,"PlotBm18_13","Stems 2.5-10 cm DBH","Quercus coccifera",7,0.0038484510006474965
1009,"PlotBm18","b","W2","W2","1",6,"PlotBm18_6","Stems >=10 cm DBH","Quercus coccifera",10,0.007853981633974483
1015,"PlotBm18","b","W2","W2","2",12,"PlotBm18_12","Stems 2.5-10 cm DBH","Quercus coccifera",6,0.0028274333882308137
1007,"PlotBm18","b","W2","W2","1",4,"PlotBm18_4","Stems >=10 cm DBH","Quercus coccifera",10,0.007853981633974483
1889,"PlotBm18","b","W2","W2","1",6,"PlotBm18_6","Stems 2.5-10 cm DBH","Quercus coccifera",8,0.005026548245743669
1014,"PlotBm18","b","W2","W2","2",11,"PlotBm18_11","Stems 2.5-10 cm DBH","Quercus coccifera",8,0.005026548245743669
1890,"PlotBm18","b","W2","W2","2",11,"PlotBm18_11","Stems 2.5-10 cm DBH","Quercus coccifera",7,0.0038484510006474965
1711,"PlotBm18","b","W2","W2","2",10,"PlotBm18_10","Stems 2.5-10 cm DBH","Quercus coccifera",5,0.001963495408493621
1714,"PlotBm18","b","W2","W2","3",13,"PlotBm18_13","Stems >=10 cm DBH","Quercus coccifera",11,0.009503317777109124
1712,"PlotBm18","b","W2","W2","2",11,"PlotBm18_11","Stems >=10 cm DBH","Quercus coccifera",10,0.007853981633974483
1016,"PlotBm18","b","W2","W2","3",13,"PlotBm18_13","Stems 2.5-10 cm DBH","Quercus coccifera",6,0.0028274333882308137
1713,"PlotBm18","b","W2","W2","2",12,"PlotBm18_12","Stems 2.5-10 cm DBH","Quercus coccifera",8,0.005026548245743669
1891,"PlotBm18","b","W2","W2","2",12,"PlotBm18_12","Stems 2.5-10 cm DBH","Quercus coccifera",4,0.0012566370614359172
1020,"PlotBm19","b","W2","W2","1",4,"PlotBm19_4","Stems 2.5-10 cm DBH","Carpinus orientalis",8,0.005026548245743669
1022,"PlotBm19","b","W2","W2","2",6,"PlotBm19_6","Stems 2.5-10 cm DBH","Quercus coccifera",5,0.001963495408493621
1023,"PlotBm19","b","W2","W2","2",7,"PlotBm19_7","Stems 2.5-10 cm DBH","Quercus coccifera",5,0.001963495408493621
1017,"PlotBm19","b","W2","W2","1",1,"PlotBm19_1","Stems 2.5-10 cm DBH","Carpinus orientalis",7,0.0038484510006474965
1019,"PlotBm19","b","W2","W2","1",3,"PlotBm19_3","Stems 2.5-10 cm DBH","Quercus coccifera",6,0.0028274333882308137
1026,"PlotBm19","b","W2","W2","3",10,"PlotBm19_10","Stems 2.5-10 cm DBH","Juniperus oxycedrus",7,0.0038484510006474965
1024,"PlotBm19","b","W2","W2","3",8,"PlotBm19_8","Stems 2.5-10 cm DBH","Quercus coccifera",7,0.0038484510006474965
1021,"PlotBm19","b","W2","W2","1",5,"PlotBm19_5","Stems 2.5-10 cm DBH","Carpinus orientalis",5,0.001963495408493621
1018,"PlotBm19","b","W2","W2","1",2,"PlotBm19_2","Stems 2.5-10 cm DBH","Quercus coccifera",4,0.0012566370614359172
1025,"PlotBm19","b","W2","W2","3",9,"PlotBm19_9","Stems 2.5-10 cm DBH","Quercus coccifera",3,7.068583470577034e-4
1715,"PlotBm19","b","W2","W2","3",9,"PlotBm19_9","Stems 2.5-10 cm DBH","Quercus coccifera",4,0.0012566370614359172
1966,"PlotBm20","b","W2","W2","3",6,"PlotBm20_6","Stems 2.5-10 cm DBH","Quercus coccifera",3,7.068583470577034e-4
1896,"PlotBm20","b","W2","W2","3",6,"PlotBm20_6","Stems 2.5-10 cm DBH","Quercus coccifera",3,7.068583470577034e-4
1895,"PlotBm20","b","W2","W2","2",3,"PlotBm20_3","Stems 2.5-10 cm DBH","Quercus coccifera",4,0.0012566370614359172
1722,"PlotBm20","b","W2","W2","3",7,"PlotBm20_7","Stems 2.5-10 cm DBH","Quercus coccifera",4,0.0012566370614359172
1032,"PlotBm20","b","W2","W2","3",6,"PlotBm20_6","Stems 2.5-10 cm DBH","Quercus coccifera",3,7.068583470577034e-4
1897,"PlotBm20","b","W2","W2","3",7,"PlotBm20_7","Stems 2.5-10 cm DBH","Quercus coccifera",6,0.0028274333882308137
1965,"PlotBm20","b","W2","W2","2",3,"PlotBm20_3","Stems 2.5-10 cm DBH","Quercus coccifera",4,0.0012566370614359172
1031,"PlotBm20","b","W2","W2","2",5,"PlotBm20_5","Stems 2.5-10 cm DBH","Quercus coccifera",6,0.0028274333882308137
1893,"PlotBm20","b","W2","W2","1",1,"PlotBm20_1","Stems 2.5-10 cm DBH","Carpinus orientalis",3,7.068583470577034e-4
1033,"PlotBm20","b","W2","W2","3",7,"PlotBm20_7","Stems 2.5-10 cm DBH","Quercus coccifera",8,0.005026548245743669
1894,"PlotBm20","b","W2","W2","1",2,"PlotBm20_2","Stems 2.5-10 cm DBH","Quercus coccifera",4,0.0012566370614359172
1721,"PlotBm20","b","W2","W2","3",6,"PlotBm20_6","Stems 2.5-10 cm DBH","Quercus coccifera",3,7.068583470577034e-4
1029,"PlotBm20","b","W2","W2","2",3,"PlotBm20_3","Stems >=10 cm DBH","Quercus coccifera",12,0.011309733552923255
1717,"PlotBm20","b","W2","W2","1",2,"PlotBm20_2","Stems 2.5-10 cm DBH","Quercus coccifera",3,7.068583470577034e-4
1720,"PlotBm20","b","W2","W2","2",5,"PlotBm20_5","Stems 2.5-10 cm DBH","Quercus coccifera",6,0.0028274333882308137
1030,"PlotBm20","b","W2","W2","2",4,"PlotBm20_4","Stems 2.5-10 cm DBH","Carpinus orientalis",7,0.0038484510006474965
1716,"PlotBm20","b","W2","W2","1",1,"PlotBm20_1","Stems 2.5-10 cm DBH","Carpinus orientalis",4,0.0012566370614359172
1718,"PlotBm20","b","W2","W2","2",3,"PlotBm20_3","Stems 2.5-10 cm DBH","Quercus coccifera",3,7.068583470577034e-4
1719,"PlotBm20","b","W2","W2","2",4,"PlotBm20_4","Stems 2.5-10 cm DBH","Carpinus orientalis",4,0.0012566370614359172
1027,"PlotBm20","b","W2","W2","1",1,"PlotBm20_1","Stems 2.5-10 cm DBH","Carpinus orientalis",6,0.0028274333882308137
1028,"PlotBm20","b","W2","W2","1",2,"PlotBm20_2","Stems 2.5-10 cm DBH","Quercus coccifera",7,0.0038484510006474965
1725,"PlotBm21","b","W2","W2","2",7,"PlotBm21_7","Stems 2.5-10 cm DBH","Quercus coccifera",4,0.0012566370614359172
1900,"PlotBm21","b","W2","W2","3",9,"PlotBm21_9","Stems 2.5-10 cm DBH","Quercus coccifera",5,0.001963495408493621
1899,"PlotBm21","b","W2","W2","2",6,"PlotBm21_6","Stems 2.5-10 cm DBH","Quercus coccifera",4,0.0012566370614359172
1898,"PlotBm21","b","W2","W2","1",5,"PlotBm21_5","Stems 2.5-10 cm DBH","Quercus coccifera",3,7.068583470577034e-4
1037,"PlotBm21","b","W2","W2","1",4,"PlotBm21_4","Stems >=10 cm DBH","Quercus coccifera",10,0.007853981633974483
1041,"PlotBm21","b","W2","W2","3",8,"PlotBm21_8","Stems 2.5-10 cm DBH","Quercus coccifera",3,7.068583470577034e-4
1038,"PlotBm21","b","W2","W2","1",5,"PlotBm21_5","Stems 2.5-10 cm DBH","Quercus coccifera",4,0.0012566370614359172
1039,"PlotBm21","b","W2","W2","2",6,"PlotBm21_6","Stems 2.5-10 cm DBH","Quercus coccifera",6,0.0028274333882308137
1035,"PlotBm21","b","W2","W2","1",2,"PlotBm21_2","Stems 2.5-10 cm DBH","Carpinus orientalis",6,0.0028274333882308137
1043,"PlotBm21","b","W2","W2","3",10,"PlotBm21_10","Stems 2.5-10 cm DBH","Quercus coccifera",3,7.068583470577034e-4
1036,"PlotBm21","b","W2","W2","1",3,"PlotBm21_3","Stems 2.5-10 cm DBH","Quercus coccifera",5,0.001963495408493621
1723,"PlotBm21","b","W2","W2","1",5,"PlotBm21_5","Stems 2.5-10 cm DBH","Quercus coccifera",3,7.068583470577034e-4
1040,"PlotBm21","b","W2","W2","2",7,"PlotBm21_7","Stems 2.5-10 cm DBH","Quercus coccifera",4,0.0012566370614359172
1967,"PlotBm21","b","W2","W2","2",6,"PlotBm21_6","Stems 2.5-10 cm DBH","Quercus coccifera",3,7.068583470577034e-4
1726,"PlotBm21","b","W2","W2","3",9,"PlotBm21_9","Stems 2.5-10 cm DBH","Quercus coccifera",4,0.0012566370614359172
1042,"PlotBm21","b","W2","W2","3",9,"PlotBm21_9","Stems 2.5-10 cm DBH","Quercus coccifera",7,0.0038484510006474965
1034,"PlotBm21","b","W2","W2","1",1,"PlotBm21_1","Stems >=10 cm DBH","Quercus pubescens",12,0.011309733552923255
1724,"PlotBm21","b","W2","W2","2",6,"PlotBm21_6","Stems 2.5-10 cm DBH","Quercus coccifera",4,0.0012566370614359172
1727,"PlotBm21","b","W2","W2","3",10,"PlotBm21_10","Stems 2.5-10 cm DBH","Quercus coccifera",3,7.068583470577034e-4
1049,"PlotBm22","b","W2","W2","3",6,"PlotBm22_6","Stems 2.5-10 cm DBH","Quercus coccifera",4,0.0012566370614359172
1046,"PlotBm22","b","W2","W2","2",3,"PlotBm22_3","Stems >=10 cm DBH","Quercus coccifera",10,0.007853981633974483
1047,"PlotBm22","b","W2","W2","2",4,"PlotBm22_4","Stems >=10 cm DBH","Quercus coccifera",11,0.009503317777109124
1729,"PlotBm22","b","W2","W2","2",3,"PlotBm22_3","Stems 2.5-10 cm DBH","Quercus coccifera",3,7.068583470577034e-4
1045,"PlotBm22","b","W2","W2","1",2,"PlotBm22_2","Stems 2.5-10 cm DBH","Quercus coccifera",4,0.0012566370614359172
1731,"PlotBm22","b","W2","W2","2",5,"PlotBm22_5","Stems 2.5-10 cm DBH","Quercus coccifera",6,0.0028274333882308137
1733,"PlotBm22","b","W2","W2","3",8,"PlotBm22_8","Stems 2.5-10 cm DBH","Quercus coccifera",3,7.068583470577034e-4
1734,"PlotBm22","b","W2","W2","3",9,"PlotBm22_9","Stems >=10 cm DBH","Quercus frainetto",10,0.007853981633974483
1052,"PlotBm22","b","W2","W2","3",9,"PlotBm22_9","Stems >=10 cm DBH","Quercus frainetto",12,0.011309733552923255
1732,"PlotBm22","b","W2","W2","3",6,"PlotBm22_6","Stems 2.5-10 cm DBH","Quercus coccifera",3,7.068583470577034e-4
1902,"PlotBm22","b","W2","W2","2",5,"PlotBm22_5","Stems 2.5-10 cm DBH","Quercus coccifera",4,0.0012566370614359172
1997,"PlotBm22","b","W2","W2","2",5,"PlotBm22_5","Stems 2.5-10 cm DBH","Quercus coccifera",3,7.068583470577034e-4
1050,"PlotBm22","b","W2","W2","3",7,"PlotBm22_7","Stems 2.5-10 cm DBH","Quercus coccifera",5,0.001963495408493621
1053,"PlotBm22","b","W2","W2","1",10,"PlotBm22_10","Stems >=10 cm DBH","Quercus coccifera",10,0.007853981633974483
1728,"PlotBm22","b","W2","W2","1",2,"PlotBm22_2","Stems 2.5-10 cm DBH","Quercus coccifera",3,7.068583470577034e-4
1901,"PlotBm22","b","W2","W2","2",4,"PlotBm22_4","Stems 2.5-10 cm DBH","Quercus coccifera",9,0.0063617251235193305
1730,"PlotBm22","b","W2","W2","2",4,"PlotBm22_4","Stems >=10 cm DBH","Quercus coccifera",10,0.007853981633974483
1044,"PlotBm22","b","W2","W2","1",1,"PlotBm22_1","Stems 2.5-10 cm DBH","Quercus coccifera",6,0.0028274333882308137
1968,"PlotBm22","b","W2","W2","2",5,"PlotBm22_5","Stems 2.5-10 cm DBH","Quercus coccifera",3,7.068583470577034e-4
1048,"PlotBm22","b","W2","W2","2",5,"PlotBm22_5","Stems 2.5-10 cm DBH","Quercus coccifera",5,0.001963495408493621
1051,"PlotBm22","b","W2","W2","3",8,"PlotBm22_8","Stems 2.5-10 cm DBH","Quercus coccifera",3,7.068583470577034e-4
1056,"PlotBm23","b","W2","W2","1",3,"PlotBm23_3","Stems 2.5-10 cm DBH","Quercus coccifera",4,0.0012566370614359172
1060,"PlotBm23","b","W2","W2","2",7,"PlotBm23_7","Stems 2.5-10 cm DBH","Quercus coccifera",6,0.0028274333882308137
1055,"PlotBm23","b","W2","W2","1",2,"PlotBm23_2","Stems >=10 cm DBH","Phillyrea latifolia",13,0.013273228961416876
1064,"PlotBm23","b","W2","W2","1",11,"PlotBm23_11","Stems 2.5-10 cm DBH","Fraxinus ornus",7,0.0038484510006474965
1903,"PlotBm23","b","W2","W2","1",1,"PlotBm23_1","Stems 2.5-10 cm DBH","Quercus coccifera",4,0.0012566370614359172
1057,"PlotBm23","b","W2","W2","1",4,"PlotBm23_4","Stems >=10 cm DBH","Acer campestre",11,0.009503317777109124
1063,"PlotBm23","b","W2","W2","2",10,"PlotBm23_10","Stems >=10 cm DBH","Quercus coccifera",12,0.011309733552923255
1054,"PlotBm23","b","W2","W2","1",1,"PlotBm23_1","Stems 2.5-10 cm DBH","Quercus coccifera",6,0.0028274333882308137
1907,"PlotBm23","b","W2","W2","3",14,"PlotBm23_14","Stems 2.5-10 cm DBH","Quercus coccifera",3,7.068583470577034e-4
1061,"PlotBm23","b","W2","W2","2",8,"PlotBm23_8","Stems 2.5-10 cm DBH","Quercus coccifera",3,7.068583470577034e-4
1062,"PlotBm23","b","W2","W2","2",9,"PlotBm23_9","Stems 2.5-10 cm DBH","Quercus coccifera",5,0.001963495408493621
1059,"PlotBm23","b","W2","W2","1",6,"PlotBm23_6","Stems 2.5-10 cm DBH","Quercus coccifera",3,7.068583470577034e-4
1738,"PlotBm23","b","W2","W2","1",6,"PlotBm23_6","Stems 2.5-10 cm DBH","Quercus coccifera",3,7.068583470577034e-4
1739,"PlotBm23","b","W2","W2","2",7,"PlotBm23_7","Stems 2.5-10 cm DBH","Quercus coccifera",5,0.001963495408493621
1736,"PlotBm23","b","W2","W2","1",3,"PlotBm23_3","Stems 2.5-10 cm DBH","Quercus coccifera",4,0.0012566370614359172
1058,"PlotBm23","b","W2","W2","1",5,"PlotBm23_5","Stems 2.5-10 cm DBH","Quercus coccifera",3,7.068583470577034e-4
1906,"PlotBm23","b","W2","W2","2",7,"PlotBm23_7","Stems 2.5-10 cm DBH","Quercus coccifera",4,0.0012566370614359172
1066,"PlotBm23","b","W2","W2","3",13,"PlotBm23_13","Stems 2.5-10 cm DBH","Quercus coccifera",3,7.068583470577034e-4
1904,"PlotBm23","b","W2","W2","1",5,"PlotBm23_5","Stems 2.5-10 cm DBH","Quercus coccifera",3,7.068583470577034e-4
1735,"PlotBm23","b","W2","W2","1",1,"PlotBm23_1","Stems 2.5-10 cm DBH","Quercus coccifera",3,7.068583470577034e-4
1065,"PlotBm23","b","W2","W2","3",12,"PlotBm23_12","Stems 2.5-10 cm DBH","Quercus coccifera",3,7.068583470577034e-4
1741,"PlotBm23","b","W2","W2","3",14,"PlotBm23_14","Stems 2.5-10 cm DBH","Quercus coccifera",4,0.0012566370614359172
1067,"PlotBm23","b","W2","W2","3",14,"PlotBm23_14","Stems 2.5-10 cm DBH","Quercus coccifera",6,0.0028274333882308137
1740,"PlotBm23","b","W2","W2","2",9,"PlotBm23_9","Stems 2.5-10 cm DBH","Quercus coccifera",4,0.0012566370614359172
1905,"PlotBm23","b","W2","W2","1",6,"PlotBm23_6","Stems 2.5-10 cm DBH","Quercus coccifera",3,7.068583470577034e-4
1737,"PlotBm23","b","W2","W2","1",5,"PlotBm23_5","Stems 2.5-10 cm DBH","Quercus coccifera",6,0.0028274333882308137
1068,"PlotBm23","b","W2","W2","3",15,"PlotBm23_15","Stems >=10 cm DBH","Acer campestre",16,0.020106192982974676
1076,"PlotBm24","b","W2","W2","3",8,"PlotBm24_8","Stems >=10 cm DBH","Quercus pubescens",13,0.013273228961416876
1747,"PlotBm24","b","W2","W2","3",10,"PlotBm24_10","Stems 2.5-10 cm DBH","Quercus coccifera",3,7.068583470577034e-4
1075,"PlotBm24","b","W2","W2","2",7,"PlotBm24_7","Stems 2.5-10 cm DBH","Quercus coccifera",3,7.068583470577034e-4
1743,"PlotBm24","b","W2","W2","1",3,"PlotBm24_3","Stems 2.5-10 cm DBH","Quercus coccifera",3,7.068583470577034e-4
1909,"PlotBm24","b","W2","W2","2",6,"PlotBm24_6","Stems 2.5-10 cm DBH","Quercus coccifera",3,7.068583470577034e-4
1746,"PlotBm24","b","W2","W2","2",7,"PlotBm24_7","Stems 2.5-10 cm DBH","Quercus coccifera",3,7.068583470577034e-4
1742,"PlotBm24","b","W2","W2","1",2,"PlotBm24_2","Stems 2.5-10 cm DBH","Quercus coccifera",3,7.068583470577034e-4
1908,"PlotBm24","b","W2","W2","2",5,"PlotBm24_5","Stems 2.5-10 cm DBH","Quercus coccifera",3,7.068583470577034e-4
1744,"PlotBm24","b","W2","W2","2",5,"PlotBm24_5","Stems 2.5-10 cm DBH","Quercus coccifera",5,0.001963495408493621
1745,"PlotBm24","b","W2","W2","2",6,"PlotBm24_6","Stems 2.5-10 cm DBH","Quercus coccifera",5,0.001963495408493621
1074,"PlotBm24","b","W2","W2","2",6,"PlotBm24_6","Stems 2.5-10 cm DBH","Quercus coccifera",4,0.0012566370614359172
1071,"PlotBm24","b","W2","W2","1",3,"PlotBm24_3","Stems 2.5-10 cm DBH","Quercus coccifera",3,7.068583470577034e-4
1970,"PlotBm24","b","W2","W2","2",6,"PlotBm24_6","Stems 2.5-10 cm DBH","Quercus coccifera",4,0.0012566370614359172
1077,"PlotBm24","b","W2","W2","3",9,"PlotBm24_9","Stems >=10 cm DBH","Quercus pubescens",15,0.017671458676442587
1078,"PlotBm24","b","W2","W2","3",10,"PlotBm24_10","Stems 2.5-10 cm DBH","Quercus coccifera",4,0.0012566370614359172
1969,"PlotBm24","b","W2","W2","2",5,"PlotBm24_5","Stems 2.5-10 cm DBH","Quercus coccifera",3,7.068583470577034e-4
1069,"PlotBm24","b","W2","W2","1",1,"PlotBm24_1","Stems >=10 cm DBH","Quercus pubescens",12,0.011309733552923255
1072,"PlotBm24","b","W2","W2","1",4,"PlotBm24_4","Stems 2.5-10 cm DBH","Quercus coccifera",3,7.068583470577034e-4
1073,"PlotBm24","b","W2","W2","2",5,"PlotBm24_5","Stems 2.5-10 cm DBH","Quercus coccifera",5,0.001963495408493621
1070,"PlotBm24","b","W2","W2","1",2,"PlotBm24_2","Stems 2.5-10 cm DBH","Quercus coccifera",4,0.0012566370614359172
1998,"PlotBm24","b","W2","W2","2",6,"PlotBm24_6","Stems 2.5-10 cm DBH","Quercus coccifera",5,0.001963495408493621
1080,"PlotBm37","b","W12","W12","1",2,"PlotBm37_2","Stems >=10 cm DBH","Fagus sylvatica",41,0.13202543126711105
1079,"PlotBm37","b","W12","W12","1",1,"PlotBm37_1","Stems >=10 cm DBH","Fagus sylvatica",11,0.009503317777109124
1081,"PlotBm37","b","W12","W12","1",3,"PlotBm37_3","Stems >=10 cm DBH","Fagus sylvatica",93,0.679290871522453
1083,"PlotBm37","b","W12","W12","3",5,"PlotBm37_5","Stems >=10 cm DBH","Fagus sylvatica",75,0.4417864669110647
1082,"PlotBm37","b","W12","W12","3",4,"PlotBm37_4","Stems >=10 cm DBH","Fagus sylvatica",87,0.5944678698755286
1087,"PlotBm38","b","W12","W12","3",4,"PlotBm38_4","Stems >=10 cm DBH","Fagus sylvatica",16,0.020106192982974676
1085,"PlotBm38","b","W12","W12","2",2,"PlotBm38_2","Stems >=10 cm DBH","Fagus sylvatica",75,0.4417864669110647
1084,"PlotBm38","b","W12","W12","1",1,"PlotBm38_1","Stems 2.5-10 cm DBH","Fagus sylvatica",3,7.068583470577034e-4
1086,"PlotBm38","b","W12","W12","2",3,"PlotBm38_3","Stems >=10 cm DBH","Fagus sylvatica",52,0.21237166338267002
1103,"PlotBm39","b","W12","W12","3",16,"PlotBm39_16","Stems >=10 cm DBH","Fagus sylvatica",44,0.152053084433746
1104,"PlotBm39","b","W12","W12","3",17,"PlotBm39_17","Stems >=10 cm DBH","Fagus sylvatica",48,0.18095573684677208
1748,"PlotBm39","b","W12","W12","2",8,"PlotBm39_8","Stems >=10 cm DBH","Fagus sylvatica",23,0.04154756284372501
1089,"PlotBm39","b","W12","W12","1",2,"PlotBm39_2","Stems >=10 cm DBH","Fagus sylvatica",53,0.22061834409834324
1094,"PlotBm39","b","W12","W12","2",7,"PlotBm39_7","Stems >=10 cm DBH","Fagus sylvatica",45,0.15904312808798327
1102,"PlotBm39","b","W12","W12","3",15,"PlotBm39_15","Stems >=10 cm DBH","Fagus sylvatica",62,0.30190705400997914
1088,"PlotBm39","b","W12","W12","1",1,"PlotBm39_1","Stems >=10 cm DBH","Fagus sylvatica",27,0.05725552611167398
1093,"PlotBm39","b","W12","W12","1",6,"PlotBm39_6","Stems >=10 cm DBH","Fagus sylvatica",24,0.04523893421169302
1092,"PlotBm39","b","W12","W12","1",5,"PlotBm39_5","Stems >=10 cm DBH","Fagus sylvatica",17,0.022698006922186254
1091,"PlotBm39","b","W12","W12","1",4,"PlotBm39_4","Stems 2.5-10 cm DBH","Fagus sylvatica",6,0.0028274333882308137
1090,"PlotBm39","b","W12","W12","1",3,"PlotBm39_3","Stems >=10 cm DBH","Fagus sylvatica",54,0.2290221044466959
1101,"PlotBm39","b","W12","W12","2",14,"PlotBm39_14","Stems >=10 cm DBH","Fagus sylvatica",39,0.11945906065275187
1096,"PlotBm39","b","W12","W12","2",9,"PlotBm39_9","Stems >=10 cm DBH","Fagus sylvatica",17,0.022698006922186254
1097,"PlotBm39","b","W12","W12","2",10,"PlotBm39_10","Stems >=10 cm DBH","Fagus sylvatica",27,0.05725552611167398
1095,"PlotBm39","b","W12","W12","2",8,"PlotBm39_8","Stems >=10 cm DBH","Fagus sylvatica",48,0.18095573684677208
1100,"PlotBm39","b","W12","W12","2",13,"PlotBm39_13","Stems >=10 cm DBH","Fagus sylvatica",26,0.053092915845667506
1099,"PlotBm39","b","W12","W12","2",12,"PlotBm39_12","Stems >=10 cm DBH","Fagus sylvatica",17,0.022698006922186254
1098,"PlotBm39","b","W12","W12","2",11,"PlotBm39_11","Stems >=10 cm DBH","Fagus sylvatica",14,0.015393804002589986
1749,"PlotBm40","b","W12","W12","3",4,"PlotBm40_4","Stems >=10 cm DBH","Fagus sylvatica",10,0.007853981633974483
1106,"PlotBm40","b","W12","W12","1",2,"PlotBm40_2","Stems >=10 cm DBH","Fagus sylvatica",82,0.5281017250684442
1110,"PlotBm40","b","W12","W12","3",6,"PlotBm40_6","Stems >=10 cm DBH","Fagus sylvatica",43,0.14522012041218818
1111,"PlotBm40","b","W12","W12","3",7,"PlotBm40_7","Stems >=10 cm DBH","Fagus sylvatica",47,0.17349445429449634
1105,"PlotBm40","b","W12","W12","1",1,"PlotBm40_1","Stems >=10 cm DBH","Fagus sylvatica",93,0.679290871522453
1108,"PlotBm40","b","W12","W12","3",4,"PlotBm40_4","Stems >=10 cm DBH","Fagus sylvatica",10,0.007853981633974483
1109,"PlotBm40","b","W12","W12","3",5,"PlotBm40_5","Stems >=10 cm DBH","Fagus sylvatica",35,0.09621127501618741
1107,"PlotBm40","b","W12","W12","3",3,"PlotBm40_3","Stems 2.5-10 cm DBH","Fagus sylvatica",3,7.068583470577034e-4
1114,"PlotBm41","b","W12","W12","1",3,"PlotBm41_3","Stems >=10 cm DBH","Fagus sylvatica",35,0.09621127501618741
1116,"PlotBm41","b","W12","W12","1",5,"PlotBm41_5","Stems >=10 cm DBH","Fagus sylvatica",46,0.16619025137490004
1113,"PlotBm41","b","W12","W12","1",2,"PlotBm41_2","Stems >=10 cm DBH","Fagus sylvatica",23,0.04154756284372501
1125,"PlotBm41","b","W12","W12","3",14,"PlotBm41_14","Stems >=10 cm DBH","Fagus sylvatica",52,0.21237166338267002
1126,"PlotBm41","b","W12","W12","3",15,"PlotBm41_15","Stems >=10 cm DBH","Fagus sylvatica",37,0.10752100856911068
1115,"PlotBm41","b","W12","W12","1",4,"PlotBm41_4","Stems >=10 cm DBH","Fagus sylvatica",17,0.022698006922186254
1112,"PlotBm41","b","W12","W12","1",1,"PlotBm41_1","Stems >=10 cm DBH","Fagus sylvatica",64,0.3216990877275948
1124,"PlotBm41","b","W12","W12","2",13,"PlotBm41_13","Stems >=10 cm DBH","Fagus sylvatica",36,0.10178760197630929
1118,"PlotBm41","b","W12","W12","2",7,"PlotBm41_7","Stems >=10 cm DBH","Fagus sylvatica",47,0.17349445429449634
1119,"PlotBm41","b","W12","W12","2",8,"PlotBm41_8","Stems >=10 cm DBH","Fagus sylvatica",24,0.04523893421169302
1128,"PlotBm41","b","W12","W12","3",17,"PlotBm41_17","Stems >=10 cm DBH","Fagus sylvatica",46,0.16619025137490004
1127,"PlotBm41","b","W12","W12","3",16,"PlotBm41_16","Stems >=10 cm DBH","Fagus sylvatica",16,0.020106192982974676
1117,"PlotBm41","b","W12","W12","2",6,"PlotBm41_6","Stems >=10 cm DBH","Fagus sylvatica",103,0.8332289115483529
1130,"PlotBm41","b","W12","W12","3",19,"PlotBm41_19","Stems >=10 cm DBH","Fagus sylvatica",14,0.015393804002589986
1131,"PlotBm41","b","W12","W12","3",20,"PlotBm41_20","Stems >=10 cm DBH","Fagus sylvatica",17,0.022698006922186254
1132,"PlotBm41","b","W12","W12","3",21,"PlotBm41_21","Stems >=10 cm DBH","Fagus sylvatica",14,0.015393804002589986
1123,"PlotBm41","b","W12","W12","2",12,"PlotBm41_12","Stems >=10 cm DBH","Fagus sylvatica",33,0.08552985999398212
1133,"PlotBm41","b","W12","W12","3",22,"PlotBm41_22","Stems >=10 cm DBH","Fagus sylvatica",15,0.017671458676442587
1129,"PlotBm41","b","W12","W12","3",18,"PlotBm41_18","Stems >=10 cm DBH","Fagus sylvatica",23,0.04154756284372501
1122,"PlotBm41","b","W12","W12","2",11,"PlotBm41_11","Stems >=10 cm DBH","Fagus sylvatica",14,0.015393804002589986
1120,"PlotBm41","b","W12","W12","2",9,"PlotBm41_9","Stems >=10 cm DBH","Fagus sylvatica",14,0.015393804002589986
1121,"PlotBm41","b","W12","W12","2",10,"PlotBm41_10","Stems >=10 cm DBH","Fagus sylvatica",13,0.013273228961416876
1134,"PlotBm41","b","W12","W12","3",23,"PlotBm41_23","Stems >=10 cm DBH","Fagus sylvatica",14,0.015393804002589986
1135,"PlotBm41","b","W12","W12","3",24,"PlotBm41_24","Stems >=10 cm DBH","Fagus sylvatica",11,0.009503317777109124
1139,"PlotBm42","b","W12","W12","2",4,"PlotBm42_4","Stems >=10 cm DBH","Fagus sylvatica",25,0.04908738521234052
1140,"PlotBm42","b","W12","W12","2",5,"PlotBm42_5","Stems >=10 cm DBH","Fagus sylvatica",16,0.020106192982974676
1141,"PlotBm42","b","W12","W12","2",6,"PlotBm42_6","Stems >=10 cm DBH","Fagus sylvatica",28,0.061575216010359944
1751,"PlotBm42","b","W12","W12","3",8,"PlotBm42_8","Stems >=10 cm DBH","Fagus sylvatica",23,0.04154756284372501
1142,"PlotBm42","b","W12","W12","3",7,"PlotBm42_7","Stems >=10 cm DBH","Fagus sylvatica",15,0.017671458676442587
1138,"PlotBm42","b","W12","W12","2",3,"PlotBm42_3","Stems >=10 cm DBH","Fagus sylvatica",38,0.11341149479459152
1137,"PlotBm42","b","W12","W12","1",2,"PlotBm42_2","Stems >=10 cm DBH","Fagus sylvatica",37,0.10752100856911068
1750,"PlotBm42","b","W12","W12","2",3,"PlotBm42_3","Stems >=10 cm DBH","Fagus sylvatica",19,0.02835287369864788
1144,"PlotBm42","b","W12","W12","3",9,"PlotBm42_9","Stems >=10 cm DBH","Fagus sylvatica",44,0.152053084433746
1143,"PlotBm42","b","W12","W12","3",8,"PlotBm42_8","Stems >=10 cm DBH","Fagus sylvatica",33,0.08552985999398212
1136,"PlotBm42","b","W12","W12","1",1,"PlotBm42_1","Stems >=10 cm DBH","Fagus sylvatica",48,0.18095573684677208
1152,"PlotBm43","b","W12","W12","3",8,"PlotBm43_8","Stems >=10 cm DBH","Fagus sylvatica",55,0.23758294442772812
1146,"PlotBm43","b","W12","W12","1",2,"PlotBm43_2","Stems >=10 cm DBH","Fagus sylvatica",42,0.13854423602330987
1150,"PlotBm43","b","W12","W12","2",6,"PlotBm43_6","Stems >=10 cm DBH","Fagus sylvatica",48,0.18095573684677208
1145,"PlotBm43","b","W12","W12","1",1,"PlotBm43_1","Stems >=10 cm DBH","Fagus sylvatica",57,0.25517586328783093
1151,"PlotBm43","b","W12","W12","3",7,"PlotBm43_7","Stems >=10 cm DBH","Fagus sylvatica",72,0.40715040790523715
1149,"PlotBm43","b","W12","W12","2",5,"PlotBm43_5","Stems >=10 cm DBH","Fagus sylvatica",59,0.27339710067865175
1147,"PlotBm43","b","W12","W12","1",3,"PlotBm43_3","Stems >=10 cm DBH","Fagus sylvatica",26,0.053092915845667506
1148,"PlotBm43","b","W12","W12","1",4,"PlotBm43_4","Stems >=10 cm DBH","Fagus sylvatica",57,0.25517586328783093
1154,"PlotBm44","b","W12","W12","1",2,"PlotBm44_2","Stems >=10 cm DBH","Fagus sylvatica",39,0.11945906065275187
1158,"PlotBm44","b","W12","W12","2",6,"PlotBm44_6","Stems >=10 cm DBH","Fagus sylvatica",36,0.10178760197630929
1156,"PlotBm44","b","W12","W12","1",4,"PlotBm44_4","Stems >=10 cm DBH","Fagus sylvatica",43,0.14522012041218818
1153,"PlotBm44","b","W12","W12","1",1,"PlotBm44_1","Stems >=10 cm DBH","Fagus sylvatica",47,0.17349445429449634
1166,"PlotBm44","b","W12","W12","3",14,"PlotBm44_14","Stems >=10 cm DBH","Fagus sylvatica",48,0.18095573684677208
1164,"PlotBm44","b","W12","W12","3",12,"PlotBm44_12","Stems >=10 cm DBH","Fagus sylvatica",44,0.152053084433746
1155,"PlotBm44","b","W12","W12","1",3,"PlotBm44_3","Stems >=10 cm DBH","Fagus sylvatica",54,0.2290221044466959
1159,"PlotBm44","b","W12","W12","2",7,"PlotBm44_7","Stems >=10 cm DBH","Fagus sylvatica",45,0.15904312808798327
1165,"PlotBm44","b","W12","W12","3",13,"PlotBm44_13","Stems >=10 cm DBH","Fagus sylvatica",39,0.11945906065275187
1157,"PlotBm44","b","W12","W12","2",5,"PlotBm44_5","Stems >=10 cm DBH","Fagus sylvatica",45,0.15904312808798327
1160,"PlotBm44","b","W12","W12","2",8,"PlotBm44_8","Stems >=10 cm DBH","Fagus sylvatica",31,0.07547676350249478
1161,"PlotBm44","b","W12","W12","2",9,"PlotBm44_9","Stems >=10 cm DBH","Fagus sylvatica",39,0.11945906065275187
1162,"PlotBm44","b","W12","W12","2",10,"PlotBm44_10","Stems >=10 cm DBH","Fagus sylvatica",43,0.14522012041218818
1163,"PlotBm44","b","W12","W12","3",11,"PlotBm44_11","Stems >=10 cm DBH","Fagus sylvatica",37,0.10752100856911068
1180,"PlotBm45","b","W12","W12","3",14,"PlotBm45_14","Stems >=10 cm DBH","Fagus sylvatica",47,0.17349445429449634
1169,"PlotBm45","b","W12","W12","1",3,"PlotBm45_3","Stems >=10 cm DBH","Fagus sylvatica",40,0.12566370614359174
1171,"PlotBm45","b","W12","W12","1",5,"PlotBm45_5","Stems >=10 cm DBH","Fagus sylvatica",51,0.2042820622996763
1175,"PlotBm45","b","W12","W12","2",9,"PlotBm45_9","Stems >=10 cm DBH","Fagus sylvatica",43,0.14522012041218818
1181,"PlotBm45","b","W12","W12","3",15,"PlotBm45_15","Stems >=10 cm DBH","Fagus sylvatica",39,0.11945906065275187
1179,"PlotBm45","b","W12","W12","3",13,"PlotBm45_13","Stems >=10 cm DBH","Fagus sylvatica",44,0.152053084433746
1172,"PlotBm45","b","W12","W12","1",6,"PlotBm45_6","Stems >=10 cm DBH","Fagus sylvatica",49,0.18857409903172734
1167,"PlotBm45","b","W12","W12","1",1,"PlotBm45_1","Stems >=10 cm DBH","Fagus sylvatica",42,0.13854423602330987
1168,"PlotBm45","b","W12","W12","1",2,"PlotBm45_2","Stems >=10 cm DBH","Fagus sylvatica",53,0.22061834409834324
1173,"PlotBm45","b","W12","W12","2",7,"PlotBm45_7","Stems >=10 cm DBH","Fagus sylvatica",55,0.23758294442772812
1174,"PlotBm45","b","W12","W12","2",8,"PlotBm45_8","Stems >=10 cm DBH","Fagus sylvatica",50,0.19634954084936207
1170,"PlotBm45","b","W12","W12","1",4,"PlotBm45_4","Stems >=10 cm DBH","Fagus sylvatica",41,0.13202543126711105
1178,"PlotBm45","b","W12","W12","3",12,"PlotBm45_12","Stems >=10 cm DBH","Fagus sylvatica",48,0.18095573684677208
1176,"PlotBm45","b","W12","W12","3",10,"PlotBm45_10","Stems >=10 cm DBH","Fagus sylvatica",60,0.2827433388230814
1177,"PlotBm45","b","W12","W12","3",11,"PlotBm45_11","Stems >=10 cm DBH","Fagus sylvatica",58,0.2642079421669016
1184,"PlotBm46","b","W12","W12","1",3,"PlotBm46_3","Stems >=10 cm DBH","Fagus sylvatica",21,0.03463605900582747
1185,"PlotBm46","b","W12","W12","1",4,"PlotBm46_4","Stems 2.5-10 cm DBH","Fagus sylvatica",7,0.0038484510006474965
1183,"PlotBm46","b","W12","W12","1",2,"PlotBm46_2","Stems >=10 cm DBH","Fagus sylvatica",14,0.015393804002589986
1182,"PlotBm46","b","W12","W12","1",1,"PlotBm46_1","Stems >=10 cm DBH","Fagus sylvatica",17,0.022698006922186254
1186,"PlotBm46","b","W12","W12","1",5,"PlotBm46_5","Stems >=10 cm DBH","Fagus sylvatica",33,0.08552985999398212
1195,"PlotBm46","b","W12","W12","3",14,"PlotBm46_14","Stems >=10 cm DBH","Fagus sylvatica",18,0.025446900494077322
1198,"PlotBm46","b","W12","W12","3",17,"PlotBm46_17","Stems >=10 cm DBH","Fagus sylvatica",43,0.14522012041218818
1189,"PlotBm46","b","W12","W12","2",8,"PlotBm46_8","Stems >=10 cm DBH","Fagus sylvatica",41,0.13202543126711105
1910,"PlotBm46","b","W12","W12","2",9,"PlotBm46_9","Stems >=10 cm DBH","Fagus sylvatica",19,0.02835287369864788
1197,"PlotBm46","b","W12","W12","3",16,"PlotBm46_16","Stems >=10 cm DBH","Fagus sylvatica",22,0.0380132711084365
1188,"PlotBm46","b","W12","W12","2",7,"PlotBm46_7","Stems >=10 cm DBH","Fagus sylvatica",19,0.02835287369864788
1194,"PlotBm46","b","W12","W12","3",13,"PlotBm46_13","Stems >=10 cm DBH","Fagus sylvatica",23,0.04154756284372501
1196,"PlotBm46","b","W12","W12","3",15,"PlotBm46_15","Stems >=10 cm DBH","Fagus sylvatica",39,0.11945906065275187
1187,"PlotBm46","b","W12","W12","1",6,"PlotBm46_6","Stems >=10 cm DBH","Fagus sylvatica",11,0.009503317777109124
1193,"PlotBm46","b","W12","W12","3",12,"PlotBm46_12","Stems >=10 cm DBH","Fagus sylvatica",25,0.04908738521234052
1192,"PlotBm46","b","W12","W12","3",11,"PlotBm46_11","Stems >=10 cm DBH","Fagus sylvatica",38,0.11341149479459152
1756,"PlotBm46","b","W12","W12","3",17,"PlotBm46_17","Stems >=10 cm DBH","Fagus sylvatica",11,0.009503317777109124
1190,"PlotBm46","b","W12","W12","2",9,"PlotBm46_9","Stems 2.5-10 cm DBH","Fagus sylvatica",5,0.001963495408493621
1191,"PlotBm46","b","W12","W12","2",10,"PlotBm46_10","Stems >=10 cm DBH","Fagus sylvatica",13,0.013273228961416876
1753,"PlotBm46","b","W12","W12","1",2,"PlotBm46_2","Stems >=10 cm DBH","Fagus sylvatica",13,0.013273228961416876
1754,"PlotBm46","b","W12","W12","2",9,"PlotBm46_9","Stems 2.5-10 cm DBH","Fagus sylvatica",5,0.001963495408493621
1755,"PlotBm46","b","W12","W12","3",12,"PlotBm46_12","Stems >=10 cm DBH","Fagus sylvatica",14,0.015393804002589986
1752,"PlotBm46","b","W12","W12","1",1,"PlotBm46_1","Stems >=10 cm DBH","Fagus sylvatica",38,0.11341149479459152
1199,"PlotBm47","b","W12","W12","1",1,"PlotBm47_1","Stems >=10 cm DBH","Fagus sylvatica",34,0.09079202768874502
1208,"PlotBm47","b","W12","W12","3",10,"PlotBm47_10","Stems >=10 cm DBH","Fagus sylvatica",58,0.2642079421669016
1200,"PlotBm47","b","W12","W12","1",2,"PlotBm47_2","Stems >=10 cm DBH","Fagus sylvatica",70,0.38484510006474965
1201,"PlotBm47","b","W12","W12","1",3,"PlotBm47_3","Stems >=10 cm DBH","Fagus sylvatica",21,0.03463605900582747
1202,"PlotBm47","b","W12","W12","1",4,"PlotBm47_4","Stems >=10 cm DBH","Fagus sylvatica",38,0.11341149479459152
1203,"PlotBm47","b","W12","W12","1",5,"PlotBm47_5","Stems >=10 cm DBH","Fagus sylvatica",42,0.13854423602330987
1207,"PlotBm47","b","W12","W12","3",9,"PlotBm47_9","Stems >=10 cm DBH","Fagus sylvatica",59,0.27339710067865175
1206,"PlotBm47","b","W12","W12","2",8,"PlotBm47_8","Stems >=10 cm DBH","Fagus sylvatica",68,0.36316811075498007
1204,"PlotBm47","b","W12","W12","2",6,"PlotBm47_6","Stems >=10 cm DBH","Fagus sylvatica",16,0.020106192982974676
1205,"PlotBm47","b","W12","W12","2",7,"PlotBm47_7","Stems >=10 cm DBH","Fagus sylvatica",63,0.31172453105244724
1911,"PlotBm48","b","W12","W12","3",15,"PlotBm48_15","Stems >=10 cm DBH","Fagus sylvatica",10,0.007853981633974483
1210,"PlotBm48","b","W12","W12","1",2,"PlotBm48_2","Stems >=10 cm DBH","Fagus sylvatica",16,0.020106192982974676
1223,"PlotBm48","b","W12","W12","3",15,"PlotBm48_15","Stems >=10 cm DBH","Fagus sylvatica",16,0.020106192982974676
1212,"PlotBm48","b","W12","W12","1",4,"PlotBm48_4","Stems >=10 cm DBH","Fagus sylvatica",10,0.007853981633974483
1209,"PlotBm48","b","W12","W12","1",1,"PlotBm48_1","Stems >=10 cm DBH","Fagus sylvatica",41,0.13202543126711105
1222,"PlotBm48","b","W12","W12","3",14,"PlotBm48_14","Stems >=10 cm DBH","Fagus sylvatica",57,0.25517586328783093
1214,"PlotBm48","b","W12","W12","1",6,"PlotBm48_6","Stems >=10 cm DBH","Fagus sylvatica",48,0.18095573684677208
1215,"PlotBm48","b","W12","W12","1",7,"PlotBm48_7","Stems >=10 cm DBH","Fagus sylvatica",42,0.13854423602330987
1211,"PlotBm48","b","W12","W12","1",3,"PlotBm48_3","Stems >=10 cm DBH","Fagus sylvatica",23,0.04154756284372501
1221,"PlotBm48","b","W12","W12","3",13,"PlotBm48_13","Stems >=10 cm DBH","Fagus sylvatica",55,0.23758294442772812
1999,"PlotBm48","b","W12","W12","3",15,"PlotBm48_15","Stems >=10 cm DBH","Fagus sylvatica",14,0.015393804002589986
1213,"PlotBm48","b","W12","W12","1",5,"PlotBm48_5","Stems >=10 cm DBH","Fagus sylvatica",26,0.053092915845667506
1216,"PlotBm48","b","W12","W12","2",8,"PlotBm48_8","Stems >=10 cm DBH","Fagus sylvatica",72,0.40715040790523715
1219,"PlotBm48","b","W12","W12","3",11,"PlotBm48_11","Stems >=10 cm DBH","Fagus sylvatica",11,0.009503317777109124
1217,"PlotBm48","b","W12","W12","2",9,"PlotBm48_9","Stems >=10 cm DBH","Fagus sylvatica",11,0.009503317777109124
1757,"PlotBm48","b","W12","W12","3",11,"PlotBm48_11","Stems >=10 cm DBH","Fagus sylvatica",14,0.015393804002589986
1218,"PlotBm48","b","W12","W12","3",10,"PlotBm48_10","Stems >=10 cm DBH","Fagus sylvatica",28,0.061575216010359944
1758,"PlotBm48","b","W12","W12","3",15,"PlotBm48_15","Stems >=10 cm DBH","Fagus sylvatica",11,0.009503317777109124
1971,"PlotBm48","b","W12","W12","3",15,"PlotBm48_15","Stems >=10 cm DBH","Fagus sylvatica",14,0.015393804002589986
1220,"PlotBm48","b","W12","W12","3",12,"PlotBm48_12","Stems >=10 cm DBH","Fagus sylvatica",71,0.39591921416865367
1235,"PlotBm49","b","W18","W18","3",12,"PlotBm49_12","Stems >=10 cm DBH","Pinus brutia",12,0.011309733552923255
1224,"PlotBm49","b","W18","W18","1",1,"PlotBm49_1","Stems >=10 cm DBH","Quercus frainetto",10,0.007853981633974483
1225,"PlotBm49","b","W18","W18","1",2,"PlotBm49_2","Stems >=10 cm DBH","Pinus brutia",28,0.061575216010359944
1760,"PlotBm49","b","W18","W18","1",6,"PlotBm49_6","Stems >=10 cm DBH","Pinus brutia",28,0.061575216010359944
1233,"PlotBm49","b","W18","W18","3",10,"PlotBm49_10","Stems >=10 cm DBH","Pinus brutia",31,0.07547676350249478
1226,"PlotBm49","b","W18","W18","1",3,"PlotBm49_3","Stems >=10 cm DBH","Pinus brutia",38,0.11341149479459152
1234,"PlotBm49","b","W18","W18","3",11,"PlotBm49_11","Stems >=10 cm DBH","Pinus brutia",28,0.061575216010359944
1759,"PlotBm49","b","W18","W18","1",4,"PlotBm49_4","Stems >=10 cm DBH","Pinus brutia",29,0.0660519855417254
1231,"PlotBm49","b","W18","W18","2",8,"PlotBm49_8","Stems >=10 cm DBH","Pinus brutia",45,0.15904312808798327
1232,"PlotBm49","b","W18","W18","2",9,"PlotBm49_9","Stems >=10 cm DBH","Pinus brutia",32,0.0804247719318987
1227,"PlotBm49","b","W18","W18","1",4,"PlotBm49_4","Stems >=10 cm DBH","Pinus brutia",41,0.13202543126711105
1236,"PlotBm49","b","W18","W18","3",13,"PlotBm49_13","Stems >=10 cm DBH","Pinus brutia",28,0.061575216010359944
1230,"PlotBm49","b","W18","W18","2",7,"PlotBm49_7","Stems >=10 cm DBH","Pinus brutia",33,0.08552985999398212
1229,"PlotBm49","b","W18","W18","1",6,"PlotBm49_6","Stems >=10 cm DBH","Pinus brutia",35,0.09621127501618741
1228,"PlotBm49","b","W18","W18","2",5,"PlotBm49_5","Stems >=10 cm DBH","Pinus brutia",31,0.07547676350249478
1249,"PlotBm50","b","W18","W18","3",13,"PlotBm50_13","Stems >=10 cm DBH","Quercus frainetto",10,0.007853981633974483
1238,"PlotBm50","b","W18","W18","1",2,"PlotBm50_2","Stems >=10 cm DBH","Pinus brutia",28,0.061575216010359944
1248,"PlotBm50","b","W18","W18","3",12,"PlotBm50_12","Stems >=10 cm DBH","Quercus frainetto",12,0.011309733552923255
1247,"PlotBm50","b","W18","W18","3",11,"PlotBm50_11","Stems >=10 cm DBH","Quercus frainetto",37,0.10752100856911068
1239,"PlotBm50","b","W18","W18","1",3,"PlotBm50_3","Stems 2.5-10 cm DBH","Quercus frainetto",8,0.005026548245743669
1237,"PlotBm50","b","W18","W18","1",1,"PlotBm50_1","Stems >=10 cm DBH","Pinus brutia",41,0.13202543126711105
1250,"PlotBm50","b","W18","W18","3",14,"PlotBm50_14","Stems >=10 cm DBH","Pinus brutia",43,0.14522012041218818
1246,"PlotBm50","b","W18","W18","3",10,"PlotBm50_10","Stems >=10 cm DBH","Pinus brutia",32,0.0804247719318987
1243,"PlotBm50","b","W18","W18","2",7,"PlotBm50_7","Stems >=10 cm DBH","Pinus brutia",52,0.21237166338267002
1240,"PlotBm50","b","W18","W18","1",4,"PlotBm50_4","Stems >=10 cm DBH","Pinus brutia",42,0.13854423602330987
1245,"PlotBm50","b","W18","W18","2",9,"PlotBm50_9","Stems >=10 cm DBH","Pinus brutia",36,0.10178760197630929
1244,"PlotBm50","b","W18","W18","2",8,"PlotBm50_8","Stems >=10 cm DBH","Pinus brutia",44,0.152053084433746
1241,"PlotBm50","b","W18","W18","1",5,"PlotBm50_5","Stems >=10 cm DBH","Pinus brutia",41,0.13202543126711105
1242,"PlotBm50","b","W18","W18","2",6,"PlotBm50_6","Stems 2.5-10 cm DBH","Quercus frainetto",6,0.0028274333882308137
1254,"PlotBm51","b","W18","W18","1",4,"PlotBm51_4","Stems >=10 cm DBH","Pinus brutia",30,0.07068583470577035
1251,"PlotBm51","b","W18","W18","1",1,"PlotBm51_1","Stems >=10 cm DBH","Quercus frainetto",12,0.011309733552923255
1261,"PlotBm51","b","W18","W18","3",11,"PlotBm51_11","Stems >=10 cm DBH","Quercus frainetto",14,0.015393804002589986
1263,"PlotBm51","b","W18","W18","3",13,"PlotBm51_13","Stems >=10 cm DBH","Pinus brutia",45,0.15904312808798327
1262,"PlotBm51","b","W18","W18","3",12,"PlotBm51_12","Stems >=10 cm DBH","Pinus brutia",32,0.0804247719318987
1255,"PlotBm51","b","W18","W18","1",5,"PlotBm51_5","Stems >=10 cm DBH","Pinus brutia",38,0.11341149479459152
1252,"PlotBm51","b","W18","W18","1",2,"PlotBm51_2","Stems >=10 cm DBH","Pinus brutia",32,0.0804247719318987
1253,"PlotBm51","b","W18","W18","1",3,"PlotBm51_3","Stems >=10 cm DBH","Pinus brutia",21,0.03463605900582747
1256,"PlotBm51","b","W18","W18","2",6,"PlotBm51_6","Stems >=10 cm DBH","Pinus brutia",19,0.02835287369864788
1264,"PlotBm51","b","W18","W18","3",14,"PlotBm51_14","Stems >=10 cm DBH","Pinus brutia",23,0.04154756284372501
1260,"PlotBm51","b","W18","W18","3",10,"PlotBm51_10","Stems >=10 cm DBH","Pinus brutia",38,0.11341149479459152
1761,"PlotBm51","b","W18","W18","3",12,"PlotBm51_12","Stems >=10 cm DBH","Pinus brutia",24,0.04523893421169302
1259,"PlotBm51","b","W18","W18","2",9,"PlotBm51_9","Stems >=10 cm DBH","Quercus frainetto",12,0.011309733552923255
1257,"PlotBm51","b","W18","W18","2",7,"PlotBm51_7","Stems >=10 cm DBH","Pinus brutia",22,0.0380132711084365
1265,"PlotBm51","b","W18","W18","3",15,"PlotBm51_15","Stems >=10 cm DBH","Pinus brutia",42,0.13854423602330987
1258,"PlotBm51","b","W18","W18","2",8,"PlotBm51_8","Stems >=10 cm DBH","Pinus brutia",41,0.13202543126711105
1266,"PlotBm51","b","W18","W18","3",16,"PlotBm51_16","Stems >=10 cm DBH","Pinus brutia",37,0.10752100856911068
1277,"PlotBm52","b","W18","W18","3",11,"PlotBm52_11","Stems 2.5-10 cm DBH","Quercus frainetto",9.5,0.00708821842466197
1275,"PlotBm52","b","W18","W18","3",9,"PlotBm52_9","Stems >=10 cm DBH","Pinus brutia",28,0.061575216010359944
1272,"PlotBm52","b","W18","W18","2",6,"PlotBm52_6","Stems >=10 cm DBH","Pinus brutia",46,0.16619025137490004
1273,"PlotBm52","b","W18","W18","3",7,"PlotBm52_7","Stems >=10 cm DBH","Pinus brutia",39,0.11945906065275187
1276,"PlotBm52","b","W18","W18","3",10,"PlotBm52_10","Stems >=10 cm DBH","Pinus brutia",33,0.08552985999398212
1278,"PlotBm52","b","W18","W18","3",12,"PlotBm52_12","Stems 2.5-10 cm DBH","Pinus brutia",5,0.001963495408493621
1271,"PlotBm52","b","W18","W18","2",5,"PlotBm52_5","Stems >=10 cm DBH","Pinus brutia",52,0.21237166338267002
1269,"PlotBm52","b","W18","W18","1",3,"PlotBm52_3","Stems >=10 cm DBH","Pinus brutia",32,0.0804247719318987
1270,"PlotBm52","b","W18","W18","1",4,"PlotBm52_4","Stems >=10 cm DBH","Pinus brutia",35,0.09621127501618741
1274,"PlotBm52","b","W18","W18","3",8,"PlotBm52_8","Stems >=10 cm DBH","Pinus brutia",29,0.0660519855417254
1267,"PlotBm52","b","W18","W18","1",1,"PlotBm52_1","Stems >=10 cm DBH","Pinus brutia",26,0.053092915845667506
1268,"PlotBm52","b","W18","W18","1",2,"PlotBm52_2","Stems >=10 cm DBH","Pinus brutia",53,0.22061834409834324
1279,"PlotBm53","b","W18","W18","1",1,"PlotBm53_1","Stems >=10 cm DBH","Pinus brutia",19,0.02835287369864788
1305,"PlotBm53","b","W18","W18","3",27,"PlotBm53_27","Stems >=10 cm DBH","Pinus brutia",18,0.025446900494077322
1306,"PlotBm53","b","W18","W18","3",28,"PlotBm53_28","Stems >=10 cm DBH","Pinus brutia",23,0.04154756284372501
1280,"PlotBm53","b","W18","W18","1",2,"PlotBm53_2","Stems >=10 cm DBH","Pinus brutia",27,0.05725552611167398
1293,"PlotBm53","b","W18","W18","2",15,"PlotBm53_15","Stems 2.5-10 cm DBH","Quercus frainetto",4,0.0012566370614359172
1281,"PlotBm53","b","W18","W18","1",3,"PlotBm53_3","Stems >=10 cm DBH","Pinus brutia",33,0.08552985999398212
1282,"PlotBm53","b","W18","W18","1",4,"PlotBm53_4","Stems >=10 cm DBH","Pinus brutia",26,0.053092915845667506
1292,"PlotBm53","b","W18","W18","2",14,"PlotBm53_14","Stems 2.5-10 cm DBH","Quercus frainetto",9,0.0063617251235193305
1289,"PlotBm53","b","W18","W18","2",11,"PlotBm53_11","Stems >=10 cm DBH","Pinus brutia",14,0.015393804002589986
1307,"PlotBm53","b","W18","W18","3",29,"PlotBm53_29","Stems >=10 cm DBH","Pinus brutia",17,0.022698006922186254
1290,"PlotBm53","b","W18","W18","2",12,"PlotBm53_12","Stems >=10 cm DBH","Quercus frainetto",10,0.007853981633974483
1304,"PlotBm53","b","W18","W18","3",26,"PlotBm53_26","Stems >=10 cm DBH","Pinus brutia",20,0.031415926535897934
1296,"PlotBm53","b","W18","W18","2",18,"PlotBm53_18","Stems >=10 cm DBH","Pinus brutia",17,0.022698006922186254
1288,"PlotBm53","b","W18","W18","2",10,"PlotBm53_10","Stems >=10 cm DBH","Pinus brutia",21,0.03463605900582747
1294,"PlotBm53","b","W18","W18","2",16,"PlotBm53_16","Stems >=10 cm DBH","Pinus brutia",14,0.015393804002589986
1295,"PlotBm53","b","W18","W18","2",17,"PlotBm53_17","Stems >=10 cm DBH","Pinus brutia",20,0.031415926535897934
1287,"PlotBm53","b","W18","W18","2",9,"PlotBm53_9","Stems >=10 cm DBH","Pinus brutia",14,0.015393804002589986
1300,"PlotBm53","b","W18","W18","3",22,"PlotBm53_22","Stems >=10 cm DBH","Pinus brutia",31,0.07547676350249478
1297,"PlotBm53","b","W18","W18","2",19,"PlotBm53_19","Stems >=10 cm DBH","Pinus brutia",19,0.02835287369864788
1303,"PlotBm53","b","W18","W18","3",25,"PlotBm53_25","Stems >=10 cm DBH","Pinus brutia",24,0.04523893421169302
1762,"PlotBm53","b","W18","W18","2",16,"PlotBm53_16","Stems 2.5-10 cm DBH","Pinus brutia",8,0.005026548245743669
1299,"PlotBm53","b","W18","W18","3",21,"PlotBm53_21","Stems >=10 cm DBH","Pinus brutia",28,0.061575216010359944
1301,"PlotBm53","b","W18","W18","3",23,"PlotBm53_23","Stems >=10 cm DBH","Pinus brutia",16,0.020106192982974676
1291,"PlotBm53","b","W18","W18","2",13,"PlotBm53_13","Stems >=10 cm DBH","Quercus frainetto",10,0.007853981633974483
1298,"PlotBm53","b","W18","W18","2",20,"PlotBm53_20","Stems >=10 cm DBH","Quercus frainetto",12,0.011309733552923255
1286,"PlotBm53","b","W18","W18","1",8,"PlotBm53_8","Stems >=10 cm DBH","Pinus brutia",35,0.09621127501618741
1302,"PlotBm53","b","W18","W18","3",24,"PlotBm53_24","Stems >=10 cm DBH","Pinus brutia",14,0.015393804002589986
1284,"PlotBm53","b","W18","W18","1",6,"PlotBm53_6","Stems >=10 cm DBH","Pinus brutia",26,0.053092915845667506
1283,"PlotBm53","b","W18","W18","1",5,"PlotBm53_5","Stems >=10 cm DBH","Pinus brutia",38,0.11341149479459152
1285,"PlotBm53","b","W18","W18","1",7,"PlotBm53_7","Stems >=10 cm DBH","Pinus brutia",28,0.061575216010359944
1319,"PlotBm54","b","W18","W18","2",12,"PlotBm54_12","Stems 2.5-10 cm DBH","Quercus pubescens",6,0.0028274333882308137
1323,"PlotBm54","b","W18","W18","2",16,"PlotBm54_16","Stems >=10 cm DBH","Quercus pubescens",19,0.02835287369864788
1320,"PlotBm54","b","W18","W18","2",13,"PlotBm54_13","Stems >=10 cm DBH","Pinus brutia",24,0.04523893421169302
1322,"PlotBm54","b","W18","W18","2",15,"PlotBm54_15","Stems >=10 cm DBH","Quercus pubescens",13,0.013273228961416876
1331,"PlotBm54","b","W18","W18","3",24,"PlotBm54_24","Stems >=10 cm DBH","Quercus pubescens",16,0.020106192982974676
1318,"PlotBm54","b","W18","W18","2",11,"PlotBm54_11","Stems 2.5-10 cm DBH","Quercus pubescens",8,0.005026548245743669
1330,"PlotBm54","b","W18","W18","3",23,"PlotBm54_23","Stems 2.5-10 cm DBH","Quercus pubescens",8,0.005026548245743669
1308,"PlotBm54","b","W18","W18","1",1,"PlotBm54_1","Stems >=10 cm DBH","Pinus brutia",36,0.10178760197630929
1309,"PlotBm54","b","W18","W18","1",2,"PlotBm54_2","Stems >=10 cm DBH","Pinus brutia",35,0.09621127501618741
1332,"PlotBm54","b","W18","W18","3",25,"PlotBm54_25","Stems >=10 cm DBH","Quercus frainetto",18,0.025446900494077322
1321,"PlotBm54","b","W18","W18","2",14,"PlotBm54_14","Stems >=10 cm DBH","Quercus pubescens",21,0.03463605900582747
1316,"PlotBm54","b","W18","W18","2",9,"PlotBm54_9","Stems >=10 cm DBH","Quercus pubescens",10,0.007853981633974483
1317,"PlotBm54","b","W18","W18","2",10,"PlotBm54_10","Stems >=10 cm DBH","Quercus pubescens",13,0.013273228961416876
1326,"PlotBm54","b","W18","W18","3",19,"PlotBm54_19","Stems >=10 cm DBH","Pinus brutia",62,0.30190705400997914
1329,"PlotBm54","b","W18","W18","3",22,"PlotBm54_22","Stems >=10 cm DBH","Quercus pubescens",18,0.025446900494077322
1324,"PlotBm54","b","W18","W18","2",17,"PlotBm54_17","Stems >=10 cm DBH","Quercus pubescens",14,0.015393804002589986
1325,"PlotBm54","b","W18","W18","2",18,"PlotBm54_18","Stems 2.5-10 cm DBH","Quercus pubescens",7,0.0038484510006474965
1311,"PlotBm54","b","W18","W18","1",4,"PlotBm54_4","Stems >=10 cm DBH","Pinus brutia",29,0.0660519855417254
1312,"PlotBm54","b","W18","W18","1",5,"PlotBm54_5","Stems >=10 cm DBH","Pinus brutia",36,0.10178760197630929
1328,"PlotBm54","b","W18","W18","3",21,"PlotBm54_21","Stems >=10 cm DBH","Quercus frainetto",12,0.011309733552923255
1315,"PlotBm54","b","W18","W18","2",8,"PlotBm54_8","Stems >=10 cm DBH","Quercus frainetto",16,0.020106192982974676
1327,"PlotBm54","b","W18","W18","3",20,"PlotBm54_20","Stems >=10 cm DBH","Pinus brutia",54,0.2290221044466959
1313,"PlotBm54","b","W18","W18","1",6,"PlotBm54_6","Stems >=10 cm DBH","Pinus brutia",42,0.13854423602330987
1310,"PlotBm54","b","W18","W18","1",3,"PlotBm54_3","Stems >=10 cm DBH","Pinus brutia",28,0.061575216010359944
1314,"PlotBm54","b","W18","W18","1",7,"PlotBm54_7","Stems >=10 cm DBH","Pinus brutia",28,0.061575216010359944
1333,"PlotBm55","b","W18","W18","1",1,"PlotBm55_1","Stems >=10 cm DBH","Pinus brutia",35,0.09621127501618741
1345,"PlotBm55","b","W18","W18","3",13,"PlotBm55_13","Stems >=10 cm DBH","Pinus brutia",28,0.061575216010359944
1337,"PlotBm55","b","W18","W18","2",5,"PlotBm55_5","Stems >=10 cm DBH","Pinus brutia",48,0.18095573684677208
1764,"PlotBm55","b","W18","W18","3",7,"PlotBm55_7","Stems 2.5-10 cm DBH","Quercus frainetto",4,0.0012566370614359172
1336,"PlotBm55","b","W18","W18","2",4,"PlotBm55_4","Stems >=10 cm DBH","Quercus frainetto",11,0.009503317777109124
1339,"PlotBm55","b","W18","W18","3",7,"PlotBm55_7","Stems 2.5-10 cm DBH","Quercus frainetto",3,7.068583470577034e-4
1763,"PlotBm55","b","W18","W18","1",1,"PlotBm55_1","Stems >=10 cm DBH","Pinus brutia",31,0.07547676350249478
1335,"PlotBm55","b","W18","W18","1",3,"PlotBm55_3","Stems >=10 cm DBH","Pinus brutia",22,0.0380132711084365
1344,"PlotBm55","b","W18","W18","3",12,"PlotBm55_12","Stems >=10 cm DBH","Pinus brutia",38,0.11341149479459152
1342,"PlotBm55","b","W18","W18","3",10,"PlotBm55_10","Stems >=10 cm DBH","Pinus brutia",14,0.015393804002589986
1340,"PlotBm55","b","W18","W18","2",8,"PlotBm55_8","Stems >=10 cm DBH","Pinus brutia",32,0.0804247719318987
1341,"PlotBm55","b","W18","W18","2",9,"PlotBm55_9","Stems >=10 cm DBH","Pinus brutia",30,0.07068583470577035
1334,"PlotBm55","b","W18","W18","1",2,"PlotBm55_2","Stems >=10 cm DBH","Pinus brutia",18,0.025446900494077322
1343,"PlotBm55","b","W18","W18","3",11,"PlotBm55_11","Stems >=10 cm DBH","Pinus brutia",26,0.053092915845667506
1338,"PlotBm55","b","W18","W18","2",6,"PlotBm55_6","Stems >=10 cm DBH","Pinus brutia",19,0.02835287369864788
1346,"PlotBm56","b","W18","W18","1",1,"PlotBm56_1","Stems >=10 cm DBH","Pinus brutia",34,0.09079202768874502
1361,"PlotBm56","b","W18","W18","3",16,"PlotBm56_16","Stems >=10 cm DBH","Pinus brutia",30,0.07068583470577035
1357,"PlotBm56","b","W18","W18","3",12,"PlotBm56_12","Stems >=10 cm DBH","Pinus brutia",18,0.025446900494077322
1766,"PlotBm56","b","W18","W18","3",11,"PlotBm56_11","Stems >=10 cm DBH","Quercus frainetto",14,0.015393804002589986
1355,"PlotBm56","b","W18","W18","3",10,"PlotBm56_10","Stems >=10 cm DBH","Pinus brutia",18,0.025446900494077322
1356,"PlotBm56","b","W18","W18","3",11,"PlotBm56_11","Stems >=10 cm DBH","Quercus frainetto",10,0.007853981633974483
1354,"PlotBm56","b","W18","W18","2",9,"PlotBm56_9","Stems >=10 cm DBH","Pinus brutia",20,0.031415926535897934
1347,"PlotBm56","b","W18","W18","1",2,"PlotBm56_2","Stems >=10 cm DBH","Pinus brutia",26,0.053092915845667506
1348,"PlotBm56","b","W18","W18","1",3,"PlotBm56_3","Stems >=10 cm DBH","Pinus brutia",28,0.061575216010359944
1360,"PlotBm56","b","W18","W18","3",15,"PlotBm56_15","Stems >=10 cm DBH","Pinus brutia",28,0.061575216010359944
1765,"PlotBm56","b","W18","W18","1",2,"PlotBm56_2","Stems >=10 cm DBH","Pinus brutia",28,0.061575216010359944
1353,"PlotBm56","b","W18","W18","2",8,"PlotBm56_8","Stems >=10 cm DBH","Pinus brutia",42,0.13854423602330987
1359,"PlotBm56","b","W18","W18","3",14,"PlotBm56_14","Stems >=10 cm DBH","Pinus brutia",17,0.022698006922186254
1363,"PlotBm56","b","W18","W18","3",18,"PlotBm56_18","Stems >=10 cm DBH","Quercus frainetto",12,0.011309733552923255
1352,"PlotBm56","b","W18","W18","2",7,"PlotBm56_7","Stems >=10 cm DBH","Pinus brutia",27,0.05725552611167398
1358,"PlotBm56","b","W18","W18","3",13,"PlotBm56_13","Stems >=10 cm DBH","Pinus brutia",27,0.05725552611167398
1362,"PlotBm56","b","W18","W18","3",17,"PlotBm56_17","Stems >=10 cm DBH","Pinus brutia",26,0.053092915845667506
1349,"PlotBm56","b","W18","W18","2",4,"PlotBm56_4","Stems >=10 cm DBH","Pinus brutia",19,0.02835287369864788
1350,"PlotBm56","b","W18","W18","2",5,"PlotBm56_5","Stems >=10 cm DBH","Pinus brutia",24,0.04523893421169302
1351,"PlotBm56","b","W18","W18","2",6,"PlotBm56_6","Stems >=10 cm DBH","Pinus brutia",20,0.031415926535897934
1369,"PlotBm57","b","W18","W18","2",6,"PlotBm57_6","Stems >=10 cm DBH","Pinus brutia",21,0.03463605900582747
1371,"PlotBm57","b","W18","W18","2",8,"PlotBm57_8","Stems >=10 cm DBH","Pinus brutia",26,0.053092915845667506
1370,"PlotBm57","b","W18","W18","2",7,"PlotBm57_7","Stems >=10 cm DBH","Pinus brutia",25,0.04908738521234052
1376,"PlotBm57","b","W18","W18","3",13,"PlotBm57_13","Stems >=10 cm DBH","Pinus brutia",37,0.10752100856911068
1368,"PlotBm57","b","W18","W18","1",5,"PlotBm57_5","Stems >=10 cm DBH","Pinus brutia",23,0.04154756284372501
1373,"PlotBm57","b","W18","W18","3",10,"PlotBm57_10","Stems >=10 cm DBH","Pinus brutia",30,0.07068583470577035
1375,"PlotBm57","b","W18","W18","3",12,"PlotBm57_12","Stems >=10 cm DBH","Pinus brutia",14,0.015393804002589986
1367,"PlotBm57","b","W18","W18","1",4,"PlotBm57_4","Stems >=10 cm DBH","Pinus brutia",18,0.025446900494077322
1366,"PlotBm57","b","W18","W18","1",3,"PlotBm57_3","Stems >=10 cm DBH","Pinus brutia",33,0.08552985999398212
1365,"PlotBm57","b","W18","W18","1",2,"PlotBm57_2","Stems >=10 cm DBH","Pinus brutia",32,0.0804247719318987
1374,"PlotBm57","b","W18","W18","3",11,"PlotBm57_11","Stems >=10 cm DBH","Pinus brutia",14,0.015393804002589986
1378,"PlotBm57","b","W18","W18","3",15,"PlotBm57_15","Stems >=10 cm DBH","Pinus brutia",21,0.03463605900582747
1364,"PlotBm57","b","W18","W18","1",1,"PlotBm57_1","Stems >=10 cm DBH","Pinus brutia",26,0.053092915845667506
1372,"PlotBm57","b","W18","W18","2",9,"PlotBm57_9","Stems >=10 cm DBH","Pinus brutia",33,0.08552985999398212
1377,"PlotBm57","b","W18","W18","3",14,"PlotBm57_14","Stems >=10 cm DBH","Pinus brutia",19,0.02835287369864788
1387,"PlotBm58","b","W18","W18","2",9,"PlotBm58_9","Stems >=10 cm DBH","Pinus brutia",23,0.04154756284372501
1385,"PlotBm58","b","W18","W18","2",7,"PlotBm58_7","Stems >=10 cm DBH","Pinus brutia",28,0.061575216010359944
1379,"PlotBm58","b","W18","W18","1",1,"PlotBm58_1","Stems >=10 cm DBH","Pinus brutia",28,0.061575216010359944
1384,"PlotBm58","b","W18","W18","2",6,"PlotBm58_6","Stems >=10 cm DBH","Pinus brutia",25,0.04908738521234052
1386,"PlotBm58","b","W18","W18","2",8,"PlotBm58_8","Stems >=10 cm DBH","Pinus brutia",22,0.0380132711084365
1388,"PlotBm58","b","W18","W18","2",10,"PlotBm58_10","Stems >=10 cm DBH","Pinus brutia",36,0.10178760197630929
1382,"PlotBm58","b","W18","W18","1",4,"PlotBm58_4","Stems >=10 cm DBH","Pinus brutia",19,0.02835287369864788
1383,"PlotBm58","b","W18","W18","1",5,"PlotBm58_5","Stems >=10 cm DBH","Pinus brutia",44,0.152053084433746
1391,"PlotBm58","b","W18","W18","3",13,"PlotBm58_13","Stems >=10 cm DBH","Pinus brutia",28,0.061575216010359944
1389,"PlotBm58","b","W18","W18","3",11,"PlotBm58_11","Stems >=10 cm DBH","Pinus brutia",26,0.053092915845667506
1392,"PlotBm58","b","W18","W18","3",14,"PlotBm58_14","Stems >=10 cm DBH","Pinus brutia",27,0.05725552611167398
1390,"PlotBm58","b","W18","W18","3",12,"PlotBm58_12","Stems >=10 cm DBH","Pinus brutia",51,0.2042820622996763
1381,"PlotBm58","b","W18","W18","1",3,"PlotBm58_3","Stems >=10 cm DBH","Pinus brutia",28,0.061575216010359944
1380,"PlotBm58","b","W18","W18","1",2,"PlotBm58_2","Stems >=10 cm DBH","Pinus brutia",35,0.09621127501618741
1397,"PlotBm59","b","W18","W18","2",5,"PlotBm59_5","Stems >=10 cm DBH","Pinus brutia",37,0.10752100856911068
1396,"PlotBm59","b","W18","W18","2",4,"PlotBm59_4","Stems >=10 cm DBH","Pinus brutia",35,0.09621127501618741
1401,"PlotBm59","b","W18","W18","3",9,"PlotBm59_9","Stems >=10 cm DBH","Pinus brutia",42,0.13854423602330987
1395,"PlotBm59","b","W18","W18","1",3,"PlotBm59_3","Stems >=10 cm DBH","Pinus brutia",38,0.11341149479459152
1402,"PlotBm59","b","W18","W18","3",10,"PlotBm59_10","Stems >=10 cm DBH","Pinus brutia",30,0.07068583470577035
1400,"PlotBm59","b","W18","W18","2",8,"PlotBm59_8","Stems >=10 cm DBH","Pinus brutia",21,0.03463605900582747
1399,"PlotBm59","b","W18","W18","2",7,"PlotBm59_7","Stems >=10 cm DBH","Pinus brutia",28,0.061575216010359944
1393,"PlotBm59","b","W18","W18","1",1,"PlotBm59_1","Stems >=10 cm DBH","Pinus brutia",37,0.10752100856911068
1394,"PlotBm59","b","W18","W18","1",2,"PlotBm59_2","Stems >=10 cm DBH","Pinus brutia",46,0.16619025137490004
1398,"PlotBm59","b","W18","W18","2",6,"PlotBm59_6","Stems >=10 cm DBH","Pinus brutia",33,0.08552985999398212
1412,"PlotBm60","b","W18","W18","3",10,"PlotBm60_10","Stems >=10 cm DBH","Pinus brutia",24,0.04523893421169302
1404,"PlotBm60","b","W18","W18","1",2,"PlotBm60_2","Stems >=10 cm DBH","Pinus brutia",29,0.0660519855417254
1410,"PlotBm60","b","W18","W18","3",8,"PlotBm60_8","Stems >=10 cm DBH","Pinus brutia",20,0.031415926535897934
1411,"PlotBm60","b","W18","W18","3",9,"PlotBm60_9","Stems >=10 cm DBH","Pinus brutia",18,0.025446900494077322
1406,"PlotBm60","b","W18","W18","2",4,"PlotBm60_4","Stems >=10 cm DBH","Pinus brutia",32,0.0804247719318987
1409,"PlotBm60","b","W18","W18","3",7,"PlotBm60_7","Stems >=10 cm DBH","Pinus brutia",19,0.02835287369864788
1405,"PlotBm60","b","W18","W18","1",3,"PlotBm60_3","Stems >=10 cm DBH","Pinus brutia",36,0.10178760197630929
1407,"PlotBm60","b","W18","W18","2",5,"PlotBm60_5","Stems >=10 cm DBH","Pinus brutia",28,0.061575216010359944
1403,"PlotBm60","b","W18","W18","1",1,"PlotBm60_1","Stems >=10 cm DBH","Pinus brutia",45,0.15904312808798327
1408,"PlotBm60","b","W18","W18","3",6,"PlotBm60_6","Stems >=10 cm DBH","Pinus brutia",16,0.020106192982974676
1415,"PlotBm62","b","U17","U17","1",3,"PlotBm62_3","Stems 2.5-10 cm DBH","Quercus coccifera",9,0.0063617251235193305
1913,"PlotBm62","b","U17","U17","1",2,"PlotBm62_2","Stems 2.5-10 cm DBH","Quercus coccifera",6,0.0028274333882308137
1774,"PlotBm62","b","U17","U17","3",12,"PlotBm62_12","Stems 2.5-10 cm DBH","Carpinus orientalis",4,0.0012566370614359172
1413,"PlotBm62","b","U17","U17","1",1,"PlotBm62_1","Stems 2.5-10 cm DBH","Quercus coccifera",5,0.001963495408493621
1912,"PlotBm62","b","U17","U17","1",1,"PlotBm62_1","Stems 2.5-10 cm DBH","Quercus coccifera",4,0.0012566370614359172
1773,"PlotBm62","b","U17","U17","3",11,"PlotBm62_11","Stems 2.5-10 cm DBH","Quercus coccifera",5,0.001963495408493621
1417,"PlotBm62","b","U17","U17","1",5,"PlotBm62_5","Stems 2.5-10 cm DBH","Quercus coccifera",3,7.068583470577034e-4
1418,"PlotBm62","b","U17","U17","2",6,"PlotBm62_6","Stems 2.5-10 cm DBH","Quercus coccifera",5,0.001963495408493621
1914,"PlotBm62","b","U17","U17","1",4,"PlotBm62_4","Stems 2.5-10 cm DBH","Quercus coccifera",3,7.068583470577034e-4
1416,"PlotBm62","b","U17","U17","1",4,"PlotBm62_4","Stems 2.5-10 cm DBH","Quercus coccifera",4,0.0012566370614359172
2000,"PlotBm62","b","U17","U17","1",1,"PlotBm62_1","Stems 2.5-10 cm DBH","Quercus coccifera",3,7.068583470577034e-4
1771,"PlotBm62","b","U17","U17","3",9,"PlotBm62_9","Stems 2.5-10 cm DBH","Carpinus orientalis",3,7.068583470577034e-4
1916,"PlotBm62","b","U17","U17","3",10,"PlotBm62_10","Stems 2.5-10 cm DBH","Quercus coccifera",4,0.0012566370614359172
1424,"PlotBm62","b","U17","U17","3",12,"PlotBm62_12","Stems 2.5-10 cm DBH","Carpinus orientalis",4,0.0012566370614359172
1414,"PlotBm62","b","U17","U17","1",2,"PlotBm62_2","Stems 2.5-10 cm DBH","Quercus coccifera",3,7.068583470577034e-4
1915,"PlotBm62","b","U17","U17","3",9,"PlotBm62_9","Stems 2.5-10 cm DBH","Carpinus orientalis",3,7.068583470577034e-4
1422,"PlotBm62","b","U17","U17","3",10,"PlotBm62_10","Stems 2.5-10 cm DBH","Quercus coccifera",4,0.0012566370614359172
1419,"PlotBm62","b","U17","U17","2",7,"PlotBm62_7","Stems 2.5-10 cm DBH","Quercus coccifera",8,0.005026548245743669
1420,"PlotBm62","b","U17","U17","2",8,"PlotBm62_8","Stems 2.5-10 cm DBH","Quercus coccifera",9,0.0063617251235193305
1421,"PlotBm62","b","U17","U17","3",9,"PlotBm62_9","Stems 2.5-10 cm DBH","Carpinus orientalis",4,0.0012566370614359172
1768,"PlotBm62","b","U17","U17","1",2,"PlotBm62_2","Stems 2.5-10 cm DBH","Quercus coccifera",4,0.0012566370614359172
1769,"PlotBm62","b","U17","U17","1",4,"PlotBm62_4","Stems 2.5-10 cm DBH","Quercus coccifera",8,0.005026548245743669
1772,"PlotBm62","b","U17","U17","3",10,"PlotBm62_10","Stems 2.5-10 cm DBH","Quercus coccifera",9,0.0063617251235193305
1973,"PlotBm62","b","U17","U17","1",2,"PlotBm62_2","Stems 2.5-10 cm DBH","Quercus coccifera",3,7.068583470577034e-4
1770,"PlotBm62","b","U17","U17","1",5,"PlotBm62_5","Stems 2.5-10 cm DBH","Quercus coccifera",3,7.068583470577034e-4
1423,"PlotBm62","b","U17","U17","3",11,"PlotBm62_11","Stems 2.5-10 cm DBH","Quercus coccifera",4,0.0012566370614359172
1767,"PlotBm62","b","U17","U17","1",1,"PlotBm62_1","Stems 2.5-10 cm DBH","Quercus coccifera",7,0.0038484510006474965
1972,"PlotBm62","b","U17","U17","1",1,"PlotBm62_1","Stems 2.5-10 cm DBH","Quercus coccifera",5,0.001963495408493621
1776,"PlotBm63","b","U17","U17","1",3,"PlotBm63_3","Stems 2.5-10 cm DBH","Quercus coccifera",6,0.0028274333882308137
1427,"PlotBm63","b","U17","U17","1",3,"PlotBm63_3","Stems 2.5-10 cm DBH","Quercus coccifera",4,0.0012566370614359172
1779,"PlotBm63","b","U17","U17","3",7,"PlotBm63_7","Stems >=10 cm DBH","Quercus coccifera",14,0.015393804002589986
1430,"PlotBm63","b","U17","U17","3",6,"PlotBm63_6","Stems 2.5-10 cm DBH","Quercus coccifera",4,0.0012566370614359172
1426,"PlotBm63","b","U17","U17","1",2,"PlotBm63_2","Stems >=10 cm DBH","Quercus coccifera",11,0.009503317777109124
1917,"PlotBm63","b","U17","U17","3",6,"PlotBm63_6","Stems 2.5-10 cm DBH","Quercus coccifera",7,0.0038484510006474965
1777,"PlotBm63","b","U17","U17","3",5,"PlotBm63_5","Stems 2.5-10 cm DBH","Quercus coccifera",5,0.001963495408493621
1428,"PlotBm63","b","U17","U17","1",4,"PlotBm63_4","Stems >=10 cm DBH","Quercus coccifera",26,0.053092915845667506
1778,"PlotBm63","b","U17","U17","3",6,"PlotBm63_6","Stems 2.5-10 cm DBH","Quercus coccifera",4,0.0012566370614359172
1425,"PlotBm63","b","U17","U17","1",1,"PlotBm63_1","Stems 2.5-10 cm DBH","Quercus coccifera",5,0.001963495408493621
1431,"PlotBm63","b","U17","U17","3",7,"PlotBm63_7","Stems >=10 cm DBH","Quercus coccifera",12,0.011309733552923255
1429,"PlotBm63","b","U17","U17","3",5,"PlotBm63_5","Stems 2.5-10 cm DBH","Quercus coccifera",6,0.0028274333882308137
1775,"PlotBm63","b","U17","U17","1",1,"PlotBm63_1","Stems 2.5-10 cm DBH","Quercus coccifera",4,0.0012566370614359172
1432,"PlotBm63","b","U17","U17","3",8,"PlotBm63_8","Stems >=10 cm DBH","Quercus coccifera",10,0.007853981633974483
1975,"PlotBm64","b","U17","U17","3",6,"PlotBm64_6","Stems 2.5-10 cm DBH","Quercus coccifera",3,7.068583470577034e-4
2001,"PlotBm64","b","U17","U17","1",1,"PlotBm64_1","Stems 2.5-10 cm DBH","Quercus coccifera",4,0.0012566370614359172
1780,"PlotBm64","b","U17","U17","1",1,"PlotBm64_1","Stems 2.5-10 cm DBH","Quercus coccifera",6,0.0028274333882308137
1439,"PlotBm64","b","U17","U17","3",7,"PlotBm64_7","Stems 2.5-10 cm DBH","Quercus coccifera",4,0.0012566370614359172
1783,"PlotBm64","b","U17","U17","3",6,"PlotBm64_6","Stems 2.5-10 cm DBH","Quercus coccifera",6,0.0028274333882308137
1784,"PlotBm64","b","U17","U17","3",7,"PlotBm64_7","Stems 2.5-10 cm DBH","Quercus coccifera",4,0.0012566370614359172
1436,"PlotBm64","b","U17","U17","2",4,"PlotBm64_4","Stems >=10 cm DBH","Quercus coccifera",11,0.009503317777109124
1781,"PlotBm64","b","U17","U17","1",2,"PlotBm64_2","Stems 2.5-10 cm DBH","Quercus coccifera",4,0.0012566370614359172
1974,"PlotBm64","b","U17","U17","1",1,"PlotBm64_1","Stems 2.5-10 cm DBH","Quercus coccifera",5,0.001963495408493621
1434,"PlotBm64","b","U17","U17","1",2,"PlotBm64_2","Stems 2.5-10 cm DBH","Quercus coccifera",3,7.068583470577034e-4
1435,"PlotBm64","b","U17","U17","2",3,"PlotBm64_3","Stems >=10 cm DBH","Quercus coccifera",10,0.007853981633974483
1919,"PlotBm64","b","U17","U17","3",6,"PlotBm64_6","Stems 2.5-10 cm DBH","Quercus coccifera",4,0.0012566370614359172
1437,"PlotBm64","b","U17","U17","2",5,"PlotBm64_5","Stems 2.5-10 cm DBH","Juniperus oxycedrus",8,0.005026548245743669
1438,"PlotBm64","b","U17","U17","3",6,"PlotBm64_6","Stems 2.5-10 cm DBH","Quercus coccifera",7,0.0038484510006474965
1433,"PlotBm64","b","U17","U17","1",1,"PlotBm64_1","Stems 2.5-10 cm DBH","Quercus coccifera",4,0.0012566370614359172
1918,"PlotBm64","b","U17","U17","1",1,"PlotBm64_1","Stems 2.5-10 cm DBH","Quercus coccifera",4,0.0012566370614359172
1782,"PlotBm64","b","U17","U17","2",5,"PlotBm64_5","Stems 2.5-10 cm DBH","Juniperus oxycedrus",9,0.0063617251235193305
1920,"PlotBm64","b","U17","U17","3",7,"PlotBm64_7","Stems 2.5-10 cm DBH","Quercus coccifera",5,0.001963495408493621
1441,"PlotBm65","b","U17","U17","1",2,"PlotBm65_2","Stems 2.5-10 cm DBH","Pyrus spinosa",5,0.001963495408493621
1445,"PlotBm65","b","U17","U17","2",6,"PlotBm65_6","Stems 2.5-10 cm DBH","Quercus coccifera",3,7.068583470577034e-4
1443,"PlotBm65","b","U17","U17","1",4,"PlotBm65_4","Stems >=10 cm DBH","Quercus coccifera",12,0.011309733552923255
1977,"PlotBm65","b","U17","U17","2",6,"PlotBm65_6","Stems 2.5-10 cm DBH","Quercus coccifera",5,0.001963495408493621
1922,"PlotBm65","b","U17","U17","2",6,"PlotBm65_6","Stems 2.5-10 cm DBH","Quercus coccifera",4,0.0012566370614359172
1442,"PlotBm65","b","U17","U17","1",3,"PlotBm65_3","Stems 2.5-10 cm DBH","Quercus coccifera",4,0.0012566370614359172
1785,"PlotBm65","b","U17","U17","1",3,"PlotBm65_3","Stems 2.5-10 cm DBH","Quercus coccifera",5,0.001963495408493621
1976,"PlotBm65","b","U17","U17","1",3,"PlotBm65_3","Stems 2.5-10 cm DBH","Quercus coccifera",3,7.068583470577034e-4
1444,"PlotBm65","b","U17","U17","2",5,"PlotBm65_5","Stems 2.5-10 cm DBH","Quercus coccifera",5,0.001963495408493621
1921,"PlotBm65","b","U17","U17","1",3,"PlotBm65_3","Stems 2.5-10 cm DBH","Quercus coccifera",3,7.068583470577034e-4
1440,"PlotBm65","b","U17","U17","1",1,"PlotBm65_1","Stems >=10 cm DBH","Quercus pubescens",12,0.011309733552923255
1787,"PlotBm65","b","U17","U17","3",7,"PlotBm65_7","Stems 2.5-10 cm DBH","Quercus coccifera",3,7.068583470577034e-4
1446,"PlotBm65","b","U17","U17","3",7,"PlotBm65_7","Stems 2.5-10 cm DBH","Quercus coccifera",3,7.068583470577034e-4
1786,"PlotBm65","b","U17","U17","2",6,"PlotBm65_6","Stems 2.5-10 cm DBH","Quercus coccifera",7,0.0038484510006474965
1925,"PlotBm66","b","U17","U17","3",7,"PlotBm66_7","Stems 2.5-10 cm DBH","Quercus coccifera",3,7.068583470577034e-4
1924,"PlotBm66","b","U17","U17","2",6,"PlotBm66_6","Stems 2.5-10 cm DBH","Quercus coccifera",6,0.0028274333882308137
1453,"PlotBm66","b","U17","U17","3",7,"PlotBm66_7","Stems 2.5-10 cm DBH","Quercus coccifera",5,0.001963495408493621
1978,"PlotBm66","b","U17","U17","2",5,"PlotBm66_5","Stems 2.5-10 cm DBH","Quercus coccifera",3,7.068583470577034e-4
1791,"PlotBm66","b","U17","U17","3",8,"PlotBm66_8","Stems 2.5-10 cm DBH","Quercus coccifera",3,7.068583470577034e-4
1448,"PlotBm66","b","U17","U17","1",2,"PlotBm66_2","Stems 2.5-10 cm DBH","Fraxinus ornus",7,0.0038484510006474965
1454,"PlotBm66","b","U17","U17","3",8,"PlotBm66_8","Stems 2.5-10 cm DBH","Quercus coccifera",3,7.068583470577034e-4
1788,"PlotBm66","b","U17","U17","2",5,"PlotBm66_5","Stems 2.5-10 cm DBH","Quercus coccifera",4,0.0012566370614359172
1452,"PlotBm66","b","U17","U17","2",6,"PlotBm66_6","Stems 2.5-10 cm DBH","Quercus coccifera",4,0.0012566370614359172
1449,"PlotBm66","b","U17","U17","1",3,"PlotBm66_3","Stems 2.5-10 cm DBH","Quercus coccifera",5,0.001963495408493621
1789,"PlotBm66","b","U17","U17","2",6,"PlotBm66_6","Stems 2.5-10 cm DBH","Quercus coccifera",4,0.0012566370614359172
1447,"PlotBm66","b","U17","U17","1",1,"PlotBm66_1","Stems 2.5-10 cm DBH","Carpinus orientalis",4,0.0012566370614359172
1450,"PlotBm66","b","U17","U17","1",4,"PlotBm66_4","Stems 2.5-10 cm DBH","Quercus coccifera",3,7.068583470577034e-4
1923,"PlotBm66","b","U17","U17","2",5,"PlotBm66_5","Stems 2.5-10 cm DBH","Quercus coccifera",3,7.068583470577034e-4
1790,"PlotBm66","b","U17","U17","3",7,"PlotBm66_7","Stems 2.5-10 cm DBH","Quercus coccifera",4,0.0012566370614359172
1926,"PlotBm66","b","U17","U17","3",8,"PlotBm66_8","Stems 2.5-10 cm DBH","Quercus coccifera",4,0.0012566370614359172
1451,"PlotBm66","b","U17","U17","2",5,"PlotBm66_5","Stems 2.5-10 cm DBH","Quercus coccifera",5,0.001963495408493621
2002,"PlotBm66","b","U17","U17","2",5,"PlotBm66_5","Stems 2.5-10 cm DBH","Quercus coccifera",3,7.068583470577034e-4
1459,"PlotBm67","b","U16","U16","2",5,"PlotBm67_5","Stems 2.5-10 cm DBH","Quercus coccifera",2.5,4.908738521234052e-4
1927,"PlotBm67","b","U16","U16","1",3,"PlotBm67_3","Stems 2.5-10 cm DBH","Quercus coccifera",5,0.001963495408493621
1458,"PlotBm67","b","U16","U16","1",4,"PlotBm67_4","Stems 2.5-10 cm DBH","Quercus coccifera",9,0.0063617251235193305
1929,"PlotBm67","b","U16","U16","2",7,"PlotBm67_7","Stems 2.5-10 cm DBH","Quercus coccifera",2.5,4.908738521234052e-4
1980,"PlotBm67","b","U16","U16","2",7,"PlotBm67_7","Stems 2.5-10 cm DBH","Quercus coccifera",2.5,4.908738521234052e-4
1460,"PlotBm67","b","U16","U16","2",6,"PlotBm67_6","Stems 2.5-10 cm DBH","Quercus coccifera",3,7.068583470577034e-4
1456,"PlotBm67","b","U16","U16","1",2,"PlotBm67_2","Stems 2.5-10 cm DBH","Quercus coccifera",5,0.001963495408493621
1928,"PlotBm67","b","U16","U16","2",5,"PlotBm67_5","Stems 2.5-10 cm DBH","Quercus coccifera",2.5,4.908738521234052e-4
1463,"PlotBm67","b","U16","U16","3",9,"PlotBm67_9","Stems 2.5-10 cm DBH","Quercus coccifera",4,0.0012566370614359172
1464,"PlotBm67","b","U16","U16","3",10,"PlotBm67_10","Stems 2.5-10 cm DBH","Quercus coccifera",5,0.001963495408493621
1461,"PlotBm67","b","U16","U16","2",7,"PlotBm67_7","Stems 2.5-10 cm DBH","Quercus coccifera",3,7.068583470577034e-4
1462,"PlotBm67","b","U16","U16","3",8,"PlotBm67_8","Stems 2.5-10 cm DBH","Quercus coccifera",5,0.001963495408493621
1467,"PlotBm67","b","U16","U16","3",13,"PlotBm67_13","Stems 2.5-10 cm DBH","Quercus coccifera",2.5,4.908738521234052e-4
1792,"PlotBm67","b","U16","U16","1",2,"PlotBm67_2","Stems 2.5-10 cm DBH","Quercus coccifera",6,0.0028274333882308137
2003,"PlotBm67","b","U16","U16","2",5,"PlotBm67_5","Stems 2.5-10 cm DBH","Quercus coccifera",2.5,4.908738521234052e-4
1455,"PlotBm67","b","U16","U16","1",1,"PlotBm67_1","Stems 2.5-10 cm DBH","Quercus coccifera",7,0.0038484510006474965
1457,"PlotBm67","b","U16","U16","1",3,"PlotBm67_3","Stems 2.5-10 cm DBH","Quercus coccifera",6,0.0028274333882308137
1932,"PlotBm67","b","U16","U16","3",13,"PlotBm67_13","Stems 2.5-10 cm DBH","Quercus coccifera",3,7.068583470577034e-4
1796,"PlotBm67","b","U16","U16","3",9,"PlotBm67_9","Stems 2.5-10 cm DBH","Quercus coccifera",4,0.0012566370614359172
1930,"PlotBm67","b","U16","U16","3",9,"PlotBm67_9","Stems 2.5-10 cm DBH","Quercus coccifera",4,0.0012566370614359172
1931,"PlotBm67","b","U16","U16","3",10,"PlotBm67_10","Stems 2.5-10 cm DBH","Quercus coccifera",3,7.068583470577034e-4
1794,"PlotBm67","b","U16","U16","2",5,"PlotBm67_5","Stems 2.5-10 cm DBH","Quercus coccifera",2.5,4.908738521234052e-4
1979,"PlotBm67","b","U16","U16","2",5,"PlotBm67_5","Stems 2.5-10 cm DBH","Quercus coccifera",2.5,4.908738521234052e-4
1465,"PlotBm67","b","U16","U16","3",11,"PlotBm67_11","Stems 2.5-10 cm DBH","Quercus coccifera",4,0.0012566370614359172
1466,"PlotBm67","b","U16","U16","3",12,"PlotBm67_12","Stems 2.5-10 cm DBH","Quercus coccifera",3,7.068583470577034e-4
1798,"PlotBm67","b","U16","U16","3",13,"PlotBm67_13","Stems 2.5-10 cm DBH","Quercus coccifera",4,0.0012566370614359172
1795,"PlotBm67","b","U16","U16","2",7,"PlotBm67_7","Stems 2.5-10 cm DBH","Quercus coccifera",4,0.0012566370614359172
1793,"PlotBm67","b","U16","U16","1",3,"PlotBm67_3","Stems 2.5-10 cm DBH","Quercus coccifera",5,0.001963495408493621
1797,"PlotBm67","b","U16","U16","3",10,"PlotBm67_10","Stems 2.5-10 cm DBH","Quercus coccifera",2.5,4.908738521234052e-4
1801,"PlotBm68","b","U16","U16","3",9,"PlotBm68_9","Stems 2.5-10 cm DBH","Quercus coccifera",3,7.068583470577034e-4
1468,"PlotBm68","b","U16","U16","1",1,"PlotBm68_1","Stems 2.5-10 cm DBH","Quercus coccifera",3,7.068583470577034e-4
1981,"PlotBm68","b","U16","U16","2",4,"PlotBm68_4","Stems 2.5-10 cm DBH","Quercus coccifera",3,7.068583470577034e-4
1470,"PlotBm68","b","U16","U16","2",3,"PlotBm68_3","Stems 2.5-10 cm DBH","Quercus coccifera",3,7.068583470577034e-4
1799,"PlotBm68","b","U16","U16","2",3,"PlotBm68_3","Stems 2.5-10 cm DBH","Quercus coccifera",4,0.0012566370614359172
1800,"PlotBm68","b","U16","U16","2",4,"PlotBm68_4","Stems 2.5-10 cm DBH","Quercus coccifera",3,7.068583470577034e-4
1933,"PlotBm68","b","U16","U16","2",3,"PlotBm68_3","Stems 2.5-10 cm DBH","Quercus coccifera",3,7.068583470577034e-4
2004,"PlotBm68","b","U16","U16","3",9,"PlotBm68_9","Stems 2.5-10 cm DBH","Quercus coccifera",3,7.068583470577034e-4
1982,"PlotBm68","b","U16","U16","3",9,"PlotBm68_9","Stems 2.5-10 cm DBH","Quercus coccifera",4,0.0012566370614359172
1935,"PlotBm68","b","U16","U16","3",9,"PlotBm68_9","Stems 2.5-10 cm DBH","Quercus coccifera",3,7.068583470577034e-4
1476,"PlotBm68","b","U16","U16","3",9,"PlotBm68_9","Stems 2.5-10 cm DBH","Quercus coccifera",3,7.068583470577034e-4
1472,"PlotBm68","b","U16","U16","3",5,"PlotBm68_5","Stems 2.5-10 cm DBH","Quercus coccifera",6,0.0028274333882308137
1473,"PlotBm68","b","U16","U16","3",6,"PlotBm68_6","Stems 2.5-10 cm DBH","Quercus coccifera",5,0.001963495408493621
1934,"PlotBm68","b","U16","U16","2",4,"PlotBm68_4","Stems 2.5-10 cm DBH","Quercus coccifera",4,0.0012566370614359172
1469,"PlotBm68","b","U16","U16","1",2,"PlotBm68_2","Stems 2.5-10 cm DBH","Quercus coccifera",4,0.0012566370614359172
1471,"PlotBm68","b","U16","U16","2",4,"PlotBm68_4","Stems 2.5-10 cm DBH","Quercus coccifera",3,7.068583470577034e-4
1475,"PlotBm68","b","U16","U16","3",8,"PlotBm68_8","Stems 2.5-10 cm DBH","Quercus coccifera",7,0.0038484510006474965
1474,"PlotBm68","b","U16","U16","3",7,"PlotBm68_7","Stems 2.5-10 cm DBH","Quercus coccifera",3,7.068583470577034e-4
1477,"PlotBm69","b","U16","U16","1",1,"PlotBm69_1","Stems 2.5-10 cm DBH","Quercus coccifera",8,0.005026548245743669
1804,"PlotBm69","b","U16","U16","2",4,"PlotBm69_4","Stems 2.5-10 cm DBH","Quercus coccifera",3,7.068583470577034e-4
1803,"PlotBm69","b","U16","U16","1",3,"PlotBm69_3","Stems 2.5-10 cm DBH","Quercus coccifera",5,0.001963495408493621
1806,"PlotBm69","b","U16","U16","3",7,"PlotBm69_7","Stems 2.5-10 cm DBH","Quercus coccifera",3,7.068583470577034e-4
1802,"PlotBm69","b","U16","U16","1",2,"PlotBm69_2","Stems 2.5-10 cm DBH","Quercus coccifera",3,7.068583470577034e-4
1807,"PlotBm69","b","U16","U16","3",8,"PlotBm69_8","Stems 2.5-10 cm DBH","Quercus coccifera",3,7.068583470577034e-4
1937,"PlotBm69","b","U16","U16","3",8,"PlotBm69_8","Stems 2.5-10 cm DBH","Quercus coccifera",4,0.0012566370614359172
1482,"PlotBm69","b","U16","U16","2",6,"PlotBm69_6","Stems 2.5-10 cm DBH","Quercus coccifera",5,0.001963495408493621
1478,"PlotBm69","b","U16","U16","1",2,"PlotBm69_2","Stems 2.5-10 cm DBH","Quercus coccifera",4,0.0012566370614359172
1805,"PlotBm69","b","U16","U16","2",5,"PlotBm69_5","Stems 2.5-10 cm DBH","Quercus coccifera",4,0.0012566370614359172
1484,"PlotBm69","b","U16","U16","3",8,"PlotBm69_8","Stems 2.5-10 cm DBH","Quercus coccifera",3,7.068583470577034e-4
1483,"PlotBm69","b","U16","U16","3",7,"PlotBm69_7","Stems 2.5-10 cm DBH","Quercus coccifera",3,7.068583470577034e-4
1479,"PlotBm69","b","U16","U16","1",3,"PlotBm69_3","Stems 2.5-10 cm DBH","Quercus coccifera",6,0.0028274333882308137
1808,"PlotBm69","b","U16","U16","3",9,"PlotBm69_9","Stems 2.5-10 cm DBH","Quercus coccifera",5,0.001963495408493621
1481,"PlotBm69","b","U16","U16","2",5,"PlotBm69_5","Stems 2.5-10 cm DBH","Quercus coccifera",3,7.068583470577034e-4
1485,"PlotBm69","b","U16","U16","3",9,"PlotBm69_9","Stems 2.5-10 cm DBH","Quercus coccifera",4,0.0012566370614359172
1936,"PlotBm69","b","U16","U16","3",7,"PlotBm69_7","Stems 2.5-10 cm DBH","Quercus coccifera",3,7.068583470577034e-4
1480,"PlotBm69","b","U16","U16","2",4,"PlotBm69_4","Stems 2.5-10 cm DBH","Quercus coccifera",3,7.068583470577034e-4
1983,"PlotBm70","b","U16","U16","2",6,"PlotBm70_6","Stems 2.5-10 cm DBH","Quercus coccifera",4,0.0012566370614359172
1938,"PlotBm70","b","U16","U16","2",6,"PlotBm70_6","Stems 2.5-10 cm DBH","Quercus coccifera",4,0.0012566370614359172
1490,"PlotBm70","b","U16","U16","2",5,"PlotBm70_5","Stems 2.5-10 cm DBH","Quercus coccifera",5,0.001963495408493621
1492,"PlotBm70","b","U16","U16","3",7,"PlotBm70_7","Stems 2.5-10 cm DBH","Quercus coccifera",9,0.0063617251235193305
2014,"PlotBm70","b","U16","U16","2",6,"PlotBm70_6","Stems 2.5-10 cm DBH","Quercus coccifera",4,0.0012566370614359172
1489,"PlotBm70","b","U16","U16","2",4,"PlotBm70_4","Stems 2.5-10 cm DBH","Quercus coccifera",2.5,4.908738521234052e-4
1809,"PlotBm70","b","U16","U16","2",6,"PlotBm70_6","Stems 2.5-10 cm DBH","Quercus coccifera",3,7.068583470577034e-4
1810,"PlotBm70","b","U16","U16","3",7,"PlotBm70_7","Stems >=10 cm DBH","Quercus coccifera",11,0.009503317777109124
1486,"PlotBm70","b","U16","U16","1",1,"PlotBm70_1","Stems >=10 cm DBH","Paliurus spina-christi",13,0.013273228961416876
2005,"PlotBm70","b","U16","U16","2",6,"PlotBm70_6","Stems 2.5-10 cm DBH","Quercus coccifera",4,0.0012566370614359172
1488,"PlotBm70","b","U16","U16","2",3,"PlotBm70_3","Stems 2.5-10 cm DBH","Quercus coccifera",3,7.068583470577034e-4
1939,"PlotBm70","b","U16","U16","3",7,"PlotBm70_7","Stems >=10 cm DBH","Quercus coccifera",10,0.007853981633974483
1487,"PlotBm70","b","U16","U16","2",2,"PlotBm70_2","Stems >=10 cm DBH","Quercus coccifera",13,0.013273228961416876
1491,"PlotBm70","b","U16","U16","2",6,"PlotBm70_6","Stems 2.5-10 cm DBH","Quercus coccifera",8,0.005026548245743669
1496,"PlotBm71","b","U16","U16","2",4,"PlotBm71_4","Stems 2.5-10 cm DBH","Quercus coccifera",5,0.001963495408493621
1814,"PlotBm71","b","U16","U16","3",10,"PlotBm71_10","Stems 2.5-10 cm DBH","Quercus coccifera",3,7.068583470577034e-4
1499,"PlotBm71","b","U16","U16","3",7,"PlotBm71_7","Stems 2.5-10 cm DBH","Quercus coccifera",5,0.001963495408493621
1500,"PlotBm71","b","U16","U16","3",8,"PlotBm71_8","Stems 2.5-10 cm DBH","Quercus coccifera",6,0.0028274333882308137
1495,"PlotBm71","b","U16","U16","2",3,"PlotBm71_3","Stems 2.5-10 cm DBH","Quercus coccifera",3,7.068583470577034e-4
1493,"PlotBm71","b","U16","U16","1",1,"PlotBm71_1","Stems 2.5-10 cm DBH","Quercus coccifera",3,7.068583470577034e-4
1502,"PlotBm71","b","U16","U16","3",10,"PlotBm71_10","Stems 2.5-10 cm DBH","Quercus coccifera",6,0.0028274333882308137
1497,"PlotBm71","b","U16","U16","2",5,"PlotBm71_5","Stems >=10 cm DBH","Quercus coccifera",11,0.009503317777109124
1494,"PlotBm71","b","U16","U16","1",2,"PlotBm71_2","Stems 2.5-10 cm DBH","Quercus coccifera",3,7.068583470577034e-4
1501,"PlotBm71","b","U16","U16","3",9,"PlotBm71_9","Stems 2.5-10 cm DBH","Quercus coccifera",5,0.001963495408493621
1813,"PlotBm71","b","U16","U16","3",7,"PlotBm71_7","Stems 2.5-10 cm DBH","Quercus coccifera",5,0.001963495408493621
1503,"PlotBm71","b","U16","U16","3",11,"PlotBm71_11","Stems 2.5-10 cm DBH","Quercus coccifera",7,0.0038484510006474965
1498,"PlotBm71","b","U16","U16","3",6,"PlotBm71_6","Stems 2.5-10 cm DBH","Quercus coccifera",3,7.068583470577034e-4
1812,"PlotBm71","b","U16","U16","1",2,"PlotBm71_2","Stems 2.5-10 cm DBH","Quercus coccifera",3,7.068583470577034e-4
1984,"PlotBm71","b","U16","U16","1",2,"PlotBm71_2","Stems 2.5-10 cm DBH","Quercus coccifera",5,0.001963495408493621
1811,"PlotBm71","b","U16","U16","1",1,"PlotBm71_1","Stems 2.5-10 cm DBH","Quercus coccifera",3,7.068583470577034e-4
1941,"PlotBm71","b","U16","U16","3",10,"PlotBm71_10","Stems 2.5-10 cm DBH","Quercus coccifera",4,0.0012566370614359172
1940,"PlotBm71","b","U16","U16","1",2,"PlotBm71_2","Stems 2.5-10 cm DBH","Quercus coccifera",3,7.068583470577034e-4
1815,"PlotBm72","b","U16","U16","1",4,"PlotBm72_4","Stems 2.5-10 cm DBH","Quercus coccifera",3,7.068583470577034e-4
1820,"PlotBm72","b","U16","U16","3",25,"PlotBm72_25","Stems 2.5-10 cm DBH","Quercus coccifera",5,0.001963495408493621
1508,"PlotBm72","b","U16","U16","1",5,"PlotBm72_5","Stems 2.5-10 cm DBH","Quercus coccifera",3,7.068583470577034e-4
1523,"PlotBm72","b","U16","U16","2",20,"PlotBm72_20","Stems 2.5-10 cm DBH","Quercus coccifera",5,0.001963495408493621
1942,"PlotBm72","b","U16","U16","2",13,"PlotBm72_13","Stems 2.5-10 cm DBH","Quercus coccifera",5,0.001963495408493621
1511,"PlotBm72","b","U16","U16","1",8,"PlotBm72_8","Stems 2.5-10 cm DBH","Quercus coccifera",4,0.0012566370614359172
1512,"PlotBm72","b","U16","U16","1",9,"PlotBm72_9","Stems 2.5-10 cm DBH","Quercus coccifera",6,0.0028274333882308137
1524,"PlotBm72","b","U16","U16","2",21,"PlotBm72_21","Stems 2.5-10 cm DBH","Quercus coccifera",3,7.068583470577034e-4
1505,"PlotBm72","b","U16","U16","1",2,"PlotBm72_2","Stems 2.5-10 cm DBH","Quercus coccifera",3,7.068583470577034e-4
1506,"PlotBm72","b","U16","U16","1",3,"PlotBm72_3","Stems 2.5-10 cm DBH","Quercus coccifera",5,0.001963495408493621
1516,"PlotBm72","b","U16","U16","2",13,"PlotBm72_13","Stems 2.5-10 cm DBH","Quercus coccifera",4,0.0012566370614359172
1504,"PlotBm72","b","U16","U16","1",1,"PlotBm72_1","Stems 2.5-10 cm DBH","Quercus pubescens",4,0.0012566370614359172
1817,"PlotBm72","b","U16","U16","1",9,"PlotBm72_9","Stems 2.5-10 cm DBH","Quercus coccifera",5,0.001963495408493621
1507,"PlotBm72","b","U16","U16","1",4,"PlotBm72_4","Stems 2.5-10 cm DBH","Quercus coccifera",4,0.0012566370614359172
1522,"PlotBm72","b","U16","U16","2",19,"PlotBm72_19","Stems 2.5-10 cm DBH","Quercus coccifera",4,0.0012566370614359172
1526,"PlotBm72","b","U16","U16","3",23,"PlotBm72_23","Stems 2.5-10 cm DBH","Quercus coccifera",7,0.0038484510006474965
1509,"PlotBm72","b","U16","U16","1",6,"PlotBm72_6","Stems 2.5-10 cm DBH","Quercus coccifera",4,0.0012566370614359172
1510,"PlotBm72","b","U16","U16","1",7,"PlotBm72_7","Stems 2.5-10 cm DBH","Quercus coccifera",7,0.0038484510006474965
1525,"PlotBm72","b","U16","U16","3",22,"PlotBm72_22","Stems 2.5-10 cm DBH","Quercus coccifera",5,0.001963495408493621
1529,"PlotBm72","b","U16","U16","3",26,"PlotBm72_26","Stems >=10 cm DBH","Quercus coccifera",12,0.011309733552923255
1513,"PlotBm72","b","U16","U16","1",10,"PlotBm72_10","Stems 2.5-10 cm DBH","Quercus coccifera",3,7.068583470577034e-4
1514,"PlotBm72","b","U16","U16","1",11,"PlotBm72_11","Stems 2.5-10 cm DBH","Quercus coccifera",6,0.0028274333882308137
1515,"PlotBm72","b","U16","U16","1",12,"PlotBm72_12","Stems >=10 cm DBH","Quercus coccifera",10,0.007853981633974483
1819,"PlotBm72","b","U16","U16","3",23,"PlotBm72_23","Stems 2.5-10 cm DBH","Quercus coccifera",4,0.0012566370614359172
1517,"PlotBm72","b","U16","U16","2",14,"PlotBm72_14","Stems 2.5-10 cm DBH","Quercus coccifera",4,0.0012566370614359172
1518,"PlotBm72","b","U16","U16","2",15,"PlotBm72_15","Stems 2.5-10 cm DBH","Quercus coccifera",3,7.068583470577034e-4
1521,"PlotBm72","b","U16","U16","2",18,"PlotBm72_18","Stems 2.5-10 cm DBH","Quercus coccifera",7,0.0038484510006474965
1527,"PlotBm72","b","U16","U16","3",24,"PlotBm72_24","Stems 2.5-10 cm DBH","Quercus coccifera",4,0.0012566370614359172
1528,"PlotBm72","b","U16","U16","3",25,"PlotBm72_25","Stems 2.5-10 cm DBH","Quercus coccifera",3,7.068583470577034e-4
1818,"PlotBm72","b","U16","U16","2",13,"PlotBm72_13","Stems 2.5-10 cm DBH","Quercus coccifera",4,0.0012566370614359172
1816,"PlotBm72","b","U16","U16","1",7,"PlotBm72_7","Stems 2.5-10 cm DBH","Quercus coccifera",3,7.068583470577034e-4
1519,"PlotBm72","b","U16","U16","2",16,"PlotBm72_16","Stems 2.5-10 cm DBH","Quercus coccifera",6,0.0028274333882308137
1520,"PlotBm72","b","U16","U16","2",17,"PlotBm72_17","Stems 2.5-10 cm DBH","Quercus coccifera",5,0.001963495408493621
1945,"PlotBm79","b","U16","U16","1",7,"PlotBm79_7","Stems 2.5-10 cm DBH","Quercus coccifera",3,7.068583470577034e-4
1946,"PlotBm79","b","U16","U16","3",12,"PlotBm79_12","Stems 2.5-10 cm DBH","Quercus coccifera",2.5,4.908738521234052e-4
1944,"PlotBm79","b","U16","U16","1",6,"PlotBm79_6","Stems 2.5-10 cm DBH","Quercus coccifera",3,7.068583470577034e-4
1943,"PlotBm79","b","U16","U16","1",4,"PlotBm79_4","Stems 2.5-10 cm DBH","Quercus coccifera",4,0.0012566370614359172
1828,"PlotBm79","b","U16","U16","3",12,"PlotBm79_12","Stems 2.5-10 cm DBH","Quercus coccifera",2.5,4.908738521234052e-4
1821,"PlotBm79","b","U16","U16","1",1,"PlotBm79_1","Stems 2.5-10 cm DBH","Quercus coccifera",3,7.068583470577034e-4
1826,"PlotBm79","b","U16","U16","2",9,"PlotBm79_9","Stems 2.5-10 cm DBH","Quercus coccifera",3,7.068583470577034e-4
1827,"PlotBm79","b","U16","U16","2",11,"PlotBm79_11","Stems 2.5-10 cm DBH","Quercus coccifera",3,7.068583470577034e-4
1531,"PlotBm79","b","U16","U16","1",2,"PlotBm79_2","Stems 2.5-10 cm DBH","Quercus coccifera",4,0.0012566370614359172
1986,"PlotBm79","b","U16","U16","1",7,"PlotBm79_7","Stems 2.5-10 cm DBH","Quercus coccifera",3,7.068583470577034e-4
1822,"PlotBm79","b","U16","U16","1",4,"PlotBm79_4","Stems 2.5-10 cm DBH","Quercus coccifera",4,0.0012566370614359172
1825,"PlotBm79","b","U16","U16","1",7,"PlotBm79_7","Stems 2.5-10 cm DBH","Quercus coccifera",3,7.068583470577034e-4
2006,"PlotBm79","b","U16","U16","1",4,"PlotBm79_4","Stems 2.5-10 cm DBH","Quercus coccifera",3,7.068583470577034e-4
1530,"PlotBm79","b","U16","U16","1",1,"PlotBm79_1","Stems 2.5-10 cm DBH","Quercus coccifera",3,7.068583470577034e-4
2015,"PlotBm79","b","U16","U16","1",7,"PlotBm79_7","Stems 2.5-10 cm DBH","Quercus coccifera",3,7.068583470577034e-4
1533,"PlotBm79","b","U16","U16","1",4,"PlotBm79_4","Stems 2.5-10 cm DBH","Quercus coccifera",4,0.0012566370614359172
1541,"PlotBm79","b","U16","U16","3",12,"PlotBm79_12","Stems 2.5-10 cm DBH","Quercus coccifera",3,7.068583470577034e-4
1535,"PlotBm79","b","U16","U16","1",6,"PlotBm79_6","Stems 2.5-10 cm DBH","Quercus coccifera",4,0.0012566370614359172
2007,"PlotBm79","b","U16","U16","1",7,"PlotBm79_7","Stems 2.5-10 cm DBH","Quercus coccifera",3,7.068583470577034e-4
1537,"PlotBm79","b","U16","U16","2",8,"PlotBm79_8","Stems 2.5-10 cm DBH","Quercus coccifera",3,7.068583470577034e-4
1823,"PlotBm79","b","U16","U16","1",5,"PlotBm79_5","Stems 2.5-10 cm DBH","Quercus coccifera",3,7.068583470577034e-4
1824,"PlotBm79","b","U16","U16","1",6,"PlotBm79_6","Stems 2.5-10 cm DBH","Quercus coccifera",3,7.068583470577034e-4
1985,"PlotBm79","b","U16","U16","1",4,"PlotBm79_4","Stems 2.5-10 cm DBH","Quercus coccifera",3,7.068583470577034e-4
1536,"PlotBm79","b","U16","U16","1",7,"PlotBm79_7","Stems 2.5-10 cm DBH","Quercus coccifera",3,7.068583470577034e-4
1534,"PlotBm79","b","U16","U16","1",5,"PlotBm79_5","Stems 2.5-10 cm DBH","Quercus coccifera",5,0.001963495408493621
1532,"PlotBm79","b","U16","U16","1",3,"PlotBm79_3","Stems 2.5-10 cm DBH","Quercus coccifera",3,7.068583470577034e-4
2018,"PlotBm79","b","U16","U16","1",7,"PlotBm79_7","Stems 2.5-10 cm DBH","Quercus coccifera",3,7.068583470577034e-4
1540,"PlotBm79","b","U16","U16","2",11,"PlotBm79_11","Stems 2.5-10 cm DBH","Quercus coccifera",3,7.068583470577034e-4
1538,"PlotBm79","b","U16","U16","2",9,"PlotBm79_9","Stems 2.5-10 cm DBH","Quercus coccifera",3,7.068583470577034e-4
1539,"PlotBm79","b","U16","U16","2",10,"PlotBm79_10","Stems 2.5-10 cm DBH","Quercus coccifera",4,0.0012566370614359172
1831,"PlotBm80","b","U16","U16","2",4,"PlotBm80_4","Stems >=10 cm DBH","Quercus coccifera",12,0.011309733552923255
1830,"PlotBm80","b","U16","U16","1",2,"PlotBm80_2","Stems 2.5-10 cm DBH","Quercus coccifera",3,7.068583470577034e-4
1544,"PlotBm80","b","U16","U16","1",3,"PlotBm80_3","Stems >=10 cm DBH","Quercus coccifera",11,0.009503317777109124
1829,"PlotBm80","b","U16","U16","1",1,"PlotBm80_1","Stems 2.5-10 cm DBH","Quercus coccifera",5,0.001963495408493621
1543,"PlotBm80","b","U16","U16","1",2,"PlotBm80_2","Stems 2.5-10 cm DBH","Quercus coccifera",8,0.005026548245743669
1542,"PlotBm80","b","U16","U16","1",1,"PlotBm80_1","Stems 2.5-10 cm DBH","Quercus coccifera",3,7.068583470577034e-4
2016,"PlotBm80","b","U16","U16","2",4,"PlotBm80_4","Stems 2.5-10 cm DBH","Quercus coccifera",4,0.0012566370614359172
1545,"PlotBm80","b","U16","U16","2",4,"PlotBm80_4","Stems >=10 cm DBH","Quercus coccifera",13,0.013273228961416876
1546,"PlotBm80","b","U16","U16","2",5,"PlotBm80_5","Stems 2.5-10 cm DBH","Quercus coccifera",3,7.068583470577034e-4
1547,"PlotBm80","b","U16","U16","3",6,"PlotBm80_6","Stems 2.5-10 cm DBH","Quercus coccifera",3,7.068583470577034e-4
2008,"PlotBm80","b","U16","U16","2",4,"PlotBm80_4","Stems 2.5-10 cm DBH","Quercus coccifera",7,0.0038484510006474965
1987,"PlotBm80","b","U16","U16","2",4,"PlotBm80_4","Stems 2.5-10 cm DBH","Quercus coccifera",5,0.001963495408493621
1832,"PlotBm80","b","U16","U16","3",6,"PlotBm80_6","Stems 2.5-10 cm DBH","Quercus coccifera",3,7.068583470577034e-4
1947,"PlotBm80","b","U16","U16","2",4,"PlotBm80_4","Stems 2.5-10 cm DBH","Quercus coccifera",3,7.068583470577034e-4
1989,"PlotBm81","b","U16","U16","3",3,"PlotBm81_3","Stems >=10 cm DBH","Quercus coccifera",13,0.013273228961416876
1550,"PlotBm81","b","U16","U16","3",3,"PlotBm81_3","Stems >=10 cm DBH","Quercus coccifera",14,0.015393804002589986
1950,"PlotBm81","b","U16","U16","3",4,"PlotBm81_4","Stems 2.5-10 cm DBH","Quercus coccifera",3,7.068583470577034e-4
1833,"PlotBm81","b","U16","U16","1",1,"PlotBm81_1","Stems >=10 cm DBH","Quercus coccifera",14,0.015393804002589986
1836,"PlotBm81","b","U16","U16","3",4,"PlotBm81_4","Stems 2.5-10 cm DBH","Quercus coccifera",7,0.0038484510006474965
1549,"PlotBm81","b","U16","U16","1",2,"PlotBm81_2","Stems >=10 cm DBH","Quercus coccifera",17,0.022698006922186254
1551,"PlotBm81","b","U16","U16","3",4,"PlotBm81_4","Stems 2.5-10 cm DBH","Quercus coccifera",6,0.0028274333882308137
1835,"PlotBm81","b","U16","U16","3",3,"PlotBm81_3","Stems >=10 cm DBH","Quercus coccifera",10,0.007853981633974483
1988,"PlotBm81","b","U16","U16","1",2,"PlotBm81_2","Stems 2.5-10 cm DBH","Quercus coccifera",9,0.0063617251235193305
2010,"PlotBm81","b","U16","U16","3",3,"PlotBm81_3","Stems >=10 cm DBH","Quercus coccifera",10,0.007853981633974483
1948,"PlotBm81","b","U16","U16","1",2,"PlotBm81_2","Stems >=10 cm DBH","Quercus coccifera",13,0.013273228961416876
1949,"PlotBm81","b","U16","U16","3",3,"PlotBm81_3","Stems >=10 cm DBH","Quercus coccifera",12,0.011309733552923255
1548,"PlotBm81","b","U16","U16","1",1,"PlotBm81_1","Stems >=10 cm DBH","Quercus coccifera",12,0.011309733552923255
1834,"PlotBm81","b","U16","U16","1",2,"PlotBm81_2","Stems >=10 cm DBH","Quercus coccifera",22,0.0380132711084365
2009,"PlotBm81","b","U16","U16","1",2,"PlotBm81_2","Stems >=10 cm DBH","Quercus coccifera",16,0.020106192982974676
1990,"PlotBm82","b","U16","U16","3",5,"PlotBm82_5","Stems 2.5-10 cm DBH","Quercus coccifera",3,7.068583470577034e-4
1991,"PlotBm82","b","U16","U16","3",6,"PlotBm82_6","Stems 2.5-10 cm DBH","Quercus coccifera",3,7.068583470577034e-4
1953,"PlotBm82","b","U16","U16","3",6,"PlotBm82_6","Stems 2.5-10 cm DBH","Quercus coccifera",5,0.001963495408493621
2011,"PlotBm82","b","U16","U16","3",5,"PlotBm82_5","Stems 2.5-10 cm DBH","Quercus coccifera",3,7.068583470577034e-4
1555,"PlotBm82","b","U16","U16","3",4,"PlotBm82_4","Stems >=10 cm DBH","Quercus coccifera",12,0.011309733552923255
1952,"PlotBm82","b","U16","U16","3",5,"PlotBm82_5","Stems 2.5-10 cm DBH","Quercus coccifera",6,0.0028274333882308137
1554,"PlotBm82","b","U16","U16","2",3,"PlotBm82_3","Stems >=10 cm DBH","Quercus coccifera",11,0.009503317777109124
1552,"PlotBm82","b","U16","U16","1",1,"PlotBm82_1","Stems >=10 cm DBH","Quercus coccifera",10,0.007853981633974483
1553,"PlotBm82","b","U16","U16","2",2,"PlotBm82_2","Stems 2.5-10 cm DBH","Quercus coccifera",3,7.068583470577034e-4
1556,"PlotBm82","b","U16","U16","3",5,"PlotBm82_5","Stems 2.5-10 cm DBH","Quercus coccifera",9,0.0063617251235193305
1951,"PlotBm82","b","U16","U16","3",4,"PlotBm82_4","Stems 2.5-10 cm DBH","Quercus coccifera",6,0.0028274333882308137
1839,"PlotBm82","b","U16","U16","3",6,"PlotBm82_6","Stems 2.5-10 cm DBH","Quercus coccifera",7,0.0038484510006474965
1837,"PlotBm82","b","U16","U16","3",4,"PlotBm82_4","Stems 2.5-10 cm DBH","Quercus coccifera",7,0.0038484510006474965
1557,"PlotBm82","b","U16","U16","3",6,"PlotBm82_6","Stems 2.5-10 cm DBH","Quercus coccifera",7,0.0038484510006474965
1838,"PlotBm82","b","U16","U16","3",5,"PlotBm82_5","Stems 2.5-10 cm DBH","Quercus coccifera",6,0.0028274333882308137
1559,"PlotBm83","b","U16","U16","2",2,"PlotBm83_2","Stems >=10 cm DBH","Quercus coccifera",11,0.009503317777109124
1563,"PlotBm83","b","U16","U16","3",6,"PlotBm83_6","Stems >=10 cm DBH","Quercus coccifera",12,0.011309733552923255
1840,"PlotBm83","b","U16","U16","1",1,"PlotBm83_1","Stems 2.5-10 cm DBH","Quercus coccifera",3,7.068583470577034e-4
1560,"PlotBm83","b","U16","U16","2",3,"PlotBm83_3","Stems 2.5-10 cm DBH","Quercus coccifera",4,0.0012566370614359172
1558,"PlotBm83","b","U16","U16","1",1,"PlotBm83_1","Stems >=10 cm DBH","Quercus coccifera",25,0.04908738521234052
1841,"PlotBm83","b","U16","U16","2",2,"PlotBm83_2","Stems >=10 cm DBH","Quercus coccifera",14,0.015393804002589986
1561,"PlotBm83","b","U16","U16","2",4,"PlotBm83_4","Stems >=10 cm DBH","Quercus coccifera",16,0.020106192982974676
1562,"PlotBm83","b","U16","U16","3",5,"PlotBm83_5","Stems >=10 cm DBH","Quercus coccifera",10,0.007853981633974483
1842,"PlotBm83","b","U16","U16","2",3,"PlotBm83_3","Stems 2.5-10 cm DBH","Quercus coccifera",3,7.068583470577034e-4
1564,"PlotBm84","b","U16","U16","1",1,"PlotBm84_1","Stems >=10 cm DBH","Quercus coccifera",12,0.011309733552923255
1845,"PlotBm84","b","U16","U16","3",11,"PlotBm84_11","Stems >=10 cm DBH","Quercus coccifera",12,0.011309733552923255
1566,"PlotBm84","b","U16","U16","1",3,"PlotBm84_3","Stems >=10 cm DBH","Quercus coccifera",15,0.017671458676442587
1843,"PlotBm84","b","U16","U16","1",4,"PlotBm84_4","Stems >=10 cm DBH","Quercus coccifera",10,0.007853981633974483
1844,"PlotBm84","b","U16","U16","2",9,"PlotBm84_9","Stems 2.5-10 cm DBH","Quercus coccifera",3,7.068583470577034e-4
1570,"PlotBm84","b","U16","U16","2",7,"PlotBm84_7","Stems >=10 cm DBH","Quercus coccifera",10,0.007853981633974483
1567,"PlotBm84","b","U16","U16","1",4,"PlotBm84_4","Stems >=10 cm DBH","Quercus coccifera",10,0.007853981633974483
1568,"PlotBm84","b","U16","U16","2",5,"PlotBm84_5","Stems >=10 cm DBH","Quercus coccifera",13,0.013273228961416876
1565,"PlotBm84","b","U16","U16","1",2,"PlotBm84_2","Stems >=10 cm DBH","Quercus coccifera",10,0.007853981633974483
1574,"PlotBm84","b","U16","U16","3",11,"PlotBm84_11","Stems >=10 cm DBH","Quercus coccifera",16,0.020106192982974676
1571,"PlotBm84","b","U16","U16","2",8,"PlotBm84_8","Stems 2.5-10 cm DBH","Quercus coccifera",8,0.005026548245743669
1572,"PlotBm84","b","U16","U16","2",9,"PlotBm84_9","Stems 2.5-10 cm DBH","Quercus coccifera",3,7.068583470577034e-4
1569,"PlotBm84","b","U16","U16","2",6,"PlotBm84_6","Stems >=10 cm DBH","Quercus coccifera",12,0.011309733552923255
1573,"PlotBm84","b","U16","U16","3",10,"PlotBm84_10","Stems >=10 cm DBH","Quercus coccifera",26,0.053092915845667506
1577,"PlotBm97","b","W17","W17","2",3,"PlotBm97_3","Stems >=10 cm DBH","Juniperus oxycedrus",14,0.015393804002589986
1846,"PlotBm97","b","W17","W17","2",1,"PlotBm97_1","Stems >=10 cm DBH","Quercus pubescens",27,0.05725552611167398
1578,"PlotBm97","b","W17","W17","3",4,"PlotBm97_4","Stems >=10 cm DBH","Quercus pubescens",43,0.14522012041218818
1576,"PlotBm97","b","W17","W17","2",2,"PlotBm97_2","Stems >=10 cm DBH","Quercus pubescens",34,0.09079202768874502
1575,"PlotBm97","b","W17","W17","2",1,"PlotBm97_1","Stems >=10 cm DBH","Quercus pubescens",46,0.16619025137490004
1579,"PlotBm97","b","W17","W17","3",5,"PlotBm97_5","Stems >=10 cm DBH","Quercus pubescens",23,0.04154756284372501
1580,"PlotBm97","b","W17","W17","3",6,"PlotBm97_6","Stems >=10 cm DBH","Platanus orientalis",86,0.5808804816487527
1581,"PlotBm98","b","W17","W17","1",1,"PlotBm98_1","Stems >=10 cm DBH","Quercus pubescens",48,0.18095573684677208
1582,"PlotBm98","b","W17","W17","2",2,"PlotBm98_2","Stems 2.5-10 cm DBH","Quercus pubescens",9,0.0063617251235193305
1585,"PlotBm98","b","W17","W17","3",5,"PlotBm98_5","Stems >=10 cm DBH","Carpinus orientalis",19,0.02835287369864788
1583,"PlotBm98","b","W17","W17","2",3,"PlotBm98_3","Stems >=10 cm DBH","Quercus pubescens",36,0.10178760197630929
1584,"PlotBm98","b","W17","W17","3",4,"PlotBm98_4","Stems >=10 cm DBH","Quercus pubescens",42,0.13854423602330987
1847,"PlotBm99","b","W17","W17","3",5,"PlotBm99_5","Stems >=10 cm DBH","Platanus orientalis",19,0.02835287369864788
1590,"PlotBm99","b","W17","W17","3",5,"PlotBm99_5","Stems >=10 cm DBH","Platanus orientalis",18,0.025446900494077322
1586,"PlotBm99","b","W17","W17","1",1,"PlotBm99_1","Stems >=10 cm DBH","Quercus pubescens",48,0.18095573684677208
1587,"PlotBm99","b","W17","W17","1",2,"PlotBm99_2","Stems 2.5-10 cm DBH","Juniperus oxycedrus",4,0.0012566370614359172
1588,"PlotBm99","b","W17","W17","3",3,"PlotBm99_3","Stems >=10 cm DBH","Quercus pubescens",36,0.10178760197630929
1589,"PlotBm99","b","W17","W17","3",4,"PlotBm99_4","Stems >=10 cm DBH","Quercus pubescens",31,0.07547676350249478
